case,bin,radius_mm,frequency_hz,requests
source-01-bins128-r0.2-g0.5,0,0.2,16432.658000994605,37
source-01-bins128-r0.2-g0.5,1,0.2062565324709068,15934.193990498205,49
source-01-bins128-r0.2-g0.5,2,0.21270878593461118,15450.85025876286,37
source-01-bins128-r0.2-g0.5,3,0.21936288306484647,14982.168151151536,39
source-01-bins128-r0.2-g0.5,4,0.22622513806888117,14527.702925738675,37
source-01-bins128-r0.2-g0.5,5,0.23330206267919784,14087.023331285625,34
source-01-bins128-r0.2-g0.5,6,0.24060037233260753,13659.711198017592,18
source-01-bins128-r0.2-g0.5,7,0.24812699254266365,13245.36104081391,26
source-01-bins128-r0.2-g0.5,8,0.25588906547142176,12843.579674435006,26
source-01-bins128-r0.2-g0.5,9,0.2638939567067815,12453.98584042097,22
source-01-bins128-r0.2-g0.5,10,0.2721492622518418,12076.209845307709,16
source-01-bins128-r0.2-g0.5,11,0.28066281573290164,11709.893209817345,24
source-01-bins128-r0.2-g0.5,12,0.2894426958329468,11354.688328689967,15
source-01-bins128-r0.2-g0.5,13,0.29849723395767497,11010.258140834,25
source-01-bins128-r0.2-g0.5,14,0.3078350221413353,10676.27580948209,17
source-01-bins128-r0.2-g0.5,15,0.31746492119988323,10352.42441204912,14
source-01-bins128-r0.2-g0.5,16,0.3273960691391879,10038.396639397946,10
source-01-bins128-r0.2-g0.5,17,0.3376378898262708,9733.89450422754,19
source-01-bins128-r0.2-g0.5,18,0.34820010193180334,9438.629058306835,14
source-01-bins128-r0.2-g0.5,19,0.3590927281523504,9152.320118285887,13
source-01-bins128-r0.2-g0.5,20,0.3703261047211087,8874.695999824255,9
source-01-bins128-r0.2-g0.5,21,0.381910891216169,8605.493259784205,9
source-01-bins128-r0.2-g0.5,22,0.3938580806756036,8344.456446244232,9
source-01-bins128-r0.2-g0.5,23,0.40617901002898327,8091.337856095537,13
source-01-bins128-r0.2-g0.5,24,0.4188853708552189,7845.8972999915495,7
source-01-bins128-r0.2-g0.5,25,0.43198922047693644,7607.901874427413,10
source-01-bins128-r0.2-g0.5,26,0.4455029934019148,7377.125740733117,7
source-01-bins128-r0.2-g0.5,27,0.4594395131224411,7153.349910770641,8
source-01-bins128-r0.2-g0.5,28,0.47381200428378195,6936.362039131679,14
source-01-bins128-r0.2-g0.5,29,0.4886341052333166,6725.956221638775,2
source-01-bins128-r0.2-g0.5,30,0.5039198809622402,6521.932799958707,9
source-01-bins128-r0.2-g0.5,31,0.5196838364521189,6324.098172142642,2
source-01-bins128-r0.2-g0.5,32,0.5359409304389594,6132.264608913347,8
source-01-bins128-r0.2-g0.5,33,0.5527065896078561,5946.250075525075,4
source-01-bins128-r0.2-g0.5,34,0.5699967232316848,5765.878059027112,7
source-01-bins128-r0.2-g0.5,35,0.5878277382677324,5590.977400767086,4
source-01-bins128-r0.2-g0.5,36,0.6062165549265912,5421.382133975042,3
source-01-bins128-r0.2-g0.5,37,0.6251806227280885,5256.931326274233,2
source-01-bins128-r0.2-g0.5,38,0.6447379370594888,5097.468926969127,6
source-01-bins128-r0.2-g0.5,39,0.6649070562516796,4942.843618965759,4
source-01-bins128-r0.2-g0.5,40,0.6857071191895479,4792.908675183866,6
source-01-bins128-r0.2-g0.5,41,0.7071578634732547,4647.521819324605,1
source-01-bins128-r0.2-g0.5,42,0.7292796441476423,4506.545090861695,3
source-01-bins128-r0.2-g0.5,43,0.7520934530175477,4369.844714127887,1
source-01-bins128-r0.2-g0.5,44,0.7756209385673511,4237.290971372525,4
source-01-bins128-r0.2-g0.5,45,0.7998844265036604,4108.758079669753,3
source-01-bins128-r0.2-g0.5,46,0.8249069409406247,3984.124071560552,5
source-01-bins128-r0.2-g0.5,47,0.8507122262479817,3863.2706793153584,2
source-01-bins128-r0.2-g0.5,49,0.904769824124692,3632.450500190404,1
source-01-bins128-r0.2-g0.5,50,0.9330734330413559,3522.264683377021,1
source-01-bins128-r0.2-g0.5,51,0.9622624541991747,3415.42121471847,2
source-01-bins128-r0.2-g0.5,53,1.023408391915829,3211.3588535721374,3
source-01-bins128-r0.2-g0.5,54,1.0554233310909287,3113.946322185078,1
source-01-bins128-r0.2-g0.5,55,1.0884397827985437,3019.488677406434,1
source-01-bins128-r0.2-g0.5,56,1.1224890770170728,2927.896286467769,1
source-01-bins128-r0.2-g0.5,59,1.2311622007163179,2669.454600122342,4
source-01-bins128-r0.2-g0.5,60,1.2696762321449915,2588.480052624639,2
source-01-bins128-r0.2-g0.5,61,1.30939508501476,2509.9617661707307,4
source-01-bins128-r0.2-g0.5,65,1.4810904194708927,2218.9945711572473,2
source-01-bins128-r0.2-g0.5,66,1.5274228709797355,2151.684162023081,1
source-01-bins128-r0.2-g0.5,70,1.7277072493847883,1902.250280751677,1
source-01-bins128-r0.2-g0.5,71,1.781754531914773,1844.547911247365,1
source-01-bins128-r0.2-g0.5,75,2.0153883249363713,1630.7187848290637,1
source-01-bins128-r0.2-g0.5,77,2.143454018920026,1533.287661498254,1
source-01-bins128-r0.2-g0.5,79,2.279657510355709,1441.6777894351785,2
source-01-bins128-r0.2-g0.5,80,2.350971266536144,1397.9463071197827,1
source-01-bins128-r0.2-g0.5,83,2.5785791751499105,1274.5513621887728,1
source-01-bins128-r0.2-g0.5,85,2.742432228912044,1198.4002979365248,1
source-01-bins128-r0.2-g0.5,107,5.400645470311073,608.5442227722493,1
source-01-bins128-r0.2-g0.75,0,0.2,16432.658000994605,37
source-01-bins128-r0.2-g0.75,1,0.2062565324709068,15934.193990498205,49
source-01-bins128-r0.2-g0.75,2,0.21270878593461118,15450.85025876286,37
source-01-bins128-r0.2-g0.75,3,0.21936288306484647,14982.168151151536,39
source-01-bins128-r0.2-g0.75,4,0.22622513806888117,14527.702925738675,37
source-01-bins128-r0.2-g0.75,5,0.23330206267919784,14087.023331285625,34
source-01-bins128-r0.2-g0.75,6,0.24060037233260753,13659.711198017592,18
source-01-bins128-r0.2-g0.75,7,0.24812699254266365,13245.36104081391,26
source-01-bins128-r0.2-g0.75,8,0.25588906547142176,12843.579674435006,26
source-01-bins128-r0.2-g0.75,9,0.2638939567067815,12453.98584042097,22
source-01-bins128-r0.2-g0.75,10,0.2721492622518418,12076.209845307709,16
source-01-bins128-r0.2-g0.75,11,0.28066281573290164,11709.893209817345,24
source-01-bins128-r0.2-g0.75,12,0.2894426958329468,11354.688328689967,15
source-01-bins128-r0.2-g0.75,13,0.29849723395767497,11010.258140834,25
source-01-bins128-r0.2-g0.75,14,0.3078350221413353,10676.27580948209,17
source-01-bins128-r0.2-g0.75,15,0.31746492119988323,10352.42441204912,14
source-01-bins128-r0.2-g0.75,16,0.3273960691391879,10038.396639397946,10
source-01-bins128-r0.2-g0.75,17,0.3376378898262708,9733.89450422754,19
source-01-bins128-r0.2-g0.75,18,0.34820010193180334,9438.629058306835,14
source-01-bins128-r0.2-g0.75,19,0.3590927281523504,9152.320118285887,13
source-01-bins128-r0.2-g0.75,20,0.3703261047211087,8874.695999824255,9
source-01-bins128-r0.2-g0.75,21,0.381910891216169,8605.493259784205,9
source-01-bins128-r0.2-g0.75,22,0.3938580806756036,8344.456446244232,9
source-01-bins128-r0.2-g0.75,23,0.40617901002898327,8091.337856095537,13
source-01-bins128-r0.2-g0.75,24,0.4188853708552189,7845.8972999915495,7
source-01-bins128-r0.2-g0.75,25,0.43198922047693644,7607.901874427413,10
source-01-bins128-r0.2-g0.75,26,0.4455029934019148,7377.125740733117,7
source-01-bins128-r0.2-g0.75,27,0.4594395131224411,7153.349910770641,8
source-01-bins128-r0.2-g0.75,28,0.47381200428378195,6936.362039131679,14
source-01-bins128-r0.2-g0.75,29,0.4886341052333166,6725.956221638775,2
source-01-bins128-r0.2-g0.75,30,0.5039198809622402,6521.932799958707,9
source-01-bins128-r0.2-g0.75,31,0.5196838364521189,6324.098172142642,2
source-01-bins128-r0.2-g0.75,32,0.5359409304389594,6132.264608913347,8
source-01-bins128-r0.2-g0.75,33,0.5527065896078561,5946.250075525075,4
source-01-bins128-r0.2-g0.75,34,0.5699967232316848,5765.878059027112,7
source-01-bins128-r0.2-g0.75,35,0.5878277382677324,5590.977400767086,4
source-01-bins128-r0.2-g0.75,36,0.6062165549265912,5421.382133975042,3
source-01-bins128-r0.2-g0.75,37,0.6251806227280885,5256.931326274233,2
source-01-bins128-r0.2-g0.75,38,0.6447379370594888,5097.468926969127,6
source-01-bins128-r0.2-g0.75,39,0.6649070562516796,4942.843618965759,4
source-01-bins128-r0.2-g0.75,40,0.6857071191895479,4792.908675183866,6
source-01-bins128-r0.2-g0.75,41,0.7071578634732547,4647.521819324605,1
source-01-bins128-r0.2-g0.75,42,0.7292796441476423,4506.545090861695,3
source-01-bins128-r0.2-g0.75,43,0.7520934530175477,4369.844714127887,1
source-01-bins128-r0.2-g0.75,44,0.7756209385673511,4237.290971372525,4
source-01-bins128-r0.2-g0.75,45,0.7998844265036604,4108.758079669753,3
source-01-bins128-r0.2-g0.75,46,0.8249069409406247,3984.124071560552,5
source-01-bins128-r0.2-g0.75,47,0.8507122262479817,3863.2706793153584,2
source-01-bins128-r0.2-g0.75,49,0.904769824124692,3632.450500190404,1
source-01-bins128-r0.2-g0.75,50,0.9330734330413559,3522.264683377021,1
source-01-bins128-r0.2-g0.75,51,0.9622624541991747,3415.42121471847,2
source-01-bins128-r0.2-g0.75,53,1.023408391915829,3211.3588535721374,3
source-01-bins128-r0.2-g0.75,54,1.0554233310909287,3113.946322185078,1
source-01-bins128-r0.2-g0.75,55,1.0884397827985437,3019.488677406434,1
source-01-bins128-r0.2-g0.75,56,1.1224890770170728,2927.896286467769,1
source-01-bins128-r0.2-g0.75,59,1.2311622007163179,2669.454600122342,4
source-01-bins128-r0.2-g0.75,60,1.2696762321449915,2588.480052624639,2
source-01-bins128-r0.2-g0.75,61,1.30939508501476,2509.9617661707307,4
source-01-bins128-r0.2-g0.75,65,1.4810904194708927,2218.9945711572473,2
source-01-bins128-r0.2-g0.75,66,1.5274228709797355,2151.684162023081,1
source-01-bins128-r0.2-g0.75,70,1.7277072493847883,1902.250280751677,1
source-01-bins128-r0.2-g0.75,71,1.781754531914773,1844.547911247365,1
source-01-bins128-r0.2-g0.75,75,2.0153883249363713,1630.7187848290637,1
source-01-bins128-r0.2-g0.75,77,2.143454018920026,1533.287661498254,1
source-01-bins128-r0.2-g0.75,79,2.279657510355709,1441.6777894351785,2
source-01-bins128-r0.2-g0.75,80,2.350971266536144,1397.9463071197827,1
source-01-bins128-r0.2-g0.75,83,2.5785791751499105,1274.5513621887728,1
source-01-bins128-r0.2-g0.75,85,2.742432228912044,1198.4002979365248,1
source-01-bins128-r0.2-g0.75,107,5.400645470311073,608.5442227722493,1
source-01-bins128-r0.2-g1,0,0.2,16432.658000994605,37
source-01-bins128-r0.2-g1,1,0.2062565324709068,15934.193990498205,49
source-01-bins128-r0.2-g1,2,0.21270878593461118,15450.85025876286,37
source-01-bins128-r0.2-g1,3,0.21936288306484647,14982.168151151536,39
source-01-bins128-r0.2-g1,4,0.22622513806888117,14527.702925738675,37
source-01-bins128-r0.2-g1,5,0.23330206267919784,14087.023331285625,34
source-01-bins128-r0.2-g1,6,0.24060037233260753,13659.711198017592,18
source-01-bins128-r0.2-g1,7,0.24812699254266365,13245.36104081391,26
source-01-bins128-r0.2-g1,8,0.25588906547142176,12843.579674435006,26
source-01-bins128-r0.2-g1,9,0.2638939567067815,12453.98584042097,22
source-01-bins128-r0.2-g1,10,0.2721492622518418,12076.209845307709,16
source-01-bins128-r0.2-g1,11,0.28066281573290164,11709.893209817345,24
source-01-bins128-r0.2-g1,12,0.2894426958329468,11354.688328689967,15
source-01-bins128-r0.2-g1,13,0.29849723395767497,11010.258140834,25
source-01-bins128-r0.2-g1,14,0.3078350221413353,10676.27580948209,17
source-01-bins128-r0.2-g1,15,0.31746492119988323,10352.42441204912,14
source-01-bins128-r0.2-g1,16,0.3273960691391879,10038.396639397946,10
source-01-bins128-r0.2-g1,17,0.3376378898262708,9733.89450422754,19
source-01-bins128-r0.2-g1,18,0.34820010193180334,9438.629058306835,14
source-01-bins128-r0.2-g1,19,0.3590927281523504,9152.320118285887,13
source-01-bins128-r0.2-g1,20,0.3703261047211087,8874.695999824255,9
source-01-bins128-r0.2-g1,21,0.381910891216169,8605.493259784205,9
source-01-bins128-r0.2-g1,22,0.3938580806756036,8344.456446244232,9
source-01-bins128-r0.2-g1,23,0.40617901002898327,8091.337856095537,13
source-01-bins128-r0.2-g1,24,0.4188853708552189,7845.8972999915495,7
source-01-bins128-r0.2-g1,25,0.43198922047693644,7607.901874427413,10
source-01-bins128-r0.2-g1,26,0.4455029934019148,7377.125740733117,7
source-01-bins128-r0.2-g1,27,0.4594395131224411,7153.349910770641,8
source-01-bins128-r0.2-g1,28,0.47381200428378195,6936.362039131679,14
source-01-bins128-r0.2-g1,29,0.4886341052333166,6725.956221638775,2
source-01-bins128-r0.2-g1,30,0.5039198809622402,6521.932799958707,9
source-01-bins128-r0.2-g1,31,0.5196838364521189,6324.098172142642,2
source-01-bins128-r0.2-g1,32,0.5359409304389594,6132.264608913347,8
source-01-bins128-r0.2-g1,33,0.5527065896078561,5946.250075525075,4
source-01-bins128-r0.2-g1,34,0.5699967232316848,5765.878059027112,7
source-01-bins128-r0.2-g1,35,0.5878277382677324,5590.977400767086,4
source-01-bins128-r0.2-g1,36,0.6062165549265912,5421.382133975042,3
source-01-bins128-r0.2-g1,37,0.6251806227280885,5256.931326274233,2
source-01-bins128-r0.2-g1,38,0.6447379370594888,5097.468926969127,6
source-01-bins128-r0.2-g1,39,0.6649070562516796,4942.843618965759,4
source-01-bins128-r0.2-g1,40,0.6857071191895479,4792.908675183866,6
source-01-bins128-r0.2-g1,41,0.7071578634732547,4647.521819324605,1
source-01-bins128-r0.2-g1,42,0.7292796441476423,4506.545090861695,3
source-01-bins128-r0.2-g1,43,0.7520934530175477,4369.844714127887,1
source-01-bins128-r0.2-g1,44,0.7756209385673511,4237.290971372525,4
source-01-bins128-r0.2-g1,45,0.7998844265036604,4108.758079669753,3
source-01-bins128-r0.2-g1,46,0.8249069409406247,3984.124071560552,5
source-01-bins128-r0.2-g1,47,0.8507122262479817,3863.2706793153584,2
source-01-bins128-r0.2-g1,49,0.904769824124692,3632.450500190404,1
source-01-bins128-r0.2-g1,50,0.9330734330413559,3522.264683377021,1
source-01-bins128-r0.2-g1,51,0.9622624541991747,3415.42121471847,2
source-01-bins128-r0.2-g1,53,1.023408391915829,3211.3588535721374,3
source-01-bins128-r0.2-g1,54,1.0554233310909287,3113.946322185078,1
source-01-bins128-r0.2-g1,55,1.0884397827985437,3019.488677406434,1
source-01-bins128-r0.2-g1,56,1.1224890770170728,2927.896286467769,1
source-01-bins128-r0.2-g1,59,1.2311622007163179,2669.454600122342,4
source-01-bins128-r0.2-g1,60,1.2696762321449915,2588.480052624639,2
source-01-bins128-r0.2-g1,61,1.30939508501476,2509.9617661707307,4
source-01-bins128-r0.2-g1,65,1.4810904194708927,2218.9945711572473,2
source-01-bins128-r0.2-g1,66,1.5274228709797355,2151.684162023081,1
source-01-bins128-r0.2-g1,70,1.7277072493847883,1902.250280751677,1
source-01-bins128-r0.2-g1,71,1.781754531914773,1844.547911247365,1
source-01-bins128-r0.2-g1,75,2.0153883249363713,1630.7187848290637,1
source-01-bins128-r0.2-g1,77,2.143454018920026,1533.287661498254,1
source-01-bins128-r0.2-g1,79,2.279657510355709,1441.6777894351785,2
source-01-bins128-r0.2-g1,80,2.350971266536144,1397.9463071197827,1
source-01-bins128-r0.2-g1,83,2.5785791751499105,1274.5513621887728,1
source-01-bins128-r0.2-g1,85,2.742432228912044,1198.4002979365248,1
source-01-bins128-r0.2-g1,107,5.400645470311073,608.5442227722493,1
source-01-bins128-r0.3-g1,0,0.3,10955.105333996406,33
source-01-bins128-r0.3-g1,1,0.30839861993526435,10656.764939119357,48
source-01-bins128-r0.3-g1,2,0.3170323625932522,10366.549248524172,34
source-01-bins128-r0.3-g1,3,0.32590781032858435,10084.23700213075,29
source-01-bins128-r0.3-g1,4,0.33503172977153106,9809.612965434984,34
source-01-bins128-r0.3-g1,5,0.34441107698688206,9542.46776541423,38
source-01-bins128-r0.3-g1,6,0.3540530027772418,9282.597730901596,25
source-01-bins128-r0.3-g1,7,0.36396485813479224,9029.804737307286,13
source-01-bins128-r0.3-g1,8,0.37415419984568077,8783.896055568654,27
source-01-bins128-r0.3-g1,9,0.38462879625130353,8544.684205213829,18
source-01-bins128-r0.3-g1,10,0.39539663317088003,8311.986811426814,16
source-01-bins128-r0.3-g1,11,0.4064659199898313,8085.626466005174,21
source-01-bins128-r0.3-g1,12,0.41784509591860525,7865.430592104222,19
source-01-bins128-r0.3-g1,13,0.4295428364267201,7651.231312664675,17
source-01-bins128-r0.3-g1,14,0.44156805985693165,7442.865322423366,21
source-01-bins128-r0.3-g1,15,0.45392993422456646,7240.1737634095325,20
source-01-bins128-r0.3-g1,16,0.46663788420720537,7043.002103831701,12
source-01-bins128-r0.3-g1,17,0.4797015983300462,6851.200020262822,12
source-01-bins128-r0.3-g1,18,0.49313103635242256,6664.621283033904,12
source-01-bins128-r0.3-g1,19,0.5069364368611128,6483.12364474867,16
source-01-bins128-r0.3-g1,20,0.5211283250762249,6306.56873183434,13
source-01-bins128-r0.3-g1,21,0.535717520875612,6134.8219390457825,12
source-01-bins128-r0.3-g1,22,0.5507151470439331,5967.752326842645,8
source-01-bins128-r0.3-g1,23,0.5661326377526507,5805.232521561214,8
source-01-bins128-r0.3-g1,24,0.5819817472774279,5647.138618304892,8
source-01-bins128-r0.3-g1,25,0.5982745589595755,5493.350086479254,9
source-01-bins128-r0.3-g1,26,0.6150234944183732,5343.749677899686,11
source-01-bins128-r0.3-g1,27,0.6322413230213004,5198.223337401495,7
source-01-bins128-r0.3-g1,28,0.6499411716193825,5056.660115884419,8
source-01-bins128-r0.3-g1,29,0.6681365345550879,4918.952085725146,7
source-01-bins128-r0.3-g1,30,0.6868412839503973,4784.994258493451,7
source-01-bins128-r0.3-g1,31,0.7060696802828921,4654.68450490913,10
source-01-bins128-r0.3-g1,32,0.7258363832579241,4527.923476978779,6
source-01-bins128-r0.3-g1,33,0.7461564629851581,4404.614532252995,4
source-01-bins128-r0.3-g1,34,0.7670454114680034,4284.6636601463015,8
source-01-bins128-r0.3-g1,35,0.7885191544146977,4167.979410263596,4
source-01-bins128-r0.3-g1,36,0.8105940633800478,4054.47282267848,5
source-01-bins128-r0.3-g1,37,0.8332869682470833,3944.057360110318,3
source-01-bins128-r0.3-g1,38,0.8566151700581367,3836.6488419483294,7
source-01-bins128-r0.3-g1,39,0.8805964542051371,3732.1653800723975,3
source-01-bins128-r0.3-g1,40,0.9052491039891717,3630.527316421662,3
source-01-bins128-r0.3-g1,41,0.9305919145596506,3531.6571622633155,3
source-01-bins128-r0.3-g1,42,0.9566442072437059,3435.4795391152925,4
source-01-bins128-r0.3-g1,43,0.9834258442767466,3341.921121277809,4
source-01-bins128-r0.3-g1,44,1.010957243945403,3250.9105799299373,3
source-01-bins128-r0.3-g1,45,1.039259396154402,3162.378528748605,5
source-01-bins128-r0.3-g1,46,1.0683538784292461,3076.257471008543,2
source-01-bins128-r0.3-g1,47,1.098262872366889,2992.481748122878,2
source-01-bins128-r0.3-g1,48,1.12900918054696,2910.9874895850953,1
source-01-bins128-r0.3-g1,49,1.1606162439164207,2831.7125642742544,3
source-01-bins128-r0.3-g1,50,1.1931081596609145,2754.596533086292,4
source-01-bins128-r0.3-g1,51,1.2265096995764304,2679.58060285533,4
source-01-bins128-r0.3-g1,52,1.2608463289552896,2606.6075815298373,2
source-01-bins128-r0.3-g1,53,1.2961442260008524,2535.6218345694806,1
source-01-bins128-r0.3-g1,55,1.3697322207688416,2399.3971597997197,1
source-01-bins128-r0.3-g1,56,1.4080784218865854,2334.0543744683823,1
source-01-bins128-r0.3-g1,57,1.4474981402348261,2270.491069277471,2
source-01-bins128-r0.3-g1,59,1.5296791841599522,2148.5103767060623,3
source-01-bins128-r0.3-g1,60,1.5725031644621013,2089.9999913978736,1
source-01-bins128-r0.3-g1,61,1.6165260192131605,2033.083019473223,1
source-01-bins128-r0.3-g1,62,1.661781311382618,1977.7160675037894,1
source-01-bins128-r0.3-g1,65,1.8052916947922417,1820.4989308263257,2
source-01-bins128-r0.3-g1,66,1.8558315575150726,1770.921281562607,3
source-01-bins128-r0.3-g1,67,1.9077863038998686,1722.6937804724992,1
source-01-bins128-r0.3-g1,68,1.9611955441803954,1675.7796589693955,4
source-01-bins128-r0.3-g1,72,2.1902091186232564,1500.5560757891476,2
source-01-bins128-r0.3-g1,73,2.251524898510147,1459.6914306271483,1
source-01-bins128-r0.3-g1,78,2.5848337171955333,1271.4673204451656,2
source-01-bins128-r0.3-g1,83,2.967484547904398,1107.5143095588587,1
source-01-bins128-r0.3-g1,84,3.050560464176462,1077.3533712226101,1
source-01-bins128-r0.3-g1,87,3.314004937182335,991.709928770724,2
source-01-bins128-r0.3-g1,88,3.406781830285616,964.7026912561017,1
source-01-bins128-r0.3-g1,91,3.7009893552519726,888.0143347440583,1
source-01-bins128-r0.3-g1,93,3.911111330760035,840.3063278590587,1
source-01-bins128-r0.3-g1,114,6.984169553277602,470.56870185183067,1
source-01-bins128-r0.4-g1,0,0.4,8216.329000497302,30
source-01-bins128-r0.4-g1,1,0.41026776259877934,8010.699108750056,43
source-01-bins128-r0.4-g1,2,0.42079909256952086,7810.2155119451645,27
source-01-bins128-r0.4-g1,3,0.4316007555302348,7614.749413868185,34
source-01-bins128-r0.4-g1,4,0.4426796907683304,7424.1752416847985,32
source-01-bins128-r0.4-g1,5,0.45404301569860595,7238.370565269355,30
source-01-bins128-r0.4-g1,6,0.4656980304356737,7057.216018552362,24
source-01-bins128-r0.4-g1,7,0.4776522224837552,6880.595222836412,27
source-01-bins128-r0.4-g1,8,0.48991327154686154,6708.394712031302,15
source-01-bins128-r0.4-g1,9,0.5024890544624476,6540.503859760258,23
source-01-bins128-r0.4-g1,10,0.5153876502617114,6376.814808290489,20
source-01-bins128-r0.4-g1,11,0.5286173453597862,6217.222399242405,12
source-01-bins128-r0.4-g1,12,0.5421866388791643,6061.624106032945,19
source-01-bins128-r0.4-g1,13,0.5561042481097677,5909.9199680096735,17
source-01-bins128-r0.4-g1,14,0.5703791141091771,5762.012526233283,18
source-01-bins128-r0.4-g1,15,0.5850204074466147,5617.806760867277,16
source-01-bins128-r0.4-g1,16,0.6000375340943722,5477.210030134589,18
source-01-bins128-r0.4-g1,17,0.615440141470467,5340.132010801949,17
source-01-bins128-r0.4-g1,18,0.6312381246364117,5206.484640153726,10
source-01-bins128-r0.4-g1,19,0.6474416326540751,5076.18205941801,7
source-01-bins128-r0.4-g1,20,0.6640610751057203,4949.140558608553,14
source-01-bins128-r0.4-g1,21,0.6811071287814096,4825.278522747161,14
source-01-bins128-r0.4-g1,22,0.6985907445380688,4704.5163794319715,12
source-01-bins128-r0.4-g1,23,0.7165231543346223,4586.776547717931,11
source-01-bins128-r0.4-g1,24,0.7349158784477132,4471.983388276658,8
source-01-bins128-r0.4-g1,25,0.7537807328726494,4360.063154803637,8
source-01-bins128-r0.4-g1,26,0.7731298369143249,4250.943946641554,7
source-01-bins128-r0.4-g1,27,0.7929756209729981,4144.55566258932,7
source-01-bins128-r0.4-g1,28,0.8133308345299238,4040.829955867121,11
source-01-bins128-r0.4-g1,29,0.8342085543379746,3939.7001902085535,7
source-01-bins128-r0.4-g1,30,0.8556221928225076,3841.101397051639,5
source-01-bins128-r0.4-g1,31,0.8775855066978787,3744.970233801225,6
source-01-bins128-r0.4-g1,32,0.900112605805137,3651.244943135941,10
source-01-bins128-r0.4-g1,33,0.9232179621765764,3559.8653133335947,6
source-01-bins128-r0.4-g1,34,0.9469164193329711,3470.7726395894865,11
source-01-bins128-r0.4-g1,35,0.9712232018194639,3383.909686302819,4
source-01-bins128-r0.4-g1,36,0.9961539249862352,3299.2206503069638,3
source-01-bins128-r0.4-g1,37,1.021724605020237,3216.6511250199615,8
source-01-bins128-r0.4-g1,38,1.0479516692344357,3136.1480654922225,3
source-01-bins128-r0.4-g1,39,1.0748519666211698,3057.659754328993,5
source-01-bins128-r0.4-g1,40,1.1024427786764128,2981.1357684656564,3
source-01-bins128-r0.4-g1,41,1.1307418305018826,2906.5269467745666,6
source-01-bins128-r0.4-g1,42,1.159767302192139,2833.785358482576,5
source-01-bins128-r0.4-g1,43,1.1895378405139778,2762.8642723789853,2
source-01-bins128-r0.4-g1,44,1.2200725708856333,2693.718126794109,3
source-01-bins128-r0.4-g1,45,1.2513911096634731,2626.3025003292078,1
source-01-bins128-r0.4-g1,46,1.2835135767440922,2560.5740833189425,6
source-01-bins128-r0.4-g1,47,1.3164606084898882,2496.490650008055,3
source-01-bins128-r0.4-g1,48,1.3502533709864348,2434.011031424367,3
source-01-bins128-r0.4-g1,49,1.3849135736401603,2373.0950889306937,4
source-01-bins128-r0.4-g1,50,1.4204634831250709,2313.703688438673,2
source-01-bins128-r0.4-g1,51,1.4569259376874792,2255.7986752679426,2
source-01-bins128-r0.4-g1,52,1.4943243618179265,2199.342849634518,1
source-01-bins128-r0.4-g1,53,1.5326827812997237,2144.299942752618,2
source-01-bins128-r0.4-g1,54,1.5720258386437795,2090.6345935345967,5
source-01-bins128-r0.4-g1,55,1.6123788089196325,2038.3123258739972,2
source-01-bins128-r0.4-g1,56,1.653767615992856,1987.2995264971487,4
source-01-bins128-r0.4-g1,57,1.6962188491792654,1937.5634233690698,1
source-01-bins128-r0.4-g1,60,1.8302233421259908,1795.6997512561936,1
source-01-bins128-r0.4-g1,61,1.8772040890752262,1750.75881164204,1
source-01-bins128-r0.4-g1,62,1.9253908039154315,1706.9426079710697,2
source-01-bins128-r0.4-g1,63,1.9748144431266228,1664.2229915006717,1
source-01-bins128-r0.4-g1,64,2.0255067578232846,1622.57251796622,2
source-01-bins128-r0.4-g1,65,2.0775003141521657,1581.9644299501178,1
source-01-bins128-r0.4-g1,66,2.1308285142136754,1542.3726396920902,1
source-01-bins128-r0.4-g1,67,2.185525617520314,1503.7717123296877,1
source-01-bins128-r0.4-g1,70,2.3581862693811266,1393.6692121701758,1
source-01-bins128-r0.4-g1,71,2.4187195113253934,1358.7898823365385,3
source-01-bins128-r0.4-g1,72,2.4808066056637044,1324.7834767513675,2
source-01-bins128-r0.4-g1,73,2.5444874388648,1291.628148757998,2
source-01-bins128-r0.4-g1,74,2.6098029212593996,1259.3025984555784,2
source-01-bins128-r0.4-g1,77,2.815982281501427,1167.0995310547928,2
source-01-bins128-r0.4-g1,79,2.9624069718691235,1109.4125930055086,1
source-01-bins128-r0.4-g1,84,3.3626504880850803,977.3634256203932,2
source-01-bins128-r0.4-g1,89,3.8169699208763483,861.0315691050449,1
source-01-bins128-r0.4-g1,91,4.015443697674806,818.472838282362,1
source-01-bins128-r0.4-g1,93,4.224237660613901,778.0176837212553,2
source-01-bins128-r0.4-g1,94,4.3326713342639165,758.5462516411425,1
source-01-bins128-r0.4-g1,97,4.674960553331242,703.0073436356663,1
source-01-bins128-r0.4-g1,100,5.0442912672295215,651.53485912878,1
source-01-bins128-r0.4-g1,118,7.96037239911448,412.86153906122763,1
source-01-bins128-r0.55-g1,0,0.55,5975.512000361675,26
source-01-bins128-r0.55-g1,1,0.5627054137792902,5840.589977845845,39
source-01-bins128-r0.55-g1,2,0.5757043321754949,5708.714380834415,29
source-01-bins128-r0.55-g1,3,0.5890035353660759,5579.816423608197,28
source-01-bins128-r0.55-g1,4,0.6026099601556955,5453.82887357153,27
source-01-bins128-r0.55-g1,5,0.6165307035944221,5330.686016184086,29
source-01-bins128-r0.55-g1,6,0.6307730266795203,5210.32362068444,33
source-01-bins128-r0.55-g1,7,0.6453443581427539,5092.678906587607,19
source-01-bins128-r0.55-g1,8,0.6602522983251796,4977.690510939014,17
source-01-bins128-r0.55-g1,9,0.67550462314145,4865.2984563078635,16
source-01-bins128-r0.55-g1,10,0.6911092881356966,4755.444119503171,22
source-01-bins128-r0.55-g1,11,0.7070744326311051,4648.070200996181,14
source-01-bins128-r0.55-g1,12,0.7234083839753506,4543.120695033176,14
source-01-bins128-r0.55-g1,13,0.740119661884104,4440.540860423137,16
source-01-bins128-r0.55-g1,14,0.7572169828848784,4340.277191984983,14
source-01-bins128-r0.55-g1,15,0.7747092648635294,4242.277392639505,20
source-01-bins128-r0.55-g1,16,0.7926056317157855,4146.490346131447,10
source-01-bins128-r0.55-g1,17,0.8109154181062304,4052.866090367496,20
source-01-bins128-r0.55-g1,18,0.8296481743372227,3961.3557913562795,16
source-01-bins128-r0.55-g1,19,0.84881367133029,3871.911717736775,13
source-01-bins128-r0.55-g1,20,0.8684219057225986,3784.487215881843,9
source-01-bins128-r0.55-g1,21,0.8884831050811539,3699.0366855639086,8
source-01-bins128-r0.55-g1,22,0.9090077332374531,3615.515556170088,10
source-01-bins128-r0.55-g1,23,0.9300064957453738,3533.880263454353,16
source-01-bins128-r0.55-g1,24,0.9514903454651422,3454.0882268146174,9
source-01-bins128-r0.55-g1,25,0.9734704882762957,3376.0978270828896,9
source-01-bins128-r0.55-g1,26,0.9959583889226191,3299.868384816896,10
source-01-bins128-r0.55-g1,27,1.0189657769921048,3225.360139081871,8
source-01-bins128-r0.55-g1,28,1.0425046530350512,3152.5342267114283,5
source-01-bins128-r0.55-g1,29,1.0665872948234978,3081.352662036713,8
source-01-bins128-r0.55-g1,30,1.0912262637552546,3011.778317073241,6
source-01-bins128-r0.55-g1,31,1.1164344114058717,2943.774902155113,10
source-01-bins128-r0.55-g1,32,1.1422248862319622,2877.306947006489,8
source-01-bins128-r0.55-g1,33,1.1686111404293797,2812.3397822404463,4
source-01-bins128-r0.55-g1,34,1.1956069369498226,2748.8395212755872,7
source-01-bins128-r0.55-g1,35,1.2232263566795267,2686.7730426609505,6
source-01-bins128-r0.55-g1,36,1.2514838057837938,2626.107972800011,6
source-01-bins128-r0.55-g1,37,1.2803940232211823,2566.8126690647537,10
source-01-bins128-r0.55-g1,38,1.3099720884312829,2508.8562032910236,7
source-01-bins128-r0.55-g1,39,1.3402334292000835,2452.2083456465366,2
source-01-bins128-r0.55-g1,40,1.371193829707036,2396.839548863131,5
source-01-bins128-r0.55-g1,41,1.4028694387580132,2342.720932825046,6
source-01-bins128-r0.55-g1,42,1.4352767782084517,2289.824269505183,1
source-01-bins128-r0.55-g1,43,1.4684327515810787,2238.1219682414976,7
source-01-bins128-r0.55-g1,44,1.5023546528827136,2187.587061345824,3
source-01-bins128-r0.55-g1,45,1.537060175624744,2138.1931900376626,4
source-01-bins128-r0.55-g1,46,1.5725674220519816,2089.9145906955487,5
source-01-bins128-r0.55-g1,47,1.6088949125847125,2042.7260814188676,2
source-01-bins128-r0.55-g1,48,1.6460615954788644,1996.6030488930876,2
source-01-bins128-r0.55-g1,49,1.6840868567093328,1951.5214355515657,3
source-01-bins128-r0.55-g1,50,1.7229905300816168,1907.4577270272289,1
source-01-bins128-r0.55-g1,51,1.7627929075770448,1864.3889398875856,6
source-01-bins128-r0.55-g1,52,1.80351474993698,1822.2926096466704,3
source-01-bins128-r0.55-g1,53,1.84517729749153,1781.146779047669,3
source-01-bins128-r0.55-g1,54,1.8878022812384065,1740.9299866101137,4
source-01-bins128-r0.55-g1,55,1.931411934177719,1701.6212554356678,1
source-01-bins128-r0.55-g1,56,1.9760290029086045,1663.200082266672,3
source-01-bins128-r0.55-g1,58,2.0683790135980127,1588.940701192811,2
source-01-bins128-r0.55-g1,59,2.1161601249074,1553.06375992825,3
source-01-bins128-r0.55-g1,60,2.1650450158350045,1517.9968897466026,3
source-01-bins128-r0.55-g1,61,2.215059184520411,1483.721799925855,2
source-01-bins128-r0.55-g1,62,2.266228718129409,1450.2206127330744,4
source-01-bins128-r0.55-g1,63,2.3185803064609445,1417.4758540994626,1
source-01-bins128-r0.55-g1,66,2.48300363188301,1323.6112738613062,1
source-01-bins128-r0.55-g1,67,2.5403628838076533,1293.7252473445305,1
source-01-bins128-r0.55-g1,68,2.599047177604613,1264.5140221071022,2
source-01-bins128-r0.55-g1,70,2.720514035773578,1208.0553737207226,2
source-01-bins128-r0.55-g1,71,2.7833599567133414,1180.7785019943078,2
source-01-bins128-r0.55-g1,73,2.9134407001521243,1128.0585185850243,2
source-01-bins128-r0.55-g1,77,3.1921243349720965,1029.575058901222,1
source-01-bins128-r0.55-g1,78,3.265864808628027,1006.328122191799,3
source-01-bins128-r0.55-g1,79,3.3413087427022843,983.6060817118439,2
source-01-bins128-r0.55-g1,80,3.4184954884120877,961.3970857470798,3
source-01-bins128-r0.55-g1,81,3.497465306017383,939.6895501849438,1
source-01-bins128-r0.55-g1,84,3.7454898728444244,877.4637528796846,2
source-01-bins128-r0.55-g1,86,3.9205359016654144,838.2863166239154,1
source-01-bins128-r0.55-g1,91,4.394783196219944,747.8256499719358,2
source-01-bins128-r0.55-g1,97,5.040201269599909,652.0635634179358,1
source-01-bins128-r0.55-g1,98,5.156633710802036,637.3405179651108,1
source-01-bins128-r0.55-g1,100,5.397629757728966,608.8842228374177,2
source-01-bins128-r0.55-g1,101,5.522319065909612,595.1361304867991,1
source-01-bins128-r0.55-g1,104,5.913937187709539,555.7264975740791,1
source-01-bins128-r0.55-g1,106,6.190325925778444,530.9141456531038,1
source-01-bins128-r0.55-g1,121,8.719459722228118,376.91917904279285,1
source-01-bins512-r0.2-g1,0,0.2,16432.658000994605,8
source-01-bins512-r0.2-g1,1,0.2015370003041079,16307.336098283351,6
source-01-bins512-r0.2-g1,2,0.20308581245788995,16182.96994961372,12
source-01-bins512-r0.2-g1,3,0.20464652723542887,16059.552266030096,11
source-01-bins512-r0.2-g1,4,0.20621923610840623,15937.075814165286,16
source-01-bins512-r0.2-g1,5,0.20780403125146388,15815.533415816588,12
source-01-bins512-r0.2-g1,6,0.20940100554760557,15694.917947525117,11
source-01-bins512-r0.2-g1,7,0.21101025259364145,15575.222340158258,10
source-01-bins512-r0.2-g1,8,0.212631866705673,15456.439578495394,8
source-01-bins512-r0.2-g1,9,0.21426594292462128,15338.562700816725,6
source-01-bins512-r0.2-g1,10,0.2159125770217968,15221.584798495269,15
source-01-bins512-r0.2-g1,11,0.2175718655045129,15105.499015591937,7
source-01-bins512-r0.2-g1,12,0.21924390562174173,14990.29854845373,9
source-01-bins512-r0.2-g1,13,0.2209287953698138,14875.976645314975,11
source-01-bins512-r0.2-g1,14,0.22262663349816184,14762.526605901612,8
source-01-bins512-r0.2-g1,15,0.22433751951510778,14649.941781038518,11
source-01-bins512-r0.2-g1,16,0.2260615536936954,14538.215572259773,10
source-01-bins512-r0.2-g1,17,0.22779883707756698,14427.341431421952,7
source-01-bins512-r0.2-g1,18,0.22954947148688523,14317.31286032035,10
source-01-bins512-r0.2-g1,19,0.231313559524301,14208.123410308117,10
source-01-bins512-r0.2-g1,20,0.23309120458096666,14099.766681918323,14
source-01-bins512-r0.2-g1,21,0.2348825108425958,13992.236324488875,5
source-01-bins512-r0.2-g1,22,0.23668758329556924,13885.526035790337,3
source-01-bins512-r0.2-g1,23,0.23850652773308859,13779.629561656533,11
source-01-bins512-r0.2-g1,24,0.24033945076137592,13674.54069561803,8
source-01-bins512-r0.2-g1,25,0.24218645980592274,13570.253278538357,6
source-01-bins512-r0.2-g1,26,0.24404766311778534,13466.76119825304,3
source-01-bins512-r0.2-g1,27,0.24592316977992965,13364.058389211372,2
source-01-bins512-r0.2-g1,28,0.24781308971362428,13262.138832120918,4
source-01-bins512-r0.2-g1,29,0.24971753368488306,13160.996553594727,9
source-01-bins512-r0.2-g1,30,0.25163661331095677,13060.625625801247,4
source-01-bins512-r0.2-g1,31,0.2535704410668749,12961.020166116898,8
source-01-bins512-r0.2-g1,32,0.25551913029203777,12862.174336781283,10
source-01-bins512-r0.2-g1,33,0.25748279519685896,12764.082344555089,3
source-01-bins512-r0.2-g1,34,0.25946155086945955,12666.73844038049,7
source-01-bins512-r0.2-g1,35,0.2614555132824129,12570.136919044246,4
source-01-bins512-r0.2-g1,36,0.2634647992995417,12474.27211884331,8
source-01-bins512-r0.2-g1,37,0.2654895266827673,12379.13842125301,5
source-01-bins512-r0.2-g1,38,0.2675298140990117,12284.73025059775,1
source-01-bins512-r0.2-g1,39,0.2695857811271522,12191.04207372422,6
source-01-bins512-r0.2-g1,40,0.27165754826503025,12098.06839967711,8
source-01-bins512-r0.2-g1,41,0.27374523693651304,12005.803779377295,2
source-01-bins512-r0.2-g1,42,0.27584896949861054,11914.24280530247,6
source-01-bins512-r0.2-g1,43,0.27796886924864667,11823.380111170209,3
source-01-bins512-r0.2-g1,44,0.28010506043148514,11733.210371623474,6
source-01-bins512-r0.2-g1,45,0.2822576682468119,11643.72830191848,4
source-01-bins512-r0.2-g1,46,0.28442681885647264,11554.92865761498,7
source-01-bins512-r0.2-g1,47,0.2866126393918668,11466.806234268895,9
source-01-bins512-r0.2-g1,48,0.2888152579613992,11379.35586712726,3
source-01-bins512-r0.2-g1,49,0.2910348036579875,11292.572430825565,4
source-01-bins512-r0.2-g1,50,0.2932714065666291,11206.450839087327,3
source-01-bins512-r0.2-g1,51,0.29552519777202446,11120.986044426012,4
source-01-bins512-r0.2-g1,52,0.2977963093662601,11036.173037849207,9
source-01-bins512-r0.2-g1,53,0.30008487445655097,10952.006848565023,6
source-01-bins512-r0.2-g1,54,0.3023910271730404,10868.482543690805,6
source-01-bins512-r0.2-g1,55,0.30471490267666274,10785.595227963977,3
source-01-bins512-r0.2-g1,56,0.30705663716706394,10703.340043455171,7
source-01-bins512-r0.2-g1,57,0.30941636789058463,10621.712169283495,5
source-01-bins512-r0.2-g1,58,0.3117942331483035,10540.706821333984,5
source-01-bins512-r0.2-g1,59,0.3141903723041437,10460.31925197721,3
source-01-bins512-r0.2-g1,60,0.3166049257930399,10380.544749791037,2
source-01-bins512-r0.2-g1,61,0.3190380351291698,10301.37863928448,3
source-01-bins512-r0.2-g1,62,0.32148984291424737,10222.816280623692,5
source-01-bins512-r0.2-g1,63,0.3239604928458814,10144.85306936001,2
source-01-bins512-r0.2-g1,64,0.3264501297259967,10067.484436160112,3
source-01-bins512-r0.2-g1,65,0.32895889946932133,9990.705846538203,2
source-01-bins512-r0.2-g1,66,0.33148694911193805,9914.512800590259,4
source-01-bins512-r0.2-g1,67,0.33403442681990225,9838.900832730289,3
source-01-bins512-r0.2-g1,68,0.33660148189792577,9763.865511428618,3
source-01-bins512-r0.2-g1,69,0.3391882647981272,9689.40243895215,6
source-01-bins512-r0.2-g1,70,0.34179492712884996,9615.507251106636,5
source-01-bins512-r0.2-g1,71,0.3444216216635479,9542.175616980881,5
source-01-bins512-r0.2-g1,72,0.34706850234973885,9469.403238692927,2
source-01-bins512-r0.2-g1,73,0.349735724318028,9397.185851138136,3
source-01-bins512-r0.2-g1,74,0.35242344389119906,9325.51922173925,4
source-01-bins512-r0.2-g1,75,0.35513181859337667,9254.399150198298,4
source-01-bins512-r0.2-g1,76,0.3578610071592587,9183.821468250431,1
source-01-bins512-r0.2-g1,77,0.36061116954341943,9113.782039419624,4
source-01-bins512-r0.2-g1,78,0.3633824669296841,9044.276758776248,6
source-01-bins512-r0.2-g1,79,0.3661750617405762,8975.301552696475,2
source-01-bins512-r0.2-g1,80,0.3689891176468362,8906.852378623531,2
source-01-bins512-r0.2-g1,81,0.37182479957701464,8838.925224830773,2
source-01-bins512-r0.2-g1,82,0.37468227372713825,8771.516110186552,3
source-01-bins512-r0.2-g1,83,0.37756170757045054,8704.621083920902,3
source-01-bins512-r0.2-g1,84,0.38046326986722695,8638.236225393968,1
source-01-bins512-r0.2-g1,85,0.383387130674666,8572.357643866248,4
source-01-bins512-r0.2-g1,87,0.38930243459481884,8442.103896985649,4
source-01-bins512-r0.2-g1,88,0.39229422439662975,8377.721097611848,2
source-01-bins512-r0.2-g1,89,0.39530900610761677,8313.82930674798,2
source-01-bins512-r0.2-g1,91,0.4014082533864316,8187.503800613215,2
source-01-bins512-r0.2-g1,92,0.40449307642406346,8125.062681551017,4
source-01-bins512-r0.2-g1,93,0.40760160633143006,8063.09776298224,3
source-01-bins512-r0.2-g1,94,0.4107340252958615,8001.605413214926,2
source-01-bins512-r0.2-g1,95,0.4138905169047975,7940.582028253826,5
source-01-bins512-r0.2-g1,96,0.4170712661565477,7880.024031589174,3
source-01-bins512-r0.2-g1,97,0.4202764594711341,7819.927873987075,2
source-01-bins512-r0.2-g1,98,0.4235062847012168,7760.290033281479,3
source-01-bins512-r0.2-g1,100,0.4300405895478453,7642.375347997865,3
source-01-bins512-r0.2-g1,101,0.4333454521324142,7584.091592577,1
source-01-bins512-r0.2-g1,102,0.4366757125909707,7526.252331961908,1
source-01-bins512-r0.2-g1,103,0.4400315661062149,7468.854176260658,3
source-01-bins512-r0.2-g1,104,0.4434132093608266,7411.89376143396,3
source-01-bins512-r0.2-g1,106,0.45025465938801956,7299.272826328845,4
source-01-bins512-r0.2-g1,107,0.45371486713004655,7243.605705468133,2
source-01-bins512-r0.2-g1,108,0.4572016665738323,7188.363123930538,1
source-01-bins512-r0.2-g1,109,0.4607152620766455,7133.541844012468,5
source-01-bins512-r0.2-g1,111,0.4678236665529261,7025.150361492256,2
source-01-bins512-r0.2-g1,112,0.4714188921417297,6971.573806191123,2
source-01-bins512-r0.2-g1,113,0.47504174704464996,6918.405846739222,5
source-01-bins512-r0.2-g1,114,0.4786924435930079,6865.6433670241595,1
source-01-bins512-r0.2-g1,115,0.4823711957498909,6813.283274698237,4
source-01-bins512-r0.2-g1,116,0.4860782191226933,6761.322500997216,3
source-01-bins512-r0.2-g1,118,0.49357795024308204,6658.586751252437,1
source-01-bins512-r0.2-g1,119,0.49737109754120495,6607.805753985628,1
source-01-bins512-r0.2-g1,121,0.5050450671861402,6507.402633412182,1
source-01-bins512-r0.2-g1,122,0.5089263392954066,6457.774625595181,2
source-01-bins512-r0.2-g1,123,0.5128374389867345,6408.5251004537795,3
source-01-bins512-r0.2-g1,124,0.516778595485137,6359.651171530467,3
source-01-bins512-r0.2-g1,125,0.5207500397772227,6311.1499743809945,2
source-01-bins512-r0.2-g1,128,0.5328484359906003,6167.854455815456,1
source-01-bins512-r0.2-g1,129,0.536943377031405,6120.815975734992,3
source-01-bins512-r0.2-g1,130,0.5410697877003351,6074.136229574745,1
source-01-bins512-r0.2-g1,131,0.5452279098415301,6027.812481488975,2
source-01-bins512-r0.2-g1,132,0.5494179871577028,5981.842016496573,1
source-01-bins512-r0.2-g1,133,0.5536402652244216,5936.222140321938,2
source-01-bins512-r0.2-g1,135,0.5621824153625167,5846.023479904899,1
source-01-bins512-r0.2-g1,136,0.5665027880793981,5801.439409223697,1
source-01-bins512-r0.2-g1,137,0.5708563628671782,5757.195354172835,3
source-01-bins512-r0.2-g1,139,0.5796641412481848,5669.71693836722,3
source-01-bins512-r0.2-g1,140,0.5841188610550792,5626.477450604047,1
source-01-bins512-r0.2-g1,141,0.5886078153904633,5583.567724153889,2
source-01-bins512-r0.2-g1,142,0.5931312673467404,5540.9852441274825,1
source-01-bins512-r0.2-g1,144,0.6022827266164535,5456.79205954026,1
source-01-bins512-r0.2-g1,145,0.6069112702862957,5415.176420514616,1
source-01-bins512-r0.2-g1,147,0.616275342079712,5332.894853634799,1
source-01-bins512-r0.2-g1,148,0.6210114190206655,5292.224103353492,1
source-01-bins512-r0.2-g1,149,0.6257838927201118,5251.863524184469,1
source-01-bins512-r0.2-g1,151,0.6354391513806248,5172.063435276598,1
source-01-bins512-r0.2-g1,153,0.6452433816284314,5093.475878674718,1
source-01-bins512-r0.2-g1,154,0.650202077997364,5054.6310315117835,1
source-01-bins512-r0.2-g1,155,0.6551988819554317,5016.082430406955,4
source-01-bins512-r0.2-g1,156,0.660234086359515,4977.827816071462,1
source-01-bins512-r0.2-g1,157,0.6653079863170999,4939.864946446758,1
source-01-bins512-r0.2-g1,159,0.6755730646796547,4864.80555845923,1
source-01-bins512-r0.2-g1,160,0.6807648447089535,4827.704640952792,1
source-01-bins512-r0.2-g1,161,0.6859965235756715,4790.886669612091,1
source-01-bins512-r0.2-g1,162,0.6912684079024355,4754.349486578558,1
source-01-bins512-r0.2-g1,163,0.6965808066682666,4718.090950450303,3
source-01-bins512-r0.2-g1,164,0.7019340312266908,4682.108936156608,1
source-01-bins512-r0.2-g1,167,0.7182418091945367,4575.801015934398,1
source-01-bins512-r0.2-g1,169,0.7293236068074863,4506.27344229986,1
source-01-bins512-r0.2-g1,170,0.7349284598347672,4471.906831500071,1
source-01-bins512-r0.2-g1,171,0.7405763861660851,4437.802313969363,1
source-01-bins512-r0.2-g1,175,0.7636054831754707,4303.96542797441,1
source-01-bins512-r0.2-g1,177,0.7753871997399504,4238.568293752024,1
source-01-bins512-r0.2-g1,179,0.7873506971431802,4174.164844361932,2
source-01-bins512-r0.2-g1,180,0.7934014884479232,4142.331024142816,1
source-01-bins512-r0.2-g1,181,0.7994987800930439,4110.739981137234,2
source-01-bins512-r0.2-g1,183,0.8118342965714386,4048.278834829587,1
source-01-bins512-r0.2-g1,185,0.8243601385019508,3986.7667621232804,2
source-01-bins512-r0.2-g1,188,0.8435121976787068,3896.2466805379368,3
source-01-bins512-r0.2-g1,189,0.8499945902004612,3866.532373369378,1
source-01-bins512-r0.2-g1,193,0.8764261754370847,3749.9240578476415,1
source-01-bins512-r0.2-g1,200,0.9246745432932916,3554.2576834587812,1
source-01-bins512-r0.2-g1,204,0.9534283898341599,3447.0670637053117,1
source-01-bins512-r0.2-g1,208,0.9830763711783409,3343.10913836694,2
source-01-bins512-r0.2-g1,213,1.0214361647945982,3217.55946526508,2
source-01-bins512-r0.2-g1,216,1.0451668195894486,3144.5043399769443,1
source-01-bins512-r0.2-g1,217,1.053198928187211,3120.5231150925792,1
source-01-bins512-r0.2-g1,223,1.1027045730203122,2980.428013640225,1
source-01-bins512-r0.2-g1,225,1.1197182705643036,2935.141532112904,1
source-01-bins512-r0.2-g1,237,1.2274570341727,2677.512539095943,1
source-01-bins512-r0.2-g1,238,1.236890043346714,2657.0927770639914,1
source-01-bins512-r0.2-g1,239,1.246395545210574,2636.828744155752,1
source-01-bins512-r0.2-g1,240,1.2559740968707107,2616.719252719776,1
source-01-bins512-r0.2-g1,242,1.2753525994452646,2576.959188877219,1
source-01-bins512-r0.2-g1,244,1.2950300941431172,2537.8032642349685,1
source-01-bins512-r0.2-g1,247,1.325117057158797,2480.182095946771,2
source-01-bins512-r0.2-g1,248,1.335300583757955,2461.267253362228,1
source-01-bins512-r0.2-g1,249,1.3455623707745121,2442.4966627947374,1
source-01-bins512-r0.2-g1,261,1.475031747131271,2228.109060425826,2
source-01-bins512-r0.2-g1,266,1.5325877163888393,2144.432951572138,1
source-01-bins512-r0.2-g1,284,1.7590235015217524,1868.384133216926,1
source-01-bins512-r0.2-g1,285,1.7725415998056118,1854.1351021377118,1
source-01-bins512-r0.2-g1,304,2.050064534279675,1603.1356795085965,1
source-01-bins512-r0.2-g1,309,2.1300583727448568,1542.9302981794806,1
source-01-bins512-r0.2-g1,317,2.2645914399439353,1451.2691085153472,1
source-01-bins512-r0.2-g1,319,2.299531962330985,1429.2176208185583,1
source-01-bins512-r0.2-g1,322,2.3529561517895345,1396.767040345974,1
source-01-bins512-r0.2-g1,334,2.579356482375206,1274.1672671675499,1
source-01-bins512-r0.2-g1,344,2.7845775258375376,1180.2622012509446,1
source-01-bins512-r0.2-g1,430,5.378877369866632,611.0069767737446,1
source-02-bins128-r0.2-g0.5,0,0.2,16432.658000994605,16
source-02-bins128-r0.2-g0.5,1,0.2062565324709068,15934.193990498205,23
source-02-bins128-r0.2-g0.5,2,0.21270878593461118,15450.85025876286,19
source-02-bins128-r0.2-g0.5,3,0.21936288306484647,14982.168151151536,17
source-02-bins128-r0.2-g0.5,4,0.22622513806888117,14527.702925738675,18
source-02-bins128-r0.2-g0.5,5,0.23330206267919784,14087.023331285625,13
source-02-bins128-r0.2-g0.5,6,0.24060037233260753,13659.711198017592,11
source-02-bins128-r0.2-g0.5,7,0.24812699254266365,13245.36104081391,14
source-02-bins128-r0.2-g0.5,8,0.25588906547142176,12843.579674435006,7
source-02-bins128-r0.2-g0.5,9,0.2638939567067815,12453.98584042097,9
source-02-bins128-r0.2-g0.5,10,0.2721492622518418,12076.209845307709,9
source-02-bins128-r0.2-g0.5,11,0.28066281573290164,11709.893209817345,9
source-02-bins128-r0.2-g0.5,12,0.2894426958329468,11354.688328689967,8
source-02-bins128-r0.2-g0.5,13,0.29849723395767497,11010.258140834,8
source-02-bins128-r0.2-g0.5,14,0.3078350221413353,10676.27580948209,8
source-02-bins128-r0.2-g0.5,15,0.31746492119988323,10352.42441204912,6
source-02-bins128-r0.2-g0.5,16,0.3273960691391879,10038.396639397946,7
source-02-bins128-r0.2-g0.5,17,0.3376378898262708,9733.89450422754,5
source-02-bins128-r0.2-g0.5,18,0.34820010193180334,9438.629058306835,6
source-02-bins128-r0.2-g0.5,19,0.3590927281523504,9152.320118285887,6
source-02-bins128-r0.2-g0.5,20,0.3703261047211087,8874.695999824255,3
source-02-bins128-r0.2-g0.5,21,0.381910891216169,8605.493259784205,2
source-02-bins128-r0.2-g0.5,22,0.3938580806756036,8344.456446244232,4
source-02-bins128-r0.2-g0.5,23,0.40617901002898327,8091.337856095537,8
source-02-bins128-r0.2-g0.5,24,0.4188853708552189,7845.8972999915495,4
source-02-bins128-r0.2-g0.5,25,0.43198922047693644,7607.901874427413,7
source-02-bins128-r0.2-g0.5,26,0.4455029934019148,7377.125740733117,2
source-02-bins128-r0.2-g0.5,27,0.4594395131224411,7153.349910770641,5
source-02-bins128-r0.2-g0.5,28,0.47381200428378195,6936.362039131679,4
source-02-bins128-r0.2-g0.5,30,0.5039198809622402,6521.932799958707,5
source-02-bins128-r0.2-g0.5,31,0.5196838364521189,6324.098172142642,2
source-02-bins128-r0.2-g0.5,32,0.5359409304389594,6132.264608913347,3
source-02-bins128-r0.2-g0.5,33,0.5527065896078561,5946.250075525075,2
source-02-bins128-r0.2-g0.5,34,0.5699967232316848,5765.878059027112,4
source-02-bins128-r0.2-g0.5,35,0.5878277382677324,5590.977400767086,2
source-02-bins128-r0.2-g0.5,36,0.6062165549265912,5421.382133975042,3
source-02-bins128-r0.2-g0.5,38,0.6447379370594888,5097.468926969127,3
source-02-bins128-r0.2-g0.5,39,0.6649070562516796,4942.843618965759,2
source-02-bins128-r0.2-g0.5,40,0.6857071191895479,4792.908675183866,1
source-02-bins128-r0.2-g0.5,42,0.7292796441476423,4506.545090861695,1
source-02-bins128-r0.2-g0.5,44,0.7756209385673511,4237.290971372525,4
source-02-bins128-r0.2-g0.5,45,0.7998844265036604,4108.758079669753,1
source-02-bins128-r0.2-g0.5,46,0.8249069409406247,3984.124071560552,2
source-02-bins128-r0.2-g0.5,47,0.8507122262479817,3863.2706793153584,2
source-02-bins128-r0.2-g0.5,49,0.904769824124692,3632.450500190404,1
source-02-bins128-r0.2-g0.5,50,0.9330734330413559,3522.264683377021,1
source-02-bins128-r0.2-g0.5,51,0.9622624541991747,3415.42121471847,2
source-02-bins128-r0.2-g0.5,55,1.0884397827985437,3019.488677406434,1
source-02-bins128-r0.2-g0.5,59,1.2311622007163179,2669.454600122342,2
source-02-bins128-r0.2-g0.5,60,1.2696762321449915,2588.480052624639,2
source-02-bins128-r0.2-g0.5,61,1.30939508501476,2509.9617661707307,1
source-02-bins128-r0.2-g0.5,66,1.5274228709797355,2151.684162023081,1
source-02-bins128-r0.2-g0.5,70,1.7277072493847883,1902.250280751677,1
source-02-bins128-r0.2-g0.5,71,1.781754531914773,1844.547911247365,1
source-02-bins128-r0.2-g0.5,75,2.0153883249363713,1630.7187848290637,1
source-02-bins128-r0.2-g0.5,79,2.279657510355709,1441.6777894351785,2
source-02-bins128-r0.2-g0.5,80,2.350971266536144,1397.9463071197827,1
source-02-bins128-r0.2-g0.5,85,2.742432228912044,1198.4002979365248,1
source-02-bins128-r0.2-g0.75,0,0.2,16432.658000994605,16
source-02-bins128-r0.2-g0.75,1,0.2062565324709068,15934.193990498205,23
source-02-bins128-r0.2-g0.75,2,0.21270878593461118,15450.85025876286,19
source-02-bins128-r0.2-g0.75,3,0.21936288306484647,14982.168151151536,17
source-02-bins128-r0.2-g0.75,4,0.22622513806888117,14527.702925738675,18
source-02-bins128-r0.2-g0.75,5,0.23330206267919784,14087.023331285625,13
source-02-bins128-r0.2-g0.75,6,0.24060037233260753,13659.711198017592,11
source-02-bins128-r0.2-g0.75,7,0.24812699254266365,13245.36104081391,14
source-02-bins128-r0.2-g0.75,8,0.25588906547142176,12843.579674435006,7
source-02-bins128-r0.2-g0.75,9,0.2638939567067815,12453.98584042097,9
source-02-bins128-r0.2-g0.75,10,0.2721492622518418,12076.209845307709,9
source-02-bins128-r0.2-g0.75,11,0.28066281573290164,11709.893209817345,9
source-02-bins128-r0.2-g0.75,12,0.2894426958329468,11354.688328689967,8
source-02-bins128-r0.2-g0.75,13,0.29849723395767497,11010.258140834,8
source-02-bins128-r0.2-g0.75,14,0.3078350221413353,10676.27580948209,8
source-02-bins128-r0.2-g0.75,15,0.31746492119988323,10352.42441204912,6
source-02-bins128-r0.2-g0.75,16,0.3273960691391879,10038.396639397946,7
source-02-bins128-r0.2-g0.75,17,0.3376378898262708,9733.89450422754,5
source-02-bins128-r0.2-g0.75,18,0.34820010193180334,9438.629058306835,6
source-02-bins128-r0.2-g0.75,19,0.3590927281523504,9152.320118285887,6
source-02-bins128-r0.2-g0.75,20,0.3703261047211087,8874.695999824255,3
source-02-bins128-r0.2-g0.75,21,0.381910891216169,8605.493259784205,2
source-02-bins128-r0.2-g0.75,22,0.3938580806756036,8344.456446244232,4
source-02-bins128-r0.2-g0.75,23,0.40617901002898327,8091.337856095537,8
source-02-bins128-r0.2-g0.75,24,0.4188853708552189,7845.8972999915495,4
source-02-bins128-r0.2-g0.75,25,0.43198922047693644,7607.901874427413,7
source-02-bins128-r0.2-g0.75,26,0.4455029934019148,7377.125740733117,2
source-02-bins128-r0.2-g0.75,27,0.4594395131224411,7153.349910770641,5
source-02-bins128-r0.2-g0.75,28,0.47381200428378195,6936.362039131679,4
source-02-bins128-r0.2-g0.75,30,0.5039198809622402,6521.932799958707,5
source-02-bins128-r0.2-g0.75,31,0.5196838364521189,6324.098172142642,2
source-02-bins128-r0.2-g0.75,32,0.5359409304389594,6132.264608913347,3
source-02-bins128-r0.2-g0.75,33,0.5527065896078561,5946.250075525075,2
source-02-bins128-r0.2-g0.75,34,0.5699967232316848,5765.878059027112,4
source-02-bins128-r0.2-g0.75,35,0.5878277382677324,5590.977400767086,2
source-02-bins128-r0.2-g0.75,36,0.6062165549265912,5421.382133975042,3
source-02-bins128-r0.2-g0.75,38,0.6447379370594888,5097.468926969127,3
source-02-bins128-r0.2-g0.75,39,0.6649070562516796,4942.843618965759,2
source-02-bins128-r0.2-g0.75,40,0.6857071191895479,4792.908675183866,1
source-02-bins128-r0.2-g0.75,42,0.7292796441476423,4506.545090861695,1
source-02-bins128-r0.2-g0.75,44,0.7756209385673511,4237.290971372525,4
source-02-bins128-r0.2-g0.75,45,0.7998844265036604,4108.758079669753,1
source-02-bins128-r0.2-g0.75,46,0.8249069409406247,3984.124071560552,2
source-02-bins128-r0.2-g0.75,47,0.8507122262479817,3863.2706793153584,2
source-02-bins128-r0.2-g0.75,49,0.904769824124692,3632.450500190404,1
source-02-bins128-r0.2-g0.75,50,0.9330734330413559,3522.264683377021,1
source-02-bins128-r0.2-g0.75,51,0.9622624541991747,3415.42121471847,2
source-02-bins128-r0.2-g0.75,55,1.0884397827985437,3019.488677406434,1
source-02-bins128-r0.2-g0.75,59,1.2311622007163179,2669.454600122342,2
source-02-bins128-r0.2-g0.75,60,1.2696762321449915,2588.480052624639,2
source-02-bins128-r0.2-g0.75,61,1.30939508501476,2509.9617661707307,1
source-02-bins128-r0.2-g0.75,66,1.5274228709797355,2151.684162023081,1
source-02-bins128-r0.2-g0.75,70,1.7277072493847883,1902.250280751677,1
source-02-bins128-r0.2-g0.75,71,1.781754531914773,1844.547911247365,1
source-02-bins128-r0.2-g0.75,75,2.0153883249363713,1630.7187848290637,1
source-02-bins128-r0.2-g0.75,79,2.279657510355709,1441.6777894351785,2
source-02-bins128-r0.2-g0.75,80,2.350971266536144,1397.9463071197827,1
source-02-bins128-r0.2-g0.75,85,2.742432228912044,1198.4002979365248,1
source-02-bins128-r0.2-g1,0,0.2,16432.658000994605,16
source-02-bins128-r0.2-g1,1,0.2062565324709068,15934.193990498205,23
source-02-bins128-r0.2-g1,2,0.21270878593461118,15450.85025876286,19
source-02-bins128-r0.2-g1,3,0.21936288306484647,14982.168151151536,17
source-02-bins128-r0.2-g1,4,0.22622513806888117,14527.702925738675,18
source-02-bins128-r0.2-g1,5,0.23330206267919784,14087.023331285625,13
source-02-bins128-r0.2-g1,6,0.24060037233260753,13659.711198017592,11
source-02-bins128-r0.2-g1,7,0.24812699254266365,13245.36104081391,14
source-02-bins128-r0.2-g1,8,0.25588906547142176,12843.579674435006,7
source-02-bins128-r0.2-g1,9,0.2638939567067815,12453.98584042097,9
source-02-bins128-r0.2-g1,10,0.2721492622518418,12076.209845307709,9
source-02-bins128-r0.2-g1,11,0.28066281573290164,11709.893209817345,9
source-02-bins128-r0.2-g1,12,0.2894426958329468,11354.688328689967,8
source-02-bins128-r0.2-g1,13,0.29849723395767497,11010.258140834,8
source-02-bins128-r0.2-g1,14,0.3078350221413353,10676.27580948209,8
source-02-bins128-r0.2-g1,15,0.31746492119988323,10352.42441204912,6
source-02-bins128-r0.2-g1,16,0.3273960691391879,10038.396639397946,7
source-02-bins128-r0.2-g1,17,0.3376378898262708,9733.89450422754,5
source-02-bins128-r0.2-g1,18,0.34820010193180334,9438.629058306835,6
source-02-bins128-r0.2-g1,19,0.3590927281523504,9152.320118285887,6
source-02-bins128-r0.2-g1,20,0.3703261047211087,8874.695999824255,3
source-02-bins128-r0.2-g1,21,0.381910891216169,8605.493259784205,2
source-02-bins128-r0.2-g1,22,0.3938580806756036,8344.456446244232,4
source-02-bins128-r0.2-g1,23,0.40617901002898327,8091.337856095537,8
source-02-bins128-r0.2-g1,24,0.4188853708552189,7845.8972999915495,4
source-02-bins128-r0.2-g1,25,0.43198922047693644,7607.901874427413,7
source-02-bins128-r0.2-g1,26,0.4455029934019148,7377.125740733117,2
source-02-bins128-r0.2-g1,27,0.4594395131224411,7153.349910770641,5
source-02-bins128-r0.2-g1,28,0.47381200428378195,6936.362039131679,4
source-02-bins128-r0.2-g1,30,0.5039198809622402,6521.932799958707,5
source-02-bins128-r0.2-g1,31,0.5196838364521189,6324.098172142642,2
source-02-bins128-r0.2-g1,32,0.5359409304389594,6132.264608913347,3
source-02-bins128-r0.2-g1,33,0.5527065896078561,5946.250075525075,2
source-02-bins128-r0.2-g1,34,0.5699967232316848,5765.878059027112,4
source-02-bins128-r0.2-g1,35,0.5878277382677324,5590.977400767086,2
source-02-bins128-r0.2-g1,36,0.6062165549265912,5421.382133975042,3
source-02-bins128-r0.2-g1,38,0.6447379370594888,5097.468926969127,3
source-02-bins128-r0.2-g1,39,0.6649070562516796,4942.843618965759,2
source-02-bins128-r0.2-g1,40,0.6857071191895479,4792.908675183866,1
source-02-bins128-r0.2-g1,42,0.7292796441476423,4506.545090861695,1
source-02-bins128-r0.2-g1,44,0.7756209385673511,4237.290971372525,4
source-02-bins128-r0.2-g1,45,0.7998844265036604,4108.758079669753,1
source-02-bins128-r0.2-g1,46,0.8249069409406247,3984.124071560552,2
source-02-bins128-r0.2-g1,47,0.8507122262479817,3863.2706793153584,2
source-02-bins128-r0.2-g1,49,0.904769824124692,3632.450500190404,1
source-02-bins128-r0.2-g1,50,0.9330734330413559,3522.264683377021,1
source-02-bins128-r0.2-g1,51,0.9622624541991747,3415.42121471847,2
source-02-bins128-r0.2-g1,55,1.0884397827985437,3019.488677406434,1
source-02-bins128-r0.2-g1,59,1.2311622007163179,2669.454600122342,2
source-02-bins128-r0.2-g1,60,1.2696762321449915,2588.480052624639,2
source-02-bins128-r0.2-g1,61,1.30939508501476,2509.9617661707307,1
source-02-bins128-r0.2-g1,66,1.5274228709797355,2151.684162023081,1
source-02-bins128-r0.2-g1,70,1.7277072493847883,1902.250280751677,1
source-02-bins128-r0.2-g1,71,1.781754531914773,1844.547911247365,1
source-02-bins128-r0.2-g1,75,2.0153883249363713,1630.7187848290637,1
source-02-bins128-r0.2-g1,79,2.279657510355709,1441.6777894351785,2
source-02-bins128-r0.2-g1,80,2.350971266536144,1397.9463071197827,1
source-02-bins128-r0.2-g1,85,2.742432228912044,1198.4002979365248,1
source-02-bins128-r0.3-g1,0,0.3,10955.105333996406,12
source-02-bins128-r0.3-g1,1,0.30839861993526435,10656.764939119357,26
source-02-bins128-r0.3-g1,2,0.3170323625932522,10366.549248524172,13
source-02-bins128-r0.3-g1,3,0.32590781032858435,10084.23700213075,16
source-02-bins128-r0.3-g1,4,0.33503172977153106,9809.612965434984,17
source-02-bins128-r0.3-g1,5,0.34441107698688206,9542.46776541423,14
source-02-bins128-r0.3-g1,6,0.3540530027772418,9282.597730901596,13
source-02-bins128-r0.3-g1,7,0.36396485813479224,9029.804737307286,6
source-02-bins128-r0.3-g1,8,0.37415419984568077,8783.896055568654,15
source-02-bins128-r0.3-g1,9,0.38462879625130353,8544.684205213829,6
source-02-bins128-r0.3-g1,10,0.39539663317088003,8311.986811426814,5
source-02-bins128-r0.3-g1,11,0.4064659199898313,8085.626466005174,11
source-02-bins128-r0.3-g1,12,0.41784509591860525,7865.430592104222,7
source-02-bins128-r0.3-g1,13,0.4295428364267201,7651.231312664675,8
source-02-bins128-r0.3-g1,14,0.44156805985693165,7442.865322423366,11
source-02-bins128-r0.3-g1,15,0.45392993422456646,7240.1737634095325,5
source-02-bins128-r0.3-g1,16,0.46663788420720537,7043.002103831701,6
source-02-bins128-r0.3-g1,17,0.4797015983300462,6851.200020262822,4
source-02-bins128-r0.3-g1,18,0.49313103635242256,6664.621283033904,9
source-02-bins128-r0.3-g1,19,0.5069364368611128,6483.12364474867,3
source-02-bins128-r0.3-g1,20,0.5211283250762249,6306.56873183434,6
source-02-bins128-r0.3-g1,21,0.535717520875612,6134.8219390457825,6
source-02-bins128-r0.3-g1,22,0.5507151470439331,5967.752326842645,1
source-02-bins128-r0.3-g1,23,0.5661326377526507,5805.232521561214,3
source-02-bins128-r0.3-g1,24,0.5819817472774279,5647.138618304892,3
source-02-bins128-r0.3-g1,25,0.5982745589595755,5493.350086479254,4
source-02-bins128-r0.3-g1,26,0.6150234944183732,5343.749677899686,7
source-02-bins128-r0.3-g1,27,0.6322413230213004,5198.223337401495,5
source-02-bins128-r0.3-g1,28,0.6499411716193825,5056.660115884419,5
source-02-bins128-r0.3-g1,29,0.6681365345550879,4918.952085725146,2
source-02-bins128-r0.3-g1,30,0.6868412839503973,4784.994258493451,5
source-02-bins128-r0.3-g1,31,0.7060696802828921,4654.68450490913,3
source-02-bins128-r0.3-g1,32,0.7258363832579241,4527.923476978779,1
source-02-bins128-r0.3-g1,33,0.7461564629851581,4404.614532252995,3
source-02-bins128-r0.3-g1,34,0.7670454114680034,4284.6636601463015,4
source-02-bins128-r0.3-g1,35,0.7885191544146977,4167.979410263596,1
source-02-bins128-r0.3-g1,36,0.8105940633800478,4054.47282267848,2
source-02-bins128-r0.3-g1,37,0.8332869682470833,3944.057360110318,2
source-02-bins128-r0.3-g1,38,0.8566151700581367,3836.6488419483294,4
source-02-bins128-r0.3-g1,39,0.8805964542051371,3732.1653800723975,2
source-02-bins128-r0.3-g1,40,0.9052491039891717,3630.527316421662,2
source-02-bins128-r0.3-g1,41,0.9305919145596506,3531.6571622633155,1
source-02-bins128-r0.3-g1,42,0.9566442072437059,3435.4795391152925,3
source-02-bins128-r0.3-g1,43,0.9834258442767466,3341.921121277809,1
source-02-bins128-r0.3-g1,44,1.010957243945403,3250.9105799299373,1
source-02-bins128-r0.3-g1,45,1.039259396154402,3162.378528748605,1
source-02-bins128-r0.3-g1,47,1.098262872366889,2992.481748122878,1
source-02-bins128-r0.3-g1,49,1.1606162439164207,2831.7125642742544,3
source-02-bins128-r0.3-g1,50,1.1931081596609145,2754.596533086292,2
source-02-bins128-r0.3-g1,51,1.2265096995764304,2679.58060285533,2
source-02-bins128-r0.3-g1,52,1.2608463289552896,2606.6075815298373,1
source-02-bins128-r0.3-g1,53,1.2961442260008524,2535.6218345694806,1
source-02-bins128-r0.3-g1,55,1.3697322207688416,2399.3971597997197,1
source-02-bins128-r0.3-g1,56,1.4080784218865854,2334.0543744683823,1
source-02-bins128-r0.3-g1,57,1.4474981402348261,2270.491069277471,2
source-02-bins128-r0.3-g1,61,1.6165260192131605,2033.083019473223,1
source-02-bins128-r0.3-g1,65,1.8052916947922417,1820.4989308263257,1
source-02-bins128-r0.3-g1,66,1.8558315575150726,1770.921281562607,2
source-02-bins128-r0.3-g1,67,1.9077863038998686,1722.6937804724992,1
source-02-bins128-r0.3-g1,68,1.9611955441803954,1675.7796589693955,1
source-02-bins128-r0.3-g1,73,2.251524898510147,1459.6914306271483,1
source-02-bins128-r0.3-g1,78,2.5848337171955333,1271.4673204451656,2
source-02-bins128-r0.3-g1,83,2.967484547904398,1107.5143095588587,1
source-02-bins128-r0.3-g1,87,3.314004937182335,991.709928770724,2
source-02-bins128-r0.3-g1,88,3.406781830285616,964.7026912561017,1
source-02-bins128-r0.3-g1,93,3.911111330760035,840.3063278590587,1
source-02-bins128-r0.4-g1,0,0.4,8216.329000497302,10
source-02-bins128-r0.4-g1,1,0.41026776259877934,8010.699108750056,24
source-02-bins128-r0.4-g1,2,0.42079909256952086,7810.2155119451645,10
source-02-bins128-r0.4-g1,3,0.4316007555302348,7614.749413868185,19
source-02-bins128-r0.4-g1,4,0.4426796907683304,7424.1752416847985,14
source-02-bins128-r0.4-g1,5,0.45404301569860595,7238.370565269355,14
source-02-bins128-r0.4-g1,6,0.4656980304356737,7057.216018552362,7
source-02-bins128-r0.4-g1,7,0.4776522224837552,6880.595222836412,18
source-02-bins128-r0.4-g1,8,0.48991327154686154,6708.394712031302,7
source-02-bins128-r0.4-g1,9,0.5024890544624476,6540.503859760258,9
source-02-bins128-r0.4-g1,10,0.5153876502617114,6376.814808290489,7
source-02-bins128-r0.4-g1,11,0.5286173453597862,6217.222399242405,5
source-02-bins128-r0.4-g1,12,0.5421866388791643,6061.624106032945,10
source-02-bins128-r0.4-g1,13,0.5561042481097677,5909.9199680096735,7
source-02-bins128-r0.4-g1,14,0.5703791141091771,5762.012526233283,7
source-02-bins128-r0.4-g1,15,0.5850204074466147,5617.806760867277,9
source-02-bins128-r0.4-g1,16,0.6000375340943722,5477.210030134589,4
source-02-bins128-r0.4-g1,17,0.615440141470467,5340.132010801949,8
source-02-bins128-r0.4-g1,18,0.6312381246364117,5206.484640153726,4
source-02-bins128-r0.4-g1,19,0.6474416326540751,5076.18205941801,4
source-02-bins128-r0.4-g1,20,0.6640610751057203,4949.140558608553,8
source-02-bins128-r0.4-g1,21,0.6811071287814096,4825.278522747161,3
source-02-bins128-r0.4-g1,22,0.6985907445380688,4704.5163794319715,5
source-02-bins128-r0.4-g1,23,0.7165231543346223,4586.776547717931,6
source-02-bins128-r0.4-g1,24,0.7349158784477132,4471.983388276658,1
source-02-bins128-r0.4-g1,25,0.7537807328726494,4360.063154803637,3
source-02-bins128-r0.4-g1,26,0.7731298369143249,4250.943946641554,3
source-02-bins128-r0.4-g1,27,0.7929756209729981,4144.55566258932,3
source-02-bins128-r0.4-g1,28,0.8133308345299238,4040.829955867121,7
source-02-bins128-r0.4-g1,29,0.8342085543379746,3939.7001902085535,4
source-02-bins128-r0.4-g1,30,0.8556221928225076,3841.101397051639,4
source-02-bins128-r0.4-g1,31,0.8775855066978787,3744.970233801225,4
source-02-bins128-r0.4-g1,32,0.900112605805137,3651.244943135941,3
source-02-bins128-r0.4-g1,33,0.9232179621765764,3559.8653133335947,3
source-02-bins128-r0.4-g1,34,0.9469164193329711,3470.7726395894865,3
source-02-bins128-r0.4-g1,35,0.9712232018194639,3383.909686302819,1
source-02-bins128-r0.4-g1,36,0.9961539249862352,3299.2206503069638,3
source-02-bins128-r0.4-g1,37,1.021724605020237,3216.6511250199615,4
source-02-bins128-r0.4-g1,39,1.0748519666211698,3057.659754328993,3
source-02-bins128-r0.4-g1,40,1.1024427786764128,2981.1357684656564,1
source-02-bins128-r0.4-g1,41,1.1307418305018826,2906.5269467745666,4
source-02-bins128-r0.4-g1,42,1.159767302192139,2833.785358482576,2
source-02-bins128-r0.4-g1,43,1.1895378405139778,2762.8642723789853,2
source-02-bins128-r0.4-g1,44,1.2200725708856333,2693.718126794109,2
source-02-bins128-r0.4-g1,46,1.2835135767440922,2560.5740833189425,3
source-02-bins128-r0.4-g1,47,1.3164606084898882,2496.490650008055,1
source-02-bins128-r0.4-g1,48,1.3502533709864348,2434.011031424367,1
source-02-bins128-r0.4-g1,49,1.3849135736401603,2373.0950889306937,1
source-02-bins128-r0.4-g1,51,1.4569259376874792,2255.7986752679426,1
source-02-bins128-r0.4-g1,53,1.5326827812997237,2144.299942752618,2
source-02-bins128-r0.4-g1,54,1.5720258386437795,2090.6345935345967,3
source-02-bins128-r0.4-g1,55,1.6123788089196325,2038.3123258739972,1
source-02-bins128-r0.4-g1,56,1.653767615992856,1987.2995264971487,2
source-02-bins128-r0.4-g1,57,1.6962188491792654,1937.5634233690698,1
source-02-bins128-r0.4-g1,60,1.8302233421259908,1795.6997512561936,1
source-02-bins128-r0.4-g1,61,1.8772040890752262,1750.75881164204,1
source-02-bins128-r0.4-g1,62,1.9253908039154315,1706.9426079710697,2
source-02-bins128-r0.4-g1,66,2.1308285142136754,1542.3726396920902,1
source-02-bins128-r0.4-g1,70,2.3581862693811266,1393.6692121701758,1
source-02-bins128-r0.4-g1,71,2.4187195113253934,1358.7898823365385,1
source-02-bins128-r0.4-g1,72,2.4808066056637044,1324.7834767513675,2
source-02-bins128-r0.4-g1,73,2.5444874388648,1291.628148757998,1
source-02-bins128-r0.4-g1,79,2.9624069718691235,1109.4125930055086,1
source-02-bins128-r0.4-g1,84,3.3626504880850803,977.3634256203932,2
source-02-bins128-r0.4-g1,89,3.8169699208763483,861.0315691050449,1
source-02-bins128-r0.4-g1,93,4.224237660613901,778.0176837212553,2
source-02-bins128-r0.4-g1,94,4.3326713342639165,758.5462516411425,1
source-02-bins128-r0.4-g1,100,5.0442912672295215,651.53485912878,1
source-02-bins128-r0.55-g1,0,0.55,5975.512000361675,7
source-02-bins128-r0.55-g1,1,0.5627054137792902,5840.589977845845,23
source-02-bins128-r0.55-g1,2,0.5757043321754949,5708.714380834415,13
source-02-bins128-r0.55-g1,3,0.5890035353660759,5579.816423608197,14
source-02-bins128-r0.55-g1,4,0.6026099601556955,5453.82887357153,12
source-02-bins128-r0.55-g1,5,0.6165307035944221,5330.686016184086,15
source-02-bins128-r0.55-g1,6,0.6307730266795203,5210.32362068444,13
source-02-bins128-r0.55-g1,7,0.6453443581427539,5092.678906587607,8
source-02-bins128-r0.55-g1,8,0.6602522983251796,4977.690510939014,11
source-02-bins128-r0.55-g1,9,0.67550462314145,4865.2984563078635,7
source-02-bins128-r0.55-g1,10,0.6911092881356966,4755.444119503171,9
source-02-bins128-r0.55-g1,11,0.7070744326311051,4648.070200996181,6
source-02-bins128-r0.55-g1,12,0.7234083839753506,4543.120695033176,4
source-02-bins128-r0.55-g1,13,0.740119661884104,4440.540860423137,7
source-02-bins128-r0.55-g1,14,0.7572169828848784,4340.277191984983,9
source-02-bins128-r0.55-g1,15,0.7747092648635294,4242.277392639505,6
source-02-bins128-r0.55-g1,16,0.7926056317157855,4146.490346131447,5
source-02-bins128-r0.55-g1,17,0.8109154181062304,4052.866090367496,11
source-02-bins128-r0.55-g1,18,0.8296481743372227,3961.3557913562795,3
source-02-bins128-r0.55-g1,19,0.84881367133029,3871.911717736775,6
source-02-bins128-r0.55-g1,20,0.8684219057225986,3784.487215881843,4
source-02-bins128-r0.55-g1,21,0.8884831050811539,3699.0366855639086,4
source-02-bins128-r0.55-g1,22,0.9090077332374531,3615.515556170088,7
source-02-bins128-r0.55-g1,23,0.9300064957453738,3533.880263454353,3
source-02-bins128-r0.55-g1,24,0.9514903454651422,3454.0882268146174,4
source-02-bins128-r0.55-g1,25,0.9734704882762957,3376.0978270828896,5
source-02-bins128-r0.55-g1,26,0.9959583889226191,3299.868384816896,3
source-02-bins128-r0.55-g1,27,1.0189657769921048,3225.360139081871,3
source-02-bins128-r0.55-g1,28,1.0425046530350512,3152.5342267114283,1
source-02-bins128-r0.55-g1,29,1.0665872948234978,3081.352662036713,3
source-02-bins128-r0.55-g1,30,1.0912262637552546,3011.778317073241,3
source-02-bins128-r0.55-g1,31,1.1164344114058717,2943.774902155113,6
source-02-bins128-r0.55-g1,32,1.1422248862319622,2877.306947006489,5
source-02-bins128-r0.55-g1,33,1.1686111404293797,2812.3397822404463,3
source-02-bins128-r0.55-g1,34,1.1956069369498226,2748.8395212755872,5
source-02-bins128-r0.55-g1,35,1.2232263566795267,2686.7730426609505,1
source-02-bins128-r0.55-g1,36,1.2514838057837938,2626.107972800011,4
source-02-bins128-r0.55-g1,37,1.2803940232211823,2566.8126690647537,4
source-02-bins128-r0.55-g1,38,1.3099720884312829,2508.8562032910236,1
source-02-bins128-r0.55-g1,40,1.371193829707036,2396.839548863131,4
source-02-bins128-r0.55-g1,41,1.4028694387580132,2342.720932825046,3
source-02-bins128-r0.55-g1,43,1.4684327515810787,2238.1219682414976,3
source-02-bins128-r0.55-g1,44,1.5023546528827136,2187.587061345824,1
source-02-bins128-r0.55-g1,45,1.537060175624744,2138.1931900376626,2
source-02-bins128-r0.55-g1,46,1.5725674220519816,2089.9145906955487,3
source-02-bins128-r0.55-g1,47,1.6088949125847125,2042.7260814188676,2
source-02-bins128-r0.55-g1,48,1.6460615954788644,1996.6030488930876,1
source-02-bins128-r0.55-g1,49,1.6840868567093328,1951.5214355515657,2
source-02-bins128-r0.55-g1,51,1.7627929075770448,1864.3889398875856,3
source-02-bins128-r0.55-g1,52,1.80351474993698,1822.2926096466704,1
source-02-bins128-r0.55-g1,53,1.84517729749153,1781.146779047669,1
source-02-bins128-r0.55-g1,54,1.8878022812384065,1740.9299866101137,1
source-02-bins128-r0.55-g1,56,1.9760290029086045,1663.200082266672,1
source-02-bins128-r0.55-g1,58,2.0683790135980127,1588.940701192811,1
source-02-bins128-r0.55-g1,59,2.1161601249074,1553.06375992825,3
source-02-bins128-r0.55-g1,60,2.1650450158350045,1517.9968897466026,1
source-02-bins128-r0.55-g1,61,2.215059184520411,1483.721799925855,1
source-02-bins128-r0.55-g1,62,2.266228718129409,1450.2206127330744,2
source-02-bins128-r0.55-g1,63,2.3185803064609445,1417.4758540994626,1
source-02-bins128-r0.55-g1,66,2.48300363188301,1323.6112738613062,1
source-02-bins128-r0.55-g1,67,2.5403628838076533,1293.7252473445305,1
source-02-bins128-r0.55-g1,68,2.599047177604613,1264.5140221071022,2
source-02-bins128-r0.55-g1,73,2.9134407001521243,1128.0585185850243,1
source-02-bins128-r0.55-g1,77,3.1921243349720965,1029.575058901222,1
source-02-bins128-r0.55-g1,78,3.265864808628027,1006.328122191799,1
source-02-bins128-r0.55-g1,79,3.3413087427022843,983.6060817118439,2
source-02-bins128-r0.55-g1,80,3.4184954884120877,961.3970857470798,1
source-02-bins128-r0.55-g1,86,3.9205359016654144,838.2863166239154,1
source-02-bins128-r0.55-g1,91,4.394783196219944,747.8256499719358,2
source-02-bins128-r0.55-g1,97,5.040201269599909,652.0635634179358,1
source-02-bins128-r0.55-g1,100,5.397629757728966,608.8842228374177,2
source-02-bins128-r0.55-g1,101,5.522319065909612,595.1361304867991,1
source-02-bins128-r0.55-g1,106,6.190325925778444,530.9141456531038,1
source-02-bins512-r0.2-g1,0,0.2,16432.658000994605,4
source-02-bins512-r0.2-g1,1,0.2015370003041079,16307.336098283351,1
source-02-bins512-r0.2-g1,2,0.20308581245788995,16182.96994961372,2
source-02-bins512-r0.2-g1,3,0.20464652723542887,16059.552266030096,9
source-02-bins512-r0.2-g1,4,0.20621923610840623,15937.075814165286,9
source-02-bins512-r0.2-g1,5,0.20780403125146388,15815.533415816588,5
source-02-bins512-r0.2-g1,6,0.20940100554760557,15694.917947525117,7
source-02-bins512-r0.2-g1,7,0.21101025259364145,15575.222340158258,1
source-02-bins512-r0.2-g1,8,0.212631866705673,15456.439578495394,5
source-02-bins512-r0.2-g1,9,0.21426594292462128,15338.562700816725,1
source-02-bins512-r0.2-g1,10,0.2159125770217968,15221.584798495269,7
source-02-bins512-r0.2-g1,11,0.2175718655045129,15105.499015591937,7
source-02-bins512-r0.2-g1,12,0.21924390562174173,14990.29854845373,3
source-02-bins512-r0.2-g1,13,0.2209287953698138,14875.976645314975,4
source-02-bins512-r0.2-g1,14,0.22262663349816184,14762.526605901612,5
source-02-bins512-r0.2-g1,15,0.22433751951510778,14649.941781038518,5
source-02-bins512-r0.2-g1,16,0.2260615536936954,14538.215572259773,6
source-02-bins512-r0.2-g1,17,0.22779883707756698,14427.341431421952,3
source-02-bins512-r0.2-g1,18,0.22954947148688523,14317.31286032035,2
source-02-bins512-r0.2-g1,19,0.231313559524301,14208.123410308117,7
source-02-bins512-r0.2-g1,20,0.23309120458096666,14099.766681918323,4
source-02-bins512-r0.2-g1,21,0.2348825108425958,13992.236324488875,1
source-02-bins512-r0.2-g1,23,0.23850652773308859,13779.629561656533,8
source-02-bins512-r0.2-g1,24,0.24033945076137592,13674.54069561803,4
source-02-bins512-r0.2-g1,25,0.24218645980592274,13570.253278538357,5
source-02-bins512-r0.2-g1,26,0.24404766311778534,13466.76119825304,1
source-02-bins512-r0.2-g1,27,0.24592316977992965,13364.058389211372,1
source-02-bins512-r0.2-g1,29,0.24971753368488306,13160.996553594727,6
source-02-bins512-r0.2-g1,30,0.25163661331095677,13060.625625801247,2
source-02-bins512-r0.2-g1,31,0.2535704410668749,12961.020166116898,5
source-02-bins512-r0.2-g1,32,0.25551913029203777,12862.174336781283,2
source-02-bins512-r0.2-g1,33,0.25748279519685896,12764.082344555089,2
source-02-bins512-r0.2-g1,34,0.25946155086945955,12666.73844038049,2
source-02-bins512-r0.2-g1,35,0.2614555132824129,12570.136919044246,2
source-02-bins512-r0.2-g1,36,0.2634647992995417,12474.27211884331,2
source-02-bins512-r0.2-g1,37,0.2654895266827673,12379.13842125301,2
source-02-bins512-r0.2-g1,39,0.2695857811271522,12191.04207372422,3
source-02-bins512-r0.2-g1,40,0.27165754826503025,12098.06839967711,3
source-02-bins512-r0.2-g1,41,0.27374523693651304,12005.803779377295,1
source-02-bins512-r0.2-g1,42,0.27584896949861054,11914.24280530247,3
source-02-bins512-r0.2-g1,43,0.27796886924864667,11823.380111170209,3
source-02-bins512-r0.2-g1,44,0.28010506043148514,11733.210371623474,3
source-02-bins512-r0.2-g1,45,0.2822576682468119,11643.72830191848,2
source-02-bins512-r0.2-g1,46,0.28442681885647264,11554.92865761498,1
source-02-bins512-r0.2-g1,47,0.2866126393918668,11466.806234268895,3
source-02-bins512-r0.2-g1,48,0.2888152579613992,11379.35586712726,3
source-02-bins512-r0.2-g1,49,0.2910348036579875,11292.572430825565,1
source-02-bins512-r0.2-g1,50,0.2932714065666291,11206.450839087327,2
source-02-bins512-r0.2-g1,51,0.29552519777202446,11120.986044426012,2
source-02-bins512-r0.2-g1,52,0.2977963093662601,11036.173037849207,5
source-02-bins512-r0.2-g1,53,0.30008487445655097,10952.006848565023,3
source-02-bins512-r0.2-g1,54,0.3023910271730404,10868.482543690805,1
source-02-bins512-r0.2-g1,56,0.30705663716706394,10703.340043455171,2
source-02-bins512-r0.2-g1,57,0.30941636789058463,10621.712169283495,3
source-02-bins512-r0.2-g1,58,0.3117942331483035,10540.706821333984,2
source-02-bins512-r0.2-g1,59,0.3141903723041437,10460.31925197721,1
source-02-bins512-r0.2-g1,60,0.3166049257930399,10380.544749791037,1
source-02-bins512-r0.2-g1,61,0.3190380351291698,10301.37863928448,2
source-02-bins512-r0.2-g1,62,0.32148984291424737,10222.816280623692,1
source-02-bins512-r0.2-g1,63,0.3239604928458814,10144.85306936001,1
source-02-bins512-r0.2-g1,64,0.3264501297259967,10067.484436160112,1
source-02-bins512-r0.2-g1,65,0.32895889946932133,9990.705846538203,2
source-02-bins512-r0.2-g1,66,0.33148694911193805,9914.512800590259,2
source-02-bins512-r0.2-g1,67,0.33403442681990225,9838.900832730289,3
source-02-bins512-r0.2-g1,68,0.33660148189792577,9763.865511428618,2
source-02-bins512-r0.2-g1,69,0.3391882647981272,9689.40243895215,2
source-02-bins512-r0.2-g1,71,0.3444216216635479,9542.175616980881,1
source-02-bins512-r0.2-g1,72,0.34706850234973885,9469.403238692927,1
source-02-bins512-r0.2-g1,73,0.349735724318028,9397.185851138136,2
source-02-bins512-r0.2-g1,74,0.35242344389119906,9325.51922173925,1
source-02-bins512-r0.2-g1,75,0.35513181859337667,9254.399150198298,2
source-02-bins512-r0.2-g1,76,0.3578610071592587,9183.821468250431,2
source-02-bins512-r0.2-g1,77,0.36061116954341943,9113.782039419624,1
source-02-bins512-r0.2-g1,78,0.3633824669296841,9044.276758776248,2
source-02-bins512-r0.2-g1,79,0.3661750617405762,8975.301552696475,1
source-02-bins512-r0.2-g1,82,0.37468227372713825,8771.516110186552,1
source-02-bins512-r0.2-g1,83,0.37756170757045054,8704.621083920902,2
source-02-bins512-r0.2-g1,84,0.38046326986722695,8638.236225393968,1
source-02-bins512-r0.2-g1,87,0.38930243459481884,8442.103896985649,1
source-02-bins512-r0.2-g1,88,0.39229422439662975,8377.721097611848,1
source-02-bins512-r0.2-g1,89,0.39530900610761677,8313.82930674798,1
source-02-bins512-r0.2-g1,92,0.40449307642406346,8125.062681551017,3
source-02-bins512-r0.2-g1,93,0.40760160633143006,8063.09776298224,1
source-02-bins512-r0.2-g1,94,0.4107340252958615,8001.605413214926,1
source-02-bins512-r0.2-g1,95,0.4138905169047975,7940.582028253826,4
source-02-bins512-r0.2-g1,96,0.4170712661565477,7880.024031589174,2
source-02-bins512-r0.2-g1,97,0.4202764594711341,7819.927873987075,1
source-02-bins512-r0.2-g1,98,0.4235062847012168,7760.290033281479,2
source-02-bins512-r0.2-g1,100,0.4300405895478453,7642.375347997865,2
source-02-bins512-r0.2-g1,101,0.4333454521324142,7584.091592577,1
source-02-bins512-r0.2-g1,102,0.4366757125909707,7526.252331961908,1
source-02-bins512-r0.2-g1,103,0.4400315661062149,7468.854176260658,1
source-02-bins512-r0.2-g1,104,0.4434132093608266,7411.89376143396,3
source-02-bins512-r0.2-g1,106,0.45025465938801956,7299.272826328845,1
source-02-bins512-r0.2-g1,109,0.4607152620766455,7133.541844012468,4
source-02-bins512-r0.2-g1,111,0.4678236665529261,7025.150361492256,1
source-02-bins512-r0.2-g1,113,0.47504174704464996,6918.405846739222,2
source-02-bins512-r0.2-g1,114,0.4786924435930079,6865.6433670241595,1
source-02-bins512-r0.2-g1,116,0.4860782191226933,6761.322500997216,1
source-02-bins512-r0.2-g1,121,0.5050450671861402,6507.402633412182,1
source-02-bins512-r0.2-g1,122,0.5089263392954066,6457.774625595181,2
source-02-bins512-r0.2-g1,123,0.5128374389867345,6408.5251004537795,2
source-02-bins512-r0.2-g1,125,0.5207500397772227,6311.1499743809945,2
source-02-bins512-r0.2-g1,129,0.536943377031405,6120.815975734992,1
source-02-bins512-r0.2-g1,130,0.5410697877003351,6074.136229574745,1
source-02-bins512-r0.2-g1,132,0.5494179871577028,5981.842016496573,1
source-02-bins512-r0.2-g1,133,0.5536402652244216,5936.222140321938,1
source-02-bins512-r0.2-g1,136,0.5665027880793981,5801.439409223697,1
source-02-bins512-r0.2-g1,137,0.5708563628671782,5757.195354172835,1
source-02-bins512-r0.2-g1,139,0.5796641412481848,5669.71693836722,3
source-02-bins512-r0.2-g1,141,0.5886078153904633,5583.567724153889,1
source-02-bins512-r0.2-g1,143,0.5976894820381796,5498.727514815096,1
source-02-bins512-r0.2-g1,145,0.6069112702862957,5415.176420514616,1
source-02-bins512-r0.2-g1,147,0.616275342079712,5332.894853634799,1
source-02-bins512-r0.2-g1,148,0.6210114190206655,5292.224103353492,1
source-02-bins512-r0.2-g1,154,0.650202077997364,5054.6310315117835,1
source-02-bins512-r0.2-g1,155,0.6551988819554317,5016.082430406955,2
source-02-bins512-r0.2-g1,157,0.6653079863170999,4939.864946446758,1
source-02-bins512-r0.2-g1,160,0.6807648447089535,4827.704640952792,1
source-02-bins512-r0.2-g1,163,0.6965808066682666,4718.090950450303,1
source-02-bins512-r0.2-g1,170,0.7349284598347672,4471.906831500071,1
source-02-bins512-r0.2-g1,177,0.7753871997399504,4238.568293752024,1
source-02-bins512-r0.2-g1,179,0.7873506971431802,4174.164844361932,2
source-02-bins512-r0.2-g1,180,0.7934014884479232,4142.331024142816,1
source-02-bins512-r0.2-g1,183,0.8118342965714386,4048.278834829587,1
source-02-bins512-r0.2-g1,185,0.8243601385019508,3986.7667621232804,1
source-02-bins512-r0.2-g1,188,0.8435121976787068,3896.2466805379368,1
source-02-bins512-r0.2-g1,189,0.8499945902004612,3866.532373369378,1
source-02-bins512-r0.2-g1,193,0.8764261754370847,3749.9240578476415,1
source-02-bins512-r0.2-g1,200,0.9246745432932916,3554.2576834587812,1
source-02-bins512-r0.2-g1,204,0.9534283898341599,3447.0670637053117,1
source-02-bins512-r0.2-g1,208,0.9830763711783409,3343.10913836694,2
source-02-bins512-r0.2-g1,223,1.1027045730203122,2980.428013640225,1
source-02-bins512-r0.2-g1,237,1.2274570341727,2677.512539095943,1
source-02-bins512-r0.2-g1,239,1.246395545210574,2636.828744155752,1
source-02-bins512-r0.2-g1,242,1.2753525994452646,2576.959188877219,1
source-02-bins512-r0.2-g1,243,1.2851536861112252,2557.3062861794447,1
source-02-bins512-r0.2-g1,247,1.325117057158797,2480.182095946771,1
source-02-bins512-r0.2-g1,266,1.5325877163888393,2144.432951572138,1
source-02-bins512-r0.2-g1,284,1.7590235015217524,1868.384133216926,1
source-02-bins512-r0.2-g1,285,1.7725415998056118,1854.1351021377118,1
source-02-bins512-r0.2-g1,304,2.050064534279675,1603.1356795085965,1
source-02-bins512-r0.2-g1,317,2.2645914399439353,1451.2691085153472,1
source-02-bins512-r0.2-g1,319,2.299531962330985,1429.2176208185583,1
source-02-bins512-r0.2-g1,322,2.3529561517895345,1396.767040345974,1
source-02-bins512-r0.2-g1,344,2.7845775258375376,1180.2622012509446,1
source-03-bins128-r0.2-g0.5,0,0.2,16432.658000994605,19
source-03-bins128-r0.2-g0.5,1,0.2062565324709068,15934.193990498205,17
source-03-bins128-r0.2-g0.5,2,0.21270878593461118,15450.85025876286,15
source-03-bins128-r0.2-g0.5,3,0.21936288306484647,14982.168151151536,21
source-03-bins128-r0.2-g0.5,4,0.22622513806888117,14527.702925738675,18
source-03-bins128-r0.2-g0.5,5,0.23330206267919784,14087.023331285625,18
source-03-bins128-r0.2-g0.5,6,0.24060037233260753,13659.711198017592,11
source-03-bins128-r0.2-g0.5,7,0.24812699254266365,13245.36104081391,13
source-03-bins128-r0.2-g0.5,8,0.25588906547142176,12843.579674435006,8
source-03-bins128-r0.2-g0.5,9,0.2638939567067815,12453.98584042097,11
source-03-bins128-r0.2-g0.5,10,0.2721492622518418,12076.209845307709,7
source-03-bins128-r0.2-g0.5,11,0.28066281573290164,11709.893209817345,13
source-03-bins128-r0.2-g0.5,12,0.2894426958329468,11354.688328689967,6
source-03-bins128-r0.2-g0.5,13,0.29849723395767497,11010.258140834,15
source-03-bins128-r0.2-g0.5,14,0.3078350221413353,10676.27580948209,15
source-03-bins128-r0.2-g0.5,15,0.31746492119988323,10352.42441204912,10
source-03-bins128-r0.2-g0.5,16,0.3273960691391879,10038.396639397946,6
source-03-bins128-r0.2-g0.5,17,0.3376378898262708,9733.89450422754,8
source-03-bins128-r0.2-g0.5,18,0.34820010193180334,9438.629058306835,10
source-03-bins128-r0.2-g0.5,19,0.3590927281523504,9152.320118285887,6
source-03-bins128-r0.2-g0.5,20,0.3703261047211087,8874.695999824255,1
source-03-bins128-r0.2-g0.5,21,0.381910891216169,8605.493259784205,3
source-03-bins128-r0.2-g0.5,22,0.3938580806756036,8344.456446244232,5
source-03-bins128-r0.2-g0.5,23,0.40617901002898327,8091.337856095537,3
source-03-bins128-r0.2-g0.5,24,0.4188853708552189,7845.8972999915495,2
source-03-bins128-r0.2-g0.5,25,0.43198922047693644,7607.901874427413,5
source-03-bins128-r0.2-g0.5,26,0.4455029934019148,7377.125740733117,5
source-03-bins128-r0.2-g0.5,27,0.4594395131224411,7153.349910770641,4
source-03-bins128-r0.2-g0.5,28,0.47381200428378195,6936.362039131679,6
source-03-bins128-r0.2-g0.5,29,0.4886341052333166,6725.956221638775,1
source-03-bins128-r0.2-g0.5,30,0.5039198809622402,6521.932799958707,5
source-03-bins128-r0.2-g0.5,31,0.5196838364521189,6324.098172142642,2
source-03-bins128-r0.2-g0.5,32,0.5359409304389594,6132.264608913347,2
source-03-bins128-r0.2-g0.5,33,0.5527065896078561,5946.250075525075,2
source-03-bins128-r0.2-g0.5,34,0.5699967232316848,5765.878059027112,1
source-03-bins128-r0.2-g0.5,35,0.5878277382677324,5590.977400767086,1
source-03-bins128-r0.2-g0.5,36,0.6062165549265912,5421.382133975042,2
source-03-bins128-r0.2-g0.5,37,0.6251806227280885,5256.931326274233,1
source-03-bins128-r0.2-g0.5,38,0.6447379370594888,5097.468926969127,3
source-03-bins128-r0.2-g0.5,39,0.6649070562516796,4942.843618965759,2
source-03-bins128-r0.2-g0.5,40,0.6857071191895479,4792.908675183866,1
source-03-bins128-r0.2-g0.5,42,0.7292796441476423,4506.545090861695,1
source-03-bins128-r0.2-g0.5,43,0.7520934530175477,4369.844714127887,1
source-03-bins128-r0.2-g0.5,44,0.7756209385673511,4237.290971372525,1
source-03-bins128-r0.2-g0.5,45,0.7998844265036604,4108.758079669753,1
source-03-bins128-r0.2-g0.5,47,0.8507122262479817,3863.2706793153584,2
source-03-bins128-r0.2-g0.5,52,0.9923645856503326,3311.8187082876775,1
source-03-bins128-r0.2-g0.5,53,1.023408391915829,3211.3588535721374,1
source-03-bins128-r0.2-g0.5,54,1.0554233310909287,3113.946322185078,1
source-03-bins128-r0.2-g0.5,55,1.0884397827985437,3019.488677406434,1
source-03-bins128-r0.2-g0.5,59,1.2311622007163179,2669.454600122342,2
source-03-bins128-r0.2-g0.5,61,1.30939508501476,2509.9617661707307,3
source-03-bins128-r0.2-g0.5,66,1.5274228709797355,2151.684162023081,1
source-03-bins128-r0.2-g0.5,75,2.0153883249363713,1630.7187848290637,1
source-03-bins128-r0.2-g0.5,79,2.279657510355709,1441.6777894351785,1
source-03-bins128-r0.2-g0.5,85,2.742432228912044,1198.4002979365248,1
source-03-bins128-r0.2-g0.75,0,0.2,16432.658000994605,19
source-03-bins128-r0.2-g0.75,1,0.2062565324709068,15934.193990498205,17
source-03-bins128-r0.2-g0.75,2,0.21270878593461118,15450.85025876286,15
source-03-bins128-r0.2-g0.75,3,0.21936288306484647,14982.168151151536,21
source-03-bins128-r0.2-g0.75,4,0.22622513806888117,14527.702925738675,18
source-03-bins128-r0.2-g0.75,5,0.23330206267919784,14087.023331285625,18
source-03-bins128-r0.2-g0.75,6,0.24060037233260753,13659.711198017592,11
source-03-bins128-r0.2-g0.75,7,0.24812699254266365,13245.36104081391,13
source-03-bins128-r0.2-g0.75,8,0.25588906547142176,12843.579674435006,8
source-03-bins128-r0.2-g0.75,9,0.2638939567067815,12453.98584042097,11
source-03-bins128-r0.2-g0.75,10,0.2721492622518418,12076.209845307709,7
source-03-bins128-r0.2-g0.75,11,0.28066281573290164,11709.893209817345,13
source-03-bins128-r0.2-g0.75,12,0.2894426958329468,11354.688328689967,6
source-03-bins128-r0.2-g0.75,13,0.29849723395767497,11010.258140834,15
source-03-bins128-r0.2-g0.75,14,0.3078350221413353,10676.27580948209,15
source-03-bins128-r0.2-g0.75,15,0.31746492119988323,10352.42441204912,10
source-03-bins128-r0.2-g0.75,16,0.3273960691391879,10038.396639397946,6
source-03-bins128-r0.2-g0.75,17,0.3376378898262708,9733.89450422754,8
source-03-bins128-r0.2-g0.75,18,0.34820010193180334,9438.629058306835,10
source-03-bins128-r0.2-g0.75,19,0.3590927281523504,9152.320118285887,6
source-03-bins128-r0.2-g0.75,20,0.3703261047211087,8874.695999824255,1
source-03-bins128-r0.2-g0.75,21,0.381910891216169,8605.493259784205,3
source-03-bins128-r0.2-g0.75,22,0.3938580806756036,8344.456446244232,5
source-03-bins128-r0.2-g0.75,23,0.40617901002898327,8091.337856095537,3
source-03-bins128-r0.2-g0.75,24,0.4188853708552189,7845.8972999915495,2
source-03-bins128-r0.2-g0.75,25,0.43198922047693644,7607.901874427413,5
source-03-bins128-r0.2-g0.75,26,0.4455029934019148,7377.125740733117,5
source-03-bins128-r0.2-g0.75,27,0.4594395131224411,7153.349910770641,4
source-03-bins128-r0.2-g0.75,28,0.47381200428378195,6936.362039131679,6
source-03-bins128-r0.2-g0.75,29,0.4886341052333166,6725.956221638775,1
source-03-bins128-r0.2-g0.75,30,0.5039198809622402,6521.932799958707,5
source-03-bins128-r0.2-g0.75,31,0.5196838364521189,6324.098172142642,2
source-03-bins128-r0.2-g0.75,32,0.5359409304389594,6132.264608913347,2
source-03-bins128-r0.2-g0.75,33,0.5527065896078561,5946.250075525075,2
source-03-bins128-r0.2-g0.75,34,0.5699967232316848,5765.878059027112,1
source-03-bins128-r0.2-g0.75,35,0.5878277382677324,5590.977400767086,1
source-03-bins128-r0.2-g0.75,36,0.6062165549265912,5421.382133975042,2
source-03-bins128-r0.2-g0.75,37,0.6251806227280885,5256.931326274233,1
source-03-bins128-r0.2-g0.75,38,0.6447379370594888,5097.468926969127,3
source-03-bins128-r0.2-g0.75,39,0.6649070562516796,4942.843618965759,2
source-03-bins128-r0.2-g0.75,40,0.6857071191895479,4792.908675183866,1
source-03-bins128-r0.2-g0.75,42,0.7292796441476423,4506.545090861695,1
source-03-bins128-r0.2-g0.75,43,0.7520934530175477,4369.844714127887,1
source-03-bins128-r0.2-g0.75,44,0.7756209385673511,4237.290971372525,1
source-03-bins128-r0.2-g0.75,45,0.7998844265036604,4108.758079669753,1
source-03-bins128-r0.2-g0.75,47,0.8507122262479817,3863.2706793153584,2
source-03-bins128-r0.2-g0.75,52,0.9923645856503326,3311.8187082876775,1
source-03-bins128-r0.2-g0.75,53,1.023408391915829,3211.3588535721374,1
source-03-bins128-r0.2-g0.75,54,1.0554233310909287,3113.946322185078,1
source-03-bins128-r0.2-g0.75,55,1.0884397827985437,3019.488677406434,1
source-03-bins128-r0.2-g0.75,59,1.2311622007163179,2669.454600122342,2
source-03-bins128-r0.2-g0.75,61,1.30939508501476,2509.9617661707307,3
source-03-bins128-r0.2-g0.75,66,1.5274228709797355,2151.684162023081,1
source-03-bins128-r0.2-g0.75,75,2.0153883249363713,1630.7187848290637,1
source-03-bins128-r0.2-g0.75,79,2.279657510355709,1441.6777894351785,1
source-03-bins128-r0.2-g0.75,85,2.742432228912044,1198.4002979365248,1
source-03-bins128-r0.2-g1,0,0.2,16432.658000994605,19
source-03-bins128-r0.2-g1,1,0.2062565324709068,15934.193990498205,17
source-03-bins128-r0.2-g1,2,0.21270878593461118,15450.85025876286,15
source-03-bins128-r0.2-g1,3,0.21936288306484647,14982.168151151536,21
source-03-bins128-r0.2-g1,4,0.22622513806888117,14527.702925738675,18
source-03-bins128-r0.2-g1,5,0.23330206267919784,14087.023331285625,18
source-03-bins128-r0.2-g1,6,0.24060037233260753,13659.711198017592,11
source-03-bins128-r0.2-g1,7,0.24812699254266365,13245.36104081391,13
source-03-bins128-r0.2-g1,8,0.25588906547142176,12843.579674435006,8
source-03-bins128-r0.2-g1,9,0.2638939567067815,12453.98584042097,11
source-03-bins128-r0.2-g1,10,0.2721492622518418,12076.209845307709,7
source-03-bins128-r0.2-g1,11,0.28066281573290164,11709.893209817345,13
source-03-bins128-r0.2-g1,12,0.2894426958329468,11354.688328689967,6
source-03-bins128-r0.2-g1,13,0.29849723395767497,11010.258140834,15
source-03-bins128-r0.2-g1,14,0.3078350221413353,10676.27580948209,15
source-03-bins128-r0.2-g1,15,0.31746492119988323,10352.42441204912,10
source-03-bins128-r0.2-g1,16,0.3273960691391879,10038.396639397946,6
source-03-bins128-r0.2-g1,17,0.3376378898262708,9733.89450422754,8
source-03-bins128-r0.2-g1,18,0.34820010193180334,9438.629058306835,10
source-03-bins128-r0.2-g1,19,0.3590927281523504,9152.320118285887,6
source-03-bins128-r0.2-g1,20,0.3703261047211087,8874.695999824255,1
source-03-bins128-r0.2-g1,21,0.381910891216169,8605.493259784205,3
source-03-bins128-r0.2-g1,22,0.3938580806756036,8344.456446244232,5
source-03-bins128-r0.2-g1,23,0.40617901002898327,8091.337856095537,3
source-03-bins128-r0.2-g1,24,0.4188853708552189,7845.8972999915495,2
source-03-bins128-r0.2-g1,25,0.43198922047693644,7607.901874427413,5
source-03-bins128-r0.2-g1,26,0.4455029934019148,7377.125740733117,5
source-03-bins128-r0.2-g1,27,0.4594395131224411,7153.349910770641,4
source-03-bins128-r0.2-g1,28,0.47381200428378195,6936.362039131679,6
source-03-bins128-r0.2-g1,29,0.4886341052333166,6725.956221638775,1
source-03-bins128-r0.2-g1,30,0.5039198809622402,6521.932799958707,5
source-03-bins128-r0.2-g1,31,0.5196838364521189,6324.098172142642,2
source-03-bins128-r0.2-g1,32,0.5359409304389594,6132.264608913347,2
source-03-bins128-r0.2-g1,33,0.5527065896078561,5946.250075525075,2
source-03-bins128-r0.2-g1,34,0.5699967232316848,5765.878059027112,1
source-03-bins128-r0.2-g1,35,0.5878277382677324,5590.977400767086,1
source-03-bins128-r0.2-g1,36,0.6062165549265912,5421.382133975042,2
source-03-bins128-r0.2-g1,37,0.6251806227280885,5256.931326274233,1
source-03-bins128-r0.2-g1,38,0.6447379370594888,5097.468926969127,3
source-03-bins128-r0.2-g1,39,0.6649070562516796,4942.843618965759,2
source-03-bins128-r0.2-g1,40,0.6857071191895479,4792.908675183866,1
source-03-bins128-r0.2-g1,42,0.7292796441476423,4506.545090861695,1
source-03-bins128-r0.2-g1,43,0.7520934530175477,4369.844714127887,1
source-03-bins128-r0.2-g1,44,0.7756209385673511,4237.290971372525,1
source-03-bins128-r0.2-g1,45,0.7998844265036604,4108.758079669753,1
source-03-bins128-r0.2-g1,47,0.8507122262479817,3863.2706793153584,2
source-03-bins128-r0.2-g1,52,0.9923645856503326,3311.8187082876775,1
source-03-bins128-r0.2-g1,53,1.023408391915829,3211.3588535721374,1
source-03-bins128-r0.2-g1,54,1.0554233310909287,3113.946322185078,1
source-03-bins128-r0.2-g1,55,1.0884397827985437,3019.488677406434,1
source-03-bins128-r0.2-g1,59,1.2311622007163179,2669.454600122342,2
source-03-bins128-r0.2-g1,61,1.30939508501476,2509.9617661707307,3
source-03-bins128-r0.2-g1,66,1.5274228709797355,2151.684162023081,1
source-03-bins128-r0.2-g1,75,2.0153883249363713,1630.7187848290637,1
source-03-bins128-r0.2-g1,79,2.279657510355709,1441.6777894351785,1
source-03-bins128-r0.2-g1,85,2.742432228912044,1198.4002979365248,1
source-03-bins128-r0.3-g1,0,0.3,10955.105333996406,17
source-03-bins128-r0.3-g1,1,0.30839861993526435,10656.764939119357,18
source-03-bins128-r0.3-g1,2,0.3170323625932522,10366.549248524172,14
source-03-bins128-r0.3-g1,3,0.32590781032858435,10084.23700213075,19
source-03-bins128-r0.3-g1,4,0.33503172977153106,9809.612965434984,9
source-03-bins128-r0.3-g1,5,0.34441107698688206,9542.46776541423,24
source-03-bins128-r0.3-g1,6,0.3540530027772418,9282.597730901596,14
source-03-bins128-r0.3-g1,7,0.36396485813479224,9029.804737307286,5
source-03-bins128-r0.3-g1,8,0.37415419984568077,8783.896055568654,13
source-03-bins128-r0.3-g1,9,0.38462879625130353,8544.684205213829,5
source-03-bins128-r0.3-g1,10,0.39539663317088003,8311.986811426814,9
source-03-bins128-r0.3-g1,11,0.4064659199898313,8085.626466005174,8
source-03-bins128-r0.3-g1,12,0.41784509591860525,7865.430592104222,13
source-03-bins128-r0.3-g1,13,0.4295428364267201,7651.231312664675,6
source-03-bins128-r0.3-g1,14,0.44156805985693165,7442.865322423366,9
source-03-bins128-r0.3-g1,15,0.45392993422456646,7240.1737634095325,18
source-03-bins128-r0.3-g1,16,0.46663788420720537,7043.002103831701,7
source-03-bins128-r0.3-g1,17,0.4797015983300462,6851.200020262822,11
source-03-bins128-r0.3-g1,18,0.49313103635242256,6664.621283033904,6
source-03-bins128-r0.3-g1,19,0.5069364368611128,6483.12364474867,6
source-03-bins128-r0.3-g1,20,0.5211283250762249,6306.56873183434,9
source-03-bins128-r0.3-g1,21,0.535717520875612,6134.8219390457825,5
source-03-bins128-r0.3-g1,22,0.5507151470439331,5967.752326842645,2
source-03-bins128-r0.3-g1,23,0.5661326377526507,5805.232521561214,4
source-03-bins128-r0.3-g1,24,0.5819817472774279,5647.138618304892,2
source-03-bins128-r0.3-g1,25,0.5982745589595755,5493.350086479254,4
source-03-bins128-r0.3-g1,26,0.6150234944183732,5343.749677899686,2
source-03-bins128-r0.3-g1,27,0.6322413230213004,5198.223337401495,2
source-03-bins128-r0.3-g1,28,0.6499411716193825,5056.660115884419,5
source-03-bins128-r0.3-g1,29,0.6681365345550879,4918.952085725146,5
source-03-bins128-r0.3-g1,30,0.6868412839503973,4784.994258493451,3
source-03-bins128-r0.3-g1,31,0.7060696802828921,4654.68450490913,4
source-03-bins128-r0.3-g1,32,0.7258363832579241,4527.923476978779,3
source-03-bins128-r0.3-g1,33,0.7461564629851581,4404.614532252995,4
source-03-bins128-r0.3-g1,34,0.7670454114680034,4284.6636601463015,3
source-03-bins128-r0.3-g1,35,0.7885191544146977,4167.979410263596,2
source-03-bins128-r0.3-g1,36,0.8105940633800478,4054.47282267848,1
source-03-bins128-r0.3-g1,37,0.8332869682470833,3944.057360110318,2
source-03-bins128-r0.3-g1,38,0.8566151700581367,3836.6488419483294,1
source-03-bins128-r0.3-g1,39,0.8805964542051371,3732.1653800723975,1
source-03-bins128-r0.3-g1,40,0.9052491039891717,3630.527316421662,2
source-03-bins128-r0.3-g1,41,0.9305919145596506,3531.6571622633155,1
source-03-bins128-r0.3-g1,42,0.9566442072437059,3435.4795391152925,1
source-03-bins128-r0.3-g1,43,0.9834258442767466,3341.921121277809,4
source-03-bins128-r0.3-g1,44,1.010957243945403,3250.9105799299373,1
source-03-bins128-r0.3-g1,47,1.098262872366889,2992.481748122878,1
source-03-bins128-r0.3-g1,48,1.12900918054696,2910.9874895850953,1
source-03-bins128-r0.3-g1,49,1.1606162439164207,2831.7125642742544,1
source-03-bins128-r0.3-g1,50,1.1931081596609145,2754.596533086292,1
source-03-bins128-r0.3-g1,52,1.2608463289552896,2606.6075815298373,2
source-03-bins128-r0.3-g1,58,1.4880214293576075,2208.658783642482,1
source-03-bins128-r0.3-g1,59,1.5296791841599522,2148.5103767060623,1
source-03-bins128-r0.3-g1,60,1.5725031644621013,2089.9999913978736,1
source-03-bins128-r0.3-g1,61,1.6165260192131605,2033.083019473223,1
source-03-bins128-r0.3-g1,65,1.8052916947922417,1820.4989308263257,1
source-03-bins128-r0.3-g1,66,1.8558315575150726,1770.921281562607,1
source-03-bins128-r0.3-g1,68,1.9611955441803954,1675.7796589693955,3
source-03-bins128-r0.3-g1,73,2.251524898510147,1459.6914306271483,1
source-03-bins128-r0.3-g1,83,2.967484547904398,1107.5143095588587,1
source-03-bins128-r0.3-g1,87,3.314004937182335,991.709928770724,1
source-03-bins128-r0.3-g1,93,3.911111330760035,840.3063278590587,1
source-03-bins128-r0.4-g1,0,0.4,8216.329000497302,17
source-03-bins128-r0.4-g1,1,0.41026776259877934,8010.699108750056,16
source-03-bins128-r0.4-g1,2,0.42079909256952086,7810.2155119451645,10
source-03-bins128-r0.4-g1,3,0.4316007555302348,7614.749413868185,16
source-03-bins128-r0.4-g1,4,0.4426796907683304,7424.1752416847985,14
source-03-bins128-r0.4-g1,5,0.45404301569860595,7238.370565269355,16
source-03-bins128-r0.4-g1,6,0.4656980304356737,7057.216018552362,17
source-03-bins128-r0.4-g1,7,0.4776522224837552,6880.595222836412,11
source-03-bins128-r0.4-g1,8,0.48991327154686154,6708.394712031302,8
source-03-bins128-r0.4-g1,9,0.5024890544624476,6540.503859760258,10
source-03-bins128-r0.4-g1,10,0.5153876502617114,6376.814808290489,5
source-03-bins128-r0.4-g1,11,0.5286173453597862,6217.222399242405,8
source-03-bins128-r0.4-g1,12,0.5421866388791643,6061.624106032945,7
source-03-bins128-r0.4-g1,13,0.5561042481097677,5909.9199680096735,10
source-03-bins128-r0.4-g1,14,0.5703791141091771,5762.012526233283,8
source-03-bins128-r0.4-g1,15,0.5850204074466147,5617.806760867277,6
source-03-bins128-r0.4-g1,16,0.6000375340943722,5477.210030134589,13
source-03-bins128-r0.4-g1,17,0.615440141470467,5340.132010801949,15
source-03-bins128-r0.4-g1,18,0.6312381246364117,5206.484640153726,5
source-03-bins128-r0.4-g1,19,0.6474416326540751,5076.18205941801,7
source-03-bins128-r0.4-g1,20,0.6640610751057203,4949.140558608553,10
source-03-bins128-r0.4-g1,21,0.6811071287814096,4825.278522747161,4
source-03-bins128-r0.4-g1,22,0.6985907445380688,4704.5163794319715,8
source-03-bins128-r0.4-g1,23,0.7165231543346223,4586.776547717931,4
source-03-bins128-r0.4-g1,24,0.7349158784477132,4471.983388276658,2
source-03-bins128-r0.4-g1,25,0.7537807328726494,4360.063154803637,4
source-03-bins128-r0.4-g1,26,0.7731298369143249,4250.943946641554,2
source-03-bins128-r0.4-g1,27,0.7929756209729981,4144.55566258932,3
source-03-bins128-r0.4-g1,28,0.8133308345299238,4040.829955867121,2
source-03-bins128-r0.4-g1,29,0.8342085543379746,3939.7001902085535,2
source-03-bins128-r0.4-g1,30,0.8556221928225076,3841.101397051639,3
source-03-bins128-r0.4-g1,31,0.8775855066978787,3744.970233801225,4
source-03-bins128-r0.4-g1,32,0.900112605805137,3651.244943135941,4
source-03-bins128-r0.4-g1,33,0.9232179621765764,3559.8653133335947,5
source-03-bins128-r0.4-g1,34,0.9469164193329711,3470.7726395894865,4
source-03-bins128-r0.4-g1,35,0.9712232018194639,3383.909686302819,2
source-03-bins128-r0.4-g1,36,0.9961539249862352,3299.2206503069638,3
source-03-bins128-r0.4-g1,37,1.021724605020237,3216.6511250199615,3
source-03-bins128-r0.4-g1,38,1.0479516692344357,3136.1480654922225,2
source-03-bins128-r0.4-g1,39,1.0748519666211698,3057.659754328993,1
source-03-bins128-r0.4-g1,40,1.1024427786764128,2981.1357684656564,2
source-03-bins128-r0.4-g1,41,1.1307418305018826,2906.5269467745666,1
source-03-bins128-r0.4-g1,42,1.159767302192139,2833.785358482576,1
source-03-bins128-r0.4-g1,43,1.1895378405139778,2762.8642723789853,1
source-03-bins128-r0.4-g1,44,1.2200725708856333,2693.718126794109,1
source-03-bins128-r0.4-g1,45,1.2513911096634731,2626.3025003292078,1
source-03-bins128-r0.4-g1,46,1.2835135767440922,2560.5740833189425,3
source-03-bins128-r0.4-g1,47,1.3164606084898882,2496.490650008055,2
source-03-bins128-r0.4-g1,48,1.3502533709864348,2434.011031424367,1
source-03-bins128-r0.4-g1,51,1.4569259376874792,2255.7986752679426,1
source-03-bins128-r0.4-g1,52,1.4943243618179265,2199.342849634518,1
source-03-bins128-r0.4-g1,53,1.5326827812997237,2144.299942752618,1
source-03-bins128-r0.4-g1,54,1.5720258386437795,2090.6345935345967,1
source-03-bins128-r0.4-g1,56,1.653767615992856,1987.2995264971487,1
source-03-bins128-r0.4-g1,57,1.6962188491792654,1937.5634233690698,1
source-03-bins128-r0.4-g1,63,1.9748144431266228,1664.2229915006717,1
source-03-bins128-r0.4-g1,64,2.0255067578232846,1622.57251796622,1
source-03-bins128-r0.4-g1,65,2.0775003141521657,1581.9644299501178,1
source-03-bins128-r0.4-g1,66,2.1308285142136754,1542.3726396920902,1
source-03-bins128-r0.4-g1,71,2.4187195113253934,1358.7898823365385,2
source-03-bins128-r0.4-g1,73,2.5444874388648,1291.628148757998,1
source-03-bins128-r0.4-g1,74,2.6098029212593996,1259.3025984555784,2
source-03-bins128-r0.4-g1,79,2.9624069718691235,1109.4125930055086,1
source-03-bins128-r0.4-g1,89,3.8169699208763483,861.0315691050449,1
source-03-bins128-r0.4-g1,93,4.224237660613901,778.0176837212553,1
source-03-bins128-r0.4-g1,100,5.0442912672295215,651.53485912878,1
source-03-bins128-r0.55-g1,0,0.55,5975.512000361675,15
source-03-bins128-r0.55-g1,1,0.5627054137792902,5840.589977845845,17
source-03-bins128-r0.55-g1,2,0.5757043321754949,5708.714380834415,7
source-03-bins128-r0.55-g1,3,0.5890035353660759,5579.816423608197,11
source-03-bins128-r0.55-g1,4,0.6026099601556955,5453.82887357153,20
source-03-bins128-r0.55-g1,5,0.6165307035944221,5330.686016184086,7
source-03-bins128-r0.55-g1,6,0.6307730266795203,5210.32362068444,21
source-03-bins128-r0.55-g1,7,0.6453443581427539,5092.678906587607,9
source-03-bins128-r0.55-g1,8,0.6602522983251796,4977.690510939014,11
source-03-bins128-r0.55-g1,9,0.67550462314145,4865.2984563078635,7
source-03-bins128-r0.55-g1,10,0.6911092881356966,4755.444119503171,9
source-03-bins128-r0.55-g1,11,0.7070744326311051,4648.070200996181,4
source-03-bins128-r0.55-g1,12,0.7234083839753506,4543.120695033176,6
source-03-bins128-r0.55-g1,13,0.740119661884104,4440.540860423137,7
source-03-bins128-r0.55-g1,14,0.7572169828848784,4340.277191984983,9
source-03-bins128-r0.55-g1,15,0.7747092648635294,4242.277392639505,11
source-03-bins128-r0.55-g1,16,0.7926056317157855,4146.490346131447,4
source-03-bins128-r0.55-g1,17,0.8109154181062304,4052.866090367496,8
source-03-bins128-r0.55-g1,18,0.8296481743372227,3961.3557913562795,14
source-03-bins128-r0.55-g1,19,0.84881367133029,3871.911717736775,10
source-03-bins128-r0.55-g1,20,0.8684219057225986,3784.487215881843,4
source-03-bins128-r0.55-g1,21,0.8884831050811539,3699.0366855639086,8
source-03-bins128-r0.55-g1,22,0.9090077332374531,3615.515556170088,8
source-03-bins128-r0.55-g1,23,0.9300064957453738,3533.880263454353,4
source-03-bins128-r0.55-g1,24,0.9514903454651422,3454.0882268146174,8
source-03-bins128-r0.55-g1,25,0.9734704882762957,3376.0978270828896,4
source-03-bins128-r0.55-g1,26,0.9959583889226191,3299.868384816896,4
source-03-bins128-r0.55-g1,27,1.0189657769921048,3225.360139081871,1
source-03-bins128-r0.55-g1,28,1.0425046530350512,3152.5342267114283,3
source-03-bins128-r0.55-g1,29,1.0665872948234978,3081.352662036713,2
source-03-bins128-r0.55-g1,30,1.0912262637552546,3011.778317073241,3
source-03-bins128-r0.55-g1,31,1.1164344114058717,2943.774902155113,2
source-03-bins128-r0.55-g1,32,1.1422248862319622,2877.306947006489,2
source-03-bins128-r0.55-g1,33,1.1686111404293797,2812.3397822404463,1
source-03-bins128-r0.55-g1,34,1.1956069369498226,2748.8395212755872,5
source-03-bins128-r0.55-g1,35,1.2232263566795267,2686.7730426609505,4
source-03-bins128-r0.55-g1,36,1.2514838057837938,2626.107972800011,2
source-03-bins128-r0.55-g1,37,1.2803940232211823,2566.8126690647537,4
source-03-bins128-r0.55-g1,38,1.3099720884312829,2508.8562032910236,5
source-03-bins128-r0.55-g1,39,1.3402334292000835,2452.2083456465366,1
source-03-bins128-r0.55-g1,40,1.371193829707036,2396.839548863131,4
source-03-bins128-r0.55-g1,41,1.4028694387580132,2342.720932825046,2
source-03-bins128-r0.55-g1,42,1.4352767782084517,2289.824269505183,2
source-03-bins128-r0.55-g1,43,1.4684327515810787,2238.1219682414976,1
source-03-bins128-r0.55-g1,44,1.5023546528827136,2187.587061345824,2
source-03-bins128-r0.55-g1,45,1.537060175624744,2138.1931900376626,1
source-03-bins128-r0.55-g1,47,1.6088949125847125,2042.7260814188676,1
source-03-bins128-r0.55-g1,48,1.6460615954788644,1996.6030488930876,1
source-03-bins128-r0.55-g1,49,1.6840868567093328,1951.5214355515657,1
source-03-bins128-r0.55-g1,50,1.7229905300816168,1907.4577270272289,1
source-03-bins128-r0.55-g1,51,1.7627929075770448,1864.3889398875856,3
source-03-bins128-r0.55-g1,52,1.80351474993698,1822.2926096466704,2
source-03-bins128-r0.55-g1,53,1.84517729749153,1781.146779047669,1
source-03-bins128-r0.55-g1,56,1.9760290029086045,1663.200082266672,1
source-03-bins128-r0.55-g1,58,2.0683790135980127,1588.940701192811,1
source-03-bins128-r0.55-g1,59,2.1161601249074,1553.06375992825,1
source-03-bins128-r0.55-g1,60,2.1650450158350045,1517.9968897466026,1
source-03-bins128-r0.55-g1,62,2.266228718129409,1450.2206127330744,2
source-03-bins128-r0.55-g1,69,2.6590871227379997,1235.9623617051166,1
source-03-bins128-r0.55-g1,70,2.720514035773578,1208.0553737207226,1
source-03-bins128-r0.55-g1,71,2.7833599567133414,1180.7785019943078,1
source-03-bins128-r0.55-g1,73,2.9134407001521243,1128.0585185850243,1
source-03-bins128-r0.55-g1,78,3.265864808628027,1006.328122191799,2
source-03-bins128-r0.55-g1,80,3.4184954884120877,961.3970857470798,2
source-03-bins128-r0.55-g1,81,3.497465306017383,939.6895501849438,1
source-03-bins128-r0.55-g1,86,3.9205359016654144,838.2863166239154,1
source-03-bins128-r0.55-g1,97,5.040201269599909,652.0635634179358,1
source-03-bins128-r0.55-g1,100,5.397629757728966,608.8842228374177,1
source-03-bins128-r0.55-g1,106,6.190325925778444,530.9141456531038,1
source-03-bins512-r0.2-g1,0,0.2,16432.658000994605,3
source-03-bins512-r0.2-g1,1,0.2015370003041079,16307.336098283351,4
source-03-bins512-r0.2-g1,2,0.20308581245788995,16182.96994961372,8
source-03-bins512-r0.2-g1,3,0.20464652723542887,16059.552266030096,4
source-03-bins512-r0.2-g1,4,0.20621923610840623,15937.075814165286,7
source-03-bins512-r0.2-g1,5,0.20780403125146388,15815.533415816588,6
source-03-bins512-r0.2-g1,6,0.20940100554760557,15694.917947525117,1
source-03-bins512-r0.2-g1,7,0.21101025259364145,15575.222340158258,3
source-03-bins512-r0.2-g1,8,0.212631866705673,15456.439578495394,3
source-03-bins512-r0.2-g1,9,0.21426594292462128,15338.562700816725,4
source-03-bins512-r0.2-g1,10,0.2159125770217968,15221.584798495269,6
source-03-bins512-r0.2-g1,11,0.2175718655045129,15105.499015591937,1
source-03-bins512-r0.2-g1,12,0.21924390562174173,14990.29854845373,7
source-03-bins512-r0.2-g1,13,0.2209287953698138,14875.976645314975,8
source-03-bins512-r0.2-g1,14,0.22262663349816184,14762.526605901612,5
source-03-bins512-r0.2-g1,15,0.22433751951510778,14649.941781038518,2
source-03-bins512-r0.2-g1,16,0.2260615536936954,14538.215572259773,2
source-03-bins512-r0.2-g1,17,0.22779883707756698,14427.341431421952,3
source-03-bins512-r0.2-g1,18,0.22954947148688523,14317.31286032035,7
source-03-bins512-r0.2-g1,19,0.231313559524301,14208.123410308117,5
source-03-bins512-r0.2-g1,20,0.23309120458096666,14099.766681918323,10
source-03-bins512-r0.2-g1,21,0.2348825108425958,13992.236324488875,2
source-03-bins512-r0.2-g1,22,0.23668758329556924,13885.526035790337,5
source-03-bins512-r0.2-g1,23,0.23850652773308859,13779.629561656533,1
source-03-bins512-r0.2-g1,24,0.24033945076137592,13674.54069561803,6
source-03-bins512-r0.2-g1,25,0.24218645980592274,13570.253278538357,3
source-03-bins512-r0.2-g1,26,0.24404766311778534,13466.76119825304,2
source-03-bins512-r0.2-g1,28,0.24781308971362428,13262.138832120918,2
source-03-bins512-r0.2-g1,29,0.24971753368488306,13160.996553594727,6
source-03-bins512-r0.2-g1,30,0.25163661331095677,13060.625625801247,2
source-03-bins512-r0.2-g1,31,0.2535704410668749,12961.020166116898,4
source-03-bins512-r0.2-g1,32,0.25551913029203777,12862.174336781283,2
source-03-bins512-r0.2-g1,33,0.25748279519685896,12764.082344555089,1
source-03-bins512-r0.2-g1,34,0.25946155086945955,12666.73844038049,2
source-03-bins512-r0.2-g1,35,0.2614555132824129,12570.136919044246,1
source-03-bins512-r0.2-g1,36,0.2634647992995417,12474.27211884331,2
source-03-bins512-r0.2-g1,37,0.2654895266827673,12379.13842125301,2
source-03-bins512-r0.2-g1,38,0.2675298140990117,12284.73025059775,3
source-03-bins512-r0.2-g1,39,0.2695857811271522,12191.04207372422,4
source-03-bins512-r0.2-g1,40,0.27165754826503025,12098.06839967711,2
source-03-bins512-r0.2-g1,42,0.27584896949861054,11914.24280530247,3
source-03-bins512-r0.2-g1,43,0.27796886924864667,11823.380111170209,3
source-03-bins512-r0.2-g1,44,0.28010506043148514,11733.210371623474,3
source-03-bins512-r0.2-g1,45,0.2822576682468119,11643.72830191848,3
source-03-bins512-r0.2-g1,46,0.28442681885647264,11554.92865761498,5
source-03-bins512-r0.2-g1,47,0.2866126393918668,11466.806234268895,3
source-03-bins512-r0.2-g1,49,0.2910348036579875,11292.572430825565,2
source-03-bins512-r0.2-g1,50,0.2932714065666291,11206.450839087327,2
source-03-bins512-r0.2-g1,51,0.29552519777202446,11120.986044426012,1
source-03-bins512-r0.2-g1,52,0.2977963093662601,11036.173037849207,3
source-03-bins512-r0.2-g1,53,0.30008487445655097,10952.006848565023,4
source-03-bins512-r0.2-g1,54,0.3023910271730404,10868.482543690805,5
source-03-bins512-r0.2-g1,55,0.30471490267666274,10785.595227963977,1
source-03-bins512-r0.2-g1,56,0.30705663716706394,10703.340043455171,8
source-03-bins512-r0.2-g1,57,0.30941636789058463,10621.712169283495,5
source-03-bins512-r0.2-g1,58,0.3117942331483035,10540.706821333984,2
source-03-bins512-r0.2-g1,59,0.3141903723041437,10460.31925197721,3
source-03-bins512-r0.2-g1,60,0.3166049257930399,10380.544749791037,1
source-03-bins512-r0.2-g1,61,0.3190380351291698,10301.37863928448,1
source-03-bins512-r0.2-g1,62,0.32148984291424737,10222.816280623692,3
source-03-bins512-r0.2-g1,63,0.3239604928458814,10144.85306936001,3
source-03-bins512-r0.2-g1,64,0.3264501297259967,10067.484436160112,4
source-03-bins512-r0.2-g1,66,0.33148694911193805,9914.512800590259,4
source-03-bins512-r0.2-g1,68,0.33660148189792577,9763.865511428618,4
source-03-bins512-r0.2-g1,69,0.3391882647981272,9689.40243895215,3
source-03-bins512-r0.2-g1,71,0.3444216216635479,9542.175616980881,1
source-03-bins512-r0.2-g1,72,0.34706850234973885,9469.403238692927,2
source-03-bins512-r0.2-g1,73,0.349735724318028,9397.185851138136,4
source-03-bins512-r0.2-g1,74,0.35242344389119906,9325.51922173925,2
source-03-bins512-r0.2-g1,75,0.35513181859337667,9254.399150198298,1
source-03-bins512-r0.2-g1,76,0.3578610071592587,9183.821468250431,1
source-03-bins512-r0.2-g1,77,0.36061116954341943,9113.782039419624,2
source-03-bins512-r0.2-g1,78,0.3633824669296841,9044.276758776248,2
source-03-bins512-r0.2-g1,79,0.3661750617405762,8975.301552696475,1
source-03-bins512-r0.2-g1,80,0.3689891176468362,8906.852378623531,1
source-03-bins512-r0.2-g1,83,0.37756170757045054,8704.621083920902,1
source-03-bins512-r0.2-g1,85,0.383387130674666,8572.357643866248,3
source-03-bins512-r0.2-g1,88,0.39229422439662975,8377.721097611848,2
source-03-bins512-r0.2-g1,90,0.3983469564206368,8250.42477977035,2
source-03-bins512-r0.2-g1,91,0.4014082533864316,8187.503800613215,1
source-03-bins512-r0.2-g1,93,0.40760160633143006,8063.09776298224,1
source-03-bins512-r0.2-g1,94,0.4107340252958615,8001.605413214926,1
source-03-bins512-r0.2-g1,96,0.4170712661565477,7880.024031589174,1
source-03-bins512-r0.2-g1,98,0.4235062847012168,7760.290033281479,1
source-03-bins512-r0.2-g1,100,0.4300405895478453,7642.375347997865,1
source-03-bins512-r0.2-g1,102,0.4366757125909707,7526.252331961908,2
source-03-bins512-r0.2-g1,103,0.4400315661062149,7468.854176260658,2
source-03-bins512-r0.2-g1,104,0.4434132093608266,7411.89376143396,1
source-03-bins512-r0.2-g1,106,0.45025465938801956,7299.272826328845,2
source-03-bins512-r0.2-g1,107,0.45371486713004655,7243.605705468133,2
source-03-bins512-r0.2-g1,108,0.4572016665738323,7188.363123930538,1
source-03-bins512-r0.2-g1,109,0.4607152620766455,7133.541844012468,1
source-03-bins512-r0.2-g1,111,0.4678236665529261,7025.150361492256,2
source-03-bins512-r0.2-g1,112,0.4714188921417297,6971.573806191123,2
source-03-bins512-r0.2-g1,115,0.4823711957498909,6813.283274698237,3
source-03-bins512-r0.2-g1,116,0.4860782191226933,6761.322500997216,2
source-03-bins512-r0.2-g1,119,0.49737109754120495,6607.805753985628,1
source-03-bins512-r0.2-g1,122,0.5089263392954066,6457.774625595181,3
source-03-bins512-r0.2-g1,123,0.5128374389867345,6408.5251004537795,1
source-03-bins512-r0.2-g1,124,0.516778595485137,6359.651171530467,1
source-03-bins512-r0.2-g1,125,0.5207500397772227,6311.1499743809945,1
source-03-bins512-r0.2-g1,126,0.5247520046247316,6263.018666406495,1
source-03-bins512-r0.2-g1,128,0.5328484359906003,6167.854455815456,1
source-03-bins512-r0.2-g1,130,0.5410697877003351,6074.136229574745,1
source-03-bins512-r0.2-g1,134,0.5578949915045032,5890.950179237078,1
source-03-bins512-r0.2-g1,135,0.5621824153625167,5846.023479904899,1
source-03-bins512-r0.2-g1,137,0.5708563628671782,5757.195354172835,1
source-03-bins512-r0.2-g1,142,0.5931312673467404,5540.9852441274825,1
source-03-bins512-r0.2-g1,145,0.6069112702862957,5415.176420514616,1
source-03-bins512-r0.2-g1,147,0.616275342079712,5332.894853634799,1
source-03-bins512-r0.2-g1,151,0.6354391513806248,5172.063435276598,1
source-03-bins512-r0.2-g1,154,0.650202077997364,5054.6310315117835,1
source-03-bins512-r0.2-g1,155,0.6551988819554317,5016.082430406955,2
source-03-bins512-r0.2-g1,156,0.660234086359515,4977.827816071462,1
source-03-bins512-r0.2-g1,157,0.6653079863170999,4939.864946446758,1
source-03-bins512-r0.2-g1,161,0.6859965235756715,4790.886669612091,1
source-03-bins512-r0.2-g1,170,0.7349284598347672,4471.906831500071,1
source-03-bins512-r0.2-g1,175,0.7636054831754707,4303.96542797441,1
source-03-bins512-r0.2-g1,179,0.7873506971431802,4174.164844361932,1
source-03-bins512-r0.2-g1,181,0.7994987800930439,4110.739981137234,1
source-03-bins512-r0.2-g1,189,0.8499945902004612,3866.532373369378,1
source-03-bins512-r0.2-g1,190,0.8565267999186023,3837.0446791755353,1
source-03-bins512-r0.2-g1,212,1.0136462915031077,3242.286414648068,1
source-03-bins512-r0.2-g1,213,1.0214361647945982,3217.55946526508,1
source-03-bins512-r0.2-g1,217,1.053198928187211,3120.5231150925792,1
source-03-bins512-r0.2-g1,223,1.1027045730203122,2980.428013640225,1
source-03-bins512-r0.2-g1,238,1.236890043346714,2657.0927770639914,1
source-03-bins512-r0.2-g1,240,1.2559740968707107,2616.719252719776,1
source-03-bins512-r0.2-g1,247,1.325117057158797,2480.182095946771,1
source-03-bins512-r0.2-g1,248,1.335300583757955,2461.267253362228,1
source-03-bins512-r0.2-g1,249,1.3455623707745121,2442.4966627947374,1
source-03-bins512-r0.2-g1,266,1.5325877163888393,2144.432951572138,1
source-03-bins512-r0.2-g1,304,2.050064534279675,1603.1356795085965,1
source-03-bins512-r0.2-g1,319,2.299531962330985,1429.2176208185583,1
source-03-bins512-r0.2-g1,344,2.7845775258375376,1180.2622012509446,1
source-04-bins128-r0.2-g0.5,0,0.2,16432.658000994605,10
source-04-bins128-r0.2-g0.5,1,0.2062565324709068,15934.193990498205,12
source-04-bins128-r0.2-g0.5,2,0.21270878593461118,15450.85025876286,9
source-04-bins128-r0.2-g0.5,3,0.21936288306484647,14982.168151151536,11
source-04-bins128-r0.2-g0.5,4,0.22622513806888117,14527.702925738675,11
source-04-bins128-r0.2-g0.5,5,0.23330206267919784,14087.023331285625,7
source-04-bins128-r0.2-g0.5,6,0.24060037233260753,13659.711198017592,8
source-04-bins128-r0.2-g0.5,7,0.24812699254266365,13245.36104081391,4
source-04-bins128-r0.2-g0.5,8,0.25588906547142176,12843.579674435006,5
source-04-bins128-r0.2-g0.5,9,0.2638939567067815,12453.98584042097,5
source-04-bins128-r0.2-g0.5,10,0.2721492622518418,12076.209845307709,3
source-04-bins128-r0.2-g0.5,11,0.28066281573290164,11709.893209817345,5
source-04-bins128-r0.2-g0.5,12,0.2894426958329468,11354.688328689967,5
source-04-bins128-r0.2-g0.5,13,0.29849723395767497,11010.258140834,5
source-04-bins128-r0.2-g0.5,14,0.3078350221413353,10676.27580948209,5
source-04-bins128-r0.2-g0.5,15,0.31746492119988323,10352.42441204912,4
source-04-bins128-r0.2-g0.5,16,0.3273960691391879,10038.396639397946,2
source-04-bins128-r0.2-g0.5,17,0.3376378898262708,9733.89450422754,1
source-04-bins128-r0.2-g0.5,18,0.34820010193180334,9438.629058306835,4
source-04-bins128-r0.2-g0.5,19,0.3590927281523504,9152.320118285887,2
source-04-bins128-r0.2-g0.5,20,0.3703261047211087,8874.695999824255,2
source-04-bins128-r0.2-g0.5,21,0.381910891216169,8605.493259784205,2
source-04-bins128-r0.2-g0.5,22,0.3938580806756036,8344.456446244232,5
source-04-bins128-r0.2-g0.5,23,0.40617901002898327,8091.337856095537,3
source-04-bins128-r0.2-g0.5,24,0.4188853708552189,7845.8972999915495,4
source-04-bins128-r0.2-g0.5,25,0.43198922047693644,7607.901874427413,3
source-04-bins128-r0.2-g0.5,26,0.4455029934019148,7377.125740733117,2
source-04-bins128-r0.2-g0.5,27,0.4594395131224411,7153.349910770641,3
source-04-bins128-r0.2-g0.5,30,0.5039198809622402,6521.932799958707,2
source-04-bins128-r0.2-g0.5,31,0.5196838364521189,6324.098172142642,1
source-04-bins128-r0.2-g0.5,32,0.5359409304389594,6132.264608913347,2
source-04-bins128-r0.2-g0.5,34,0.5699967232316848,5765.878059027112,2
source-04-bins128-r0.2-g0.5,35,0.5878277382677324,5590.977400767086,1
source-04-bins128-r0.2-g0.5,39,0.6649070562516796,4942.843618965759,1
source-04-bins128-r0.2-g0.5,40,0.6857071191895479,4792.908675183866,1
source-04-bins128-r0.2-g0.5,41,0.7071578634732547,4647.521819324605,1
source-04-bins128-r0.2-g0.5,45,0.7998844265036604,4108.758079669753,1
source-04-bins128-r0.2-g0.5,46,0.8249069409406247,3984.124071560552,1
source-04-bins128-r0.2-g0.5,49,0.904769824124692,3632.450500190404,1
source-04-bins128-r0.2-g0.5,51,0.9622624541991747,3415.42121471847,1
source-04-bins128-r0.2-g0.5,54,1.0554233310909287,3113.946322185078,1
source-04-bins128-r0.2-g0.5,56,1.1224890770170728,2927.896286467769,2
source-04-bins128-r0.2-g0.5,60,1.2696762321449915,2588.480052624639,1
source-04-bins128-r0.2-g0.5,70,1.7277072493847883,1902.250280751677,1
source-04-bins128-r0.2-g0.5,71,1.781754531914773,1844.547911247365,1
source-04-bins128-r0.2-g0.75,0,0.2,16432.658000994605,10
source-04-bins128-r0.2-g0.75,1,0.2062565324709068,15934.193990498205,12
source-04-bins128-r0.2-g0.75,2,0.21270878593461118,15450.85025876286,9
source-04-bins128-r0.2-g0.75,3,0.21936288306484647,14982.168151151536,11
source-04-bins128-r0.2-g0.75,4,0.22622513806888117,14527.702925738675,11
source-04-bins128-r0.2-g0.75,5,0.23330206267919784,14087.023331285625,7
source-04-bins128-r0.2-g0.75,6,0.24060037233260753,13659.711198017592,8
source-04-bins128-r0.2-g0.75,7,0.24812699254266365,13245.36104081391,4
source-04-bins128-r0.2-g0.75,8,0.25588906547142176,12843.579674435006,5
source-04-bins128-r0.2-g0.75,9,0.2638939567067815,12453.98584042097,5
source-04-bins128-r0.2-g0.75,10,0.2721492622518418,12076.209845307709,3
source-04-bins128-r0.2-g0.75,11,0.28066281573290164,11709.893209817345,5
source-04-bins128-r0.2-g0.75,12,0.2894426958329468,11354.688328689967,5
source-04-bins128-r0.2-g0.75,13,0.29849723395767497,11010.258140834,5
source-04-bins128-r0.2-g0.75,14,0.3078350221413353,10676.27580948209,5
source-04-bins128-r0.2-g0.75,15,0.31746492119988323,10352.42441204912,4
source-04-bins128-r0.2-g0.75,16,0.3273960691391879,10038.396639397946,2
source-04-bins128-r0.2-g0.75,17,0.3376378898262708,9733.89450422754,1
source-04-bins128-r0.2-g0.75,18,0.34820010193180334,9438.629058306835,4
source-04-bins128-r0.2-g0.75,19,0.3590927281523504,9152.320118285887,2
source-04-bins128-r0.2-g0.75,20,0.3703261047211087,8874.695999824255,2
source-04-bins128-r0.2-g0.75,21,0.381910891216169,8605.493259784205,2
source-04-bins128-r0.2-g0.75,22,0.3938580806756036,8344.456446244232,5
source-04-bins128-r0.2-g0.75,23,0.40617901002898327,8091.337856095537,3
source-04-bins128-r0.2-g0.75,24,0.4188853708552189,7845.8972999915495,4
source-04-bins128-r0.2-g0.75,25,0.43198922047693644,7607.901874427413,3
source-04-bins128-r0.2-g0.75,26,0.4455029934019148,7377.125740733117,2
source-04-bins128-r0.2-g0.75,27,0.4594395131224411,7153.349910770641,3
source-04-bins128-r0.2-g0.75,30,0.5039198809622402,6521.932799958707,2
source-04-bins128-r0.2-g0.75,31,0.5196838364521189,6324.098172142642,1
source-04-bins128-r0.2-g0.75,32,0.5359409304389594,6132.264608913347,2
source-04-bins128-r0.2-g0.75,34,0.5699967232316848,5765.878059027112,2
source-04-bins128-r0.2-g0.75,35,0.5878277382677324,5590.977400767086,1
source-04-bins128-r0.2-g0.75,39,0.6649070562516796,4942.843618965759,1
source-04-bins128-r0.2-g0.75,40,0.6857071191895479,4792.908675183866,1
source-04-bins128-r0.2-g0.75,41,0.7071578634732547,4647.521819324605,1
source-04-bins128-r0.2-g0.75,45,0.7998844265036604,4108.758079669753,1
source-04-bins128-r0.2-g0.75,46,0.8249069409406247,3984.124071560552,1
source-04-bins128-r0.2-g0.75,49,0.904769824124692,3632.450500190404,1
source-04-bins128-r0.2-g0.75,51,0.9622624541991747,3415.42121471847,1
source-04-bins128-r0.2-g0.75,54,1.0554233310909287,3113.946322185078,1
source-04-bins128-r0.2-g0.75,56,1.1224890770170728,2927.896286467769,2
source-04-bins128-r0.2-g0.75,60,1.2696762321449915,2588.480052624639,1
source-04-bins128-r0.2-g0.75,70,1.7277072493847883,1902.250280751677,1
source-04-bins128-r0.2-g0.75,71,1.781754531914773,1844.547911247365,1
source-04-bins128-r0.2-g1,0,0.2,16432.658000994605,10
source-04-bins128-r0.2-g1,1,0.2062565324709068,15934.193990498205,12
source-04-bins128-r0.2-g1,2,0.21270878593461118,15450.85025876286,9
source-04-bins128-r0.2-g1,3,0.21936288306484647,14982.168151151536,11
source-04-bins128-r0.2-g1,4,0.22622513806888117,14527.702925738675,11
source-04-bins128-r0.2-g1,5,0.23330206267919784,14087.023331285625,7
source-04-bins128-r0.2-g1,6,0.24060037233260753,13659.711198017592,8
source-04-bins128-r0.2-g1,7,0.24812699254266365,13245.36104081391,4
source-04-bins128-r0.2-g1,8,0.25588906547142176,12843.579674435006,5
source-04-bins128-r0.2-g1,9,0.2638939567067815,12453.98584042097,5
source-04-bins128-r0.2-g1,10,0.2721492622518418,12076.209845307709,3
source-04-bins128-r0.2-g1,11,0.28066281573290164,11709.893209817345,5
source-04-bins128-r0.2-g1,12,0.2894426958329468,11354.688328689967,5
source-04-bins128-r0.2-g1,13,0.29849723395767497,11010.258140834,5
source-04-bins128-r0.2-g1,14,0.3078350221413353,10676.27580948209,5
source-04-bins128-r0.2-g1,15,0.31746492119988323,10352.42441204912,4
source-04-bins128-r0.2-g1,16,0.3273960691391879,10038.396639397946,2
source-04-bins128-r0.2-g1,17,0.3376378898262708,9733.89450422754,1
source-04-bins128-r0.2-g1,18,0.34820010193180334,9438.629058306835,4
source-04-bins128-r0.2-g1,19,0.3590927281523504,9152.320118285887,2
source-04-bins128-r0.2-g1,20,0.3703261047211087,8874.695999824255,2
source-04-bins128-r0.2-g1,21,0.381910891216169,8605.493259784205,2
source-04-bins128-r0.2-g1,22,0.3938580806756036,8344.456446244232,5
source-04-bins128-r0.2-g1,23,0.40617901002898327,8091.337856095537,3
source-04-bins128-r0.2-g1,24,0.4188853708552189,7845.8972999915495,4
source-04-bins128-r0.2-g1,25,0.43198922047693644,7607.901874427413,3
source-04-bins128-r0.2-g1,26,0.4455029934019148,7377.125740733117,2
source-04-bins128-r0.2-g1,27,0.4594395131224411,7153.349910770641,3
source-04-bins128-r0.2-g1,30,0.5039198809622402,6521.932799958707,2
source-04-bins128-r0.2-g1,31,0.5196838364521189,6324.098172142642,1
source-04-bins128-r0.2-g1,32,0.5359409304389594,6132.264608913347,2
source-04-bins128-r0.2-g1,34,0.5699967232316848,5765.878059027112,2
source-04-bins128-r0.2-g1,35,0.5878277382677324,5590.977400767086,1
source-04-bins128-r0.2-g1,39,0.6649070562516796,4942.843618965759,1
source-04-bins128-r0.2-g1,40,0.6857071191895479,4792.908675183866,1
source-04-bins128-r0.2-g1,41,0.7071578634732547,4647.521819324605,1
source-04-bins128-r0.2-g1,45,0.7998844265036604,4108.758079669753,1
source-04-bins128-r0.2-g1,46,0.8249069409406247,3984.124071560552,1
source-04-bins128-r0.2-g1,49,0.904769824124692,3632.450500190404,1
source-04-bins128-r0.2-g1,51,0.9622624541991747,3415.42121471847,1
source-04-bins128-r0.2-g1,54,1.0554233310909287,3113.946322185078,1
source-04-bins128-r0.2-g1,56,1.1224890770170728,2927.896286467769,2
source-04-bins128-r0.2-g1,60,1.2696762321449915,2588.480052624639,1
source-04-bins128-r0.2-g1,70,1.7277072493847883,1902.250280751677,1
source-04-bins128-r0.2-g1,71,1.781754531914773,1844.547911247365,1
source-04-bins128-r0.3-g1,0,0.3,10955.105333996406,8
source-04-bins128-r0.3-g1,1,0.30839861993526435,10656.764939119357,12
source-04-bins128-r0.3-g1,2,0.3170323625932522,10366.549248524172,8
source-04-bins128-r0.3-g1,3,0.32590781032858435,10084.23700213075,9
source-04-bins128-r0.3-g1,4,0.33503172977153106,9809.612965434984,10
source-04-bins128-r0.3-g1,5,0.34441107698688206,9542.46776541423,8
source-04-bins128-r0.3-g1,6,0.3540530027772418,9282.597730901596,8
source-04-bins128-r0.3-g1,7,0.36396485813479224,9029.804737307286,5
source-04-bins128-r0.3-g1,8,0.37415419984568077,8783.896055568654,4
source-04-bins128-r0.3-g1,9,0.38462879625130353,8544.684205213829,5
source-04-bins128-r0.3-g1,10,0.39539663317088003,8311.986811426814,3
source-04-bins128-r0.3-g1,11,0.4064659199898313,8085.626466005174,5
source-04-bins128-r0.3-g1,12,0.41784509591860525,7865.430592104222,2
source-04-bins128-r0.3-g1,13,0.4295428364267201,7651.231312664675,6
source-04-bins128-r0.3-g1,14,0.44156805985693165,7442.865322423366,3
source-04-bins128-r0.3-g1,15,0.45392993422456646,7240.1737634095325,5
source-04-bins128-r0.3-g1,16,0.46663788420720537,7043.002103831701,5
source-04-bins128-r0.3-g1,17,0.4797015983300462,6851.200020262822,4
source-04-bins128-r0.3-g1,18,0.49313103635242256,6664.621283033904,1
source-04-bins128-r0.3-g1,19,0.5069364368611128,6483.12364474867,1
source-04-bins128-r0.3-g1,20,0.5211283250762249,6306.56873183434,3
source-04-bins128-r0.3-g1,21,0.535717520875612,6134.8219390457825,3
source-04-bins128-r0.3-g1,22,0.5507151470439331,5967.752326842645,2
source-04-bins128-r0.3-g1,23,0.5661326377526507,5805.232521561214,2
source-04-bins128-r0.3-g1,24,0.5819817472774279,5647.138618304892,1
source-04-bins128-r0.3-g1,25,0.5982745589595755,5493.350086479254,4
source-04-bins128-r0.3-g1,26,0.6150234944183732,5343.749677899686,4
source-04-bins128-r0.3-g1,27,0.6322413230213004,5198.223337401495,4
source-04-bins128-r0.3-g1,28,0.6499411716193825,5056.660115884419,2
source-04-bins128-r0.3-g1,29,0.6681365345550879,4918.952085725146,2
source-04-bins128-r0.3-g1,30,0.6868412839503973,4784.994258493451,3
source-04-bins128-r0.3-g1,33,0.7461564629851581,4404.614532252995,1
source-04-bins128-r0.3-g1,34,0.7670454114680034,4284.6636601463015,2
source-04-bins128-r0.3-g1,36,0.8105940633800478,4054.47282267848,2
source-04-bins128-r0.3-g1,38,0.8566151700581367,3836.6488419483294,2
source-04-bins128-r0.3-g1,39,0.8805964542051371,3732.1653800723975,1
source-04-bins128-r0.3-g1,44,1.010957243945403,3250.9105799299373,1
source-04-bins128-r0.3-g1,45,1.039259396154402,3162.378528748605,1
source-04-bins128-r0.3-g1,46,1.0683538784292461,3076.257471008543,1
source-04-bins128-r0.3-g1,50,1.1931081596609145,2754.596533086292,1
source-04-bins128-r0.3-g1,51,1.2265096995764304,2679.58060285533,1
source-04-bins128-r0.3-g1,55,1.3697322207688416,2399.3971597997197,1
source-04-bins128-r0.3-g1,57,1.4474981402348261,2270.491069277471,1
source-04-bins128-r0.3-g1,60,1.5725031644621013,2089.9999913978736,1
source-04-bins128-r0.3-g1,62,1.661781311382618,1977.7160675037894,2
source-04-bins128-r0.3-g1,67,1.9077863038998686,1722.6937804724992,1
source-04-bins128-r0.3-g1,78,2.5848337171955333,1271.4673204451656,2
source-04-bins128-r0.4-g1,0,0.4,8216.329000497302,5
source-04-bins128-r0.4-g1,1,0.41026776259877934,8010.699108750056,15
source-04-bins128-r0.4-g1,2,0.42079909256952086,7810.2155119451645,5
source-04-bins128-r0.4-g1,3,0.4316007555302348,7614.749413868185,10
source-04-bins128-r0.4-g1,4,0.4426796907683304,7424.1752416847985,9
source-04-bins128-r0.4-g1,5,0.45404301569860595,7238.370565269355,8
source-04-bins128-r0.4-g1,6,0.4656980304356737,7057.216018552362,3
source-04-bins128-r0.4-g1,7,0.4776522224837552,6880.595222836412,11
source-04-bins128-r0.4-g1,8,0.48991327154686154,6708.394712031302,4
source-04-bins128-r0.4-g1,9,0.5024890544624476,6540.503859760258,3
source-04-bins128-r0.4-g1,10,0.5153876502617114,6376.814808290489,4
source-04-bins128-r0.4-g1,11,0.5286173453597862,6217.222399242405,4
source-04-bins128-r0.4-g1,12,0.5421866388791643,6061.624106032945,4
source-04-bins128-r0.4-g1,13,0.5561042481097677,5909.9199680096735,2
source-04-bins128-r0.4-g1,14,0.5703791141091771,5762.012526233283,5
source-04-bins128-r0.4-g1,15,0.5850204074466147,5617.806760867277,4
source-04-bins128-r0.4-g1,16,0.6000375340943722,5477.210030134589,4
source-04-bins128-r0.4-g1,17,0.615440141470467,5340.132010801949,5
source-04-bins128-r0.4-g1,18,0.6312381246364117,5206.484640153726,3
source-04-bins128-r0.4-g1,19,0.6474416326540751,5076.18205941801,3
source-04-bins128-r0.4-g1,20,0.6640610751057203,4949.140558608553,1
source-04-bins128-r0.4-g1,22,0.6985907445380688,4704.5163794319715,4
source-04-bins128-r0.4-g1,23,0.7165231543346223,4586.776547717931,2
source-04-bins128-r0.4-g1,24,0.7349158784477132,4471.983388276658,2
source-04-bins128-r0.4-g1,25,0.7537807328726494,4360.063154803637,2
source-04-bins128-r0.4-g1,26,0.7731298369143249,4250.943946641554,1
source-04-bins128-r0.4-g1,27,0.7929756209729981,4144.55566258932,4
source-04-bins128-r0.4-g1,28,0.8133308345299238,4040.829955867121,3
source-04-bins128-r0.4-g1,29,0.8342085543379746,3939.7001902085535,4
source-04-bins128-r0.4-g1,30,0.8556221928225076,3841.101397051639,1
source-04-bins128-r0.4-g1,31,0.8775855066978787,3744.970233801225,2
source-04-bins128-r0.4-g1,32,0.900112605805137,3651.244943135941,2
source-04-bins128-r0.4-g1,33,0.9232179621765764,3559.8653133335947,3
source-04-bins128-r0.4-g1,36,0.9961539249862352,3299.2206503069638,1
source-04-bins128-r0.4-g1,37,1.021724605020237,3216.6511250199615,2
source-04-bins128-r0.4-g1,39,1.0748519666211698,3057.659754328993,2
source-04-bins128-r0.4-g1,42,1.159767302192139,2833.785358482576,3
source-04-bins128-r0.4-g1,48,1.3502533709864348,2434.011031424367,1
source-04-bins128-r0.4-g1,49,1.3849135736401603,2373.0950889306937,1
source-04-bins128-r0.4-g1,50,1.4204634831250709,2313.703688438673,1
source-04-bins128-r0.4-g1,55,1.6123788089196325,2038.3123258739972,2
source-04-bins128-r0.4-g1,60,1.8302233421259908,1795.6997512561936,1
source-04-bins128-r0.4-g1,62,1.9253908039154315,1706.9426079710697,1
source-04-bins128-r0.4-g1,65,2.0775003141521657,1581.9644299501178,1
source-04-bins128-r0.4-g1,67,2.185525617520314,1503.7717123296877,2
source-04-bins128-r0.4-g1,72,2.4808066056637044,1324.7834767513675,1
source-04-bins128-r0.4-g1,84,3.3626504880850803,977.3634256203932,2
source-04-bins128-r0.55-g1,0,0.55,5975.512000361675,3
source-04-bins128-r0.55-g1,1,0.5627054137792902,5840.589977845845,15
source-04-bins128-r0.55-g1,2,0.5757043321754949,5708.714380834415,6
source-04-bins128-r0.55-g1,3,0.5890035353660759,5579.816423608197,6
source-04-bins128-r0.55-g1,4,0.6026099601556955,5453.82887357153,8
source-04-bins128-r0.55-g1,5,0.6165307035944221,5330.686016184086,9
source-04-bins128-r0.55-g1,6,0.6307730266795203,5210.32362068444,8
source-04-bins128-r0.55-g1,7,0.6453443581427539,5092.678906587607,3
source-04-bins128-r0.55-g1,8,0.6602522983251796,4977.690510939014,8
source-04-bins128-r0.55-g1,9,0.67550462314145,4865.2984563078635,4
source-04-bins128-r0.55-g1,10,0.6911092881356966,4755.444119503171,3
source-04-bins128-r0.55-g1,11,0.7070744326311051,4648.070200996181,4
source-04-bins128-r0.55-g1,12,0.7234083839753506,4543.120695033176,2
source-04-bins128-r0.55-g1,13,0.740119661884104,4440.540860423137,6
source-04-bins128-r0.55-g1,14,0.7572169828848784,4340.277191984983,2
source-04-bins128-r0.55-g1,15,0.7747092648635294,4242.277392639505,2
source-04-bins128-r0.55-g1,16,0.7926056317157855,4146.490346131447,4
source-04-bins128-r0.55-g1,17,0.8109154181062304,4052.866090367496,3
source-04-bins128-r0.55-g1,18,0.8296481743372227,3961.3557913562795,5
source-04-bins128-r0.55-g1,19,0.84881367133029,3871.911717736775,4
source-04-bins128-r0.55-g1,20,0.8684219057225986,3784.487215881843,3
source-04-bins128-r0.55-g1,21,0.8884831050811539,3699.0366855639086,3
source-04-bins128-r0.55-g1,23,0.9300064957453738,3533.880263454353,1
source-04-bins128-r0.55-g1,24,0.9514903454651422,3454.0882268146174,1
source-04-bins128-r0.55-g1,25,0.9734704882762957,3376.0978270828896,3
source-04-bins128-r0.55-g1,26,0.9959583889226191,3299.868384816896,2
source-04-bins128-r0.55-g1,27,1.0189657769921048,3225.360139081871,2
source-04-bins128-r0.55-g1,28,1.0425046530350512,3152.5342267114283,2
source-04-bins128-r0.55-g1,29,1.0665872948234978,3081.352662036713,1
source-04-bins128-r0.55-g1,30,1.0912262637552546,3011.778317073241,4
source-04-bins128-r0.55-g1,31,1.1164344114058717,2943.774902155113,2
source-04-bins128-r0.55-g1,32,1.1422248862319622,2877.306947006489,4
source-04-bins128-r0.55-g1,33,1.1686111404293797,2812.3397822404463,2
source-04-bins128-r0.55-g1,34,1.1956069369498226,2748.8395212755872,2
source-04-bins128-r0.55-g1,35,1.2232263566795267,2686.7730426609505,2
source-04-bins128-r0.55-g1,36,1.2514838057837938,2626.107972800011,2
source-04-bins128-r0.55-g1,37,1.2803940232211823,2566.8126690647537,1
source-04-bins128-r0.55-g1,40,1.371193829707036,2396.839548863131,1
source-04-bins128-r0.55-g1,41,1.4028694387580132,2342.720932825046,2
source-04-bins128-r0.55-g1,43,1.4684327515810787,2238.1219682414976,2
source-04-bins128-r0.55-g1,46,1.5725674220519816,2089.9145906955487,2
source-04-bins128-r0.55-g1,47,1.6088949125847125,2042.7260814188676,1
source-04-bins128-r0.55-g1,53,1.84517729749153,1781.146779047669,1
source-04-bins128-r0.55-g1,54,1.8878022812384065,1740.9299866101137,1
source-04-bins128-r0.55-g1,55,1.931411934177719,1701.6212554356678,1
source-04-bins128-r0.55-g1,60,2.1650450158350045,1517.9968897466026,1
source-04-bins128-r0.55-g1,61,2.215059184520411,1483.721799925855,1
source-04-bins128-r0.55-g1,66,2.48300363188301,1323.6112738613062,1
source-04-bins128-r0.55-g1,68,2.599047177604613,1264.5140221071022,1
source-04-bins128-r0.55-g1,72,2.847657665707432,1154.1175190320714,1
source-04-bins128-r0.55-g1,73,2.9134407001521243,1128.0585185850243,1
source-04-bins128-r0.55-g1,74,2.980743372182774,1102.587908395556,1
source-04-bins128-r0.55-g1,79,3.3413087427022843,983.6060817118439,1
source-04-bins128-r0.55-g1,91,4.394783196219944,747.8256499719358,2
source-04-bins512-r0.2-g1,0,0.2,16432.658000994605,1
source-04-bins512-r0.2-g1,2,0.20308581245788995,16182.96994961372,2
source-04-bins512-r0.2-g1,3,0.20464652723542887,16059.552266030096,7
source-04-bins512-r0.2-g1,4,0.20621923610840623,15937.075814165286,8
source-04-bins512-r0.2-g1,6,0.20940100554760557,15694.917947525117,2
source-04-bins512-r0.2-g1,7,0.21101025259364145,15575.222340158258,1
source-04-bins512-r0.2-g1,8,0.212631866705673,15456.439578495394,3
source-04-bins512-r0.2-g1,9,0.21426594292462128,15338.562700816725,1
source-04-bins512-r0.2-g1,10,0.2159125770217968,15221.584798495269,3
source-04-bins512-r0.2-g1,11,0.2175718655045129,15105.499015591937,3
source-04-bins512-r0.2-g1,12,0.21924390562174173,14990.29854845373,2
source-04-bins512-r0.2-g1,13,0.2209287953698138,14875.976645314975,4
source-04-bins512-r0.2-g1,14,0.22262663349816184,14762.526605901612,1
source-04-bins512-r0.2-g1,15,0.22433751951510778,14649.941781038518,4
source-04-bins512-r0.2-g1,16,0.2260615536936954,14538.215572259773,4
source-04-bins512-r0.2-g1,17,0.22779883707756698,14427.341431421952,1
source-04-bins512-r0.2-g1,18,0.22954947148688523,14317.31286032035,3
source-04-bins512-r0.2-g1,19,0.231313559524301,14208.123410308117,3
source-04-bins512-r0.2-g1,20,0.23309120458096666,14099.766681918323,2
source-04-bins512-r0.2-g1,23,0.23850652773308859,13779.629561656533,5
source-04-bins512-r0.2-g1,24,0.24033945076137592,13674.54069561803,2
source-04-bins512-r0.2-g1,25,0.24218645980592274,13570.253278538357,3
source-04-bins512-r0.2-g1,26,0.24404766311778534,13466.76119825304,1
source-04-bins512-r0.2-g1,27,0.24592316977992965,13364.058389211372,2
source-04-bins512-r0.2-g1,29,0.24971753368488306,13160.996553594727,2
source-04-bins512-r0.2-g1,30,0.25163661331095677,13060.625625801247,2
source-04-bins512-r0.2-g1,32,0.25551913029203777,12862.174336781283,1
source-04-bins512-r0.2-g1,33,0.25748279519685896,12764.082344555089,2
source-04-bins512-r0.2-g1,34,0.25946155086945955,12666.73844038049,1
source-04-bins512-r0.2-g1,35,0.2614555132824129,12570.136919044246,1
source-04-bins512-r0.2-g1,36,0.2634647992995417,12474.27211884331,1
source-04-bins512-r0.2-g1,37,0.2654895266827673,12379.13842125301,1
source-04-bins512-r0.2-g1,39,0.2695857811271522,12191.04207372422,2
source-04-bins512-r0.2-g1,40,0.27165754826503025,12098.06839967711,2
source-04-bins512-r0.2-g1,41,0.27374523693651304,12005.803779377295,2
source-04-bins512-r0.2-g1,44,0.28010506043148514,11733.210371623474,2
source-04-bins512-r0.2-g1,47,0.2866126393918668,11466.806234268895,2
source-04-bins512-r0.2-g1,48,0.2888152579613992,11379.35586712726,1
source-04-bins512-r0.2-g1,49,0.2910348036579875,11292.572430825565,2
source-04-bins512-r0.2-g1,50,0.2932714065666291,11206.450839087327,1
source-04-bins512-r0.2-g1,51,0.29552519777202446,11120.986044426012,2
source-04-bins512-r0.2-g1,52,0.2977963093662601,11036.173037849207,1
source-04-bins512-r0.2-g1,54,0.3023910271730404,10868.482543690805,3
source-04-bins512-r0.2-g1,55,0.30471490267666274,10785.595227963977,1
source-04-bins512-r0.2-g1,56,0.30705663716706394,10703.340043455171,1
source-04-bins512-r0.2-g1,57,0.30941636789058463,10621.712169283495,1
source-04-bins512-r0.2-g1,58,0.3117942331483035,10540.706821333984,1
source-04-bins512-r0.2-g1,59,0.3141903723041437,10460.31925197721,2
source-04-bins512-r0.2-g1,60,0.3166049257930399,10380.544749791037,1
source-04-bins512-r0.2-g1,61,0.3190380351291698,10301.37863928448,2
source-04-bins512-r0.2-g1,64,0.3264501297259967,10067.484436160112,2
source-04-bins512-r0.2-g1,65,0.32895889946932133,9990.705846538203,1
source-04-bins512-r0.2-g1,69,0.3391882647981272,9689.40243895215,1
source-04-bins512-r0.2-g1,73,0.349735724318028,9397.185851138136,1
source-04-bins512-r0.2-g1,75,0.35513181859337667,9254.399150198298,3
source-04-bins512-r0.2-g1,78,0.3633824669296841,9044.276758776248,2
source-04-bins512-r0.2-g1,81,0.37182479957701464,8838.925224830773,1
source-04-bins512-r0.2-g1,82,0.37468227372713825,8771.516110186552,1
source-04-bins512-r0.2-g1,85,0.383387130674666,8572.357643866248,2
source-04-bins512-r0.2-g1,89,0.39530900610761677,8313.82930674798,1
source-04-bins512-r0.2-g1,91,0.4014082533864316,8187.503800613215,1
source-04-bins512-r0.2-g1,92,0.40449307642406346,8125.062681551017,3
source-04-bins512-r0.2-g1,95,0.4138905169047975,7940.582028253826,2
source-04-bins512-r0.2-g1,96,0.4170712661565477,7880.024031589174,2
source-04-bins512-r0.2-g1,98,0.4235062847012168,7760.290033281479,2
source-04-bins512-r0.2-g1,99,0.4267609311431037,7701.107014167763,1
source-04-bins512-r0.2-g1,100,0.4300405895478453,7642.375347997865,1
source-04-bins512-r0.2-g1,103,0.4400315661062149,7468.854176260658,1
source-04-bins512-r0.2-g1,104,0.4434132093608266,7411.89376143396,1
source-04-bins512-r0.2-g1,106,0.45025465938801956,7299.272826328845,2
source-04-bins512-r0.2-g1,109,0.4607152620766455,7133.541844012468,2
source-04-bins512-r0.2-g1,111,0.4678236665529261,7025.150361492256,1
source-04-bins512-r0.2-g1,122,0.5089263392954066,6457.774625595181,1
source-04-bins512-r0.2-g1,124,0.516778595485137,6359.651171530467,1
source-04-bins512-r0.2-g1,125,0.5207500397772227,6311.1499743809945,1
source-04-bins512-r0.2-g1,132,0.5494179871577028,5981.842016496573,2
source-04-bins512-r0.2-g1,139,0.5796641412481848,5669.71693836722,2
source-04-bins512-r0.2-g1,141,0.5886078153904633,5583.567724153889,1
source-04-bins512-r0.2-g1,159,0.6755730646796547,4864.80555845923,1
source-04-bins512-r0.2-g1,163,0.6965808066682666,4718.090950450303,1
source-04-bins512-r0.2-g1,167,0.7182418091945367,4575.801015934398,1
source-04-bins512-r0.2-g1,184,0.8180732443750162,4017.4050707522338,1
source-04-bins512-r0.2-g1,185,0.8243601385019508,3986.7667621232804,1
source-04-bins512-r0.2-g1,200,0.9246745432932916,3554.2576834587812,1
source-04-bins512-r0.2-g1,208,0.9830763711783409,3343.10913836694,1
source-04-bins512-r0.2-g1,220,1.0776675157079427,3049.6712133332967,1
source-04-bins512-r0.2-g1,225,1.1197182705643036,2935.141532112904,1
source-04-bins512-r0.2-g1,226,1.128323307176166,2912.7569902141463,1
source-04-bins512-r0.2-g1,243,1.2851536861112252,2557.3062861794447,1
source-04-bins512-r0.2-g1,284,1.7590235015217524,1868.384133216926,1
source-04-bins512-r0.2-g1,285,1.7725415998056118,1854.1351021377118,1
source-05-bins128-r0.2-g0.5,0,0.2,16432.658000994605,38
source-05-bins128-r0.2-g0.5,1,0.2062565324709068,15934.193990498205,50
source-05-bins128-r0.2-g0.5,2,0.21270878593461118,15450.85025876286,38
source-05-bins128-r0.2-g0.5,3,0.21936288306484647,14982.168151151536,39
source-05-bins128-r0.2-g0.5,4,0.22622513806888117,14527.702925738675,36
source-05-bins128-r0.2-g0.5,5,0.23330206267919784,14087.023331285625,32
source-05-bins128-r0.2-g0.5,6,0.24060037233260753,13659.711198017592,25
source-05-bins128-r0.2-g0.5,7,0.24812699254266365,13245.36104081391,22
source-05-bins128-r0.2-g0.5,8,0.25588906547142176,12843.579674435006,20
source-05-bins128-r0.2-g0.5,9,0.2638939567067815,12453.98584042097,16
source-05-bins128-r0.2-g0.5,10,0.2721492622518418,12076.209845307709,17
source-05-bins128-r0.2-g0.5,11,0.28066281573290164,11709.893209817345,23
source-05-bins128-r0.2-g0.5,12,0.2894426958329468,11354.688328689967,11
source-05-bins128-r0.2-g0.5,13,0.29849723395767497,11010.258140834,22
source-05-bins128-r0.2-g0.5,14,0.3078350221413353,10676.27580948209,22
source-05-bins128-r0.2-g0.5,15,0.31746492119988323,10352.42441204912,14
source-05-bins128-r0.2-g0.5,16,0.3273960691391879,10038.396639397946,11
source-05-bins128-r0.2-g0.5,17,0.3376378898262708,9733.89450422754,15
source-05-bins128-r0.2-g0.5,18,0.34820010193180334,9438.629058306835,14
source-05-bins128-r0.2-g0.5,19,0.3590927281523504,9152.320118285887,10
source-05-bins128-r0.2-g0.5,20,0.3703261047211087,8874.695999824255,8
source-05-bins128-r0.2-g0.5,21,0.381910891216169,8605.493259784205,8
source-05-bins128-r0.2-g0.5,22,0.3938580806756036,8344.456446244232,9
source-05-bins128-r0.2-g0.5,23,0.40617901002898327,8091.337856095537,14
source-05-bins128-r0.2-g0.5,24,0.4188853708552189,7845.8972999915495,7
source-05-bins128-r0.2-g0.5,25,0.43198922047693644,7607.901874427413,11
source-05-bins128-r0.2-g0.5,26,0.4455029934019148,7377.125740733117,8
source-05-bins128-r0.2-g0.5,27,0.4594395131224411,7153.349910770641,6
source-05-bins128-r0.2-g0.5,28,0.47381200428378195,6936.362039131679,9
source-05-bins128-r0.2-g0.5,29,0.4886341052333166,6725.956221638775,3
source-05-bins128-r0.2-g0.5,30,0.5039198809622402,6521.932799958707,6
source-05-bins128-r0.2-g0.5,31,0.5196838364521189,6324.098172142642,7
source-05-bins128-r0.2-g0.5,32,0.5359409304389594,6132.264608913347,4
source-05-bins128-r0.2-g0.5,33,0.5527065896078561,5946.250075525075,4
source-05-bins128-r0.2-g0.5,34,0.5699967232316848,5765.878059027112,5
source-05-bins128-r0.2-g0.5,35,0.5878277382677324,5590.977400767086,1
source-05-bins128-r0.2-g0.5,36,0.6062165549265912,5421.382133975042,3
source-05-bins128-r0.2-g0.5,37,0.6251806227280885,5256.931326274233,4
source-05-bins128-r0.2-g0.5,38,0.6447379370594888,5097.468926969127,6
source-05-bins128-r0.2-g0.5,39,0.6649070562516796,4942.843618965759,2
source-05-bins128-r0.2-g0.5,40,0.6857071191895479,4792.908675183866,4
source-05-bins128-r0.2-g0.5,41,0.7071578634732547,4647.521819324605,2
source-05-bins128-r0.2-g0.5,42,0.7292796441476423,4506.545090861695,3
source-05-bins128-r0.2-g0.5,44,0.7756209385673511,4237.290971372525,3
source-05-bins128-r0.2-g0.5,45,0.7998844265036604,4108.758079669753,5
source-05-bins128-r0.2-g0.5,46,0.8249069409406247,3984.124071560552,4
source-05-bins128-r0.2-g0.5,47,0.8507122262479817,3863.2706793153584,1
source-05-bins128-r0.2-g0.5,49,0.904769824124692,3632.450500190404,1
source-05-bins128-r0.2-g0.5,50,0.9330734330413559,3522.264683377021,1
source-05-bins128-r0.2-g0.5,51,0.9622624541991747,3415.42121471847,2
source-05-bins128-r0.2-g0.5,53,1.023408391915829,3211.3588535721374,3
source-05-bins128-r0.2-g0.5,54,1.0554233310909287,3113.946322185078,1
source-05-bins128-r0.2-g0.5,58,1.1938164439858192,2752.962247048727,3
source-05-bins128-r0.2-g0.5,59,1.2311622007163179,2669.454600122342,3
source-05-bins128-r0.2-g0.5,60,1.2696762321449915,2588.480052624639,2
source-05-bins128-r0.2-g0.5,61,1.30939508501476,2509.9617661707307,3
source-05-bins128-r0.2-g0.5,64,1.4361634045988876,2288.4106290933037,1
source-05-bins128-r0.2-g0.5,65,1.4810904194708927,2218.9945711572473,2
source-05-bins128-r0.2-g0.5,66,1.5274228709797355,2151.684162023081,1
source-05-bins128-r0.2-g0.5,70,1.7277072493847883,1902.250280751677,1
source-05-bins128-r0.2-g0.5,71,1.781754531914773,1844.547911247365,1
source-05-bins128-r0.2-g0.5,75,2.0153883249363713,1630.7187848290637,1
source-05-bins128-r0.2-g0.5,77,2.143454018920026,1533.287661498254,1
source-05-bins128-r0.2-g0.5,78,2.21050696726637,1486.77730894611,1
source-05-bins128-r0.2-g0.5,79,2.279657510355709,1441.6777894351785,2
source-05-bins128-r0.2-g0.5,85,2.742432228912044,1198.4002979365248,1
source-05-bins128-r0.2-g0.5,107,5.400645470311073,608.5442227722493,1
source-05-bins128-r0.2-g0.75,0,0.2,16432.658000994605,38
source-05-bins128-r0.2-g0.75,1,0.2062565324709068,15934.193990498205,50
source-05-bins128-r0.2-g0.75,2,0.21270878593461118,15450.85025876286,38
source-05-bins128-r0.2-g0.75,3,0.21936288306484647,14982.168151151536,39
source-05-bins128-r0.2-g0.75,4,0.22622513806888117,14527.702925738675,36
source-05-bins128-r0.2-g0.75,5,0.23330206267919784,14087.023331285625,32
source-05-bins128-r0.2-g0.75,6,0.24060037233260753,13659.711198017592,25
source-05-bins128-r0.2-g0.75,7,0.24812699254266365,13245.36104081391,22
source-05-bins128-r0.2-g0.75,8,0.25588906547142176,12843.579674435006,20
source-05-bins128-r0.2-g0.75,9,0.2638939567067815,12453.98584042097,16
source-05-bins128-r0.2-g0.75,10,0.2721492622518418,12076.209845307709,17
source-05-bins128-r0.2-g0.75,11,0.28066281573290164,11709.893209817345,23
source-05-bins128-r0.2-g0.75,12,0.2894426958329468,11354.688328689967,11
source-05-bins128-r0.2-g0.75,13,0.29849723395767497,11010.258140834,22
source-05-bins128-r0.2-g0.75,14,0.3078350221413353,10676.27580948209,22
source-05-bins128-r0.2-g0.75,15,0.31746492119988323,10352.42441204912,14
source-05-bins128-r0.2-g0.75,16,0.3273960691391879,10038.396639397946,11
source-05-bins128-r0.2-g0.75,17,0.3376378898262708,9733.89450422754,15
source-05-bins128-r0.2-g0.75,18,0.34820010193180334,9438.629058306835,14
source-05-bins128-r0.2-g0.75,19,0.3590927281523504,9152.320118285887,10
source-05-bins128-r0.2-g0.75,20,0.3703261047211087,8874.695999824255,8
source-05-bins128-r0.2-g0.75,21,0.381910891216169,8605.493259784205,8
source-05-bins128-r0.2-g0.75,22,0.3938580806756036,8344.456446244232,9
source-05-bins128-r0.2-g0.75,23,0.40617901002898327,8091.337856095537,14
source-05-bins128-r0.2-g0.75,24,0.4188853708552189,7845.8972999915495,7
source-05-bins128-r0.2-g0.75,25,0.43198922047693644,7607.901874427413,11
source-05-bins128-r0.2-g0.75,26,0.4455029934019148,7377.125740733117,8
source-05-bins128-r0.2-g0.75,27,0.4594395131224411,7153.349910770641,6
source-05-bins128-r0.2-g0.75,28,0.47381200428378195,6936.362039131679,9
source-05-bins128-r0.2-g0.75,29,0.4886341052333166,6725.956221638775,3
source-05-bins128-r0.2-g0.75,30,0.5039198809622402,6521.932799958707,6
source-05-bins128-r0.2-g0.75,31,0.5196838364521189,6324.098172142642,7
source-05-bins128-r0.2-g0.75,32,0.5359409304389594,6132.264608913347,4
source-05-bins128-r0.2-g0.75,33,0.5527065896078561,5946.250075525075,4
source-05-bins128-r0.2-g0.75,34,0.5699967232316848,5765.878059027112,5
source-05-bins128-r0.2-g0.75,35,0.5878277382677324,5590.977400767086,1
source-05-bins128-r0.2-g0.75,36,0.6062165549265912,5421.382133975042,3
source-05-bins128-r0.2-g0.75,37,0.6251806227280885,5256.931326274233,4
source-05-bins128-r0.2-g0.75,38,0.6447379370594888,5097.468926969127,6
source-05-bins128-r0.2-g0.75,39,0.6649070562516796,4942.843618965759,2
source-05-bins128-r0.2-g0.75,40,0.6857071191895479,4792.908675183866,4
source-05-bins128-r0.2-g0.75,41,0.7071578634732547,4647.521819324605,2
source-05-bins128-r0.2-g0.75,42,0.7292796441476423,4506.545090861695,3
source-05-bins128-r0.2-g0.75,44,0.7756209385673511,4237.290971372525,3
source-05-bins128-r0.2-g0.75,45,0.7998844265036604,4108.758079669753,5
source-05-bins128-r0.2-g0.75,46,0.8249069409406247,3984.124071560552,4
source-05-bins128-r0.2-g0.75,47,0.8507122262479817,3863.2706793153584,1
source-05-bins128-r0.2-g0.75,49,0.904769824124692,3632.450500190404,1
source-05-bins128-r0.2-g0.75,50,0.9330734330413559,3522.264683377021,1
source-05-bins128-r0.2-g0.75,51,0.9622624541991747,3415.42121471847,2
source-05-bins128-r0.2-g0.75,53,1.023408391915829,3211.3588535721374,3
source-05-bins128-r0.2-g0.75,54,1.0554233310909287,3113.946322185078,1
source-05-bins128-r0.2-g0.75,58,1.1938164439858192,2752.962247048727,3
source-05-bins128-r0.2-g0.75,59,1.2311622007163179,2669.454600122342,3
source-05-bins128-r0.2-g0.75,60,1.2696762321449915,2588.480052624639,2
source-05-bins128-r0.2-g0.75,61,1.30939508501476,2509.9617661707307,3
source-05-bins128-r0.2-g0.75,64,1.4361634045988876,2288.4106290933037,1
source-05-bins128-r0.2-g0.75,65,1.4810904194708927,2218.9945711572473,2
source-05-bins128-r0.2-g0.75,66,1.5274228709797355,2151.684162023081,1
source-05-bins128-r0.2-g0.75,70,1.7277072493847883,1902.250280751677,1
source-05-bins128-r0.2-g0.75,71,1.781754531914773,1844.547911247365,1
source-05-bins128-r0.2-g0.75,75,2.0153883249363713,1630.7187848290637,1
source-05-bins128-r0.2-g0.75,77,2.143454018920026,1533.287661498254,1
source-05-bins128-r0.2-g0.75,78,2.21050696726637,1486.77730894611,1
source-05-bins128-r0.2-g0.75,79,2.279657510355709,1441.6777894351785,2
source-05-bins128-r0.2-g0.75,85,2.742432228912044,1198.4002979365248,1
source-05-bins128-r0.2-g0.75,107,5.400645470311073,608.5442227722493,1
source-05-bins128-r0.2-g1,0,0.2,16432.658000994605,38
source-05-bins128-r0.2-g1,1,0.2062565324709068,15934.193990498205,50
source-05-bins128-r0.2-g1,2,0.21270878593461118,15450.85025876286,38
source-05-bins128-r0.2-g1,3,0.21936288306484647,14982.168151151536,39
source-05-bins128-r0.2-g1,4,0.22622513806888117,14527.702925738675,36
source-05-bins128-r0.2-g1,5,0.23330206267919784,14087.023331285625,32
source-05-bins128-r0.2-g1,6,0.24060037233260753,13659.711198017592,25
source-05-bins128-r0.2-g1,7,0.24812699254266365,13245.36104081391,22
source-05-bins128-r0.2-g1,8,0.25588906547142176,12843.579674435006,20
source-05-bins128-r0.2-g1,9,0.2638939567067815,12453.98584042097,16
source-05-bins128-r0.2-g1,10,0.2721492622518418,12076.209845307709,17
source-05-bins128-r0.2-g1,11,0.28066281573290164,11709.893209817345,23
source-05-bins128-r0.2-g1,12,0.2894426958329468,11354.688328689967,11
source-05-bins128-r0.2-g1,13,0.29849723395767497,11010.258140834,22
source-05-bins128-r0.2-g1,14,0.3078350221413353,10676.27580948209,22
source-05-bins128-r0.2-g1,15,0.31746492119988323,10352.42441204912,14
source-05-bins128-r0.2-g1,16,0.3273960691391879,10038.396639397946,11
source-05-bins128-r0.2-g1,17,0.3376378898262708,9733.89450422754,15
source-05-bins128-r0.2-g1,18,0.34820010193180334,9438.629058306835,14
source-05-bins128-r0.2-g1,19,0.3590927281523504,9152.320118285887,10
source-05-bins128-r0.2-g1,20,0.3703261047211087,8874.695999824255,8
source-05-bins128-r0.2-g1,21,0.381910891216169,8605.493259784205,8
source-05-bins128-r0.2-g1,22,0.3938580806756036,8344.456446244232,9
source-05-bins128-r0.2-g1,23,0.40617901002898327,8091.337856095537,14
source-05-bins128-r0.2-g1,24,0.4188853708552189,7845.8972999915495,7
source-05-bins128-r0.2-g1,25,0.43198922047693644,7607.901874427413,11
source-05-bins128-r0.2-g1,26,0.4455029934019148,7377.125740733117,8
source-05-bins128-r0.2-g1,27,0.4594395131224411,7153.349910770641,6
source-05-bins128-r0.2-g1,28,0.47381200428378195,6936.362039131679,9
source-05-bins128-r0.2-g1,29,0.4886341052333166,6725.956221638775,3
source-05-bins128-r0.2-g1,30,0.5039198809622402,6521.932799958707,6
source-05-bins128-r0.2-g1,31,0.5196838364521189,6324.098172142642,7
source-05-bins128-r0.2-g1,32,0.5359409304389594,6132.264608913347,4
source-05-bins128-r0.2-g1,33,0.5527065896078561,5946.250075525075,4
source-05-bins128-r0.2-g1,34,0.5699967232316848,5765.878059027112,5
source-05-bins128-r0.2-g1,35,0.5878277382677324,5590.977400767086,1
source-05-bins128-r0.2-g1,36,0.6062165549265912,5421.382133975042,3
source-05-bins128-r0.2-g1,37,0.6251806227280885,5256.931326274233,4
source-05-bins128-r0.2-g1,38,0.6447379370594888,5097.468926969127,6
source-05-bins128-r0.2-g1,39,0.6649070562516796,4942.843618965759,2
source-05-bins128-r0.2-g1,40,0.6857071191895479,4792.908675183866,4
source-05-bins128-r0.2-g1,41,0.7071578634732547,4647.521819324605,2
source-05-bins128-r0.2-g1,42,0.7292796441476423,4506.545090861695,3
source-05-bins128-r0.2-g1,44,0.7756209385673511,4237.290971372525,3
source-05-bins128-r0.2-g1,45,0.7998844265036604,4108.758079669753,5
source-05-bins128-r0.2-g1,46,0.8249069409406247,3984.124071560552,4
source-05-bins128-r0.2-g1,47,0.8507122262479817,3863.2706793153584,1
source-05-bins128-r0.2-g1,49,0.904769824124692,3632.450500190404,1
source-05-bins128-r0.2-g1,50,0.9330734330413559,3522.264683377021,1
source-05-bins128-r0.2-g1,51,0.9622624541991747,3415.42121471847,2
source-05-bins128-r0.2-g1,53,1.023408391915829,3211.3588535721374,3
source-05-bins128-r0.2-g1,54,1.0554233310909287,3113.946322185078,1
source-05-bins128-r0.2-g1,58,1.1938164439858192,2752.962247048727,3
source-05-bins128-r0.2-g1,59,1.2311622007163179,2669.454600122342,3
source-05-bins128-r0.2-g1,60,1.2696762321449915,2588.480052624639,2
source-05-bins128-r0.2-g1,61,1.30939508501476,2509.9617661707307,3
source-05-bins128-r0.2-g1,64,1.4361634045988876,2288.4106290933037,1
source-05-bins128-r0.2-g1,65,1.4810904194708927,2218.9945711572473,2
source-05-bins128-r0.2-g1,66,1.5274228709797355,2151.684162023081,1
source-05-bins128-r0.2-g1,70,1.7277072493847883,1902.250280751677,1
source-05-bins128-r0.2-g1,71,1.781754531914773,1844.547911247365,1
source-05-bins128-r0.2-g1,75,2.0153883249363713,1630.7187848290637,1
source-05-bins128-r0.2-g1,77,2.143454018920026,1533.287661498254,1
source-05-bins128-r0.2-g1,78,2.21050696726637,1486.77730894611,1
source-05-bins128-r0.2-g1,79,2.279657510355709,1441.6777894351785,2
source-05-bins128-r0.2-g1,85,2.742432228912044,1198.4002979365248,1
source-05-bins128-r0.2-g1,107,5.400645470311073,608.5442227722493,1
source-05-bins128-r0.3-g1,0,0.3,10955.105333996406,33
source-05-bins128-r0.3-g1,1,0.30839861993526435,10656.764939119357,50
source-05-bins128-r0.3-g1,2,0.3170323625932522,10366.549248524172,36
source-05-bins128-r0.3-g1,3,0.32590781032858435,10084.23700213075,30
source-05-bins128-r0.3-g1,4,0.33503172977153106,9809.612965434984,28
source-05-bins128-r0.3-g1,5,0.34441107698688206,9542.46776541423,40
source-05-bins128-r0.3-g1,6,0.3540530027772418,9282.597730901596,27
source-05-bins128-r0.3-g1,7,0.36396485813479224,9029.804737307286,16
source-05-bins128-r0.3-g1,8,0.37415419984568077,8783.896055568654,24
source-05-bins128-r0.3-g1,9,0.38462879625130353,8544.684205213829,12
source-05-bins128-r0.3-g1,10,0.39539663317088003,8311.986811426814,12
source-05-bins128-r0.3-g1,11,0.4064659199898313,8085.626466005174,23
source-05-bins128-r0.3-g1,12,0.41784509591860525,7865.430592104222,18
source-05-bins128-r0.3-g1,13,0.4295428364267201,7651.231312664675,10
source-05-bins128-r0.3-g1,14,0.44156805985693165,7442.865322423366,19
source-05-bins128-r0.3-g1,15,0.45392993422456646,7240.1737634095325,22
source-05-bins128-r0.3-g1,16,0.46663788420720537,7043.002103831701,13
source-05-bins128-r0.3-g1,17,0.4797015983300462,6851.200020262822,14
source-05-bins128-r0.3-g1,18,0.49313103635242256,6664.621283033904,11
source-05-bins128-r0.3-g1,19,0.5069364368611128,6483.12364474867,13
source-05-bins128-r0.3-g1,20,0.5211283250762249,6306.56873183434,13
source-05-bins128-r0.3-g1,21,0.535717520875612,6134.8219390457825,9
source-05-bins128-r0.3-g1,22,0.5507151470439331,5967.752326842645,7
source-05-bins128-r0.3-g1,23,0.5661326377526507,5805.232521561214,7
source-05-bins128-r0.3-g1,24,0.5819817472774279,5647.138618304892,7
source-05-bins128-r0.3-g1,25,0.5982745589595755,5493.350086479254,11
source-05-bins128-r0.3-g1,26,0.6150234944183732,5343.749677899686,12
source-05-bins128-r0.3-g1,27,0.6322413230213004,5198.223337401495,6
source-05-bins128-r0.3-g1,28,0.6499411716193825,5056.660115884419,9
source-05-bins128-r0.3-g1,29,0.6681365345550879,4918.952085725146,7
source-05-bins128-r0.3-g1,30,0.6868412839503973,4784.994258493451,6
source-05-bins128-r0.3-g1,31,0.7060696802828921,4654.68450490913,6
source-05-bins128-r0.3-g1,32,0.7258363832579241,4527.923476978779,6
source-05-bins128-r0.3-g1,33,0.7461564629851581,4404.614532252995,3
source-05-bins128-r0.3-g1,34,0.7670454114680034,4284.6636601463015,6
source-05-bins128-r0.3-g1,35,0.7885191544146977,4167.979410263596,6
source-05-bins128-r0.3-g1,36,0.8105940633800478,4054.47282267848,5
source-05-bins128-r0.3-g1,37,0.8332869682470833,3944.057360110318,2
source-05-bins128-r0.3-g1,38,0.8566151700581367,3836.6488419483294,5
source-05-bins128-r0.3-g1,39,0.8805964542051371,3732.1653800723975,1
source-05-bins128-r0.3-g1,40,0.9052491039891717,3630.527316421662,2
source-05-bins128-r0.3-g1,41,0.9305919145596506,3531.6571622633155,5
source-05-bins128-r0.3-g1,42,0.9566442072437059,3435.4795391152925,4
source-05-bins128-r0.3-g1,43,0.9834258442767466,3341.921121277809,4
source-05-bins128-r0.3-g1,44,1.010957243945403,3250.9105799299373,2
source-05-bins128-r0.3-g1,45,1.039259396154402,3162.378528748605,2
source-05-bins128-r0.3-g1,46,1.0683538784292461,3076.257471008543,3
source-05-bins128-r0.3-g1,47,1.098262872366889,2992.481748122878,2
source-05-bins128-r0.3-g1,49,1.1606162439164207,2831.7125642742544,2
source-05-bins128-r0.3-g1,50,1.1931081596609145,2754.596533086292,6
source-05-bins128-r0.3-g1,51,1.2265096995764304,2679.58060285533,3
source-05-bins128-r0.3-g1,52,1.2608463289552896,2606.6075815298373,2
source-05-bins128-r0.3-g1,55,1.3697322207688416,2399.3971597997197,1
source-05-bins128-r0.3-g1,56,1.4080784218865854,2334.0543744683823,1
source-05-bins128-r0.3-g1,57,1.4474981402348261,2270.491069277471,2
source-05-bins128-r0.3-g1,59,1.5296791841599522,2148.5103767060623,3
source-05-bins128-r0.3-g1,60,1.5725031644621013,2089.9999913978736,1
source-05-bins128-r0.3-g1,64,1.7561281842031475,1871.464526201544,1
source-05-bins128-r0.3-g1,65,1.8052916947922417,1820.4989308263257,3
source-05-bins128-r0.3-g1,66,1.8558315575150726,1770.921281562607,3
source-05-bins128-r0.3-g1,67,1.9077863038998686,1722.6937804724992,1
source-05-bins128-r0.3-g1,68,1.9611955441803954,1675.7796589693955,3
source-05-bins128-r0.3-g1,71,2.130563151433363,1542.564743029497,1
source-05-bins128-r0.3-g1,72,2.1902091186232564,1500.5560757891476,2
source-05-bins128-r0.3-g1,73,2.251524898510147,1459.6914306271483,1
source-05-bins128-r0.3-g1,78,2.5848337171955333,1271.4673204451656,2
source-05-bins128-r0.3-g1,83,2.967484547904398,1107.5143095588587,1
source-05-bins128-r0.3-g1,84,3.050560464176462,1077.3533712226101,1
source-05-bins128-r0.3-g1,86,3.223754637304772,1019.4732446966356,1
source-05-bins128-r0.3-g1,87,3.314004937182335,991.709928770724,2
source-05-bins128-r0.3-g1,93,3.911111330760035,840.3063278590587,1
source-05-bins128-r0.3-g1,114,6.984169553277602,470.56870185183067,1
source-05-bins128-r0.4-g1,0,0.4,8216.329000497302,31
source-05-bins128-r0.4-g1,1,0.41026776259877934,8010.699108750056,46
source-05-bins128-r0.4-g1,2,0.42079909256952086,7810.2155119451645,32
source-05-bins128-r0.4-g1,3,0.4316007555302348,7614.749413868185,27
source-05-bins128-r0.4-g1,4,0.4426796907683304,7424.1752416847985,33
source-05-bins128-r0.4-g1,5,0.45404301569860595,7238.370565269355,28
source-05-bins128-r0.4-g1,6,0.4656980304356737,7057.216018552362,26
source-05-bins128-r0.4-g1,7,0.4776522224837552,6880.595222836412,25
source-05-bins128-r0.4-g1,8,0.48991327154686154,6708.394712031302,19
source-05-bins128-r0.4-g1,9,0.5024890544624476,6540.503859760258,18
source-05-bins128-r0.4-g1,10,0.5153876502617114,6376.814808290489,16
source-05-bins128-r0.4-g1,11,0.5286173453597862,6217.222399242405,8
source-05-bins128-r0.4-g1,12,0.5421866388791643,6061.624106032945,22
source-05-bins128-r0.4-g1,13,0.5561042481097677,5909.9199680096735,17
source-05-bins128-r0.4-g1,14,0.5703791141091771,5762.012526233283,10
source-05-bins128-r0.4-g1,15,0.5850204074466147,5617.806760867277,16
source-05-bins128-r0.4-g1,16,0.6000375340943722,5477.210030134589,16
source-05-bins128-r0.4-g1,17,0.615440141470467,5340.132010801949,18
source-05-bins128-r0.4-g1,18,0.6312381246364117,5206.484640153726,14
source-05-bins128-r0.4-g1,19,0.6474416326540751,5076.18205941801,7
source-05-bins128-r0.4-g1,20,0.6640610751057203,4949.140558608553,15
source-05-bins128-r0.4-g1,21,0.6811071287814096,4825.278522747161,9
source-05-bins128-r0.4-g1,22,0.6985907445380688,4704.5163794319715,12
source-05-bins128-r0.4-g1,23,0.7165231543346223,4586.776547717931,8
source-05-bins128-r0.4-g1,24,0.7349158784477132,4471.983388276658,7
source-05-bins128-r0.4-g1,25,0.7537807328726494,4360.063154803637,6
source-05-bins128-r0.4-g1,26,0.7731298369143249,4250.943946641554,7
source-05-bins128-r0.4-g1,27,0.7929756209729981,4144.55566258932,8
source-05-bins128-r0.4-g1,28,0.8133308345299238,4040.829955867121,12
source-05-bins128-r0.4-g1,29,0.8342085543379746,3939.7001902085535,7
source-05-bins128-r0.4-g1,30,0.8556221928225076,3841.101397051639,6
source-05-bins128-r0.4-g1,31,0.8775855066978787,3744.970233801225,8
source-05-bins128-r0.4-g1,32,0.900112605805137,3651.244943135941,7
source-05-bins128-r0.4-g1,33,0.9232179621765764,3559.8653133335947,6
source-05-bins128-r0.4-g1,34,0.9469164193329711,3470.7726395894865,7
source-05-bins128-r0.4-g1,35,0.9712232018194639,3383.909686302819,4
source-05-bins128-r0.4-g1,36,0.9961539249862352,3299.2206503069638,2
source-05-bins128-r0.4-g1,37,1.021724605020237,3216.6511250199615,6
source-05-bins128-r0.4-g1,38,1.0479516692344357,3136.1480654922225,6
source-05-bins128-r0.4-g1,39,1.0748519666211698,3057.659754328993,3
source-05-bins128-r0.4-g1,40,1.1024427786764128,2981.1357684656564,4
source-05-bins128-r0.4-g1,41,1.1307418305018826,2906.5269467745666,2
source-05-bins128-r0.4-g1,42,1.159767302192139,2833.785358482576,4
source-05-bins128-r0.4-g1,43,1.1895378405139778,2762.8642723789853,1
source-05-bins128-r0.4-g1,44,1.2200725708856333,2693.718126794109,3
source-05-bins128-r0.4-g1,45,1.2513911096634731,2626.3025003292078,3
source-05-bins128-r0.4-g1,46,1.2835135767440922,2560.5740833189425,6
source-05-bins128-r0.4-g1,47,1.3164606084898882,2496.490650008055,2
source-05-bins128-r0.4-g1,48,1.3502533709864348,2434.011031424367,2
source-05-bins128-r0.4-g1,49,1.3849135736401603,2373.0950889306937,2
source-05-bins128-r0.4-g1,50,1.4204634831250709,2313.703688438673,3
source-05-bins128-r0.4-g1,51,1.4569259376874792,2255.7986752679426,2
source-05-bins128-r0.4-g1,53,1.5326827812997237,2144.299942752618,2
source-05-bins128-r0.4-g1,54,1.5720258386437795,2090.6345935345967,6
source-05-bins128-r0.4-g1,55,1.6123788089196325,2038.3123258739972,1
source-05-bins128-r0.4-g1,56,1.653767615992856,1987.2995264971487,4
source-05-bins128-r0.4-g1,60,1.8302233421259908,1795.6997512561936,1
source-05-bins128-r0.4-g1,61,1.8772040890752262,1750.75881164204,1
source-05-bins128-r0.4-g1,62,1.9253908039154315,1706.9426079710697,2
source-05-bins128-r0.4-g1,63,1.9748144431266228,1664.2229915006717,1
source-05-bins128-r0.4-g1,64,2.0255067578232846,1622.57251796622,2
source-05-bins128-r0.4-g1,65,2.0775003141521657,1581.9644299501178,1
source-05-bins128-r0.4-g1,70,2.3581862693811266,1393.6692121701758,3
source-05-bins128-r0.4-g1,71,2.4187195113253934,1358.7898823365385,3
source-05-bins128-r0.4-g1,72,2.4808066056637044,1324.7834767513675,2
source-05-bins128-r0.4-g1,73,2.5444874388648,1291.628148757998,1
source-05-bins128-r0.4-g1,74,2.6098029212593996,1259.3025984555784,2
source-05-bins128-r0.4-g1,77,2.815982281501427,1167.0995310547928,3
source-05-bins128-r0.4-g1,79,2.9624069718691235,1109.4125930055086,1
source-05-bins128-r0.4-g1,84,3.3626504880850803,977.3634256203932,2
source-05-bins128-r0.4-g1,89,3.8169699208763483,861.0315691050449,1
source-05-bins128-r0.4-g1,91,4.015443697674806,818.472838282362,1
source-05-bins128-r0.4-g1,92,4.118517754216032,797.9889359065102,1
source-05-bins128-r0.4-g1,93,4.224237660613901,778.0176837212553,2
source-05-bins128-r0.4-g1,100,5.0442912672295215,651.53485912878,1
source-05-bins128-r0.4-g1,118,7.96037239911448,412.86153906122763,1
source-05-bins128-r0.55-g1,0,0.55,5975.512000361675,24
source-05-bins128-r0.55-g1,1,0.5627054137792902,5840.589977845845,42
source-05-bins128-r0.55-g1,2,0.5757043321754949,5708.714380834415,33
source-05-bins128-r0.55-g1,3,0.5890035353660759,5579.816423608197,25
source-05-bins128-r0.55-g1,4,0.6026099601556955,5453.82887357153,29
source-05-bins128-r0.55-g1,5,0.6165307035944221,5330.686016184086,23
source-05-bins128-r0.55-g1,6,0.6307730266795203,5210.32362068444,36
source-05-bins128-r0.55-g1,7,0.6453443581427539,5092.678906587607,19
source-05-bins128-r0.55-g1,8,0.6602522983251796,4977.690510939014,17
source-05-bins128-r0.55-g1,9,0.67550462314145,4865.2984563078635,20
source-05-bins128-r0.55-g1,10,0.6911092881356966,4755.444119503171,17
source-05-bins128-r0.55-g1,11,0.7070744326311051,4648.070200996181,11
source-05-bins128-r0.55-g1,12,0.7234083839753506,4543.120695033176,11
source-05-bins128-r0.55-g1,13,0.740119661884104,4440.540860423137,15
source-05-bins128-r0.55-g1,14,0.7572169828848784,4340.277191984983,16
source-05-bins128-r0.55-g1,15,0.7747092648635294,4242.277392639505,15
source-05-bins128-r0.55-g1,16,0.7926056317157855,4146.490346131447,9
source-05-bins128-r0.55-g1,17,0.8109154181062304,4052.866090367496,16
source-05-bins128-r0.55-g1,18,0.8296481743372227,3961.3557913562795,15
source-05-bins128-r0.55-g1,19,0.84881367133029,3871.911717736775,15
source-05-bins128-r0.55-g1,20,0.8684219057225986,3784.487215881843,13
source-05-bins128-r0.55-g1,21,0.8884831050811539,3699.0366855639086,8
source-05-bins128-r0.55-g1,22,0.9090077332374531,3615.515556170088,11
source-05-bins128-r0.55-g1,23,0.9300064957453738,3533.880263454353,11
source-05-bins128-r0.55-g1,24,0.9514903454651422,3454.0882268146174,10
source-05-bins128-r0.55-g1,25,0.9734704882762957,3376.0978270828896,6
source-05-bins128-r0.55-g1,26,0.9959583889226191,3299.868384816896,8
source-05-bins128-r0.55-g1,27,1.0189657769921048,3225.360139081871,8
source-05-bins128-r0.55-g1,28,1.0425046530350512,3152.5342267114283,4
source-05-bins128-r0.55-g1,29,1.0665872948234978,3081.352662036713,7
source-05-bins128-r0.55-g1,30,1.0912262637552546,3011.778317073241,7
source-05-bins128-r0.55-g1,31,1.1164344114058717,2943.774902155113,11
source-05-bins128-r0.55-g1,32,1.1422248862319622,2877.306947006489,8
source-05-bins128-r0.55-g1,33,1.1686111404293797,2812.3397822404463,4
source-05-bins128-r0.55-g1,34,1.1956069369498226,2748.8395212755872,8
source-05-bins128-r0.55-g1,35,1.2232263566795267,2686.7730426609505,6
source-05-bins128-r0.55-g1,36,1.2514838057837938,2626.107972800011,5
source-05-bins128-r0.55-g1,37,1.2803940232211823,2566.8126690647537,6
source-05-bins128-r0.55-g1,38,1.3099720884312829,2508.8562032910236,6
source-05-bins128-r0.55-g1,39,1.3402334292000835,2452.2083456465366,3
source-05-bins128-r0.55-g1,40,1.371193829707036,2396.839548863131,4
source-05-bins128-r0.55-g1,41,1.4028694387580132,2342.720932825046,4
source-05-bins128-r0.55-g1,42,1.4352767782084517,2289.824269505183,5
source-05-bins128-r0.55-g1,43,1.4684327515810787,2238.1219682414976,4
source-05-bins128-r0.55-g1,44,1.5023546528827136,2187.587061345824,3
source-05-bins128-r0.55-g1,45,1.537060175624744,2138.1931900376626,3
source-05-bins128-r0.55-g1,46,1.5725674220519816,2089.9145906955487,3
source-05-bins128-r0.55-g1,47,1.6088949125847125,2042.7260814188676,1
source-05-bins128-r0.55-g1,48,1.6460615954788644,1996.6030488930876,2
source-05-bins128-r0.55-g1,49,1.6840868567093328,1951.5214355515657,3
source-05-bins128-r0.55-g1,50,1.7229905300816168,1907.4577270272289,2
source-05-bins128-r0.55-g1,51,1.7627929075770448,1864.3889398875856,6
source-05-bins128-r0.55-g1,52,1.80351474993698,1822.2926096466704,2
source-05-bins128-r0.55-g1,53,1.84517729749153,1781.146779047669,2
source-05-bins128-r0.55-g1,54,1.8878022812384065,1740.9299866101137,2
source-05-bins128-r0.55-g1,55,1.931411934177719,1701.6212554356678,2
source-05-bins128-r0.55-g1,56,1.9760290029086045,1663.200082266672,3
source-05-bins128-r0.55-g1,58,2.0683790135980127,1588.940701192811,1
source-05-bins128-r0.55-g1,59,2.1161601249074,1553.06375992825,2
source-05-bins128-r0.55-g1,60,2.1650450158350045,1517.9968897466026,5
source-05-bins128-r0.55-g1,61,2.215059184520411,1483.721799925855,1
source-05-bins128-r0.55-g1,62,2.266228718129409,1450.2206127330744,4
source-05-bins128-r0.55-g1,66,2.48300363188301,1323.6112738613062,1
source-05-bins128-r0.55-g1,67,2.5403628838076533,1293.7252473445305,1
source-05-bins128-r0.55-g1,68,2.599047177604613,1264.5140221071022,2
source-05-bins128-r0.55-g1,70,2.720514035773578,1208.0553737207226,2
source-05-bins128-r0.55-g1,71,2.7833599567133414,1180.7785019943078,2
source-05-bins128-r0.55-g1,77,3.1921243349720965,1029.575058901222,3
source-05-bins128-r0.55-g1,78,3.265864808628027,1006.328122191799,3
source-05-bins128-r0.55-g1,79,3.3413087427022843,983.6060817118439,2
source-05-bins128-r0.55-g1,80,3.4184954884120877,961.3970857470798,2
source-05-bins128-r0.55-g1,81,3.497465306017383,939.6895501849438,1
source-05-bins128-r0.55-g1,84,3.7454898728444244,877.4637528796846,3
source-05-bins128-r0.55-g1,86,3.9205359016654144,838.2863166239154,1
source-05-bins128-r0.55-g1,91,4.394783196219944,747.8256499719358,1
source-05-bins128-r0.55-g1,92,4.49630599436221,730.9403773497199,1
source-05-bins128-r0.55-g1,97,5.040201269599909,652.0635634179358,1
source-05-bins128-r0.55-g1,98,5.156633710802036,637.3405179651108,1
source-05-bins128-r0.55-g1,99,5.275755828991084,622.9499064643833,1
source-05-bins128-r0.55-g1,100,5.397629757728966,608.8842228374177,2
source-05-bins128-r0.55-g1,106,6.190325925778444,530.9141456531038,1
source-05-bins128-r0.55-g1,121,8.719459722228118,376.91917904279285,1
source-05-bins512-r0.2-g1,0,0.2,16432.658000994605,7
source-05-bins512-r0.2-g1,1,0.2015370003041079,16307.336098283351,6
source-05-bins512-r0.2-g1,2,0.20308581245788995,16182.96994961372,11
source-05-bins512-r0.2-g1,3,0.20464652723542887,16059.552266030096,14
source-05-bins512-r0.2-g1,4,0.20621923610840623,15937.075814165286,17
source-05-bins512-r0.2-g1,5,0.20780403125146388,15815.533415816588,11
source-05-bins512-r0.2-g1,6,0.20940100554760557,15694.917947525117,14
source-05-bins512-r0.2-g1,7,0.21101025259364145,15575.222340158258,7
source-05-bins512-r0.2-g1,8,0.212631866705673,15456.439578495394,12
source-05-bins512-r0.2-g1,9,0.21426594292462128,15338.562700816725,10
source-05-bins512-r0.2-g1,10,0.2159125770217968,15221.584798495269,11
source-05-bins512-r0.2-g1,11,0.2175718655045129,15105.499015591937,4
source-05-bins512-r0.2-g1,12,0.21924390562174173,14990.29854845373,9
source-05-bins512-r0.2-g1,13,0.2209287953698138,14875.976645314975,13
source-05-bins512-r0.2-g1,14,0.22262663349816184,14762.526605901612,7
source-05-bins512-r0.2-g1,15,0.22433751951510778,14649.941781038518,11
source-05-bins512-r0.2-g1,16,0.2260615536936954,14538.215572259773,6
source-05-bins512-r0.2-g1,17,0.22779883707756698,14427.341431421952,6
source-05-bins512-r0.2-g1,18,0.22954947148688523,14317.31286032035,12
source-05-bins512-r0.2-g1,19,0.231313559524301,14208.123410308117,12
source-05-bins512-r0.2-g1,20,0.23309120458096666,14099.766681918323,13
source-05-bins512-r0.2-g1,21,0.2348825108425958,13992.236324488875,6
source-05-bins512-r0.2-g1,22,0.23668758329556924,13885.526035790337,4
source-05-bins512-r0.2-g1,23,0.23850652773308859,13779.629561656533,9
source-05-bins512-r0.2-g1,24,0.24033945076137592,13674.54069561803,10
source-05-bins512-r0.2-g1,25,0.24218645980592274,13570.253278538357,4
source-05-bins512-r0.2-g1,26,0.24404766311778534,13466.76119825304,4
source-05-bins512-r0.2-g1,27,0.24592316977992965,13364.058389211372,6
source-05-bins512-r0.2-g1,28,0.24781308971362428,13262.138832120918,4
source-05-bins512-r0.2-g1,29,0.24971753368488306,13160.996553594727,8
source-05-bins512-r0.2-g1,30,0.25163661331095677,13060.625625801247,4
source-05-bins512-r0.2-g1,31,0.2535704410668749,12961.020166116898,8
source-05-bins512-r0.2-g1,32,0.25551913029203777,12862.174336781283,5
source-05-bins512-r0.2-g1,33,0.25748279519685896,12764.082344555089,5
source-05-bins512-r0.2-g1,34,0.25946155086945955,12666.73844038049,4
source-05-bins512-r0.2-g1,35,0.2614555132824129,12570.136919044246,2
source-05-bins512-r0.2-g1,36,0.2634647992995417,12474.27211884331,6
source-05-bins512-r0.2-g1,37,0.2654895266827673,12379.13842125301,4
source-05-bins512-r0.2-g1,38,0.2675298140990117,12284.73025059775,1
source-05-bins512-r0.2-g1,39,0.2695857811271522,12191.04207372422,5
source-05-bins512-r0.2-g1,40,0.27165754826503025,12098.06839967711,7
source-05-bins512-r0.2-g1,41,0.27374523693651304,12005.803779377295,3
source-05-bins512-r0.2-g1,42,0.27584896949861054,11914.24280530247,8
source-05-bins512-r0.2-g1,43,0.27796886924864667,11823.380111170209,2
source-05-bins512-r0.2-g1,44,0.28010506043148514,11733.210371623474,7
source-05-bins512-r0.2-g1,45,0.2822576682468119,11643.72830191848,4
source-05-bins512-r0.2-g1,46,0.28442681885647264,11554.92865761498,6
source-05-bins512-r0.2-g1,47,0.2866126393918668,11466.806234268895,5
source-05-bins512-r0.2-g1,48,0.2888152579613992,11379.35586712726,2
source-05-bins512-r0.2-g1,49,0.2910348036579875,11292.572430825565,2
source-05-bins512-r0.2-g1,50,0.2932714065666291,11206.450839087327,4
source-05-bins512-r0.2-g1,51,0.29552519777202446,11120.986044426012,4
source-05-bins512-r0.2-g1,52,0.2977963093662601,11036.173037849207,8
source-05-bins512-r0.2-g1,53,0.30008487445655097,10952.006848565023,4
source-05-bins512-r0.2-g1,54,0.3023910271730404,10868.482543690805,6
source-05-bins512-r0.2-g1,55,0.30471490267666274,10785.595227963977,2
source-05-bins512-r0.2-g1,56,0.30705663716706394,10703.340043455171,7
source-05-bins512-r0.2-g1,57,0.30941636789058463,10621.712169283495,8
source-05-bins512-r0.2-g1,58,0.3117942331483035,10540.706821333984,6
source-05-bins512-r0.2-g1,59,0.3141903723041437,10460.31925197721,2
source-05-bins512-r0.2-g1,60,0.3166049257930399,10380.544749791037,3
source-05-bins512-r0.2-g1,61,0.3190380351291698,10301.37863928448,4
source-05-bins512-r0.2-g1,62,0.32148984291424737,10222.816280623692,6
source-05-bins512-r0.2-g1,63,0.3239604928458814,10144.85306936001,1
source-05-bins512-r0.2-g1,64,0.3264501297259967,10067.484436160112,4
source-05-bins512-r0.2-g1,65,0.32895889946932133,9990.705846538203,2
source-05-bins512-r0.2-g1,66,0.33148694911193805,9914.512800590259,4
source-05-bins512-r0.2-g1,67,0.33403442681990225,9838.900832730289,3
source-05-bins512-r0.2-g1,68,0.33660148189792577,9763.865511428618,4
source-05-bins512-r0.2-g1,69,0.3391882647981272,9689.40243895215,6
source-05-bins512-r0.2-g1,70,0.34179492712884996,9615.507251106636,2
source-05-bins512-r0.2-g1,71,0.3444216216635479,9542.175616980881,3
source-05-bins512-r0.2-g1,72,0.34706850234973885,9469.403238692927,2
source-05-bins512-r0.2-g1,73,0.349735724318028,9397.185851138136,5
source-05-bins512-r0.2-g1,74,0.35242344389119906,9325.51922173925,3
source-05-bins512-r0.2-g1,75,0.35513181859337667,9254.399150198298,3
source-05-bins512-r0.2-g1,76,0.3578610071592587,9183.821468250431,1
source-05-bins512-r0.2-g1,77,0.36061116954341943,9113.782039419624,2
source-05-bins512-r0.2-g1,78,0.3633824669296841,9044.276758776248,6
source-05-bins512-r0.2-g1,79,0.3661750617405762,8975.301552696475,1
source-05-bins512-r0.2-g1,80,0.3689891176468362,8906.852378623531,1
source-05-bins512-r0.2-g1,81,0.37182479957701464,8838.925224830773,1
source-05-bins512-r0.2-g1,82,0.37468227372713825,8771.516110186552,4
source-05-bins512-r0.2-g1,83,0.37756170757045054,8704.621083920902,3
source-05-bins512-r0.2-g1,85,0.383387130674666,8572.357643866248,3
source-05-bins512-r0.2-g1,86,0.3863334613568561,8506.981478270538,1
source-05-bins512-r0.2-g1,87,0.38930243459481884,8442.103896985649,4
source-05-bins512-r0.2-g1,88,0.39229422439662975,8377.721097611848,2
source-05-bins512-r0.2-g1,89,0.39530900610761677,8313.82930674798,1
source-05-bins512-r0.2-g1,90,0.3983469564206368,8250.42477977035,1
source-05-bins512-r0.2-g1,91,0.4014082533864316,8187.503800613215,1
source-05-bins512-r0.2-g1,92,0.40449307642406346,8125.062681551017,5
source-05-bins512-r0.2-g1,93,0.40760160633143006,8063.09776298224,4
source-05-bins512-r0.2-g1,94,0.4107340252958615,8001.605413214926,3
source-05-bins512-r0.2-g1,95,0.4138905169047975,7940.582028253826,4
source-05-bins512-r0.2-g1,96,0.4170712661565477,7880.024031589174,3
source-05-bins512-r0.2-g1,97,0.4202764594711341,7819.927873987075,3
source-05-bins512-r0.2-g1,98,0.4235062847012168,7760.290033281479,2
source-05-bins512-r0.2-g1,100,0.4300405895478453,7642.375347997865,3
source-05-bins512-r0.2-g1,101,0.4333454521324142,7584.091592577,1
source-05-bins512-r0.2-g1,102,0.4366757125909707,7526.252331961908,2
source-05-bins512-r0.2-g1,103,0.4400315661062149,7468.854176260658,3
source-05-bins512-r0.2-g1,104,0.4434132093608266,7411.89376143396,3
source-05-bins512-r0.2-g1,106,0.45025465938801956,7299.272826328845,3
source-05-bins512-r0.2-g1,107,0.45371486713004655,7243.605705468133,3
source-05-bins512-r0.2-g1,108,0.4572016665738323,7188.363123930538,2
source-05-bins512-r0.2-g1,109,0.4607152620766455,7133.541844012468,2
source-05-bins512-r0.2-g1,111,0.4678236665529261,7025.150361492256,3
source-05-bins512-r0.2-g1,112,0.4714188921417297,6971.573806191123,2
source-05-bins512-r0.2-g1,113,0.47504174704464996,6918.405846739222,2
source-05-bins512-r0.2-g1,115,0.4823711957498909,6813.283274698237,3
source-05-bins512-r0.2-g1,116,0.4860782191226933,6761.322500997216,3
source-05-bins512-r0.2-g1,118,0.49357795024308204,6658.586751252437,1
source-05-bins512-r0.2-g1,119,0.49737109754120495,6607.805753985628,2
source-05-bins512-r0.2-g1,121,0.5050450671861402,6507.402633412182,1
source-05-bins512-r0.2-g1,122,0.5089263392954066,6457.774625595181,1
source-05-bins512-r0.2-g1,123,0.5128374389867345,6408.5251004537795,3
source-05-bins512-r0.2-g1,124,0.516778595485137,6359.651171530467,2
source-05-bins512-r0.2-g1,125,0.5207500397772227,6311.1499743809945,1
source-05-bins512-r0.2-g1,126,0.5247520046247316,6263.018666406495,1
source-05-bins512-r0.2-g1,127,0.5287847245781788,6215.254426686866,1
source-05-bins512-r0.2-g1,128,0.5328484359906003,6167.854455815456,3
source-05-bins512-r0.2-g1,129,0.536943377031405,6120.815975734992,1
source-05-bins512-r0.2-g1,130,0.5410697877003351,6074.136229574745,1
source-05-bins512-r0.2-g1,131,0.5452279098415301,6027.812481488975,1
source-05-bins512-r0.2-g1,132,0.5494179871577028,5981.842016496573,1
source-05-bins512-r0.2-g1,133,0.5536402652244216,5936.222140321938,2
source-05-bins512-r0.2-g1,135,0.5621824153625167,5846.023479904899,1
source-05-bins512-r0.2-g1,136,0.5665027880793981,5801.439409223697,1
source-05-bins512-r0.2-g1,137,0.5708563628671782,5757.195354172835,2
source-05-bins512-r0.2-g1,139,0.5796641412481848,5669.71693836722,2
source-05-bins512-r0.2-g1,140,0.5841188610550792,5626.477450604047,1
source-05-bins512-r0.2-g1,142,0.5931312673467404,5540.9852441274825,1
source-05-bins512-r0.2-g1,146,0.6115753843212784,5373.87815869386,2
source-05-bins512-r0.2-g1,148,0.6210114190206655,5292.224103353492,1
source-05-bins512-r0.2-g1,149,0.6257838927201118,5251.863524184469,1
source-05-bins512-r0.2-g1,150,0.630593042887195,5211.810750641027,1
source-05-bins512-r0.2-g1,151,0.6354391513806248,5172.063435276598,2
source-05-bins512-r0.2-g1,153,0.6452433816284314,5093.475878674718,1
source-05-bins512-r0.2-g1,154,0.650202077997364,5054.6310315117835,2
source-05-bins512-r0.2-g1,155,0.6551988819554317,5016.082430406955,3
source-05-bins512-r0.2-g1,156,0.660234086359515,4977.827816071462,1
source-05-bins512-r0.2-g1,157,0.6653079863170999,4939.864946446758,1
source-05-bins512-r0.2-g1,161,0.6859965235756715,4790.886669612091,2
source-05-bins512-r0.2-g1,163,0.6965808066682666,4718.090950450303,1
source-05-bins512-r0.2-g1,164,0.7019340312266908,4682.108936156608,1
source-05-bins512-r0.2-g1,167,0.7182418091945367,4575.801015934398,1
source-05-bins512-r0.2-g1,168,0.7237614985903118,4540.904160555901,1
source-05-bins512-r0.2-g1,169,0.7293236068074863,4506.27344229986,1
source-05-bins512-r0.2-g1,170,0.7349284598347672,4471.906831500071,2
source-05-bins512-r0.2-g1,177,0.7753871997399504,4238.568293752024,1
source-05-bins512-r0.2-g1,179,0.7873506971431802,4174.164844361932,1
source-05-bins512-r0.2-g1,180,0.7934014884479232,4142.331024142816,1
source-05-bins512-r0.2-g1,181,0.7994987800930439,4110.739981137234,4
source-05-bins512-r0.2-g1,183,0.8118342965714386,4048.278834829587,1
source-05-bins512-r0.2-g1,185,0.8243601385019508,3986.7667621232804,1
source-05-bins512-r0.2-g1,188,0.8435121976787068,3896.2466805379368,3
source-05-bins512-r0.2-g1,189,0.8499945902004612,3866.532373369378,1
source-05-bins512-r0.2-g1,200,0.9246745432932916,3554.2576834587812,1
source-05-bins512-r0.2-g1,204,0.9534283898341599,3447.0670637053117,1
source-05-bins512-r0.2-g1,207,0.9755790447361375,3368.8009371786184,1
source-05-bins512-r0.2-g1,208,0.9830763711783409,3343.10913836694,1
source-05-bins512-r0.2-g1,213,1.0214361647945982,3217.55946526508,2
source-05-bins512-r0.2-g1,216,1.0451668195894486,3144.5043399769443,1
source-05-bins512-r0.2-g1,217,1.053198928187211,3120.5231150925792,1
source-05-bins512-r0.2-g1,235,1.2088062866796414,2718.8240468424365,2
source-05-bins512-r0.2-g1,236,1.2180959648308123,2698.0892270301583,1
source-05-bins512-r0.2-g1,238,1.236890043346714,2657.0927770639914,1
source-05-bins512-r0.2-g1,239,1.246395545210574,2636.828744155752,1
source-05-bins512-r0.2-g1,240,1.2559740968707107,2616.719252719776,1
source-05-bins512-r0.2-g1,242,1.2753525994452646,2576.959188877219,1
source-05-bins512-r0.2-g1,244,1.2950300941431172,2537.8032642349685,1
source-05-bins512-r0.2-g1,247,1.325117057158797,2480.182095946771,1
source-05-bins512-r0.2-g1,248,1.335300583757955,2461.267253362228,1
source-05-bins512-r0.2-g1,249,1.3455623707745121,2442.4966627947374,1
source-05-bins512-r0.2-g1,260,1.4637825758104284,2245.232081943127,1
source-05-bins512-r0.2-g1,261,1.475031747131271,2228.109060425826,2
source-05-bins512-r0.2-g1,266,1.5325877163888393,2144.432951572138,1
source-05-bins512-r0.2-g1,284,1.7590235015217524,1868.384133216926,1
source-05-bins512-r0.2-g1,286,1.786163584695337,1839.9947397648348,1
source-05-bins512-r0.2-g1,304,2.050064534279675,1603.1356795085965,1
source-05-bins512-r0.2-g1,309,2.1300583727448568,1542.9302981794806,1
source-05-bins512-r0.2-g1,315,2.230181825639347,1473.6608299893844,1
source-05-bins512-r0.2-g1,317,2.2645914399439353,1451.2691085153472,1
source-05-bins512-r0.2-g1,319,2.299531962330985,1429.2176208185583,1
source-05-bins512-r0.2-g1,344,2.7845775258375376,1180.2622012509446,1
source-05-bins512-r0.2-g1,430,5.378877369866632,611.0069767737446,1
source-06-bins128-r0.2-g0.5,0,0.2,16432.658000994605,40
source-06-bins128-r0.2-g0.5,1,0.2062565324709068,15934.193990498205,45
source-06-bins128-r0.2-g0.5,2,0.21270878593461118,15450.85025876286,38
source-06-bins128-r0.2-g0.5,3,0.21936288306484647,14982.168151151536,39
source-06-bins128-r0.2-g0.5,4,0.22622513806888117,14527.702925738675,36
source-06-bins128-r0.2-g0.5,5,0.23330206267919784,14087.023331285625,27
source-06-bins128-r0.2-g0.5,6,0.24060037233260753,13659.711198017592,20
source-06-bins128-r0.2-g0.5,7,0.24812699254266365,13245.36104081391,20
source-06-bins128-r0.2-g0.5,8,0.25588906547142176,12843.579674435006,18
source-06-bins128-r0.2-g0.5,9,0.2638939567067815,12453.98584042097,16
source-06-bins128-r0.2-g0.5,10,0.2721492622518418,12076.209845307709,11
source-06-bins128-r0.2-g0.5,11,0.28066281573290164,11709.893209817345,24
source-06-bins128-r0.2-g0.5,12,0.2894426958329468,11354.688328689967,13
source-06-bins128-r0.2-g0.5,13,0.29849723395767497,11010.258140834,24
source-06-bins128-r0.2-g0.5,14,0.3078350221413353,10676.27580948209,20
source-06-bins128-r0.2-g0.5,15,0.31746492119988323,10352.42441204912,13
source-06-bins128-r0.2-g0.5,16,0.3273960691391879,10038.396639397946,11
source-06-bins128-r0.2-g0.5,17,0.3376378898262708,9733.89450422754,18
source-06-bins128-r0.2-g0.5,18,0.34820010193180334,9438.629058306835,13
source-06-bins128-r0.2-g0.5,19,0.3590927281523504,9152.320118285887,9
source-06-bins128-r0.2-g0.5,20,0.3703261047211087,8874.695999824255,7
source-06-bins128-r0.2-g0.5,21,0.381910891216169,8605.493259784205,9
source-06-bins128-r0.2-g0.5,22,0.3938580806756036,8344.456446244232,8
source-06-bins128-r0.2-g0.5,23,0.40617901002898327,8091.337856095537,14
source-06-bins128-r0.2-g0.5,24,0.4188853708552189,7845.8972999915495,6
source-06-bins128-r0.2-g0.5,25,0.43198922047693644,7607.901874427413,9
source-06-bins128-r0.2-g0.5,26,0.4455029934019148,7377.125740733117,8
source-06-bins128-r0.2-g0.5,27,0.4594395131224411,7153.349910770641,7
source-06-bins128-r0.2-g0.5,28,0.47381200428378195,6936.362039131679,11
source-06-bins128-r0.2-g0.5,29,0.4886341052333166,6725.956221638775,1
source-06-bins128-r0.2-g0.5,30,0.5039198809622402,6521.932799958707,7
source-06-bins128-r0.2-g0.5,31,0.5196838364521189,6324.098172142642,7
source-06-bins128-r0.2-g0.5,32,0.5359409304389594,6132.264608913347,5
source-06-bins128-r0.2-g0.5,33,0.5527065896078561,5946.250075525075,2
source-06-bins128-r0.2-g0.5,34,0.5699967232316848,5765.878059027112,5
source-06-bins128-r0.2-g0.5,35,0.5878277382677324,5590.977400767086,1
source-06-bins128-r0.2-g0.5,36,0.6062165549265912,5421.382133975042,2
source-06-bins128-r0.2-g0.5,37,0.6251806227280885,5256.931326274233,3
source-06-bins128-r0.2-g0.5,38,0.6447379370594888,5097.468926969127,6
source-06-bins128-r0.2-g0.5,39,0.6649070562516796,4942.843618965759,3
source-06-bins128-r0.2-g0.5,40,0.6857071191895479,4792.908675183866,7
source-06-bins128-r0.2-g0.5,41,0.7071578634732547,4647.521819324605,2
source-06-bins128-r0.2-g0.5,42,0.7292796441476423,4506.545090861695,3
source-06-bins128-r0.2-g0.5,43,0.7520934530175477,4369.844714127887,1
source-06-bins128-r0.2-g0.5,44,0.7756209385673511,4237.290971372525,4
source-06-bins128-r0.2-g0.5,45,0.7998844265036604,4108.758079669753,3
source-06-bins128-r0.2-g0.5,46,0.8249069409406247,3984.124071560552,3
source-06-bins128-r0.2-g0.5,47,0.8507122262479817,3863.2706793153584,1
source-06-bins128-r0.2-g0.5,49,0.904769824124692,3632.450500190404,1
source-06-bins128-r0.2-g0.5,50,0.9330734330413559,3522.264683377021,1
source-06-bins128-r0.2-g0.5,51,0.9622624541991747,3415.42121471847,2
source-06-bins128-r0.2-g0.5,53,1.023408391915829,3211.3588535721374,3
source-06-bins128-r0.2-g0.5,54,1.0554233310909287,3113.946322185078,1
source-06-bins128-r0.2-g0.5,58,1.1938164439858192,2752.962247048727,4
source-06-bins128-r0.2-g0.5,59,1.2311622007163179,2669.454600122342,3
source-06-bins128-r0.2-g0.5,60,1.2696762321449915,2588.480052624639,2
source-06-bins128-r0.2-g0.5,61,1.30939508501476,2509.9617661707307,4
source-06-bins128-r0.2-g0.5,64,1.4361634045988876,2288.4106290933037,1
source-06-bins128-r0.2-g0.5,65,1.4810904194708927,2218.9945711572473,1
source-06-bins128-r0.2-g0.5,66,1.5274228709797355,2151.684162023081,1
source-06-bins128-r0.2-g0.5,70,1.7277072493847883,1902.250280751677,1
source-06-bins128-r0.2-g0.5,75,2.0153883249363713,1630.7187848290637,1
source-06-bins128-r0.2-g0.5,77,2.143454018920026,1533.287661498254,1
source-06-bins128-r0.2-g0.5,78,2.21050696726637,1486.77730894611,1
source-06-bins128-r0.2-g0.5,79,2.279657510355709,1441.6777894351785,1
source-06-bins128-r0.2-g0.5,85,2.742432228912044,1198.4002979365248,1
source-06-bins128-r0.2-g0.5,89,3.1020355481508823,1059.4758019965363,1
source-06-bins128-r0.2-g0.5,107,5.400645470311073,608.5442227722493,1
source-06-bins128-r0.2-g0.75,0,0.2,16432.658000994605,40
source-06-bins128-r0.2-g0.75,1,0.2062565324709068,15934.193990498205,45
source-06-bins128-r0.2-g0.75,2,0.21270878593461118,15450.85025876286,38
source-06-bins128-r0.2-g0.75,3,0.21936288306484647,14982.168151151536,39
source-06-bins128-r0.2-g0.75,4,0.22622513806888117,14527.702925738675,36
source-06-bins128-r0.2-g0.75,5,0.23330206267919784,14087.023331285625,27
source-06-bins128-r0.2-g0.75,6,0.24060037233260753,13659.711198017592,20
source-06-bins128-r0.2-g0.75,7,0.24812699254266365,13245.36104081391,20
source-06-bins128-r0.2-g0.75,8,0.25588906547142176,12843.579674435006,18
source-06-bins128-r0.2-g0.75,9,0.2638939567067815,12453.98584042097,16
source-06-bins128-r0.2-g0.75,10,0.2721492622518418,12076.209845307709,11
source-06-bins128-r0.2-g0.75,11,0.28066281573290164,11709.893209817345,24
source-06-bins128-r0.2-g0.75,12,0.2894426958329468,11354.688328689967,13
source-06-bins128-r0.2-g0.75,13,0.29849723395767497,11010.258140834,24
source-06-bins128-r0.2-g0.75,14,0.3078350221413353,10676.27580948209,20
source-06-bins128-r0.2-g0.75,15,0.31746492119988323,10352.42441204912,13
source-06-bins128-r0.2-g0.75,16,0.3273960691391879,10038.396639397946,11
source-06-bins128-r0.2-g0.75,17,0.3376378898262708,9733.89450422754,18
source-06-bins128-r0.2-g0.75,18,0.34820010193180334,9438.629058306835,13
source-06-bins128-r0.2-g0.75,19,0.3590927281523504,9152.320118285887,9
source-06-bins128-r0.2-g0.75,20,0.3703261047211087,8874.695999824255,7
source-06-bins128-r0.2-g0.75,21,0.381910891216169,8605.493259784205,9
source-06-bins128-r0.2-g0.75,22,0.3938580806756036,8344.456446244232,8
source-06-bins128-r0.2-g0.75,23,0.40617901002898327,8091.337856095537,14
source-06-bins128-r0.2-g0.75,24,0.4188853708552189,7845.8972999915495,6
source-06-bins128-r0.2-g0.75,25,0.43198922047693644,7607.901874427413,9
source-06-bins128-r0.2-g0.75,26,0.4455029934019148,7377.125740733117,8
source-06-bins128-r0.2-g0.75,27,0.4594395131224411,7153.349910770641,7
source-06-bins128-r0.2-g0.75,28,0.47381200428378195,6936.362039131679,11
source-06-bins128-r0.2-g0.75,29,0.4886341052333166,6725.956221638775,1
source-06-bins128-r0.2-g0.75,30,0.5039198809622402,6521.932799958707,7
source-06-bins128-r0.2-g0.75,31,0.5196838364521189,6324.098172142642,7
source-06-bins128-r0.2-g0.75,32,0.5359409304389594,6132.264608913347,5
source-06-bins128-r0.2-g0.75,33,0.5527065896078561,5946.250075525075,2
source-06-bins128-r0.2-g0.75,34,0.5699967232316848,5765.878059027112,5
source-06-bins128-r0.2-g0.75,35,0.5878277382677324,5590.977400767086,1
source-06-bins128-r0.2-g0.75,36,0.6062165549265912,5421.382133975042,2
source-06-bins128-r0.2-g0.75,37,0.6251806227280885,5256.931326274233,3
source-06-bins128-r0.2-g0.75,38,0.6447379370594888,5097.468926969127,6
source-06-bins128-r0.2-g0.75,39,0.6649070562516796,4942.843618965759,3
source-06-bins128-r0.2-g0.75,40,0.6857071191895479,4792.908675183866,7
source-06-bins128-r0.2-g0.75,41,0.7071578634732547,4647.521819324605,2
source-06-bins128-r0.2-g0.75,42,0.7292796441476423,4506.545090861695,3
source-06-bins128-r0.2-g0.75,43,0.7520934530175477,4369.844714127887,1
source-06-bins128-r0.2-g0.75,44,0.7756209385673511,4237.290971372525,4
source-06-bins128-r0.2-g0.75,45,0.7998844265036604,4108.758079669753,3
source-06-bins128-r0.2-g0.75,46,0.8249069409406247,3984.124071560552,3
source-06-bins128-r0.2-g0.75,47,0.8507122262479817,3863.2706793153584,1
source-06-bins128-r0.2-g0.75,49,0.904769824124692,3632.450500190404,1
source-06-bins128-r0.2-g0.75,50,0.9330734330413559,3522.264683377021,1
source-06-bins128-r0.2-g0.75,51,0.9622624541991747,3415.42121471847,2
source-06-bins128-r0.2-g0.75,53,1.023408391915829,3211.3588535721374,3
source-06-bins128-r0.2-g0.75,54,1.0554233310909287,3113.946322185078,1
source-06-bins128-r0.2-g0.75,58,1.1938164439858192,2752.962247048727,4
source-06-bins128-r0.2-g0.75,59,1.2311622007163179,2669.454600122342,3
source-06-bins128-r0.2-g0.75,60,1.2696762321449915,2588.480052624639,2
source-06-bins128-r0.2-g0.75,61,1.30939508501476,2509.9617661707307,4
source-06-bins128-r0.2-g0.75,64,1.4361634045988876,2288.4106290933037,1
source-06-bins128-r0.2-g0.75,65,1.4810904194708927,2218.9945711572473,1
source-06-bins128-r0.2-g0.75,66,1.5274228709797355,2151.684162023081,1
source-06-bins128-r0.2-g0.75,70,1.7277072493847883,1902.250280751677,1
source-06-bins128-r0.2-g0.75,75,2.0153883249363713,1630.7187848290637,1
source-06-bins128-r0.2-g0.75,77,2.143454018920026,1533.287661498254,1
source-06-bins128-r0.2-g0.75,78,2.21050696726637,1486.77730894611,1
source-06-bins128-r0.2-g0.75,79,2.279657510355709,1441.6777894351785,1
source-06-bins128-r0.2-g0.75,85,2.742432228912044,1198.4002979365248,1
source-06-bins128-r0.2-g0.75,89,3.1020355481508823,1059.4758019965363,1
source-06-bins128-r0.2-g0.75,107,5.400645470311073,608.5442227722493,1
source-06-bins128-r0.2-g1,0,0.2,16432.658000994605,40
source-06-bins128-r0.2-g1,1,0.2062565324709068,15934.193990498205,45
source-06-bins128-r0.2-g1,2,0.21270878593461118,15450.85025876286,38
source-06-bins128-r0.2-g1,3,0.21936288306484647,14982.168151151536,39
source-06-bins128-r0.2-g1,4,0.22622513806888117,14527.702925738675,36
source-06-bins128-r0.2-g1,5,0.23330206267919784,14087.023331285625,27
source-06-bins128-r0.2-g1,6,0.24060037233260753,13659.711198017592,20
source-06-bins128-r0.2-g1,7,0.24812699254266365,13245.36104081391,20
source-06-bins128-r0.2-g1,8,0.25588906547142176,12843.579674435006,18
source-06-bins128-r0.2-g1,9,0.2638939567067815,12453.98584042097,16
source-06-bins128-r0.2-g1,10,0.2721492622518418,12076.209845307709,11
source-06-bins128-r0.2-g1,11,0.28066281573290164,11709.893209817345,24
source-06-bins128-r0.2-g1,12,0.2894426958329468,11354.688328689967,13
source-06-bins128-r0.2-g1,13,0.29849723395767497,11010.258140834,24
source-06-bins128-r0.2-g1,14,0.3078350221413353,10676.27580948209,20
source-06-bins128-r0.2-g1,15,0.31746492119988323,10352.42441204912,13
source-06-bins128-r0.2-g1,16,0.3273960691391879,10038.396639397946,11
source-06-bins128-r0.2-g1,17,0.3376378898262708,9733.89450422754,18
source-06-bins128-r0.2-g1,18,0.34820010193180334,9438.629058306835,13
source-06-bins128-r0.2-g1,19,0.3590927281523504,9152.320118285887,9
source-06-bins128-r0.2-g1,20,0.3703261047211087,8874.695999824255,7
source-06-bins128-r0.2-g1,21,0.381910891216169,8605.493259784205,9
source-06-bins128-r0.2-g1,22,0.3938580806756036,8344.456446244232,8
source-06-bins128-r0.2-g1,23,0.40617901002898327,8091.337856095537,14
source-06-bins128-r0.2-g1,24,0.4188853708552189,7845.8972999915495,6
source-06-bins128-r0.2-g1,25,0.43198922047693644,7607.901874427413,9
source-06-bins128-r0.2-g1,26,0.4455029934019148,7377.125740733117,8
source-06-bins128-r0.2-g1,27,0.4594395131224411,7153.349910770641,7
source-06-bins128-r0.2-g1,28,0.47381200428378195,6936.362039131679,11
source-06-bins128-r0.2-g1,29,0.4886341052333166,6725.956221638775,1
source-06-bins128-r0.2-g1,30,0.5039198809622402,6521.932799958707,7
source-06-bins128-r0.2-g1,31,0.5196838364521189,6324.098172142642,7
source-06-bins128-r0.2-g1,32,0.5359409304389594,6132.264608913347,5
source-06-bins128-r0.2-g1,33,0.5527065896078561,5946.250075525075,2
source-06-bins128-r0.2-g1,34,0.5699967232316848,5765.878059027112,5
source-06-bins128-r0.2-g1,35,0.5878277382677324,5590.977400767086,1
source-06-bins128-r0.2-g1,36,0.6062165549265912,5421.382133975042,2
source-06-bins128-r0.2-g1,37,0.6251806227280885,5256.931326274233,3
source-06-bins128-r0.2-g1,38,0.6447379370594888,5097.468926969127,6
source-06-bins128-r0.2-g1,39,0.6649070562516796,4942.843618965759,3
source-06-bins128-r0.2-g1,40,0.6857071191895479,4792.908675183866,7
source-06-bins128-r0.2-g1,41,0.7071578634732547,4647.521819324605,2
source-06-bins128-r0.2-g1,42,0.7292796441476423,4506.545090861695,3
source-06-bins128-r0.2-g1,43,0.7520934530175477,4369.844714127887,1
source-06-bins128-r0.2-g1,44,0.7756209385673511,4237.290971372525,4
source-06-bins128-r0.2-g1,45,0.7998844265036604,4108.758079669753,3
source-06-bins128-r0.2-g1,46,0.8249069409406247,3984.124071560552,3
source-06-bins128-r0.2-g1,47,0.8507122262479817,3863.2706793153584,1
source-06-bins128-r0.2-g1,49,0.904769824124692,3632.450500190404,1
source-06-bins128-r0.2-g1,50,0.9330734330413559,3522.264683377021,1
source-06-bins128-r0.2-g1,51,0.9622624541991747,3415.42121471847,2
source-06-bins128-r0.2-g1,53,1.023408391915829,3211.3588535721374,3
source-06-bins128-r0.2-g1,54,1.0554233310909287,3113.946322185078,1
source-06-bins128-r0.2-g1,58,1.1938164439858192,2752.962247048727,4
source-06-bins128-r0.2-g1,59,1.2311622007163179,2669.454600122342,3
source-06-bins128-r0.2-g1,60,1.2696762321449915,2588.480052624639,2
source-06-bins128-r0.2-g1,61,1.30939508501476,2509.9617661707307,4
source-06-bins128-r0.2-g1,64,1.4361634045988876,2288.4106290933037,1
source-06-bins128-r0.2-g1,65,1.4810904194708927,2218.9945711572473,1
source-06-bins128-r0.2-g1,66,1.5274228709797355,2151.684162023081,1
source-06-bins128-r0.2-g1,70,1.7277072493847883,1902.250280751677,1
source-06-bins128-r0.2-g1,75,2.0153883249363713,1630.7187848290637,1
source-06-bins128-r0.2-g1,77,2.143454018920026,1533.287661498254,1
source-06-bins128-r0.2-g1,78,2.21050696726637,1486.77730894611,1
source-06-bins128-r0.2-g1,79,2.279657510355709,1441.6777894351785,1
source-06-bins128-r0.2-g1,85,2.742432228912044,1198.4002979365248,1
source-06-bins128-r0.2-g1,89,3.1020355481508823,1059.4758019965363,1
source-06-bins128-r0.2-g1,107,5.400645470311073,608.5442227722493,1
source-06-bins128-r0.3-g1,0,0.3,10955.105333996406,36
source-06-bins128-r0.3-g1,1,0.30839861993526435,10656.764939119357,46
source-06-bins128-r0.3-g1,2,0.3170323625932522,10366.549248524172,35
source-06-bins128-r0.3-g1,3,0.32590781032858435,10084.23700213075,31
source-06-bins128-r0.3-g1,4,0.33503172977153106,9809.612965434984,26
source-06-bins128-r0.3-g1,5,0.34441107698688206,9542.46776541423,38
source-06-bins128-r0.3-g1,6,0.3540530027772418,9282.597730901596,22
source-06-bins128-r0.3-g1,7,0.36396485813479224,9029.804737307286,14
source-06-bins128-r0.3-g1,8,0.37415419984568077,8783.896055568654,22
source-06-bins128-r0.3-g1,9,0.38462879625130353,8544.684205213829,9
source-06-bins128-r0.3-g1,10,0.39539663317088003,8311.986811426814,13
source-06-bins128-r0.3-g1,11,0.4064659199898313,8085.626466005174,17
source-06-bins128-r0.3-g1,12,0.41784509591860525,7865.430592104222,16
source-06-bins128-r0.3-g1,13,0.4295428364267201,7651.231312664675,15
source-06-bins128-r0.3-g1,14,0.44156805985693165,7442.865322423366,19
source-06-bins128-r0.3-g1,15,0.45392993422456646,7240.1737634095325,21
source-06-bins128-r0.3-g1,16,0.46663788420720537,7043.002103831701,13
source-06-bins128-r0.3-g1,17,0.4797015983300462,6851.200020262822,13
source-06-bins128-r0.3-g1,18,0.49313103635242256,6664.621283033904,12
source-06-bins128-r0.3-g1,19,0.5069364368611128,6483.12364474867,15
source-06-bins128-r0.3-g1,20,0.5211283250762249,6306.56873183434,12
source-06-bins128-r0.3-g1,21,0.535717520875612,6134.8219390457825,8
source-06-bins128-r0.3-g1,22,0.5507151470439331,5967.752326842645,6
source-06-bins128-r0.3-g1,23,0.5661326377526507,5805.232521561214,7
source-06-bins128-r0.3-g1,24,0.5819817472774279,5647.138618304892,9
source-06-bins128-r0.3-g1,25,0.5982745589595755,5493.350086479254,11
source-06-bins128-r0.3-g1,26,0.6150234944183732,5343.749677899686,9
source-06-bins128-r0.3-g1,27,0.6322413230213004,5198.223337401495,6
source-06-bins128-r0.3-g1,28,0.6499411716193825,5056.660115884419,7
source-06-bins128-r0.3-g1,29,0.6681365345550879,4918.952085725146,7
source-06-bins128-r0.3-g1,30,0.6868412839503973,4784.994258493451,7
source-06-bins128-r0.3-g1,31,0.7060696802828921,4654.68450490913,7
source-06-bins128-r0.3-g1,32,0.7258363832579241,4527.923476978779,5
source-06-bins128-r0.3-g1,33,0.7461564629851581,4404.614532252995,4
source-06-bins128-r0.3-g1,34,0.7670454114680034,4284.6636601463015,6
source-06-bins128-r0.3-g1,35,0.7885191544146977,4167.979410263596,8
source-06-bins128-r0.3-g1,36,0.8105940633800478,4054.47282267848,4
source-06-bins128-r0.3-g1,38,0.8566151700581367,3836.6488419483294,5
source-06-bins128-r0.3-g1,39,0.8805964542051371,3732.1653800723975,1
source-06-bins128-r0.3-g1,40,0.9052491039891717,3630.527316421662,1
source-06-bins128-r0.3-g1,41,0.9305919145596506,3531.6571622633155,4
source-06-bins128-r0.3-g1,42,0.9566442072437059,3435.4795391152925,4
source-06-bins128-r0.3-g1,43,0.9834258442767466,3341.921121277809,5
source-06-bins128-r0.3-g1,44,1.010957243945403,3250.9105799299373,3
source-06-bins128-r0.3-g1,45,1.039259396154402,3162.378528748605,4
source-06-bins128-r0.3-g1,46,1.0683538784292461,3076.257471008543,3
source-06-bins128-r0.3-g1,47,1.098262872366889,2992.481748122878,2
source-06-bins128-r0.3-g1,48,1.12900918054696,2910.9874895850953,1
source-06-bins128-r0.3-g1,49,1.1606162439164207,2831.7125642742544,3
source-06-bins128-r0.3-g1,50,1.1931081596609145,2754.596533086292,4
source-06-bins128-r0.3-g1,51,1.2265096995764304,2679.58060285533,2
source-06-bins128-r0.3-g1,52,1.2608463289552896,2606.6075815298373,2
source-06-bins128-r0.3-g1,55,1.3697322207688416,2399.3971597997197,1
source-06-bins128-r0.3-g1,56,1.4080784218865854,2334.0543744683823,1
source-06-bins128-r0.3-g1,57,1.4474981402348261,2270.491069277471,2
source-06-bins128-r0.3-g1,59,1.5296791841599522,2148.5103767060623,3
source-06-bins128-r0.3-g1,60,1.5725031644621013,2089.9999913978736,1
source-06-bins128-r0.3-g1,64,1.7561281842031475,1871.464526201544,1
source-06-bins128-r0.3-g1,65,1.8052916947922417,1820.4989308263257,4
source-06-bins128-r0.3-g1,66,1.8558315575150726,1770.921281562607,3
source-06-bins128-r0.3-g1,67,1.9077863038998686,1722.6937804724992,1
source-06-bins128-r0.3-g1,68,1.9611955441803954,1675.7796589693955,4
source-06-bins128-r0.3-g1,71,2.130563151433363,1542.564743029497,1
source-06-bins128-r0.3-g1,72,2.1902091186232564,1500.5560757891476,1
source-06-bins128-r0.3-g1,73,2.251524898510147,1459.6914306271483,1
source-06-bins128-r0.3-g1,78,2.5848337171955333,1271.4673204451656,1
source-06-bins128-r0.3-g1,83,2.967484547904398,1107.5143095588587,1
source-06-bins128-r0.3-g1,84,3.050560464176462,1077.3533712226101,1
source-06-bins128-r0.3-g1,86,3.223754637304772,1019.4732446966356,1
source-06-bins128-r0.3-g1,87,3.314004937182335,991.709928770724,1
source-06-bins128-r0.3-g1,93,3.911111330760035,840.3063278590587,1
source-06-bins128-r0.3-g1,97,4.367821314911896,752.4418613413937,1
source-06-bins128-r0.3-g1,114,6.984169553277602,470.56870185183067,1
source-06-bins128-r0.4-g1,0,0.4,8216.329000497302,35
source-06-bins128-r0.4-g1,1,0.41026776259877934,8010.699108750056,41
source-06-bins128-r0.4-g1,2,0.42079909256952086,7810.2155119451645,29
source-06-bins128-r0.4-g1,3,0.4316007555302348,7614.749413868185,29
source-06-bins128-r0.4-g1,4,0.4426796907683304,7424.1752416847985,32
source-06-bins128-r0.4-g1,5,0.45404301569860595,7238.370565269355,30
source-06-bins128-r0.4-g1,6,0.4656980304356737,7057.216018552362,20
source-06-bins128-r0.4-g1,7,0.4776522224837552,6880.595222836412,22
source-06-bins128-r0.4-g1,8,0.48991327154686154,6708.394712031302,17
source-06-bins128-r0.4-g1,9,0.5024890544624476,6540.503859760258,16
source-06-bins128-r0.4-g1,10,0.5153876502617114,6376.814808290489,13
source-06-bins128-r0.4-g1,11,0.5286173453597862,6217.222399242405,9
source-06-bins128-r0.4-g1,12,0.5421866388791643,6061.624106032945,16
source-06-bins128-r0.4-g1,13,0.5561042481097677,5909.9199680096735,15
source-06-bins128-r0.4-g1,14,0.5703791141091771,5762.012526233283,14
source-06-bins128-r0.4-g1,15,0.5850204074466147,5617.806760867277,16
source-06-bins128-r0.4-g1,16,0.6000375340943722,5477.210030134589,17
source-06-bins128-r0.4-g1,17,0.615440141470467,5340.132010801949,18
source-06-bins128-r0.4-g1,18,0.6312381246364117,5206.484640153726,12
source-06-bins128-r0.4-g1,19,0.6474416326540751,5076.18205941801,7
source-06-bins128-r0.4-g1,20,0.6640610751057203,4949.140558608553,15
source-06-bins128-r0.4-g1,21,0.6811071287814096,4825.278522747161,12
source-06-bins128-r0.4-g1,22,0.6985907445380688,4704.5163794319715,11
source-06-bins128-r0.4-g1,23,0.7165231543346223,4586.776547717931,7
source-06-bins128-r0.4-g1,24,0.7349158784477132,4471.983388276658,6
source-06-bins128-r0.4-g1,25,0.7537807328726494,4360.063154803637,6
source-06-bins128-r0.4-g1,26,0.7731298369143249,4250.943946641554,9
source-06-bins128-r0.4-g1,27,0.7929756209729981,4144.55566258932,6
source-06-bins128-r0.4-g1,28,0.8133308345299238,4040.829955867121,12
source-06-bins128-r0.4-g1,29,0.8342085543379746,3939.7001902085535,6
source-06-bins128-r0.4-g1,30,0.8556221928225076,3841.101397051639,4
source-06-bins128-r0.4-g1,31,0.8775855066978787,3744.970233801225,8
source-06-bins128-r0.4-g1,32,0.900112605805137,3651.244943135941,8
source-06-bins128-r0.4-g1,33,0.9232179621765764,3559.8653133335947,6
source-06-bins128-r0.4-g1,34,0.9469164193329711,3470.7726395894865,8
source-06-bins128-r0.4-g1,35,0.9712232018194639,3383.909686302819,3
source-06-bins128-r0.4-g1,36,0.9961539249862352,3299.2206503069638,3
source-06-bins128-r0.4-g1,37,1.021724605020237,3216.6511250199615,6
source-06-bins128-r0.4-g1,38,1.0479516692344357,3136.1480654922225,7
source-06-bins128-r0.4-g1,39,1.0748519666211698,3057.659754328993,3
source-06-bins128-r0.4-g1,40,1.1024427786764128,2981.1357684656564,2
source-06-bins128-r0.4-g1,41,1.1307418305018826,2906.5269467745666,2
source-06-bins128-r0.4-g1,42,1.159767302192139,2833.785358482576,4
source-06-bins128-r0.4-g1,43,1.1895378405139778,2762.8642723789853,1
source-06-bins128-r0.4-g1,44,1.2200725708856333,2693.718126794109,2
source-06-bins128-r0.4-g1,45,1.2513911096634731,2626.3025003292078,2
source-06-bins128-r0.4-g1,46,1.2835135767440922,2560.5740833189425,6
source-06-bins128-r0.4-g1,47,1.3164606084898882,2496.490650008055,3
source-06-bins128-r0.4-g1,48,1.3502533709864348,2434.011031424367,4
source-06-bins128-r0.4-g1,49,1.3849135736401603,2373.0950889306937,3
source-06-bins128-r0.4-g1,50,1.4204634831250709,2313.703688438673,3
source-06-bins128-r0.4-g1,51,1.4569259376874792,2255.7986752679426,2
source-06-bins128-r0.4-g1,52,1.4943243618179265,2199.342849634518,1
source-06-bins128-r0.4-g1,53,1.5326827812997237,2144.299942752618,2
source-06-bins128-r0.4-g1,54,1.5720258386437795,2090.6345935345967,5
source-06-bins128-r0.4-g1,56,1.653767615992856,1987.2995264971487,4
source-06-bins128-r0.4-g1,60,1.8302233421259908,1795.6997512561936,1
source-06-bins128-r0.4-g1,61,1.8772040890752262,1750.75881164204,1
source-06-bins128-r0.4-g1,62,1.9253908039154315,1706.9426079710697,2
source-06-bins128-r0.4-g1,63,1.9748144431266228,1664.2229915006717,1
source-06-bins128-r0.4-g1,64,2.0255067578232846,1622.57251796622,2
source-06-bins128-r0.4-g1,65,2.0775003141521657,1581.9644299501178,1
source-06-bins128-r0.4-g1,70,2.3581862693811266,1393.6692121701758,4
source-06-bins128-r0.4-g1,71,2.4187195113253934,1358.7898823365385,3
source-06-bins128-r0.4-g1,72,2.4808066056637044,1324.7834767513675,2
source-06-bins128-r0.4-g1,73,2.5444874388648,1291.628148757998,2
source-06-bins128-r0.4-g1,74,2.6098029212593996,1259.3025984555784,2
source-06-bins128-r0.4-g1,77,2.815982281501427,1167.0995310547928,2
source-06-bins128-r0.4-g1,79,2.9624069718691235,1109.4125930055086,1
source-06-bins128-r0.4-g1,84,3.3626504880850803,977.3634256203932,1
source-06-bins128-r0.4-g1,89,3.8169699208763483,861.0315691050449,1
source-06-bins128-r0.4-g1,91,4.015443697674806,818.472838282362,1
source-06-bins128-r0.4-g1,92,4.118517754216032,797.9889359065102,1
source-06-bins128-r0.4-g1,93,4.224237660613901,778.0176837212553,1
source-06-bins128-r0.4-g1,100,5.0442912672295215,651.53485912878,1
source-06-bins128-r0.4-g1,103,5.442799805127066,603.8310645015896,1
source-06-bins128-r0.4-g1,118,7.96037239911448,412.86153906122763,1
source-06-bins128-r0.55-g1,0,0.55,5975.512000361675,28
source-06-bins128-r0.55-g1,1,0.5627054137792902,5840.589977845845,41
source-06-bins128-r0.55-g1,2,0.5757043321754949,5708.714380834415,26
source-06-bins128-r0.55-g1,3,0.5890035353660759,5579.816423608197,27
source-06-bins128-r0.55-g1,4,0.6026099601556955,5453.82887357153,29
source-06-bins128-r0.55-g1,5,0.6165307035944221,5330.686016184086,23
source-06-bins128-r0.55-g1,6,0.6307730266795203,5210.32362068444,33
source-06-bins128-r0.55-g1,7,0.6453443581427539,5092.678906587607,17
source-06-bins128-r0.55-g1,8,0.6602522983251796,4977.690510939014,14
source-06-bins128-r0.55-g1,9,0.67550462314145,4865.2984563078635,18
source-06-bins128-r0.55-g1,10,0.6911092881356966,4755.444119503171,15
source-06-bins128-r0.55-g1,11,0.7070744326311051,4648.070200996181,8
source-06-bins128-r0.55-g1,12,0.7234083839753506,4543.120695033176,12
source-06-bins128-r0.55-g1,13,0.740119661884104,4440.540860423137,12
source-06-bins128-r0.55-g1,14,0.7572169828848784,4340.277191984983,12
source-06-bins128-r0.55-g1,15,0.7747092648635294,4242.277392639505,16
source-06-bins128-r0.55-g1,16,0.7926056317157855,4146.490346131447,12
source-06-bins128-r0.55-g1,17,0.8109154181062304,4052.866090367496,16
source-06-bins128-r0.55-g1,18,0.8296481743372227,3961.3557913562795,14
source-06-bins128-r0.55-g1,19,0.84881367133029,3871.911717736775,16
source-06-bins128-r0.55-g1,20,0.8684219057225986,3784.487215881843,11
source-06-bins128-r0.55-g1,21,0.8884831050811539,3699.0366855639086,8
source-06-bins128-r0.55-g1,22,0.9090077332374531,3615.515556170088,11
source-06-bins128-r0.55-g1,23,0.9300064957453738,3533.880263454353,14
source-06-bins128-r0.55-g1,24,0.9514903454651422,3454.0882268146174,9
source-06-bins128-r0.55-g1,25,0.9734704882762957,3376.0978270828896,6
source-06-bins128-r0.55-g1,26,0.9959583889226191,3299.868384816896,7
source-06-bins128-r0.55-g1,27,1.0189657769921048,3225.360139081871,7
source-06-bins128-r0.55-g1,28,1.0425046530350512,3152.5342267114283,4
source-06-bins128-r0.55-g1,29,1.0665872948234978,3081.352662036713,9
source-06-bins128-r0.55-g1,30,1.0912262637552546,3011.778317073241,5
source-06-bins128-r0.55-g1,31,1.1164344114058717,2943.774902155113,11
source-06-bins128-r0.55-g1,32,1.1422248862319622,2877.306947006489,7
source-06-bins128-r0.55-g1,33,1.1686111404293797,2812.3397822404463,3
source-06-bins128-r0.55-g1,34,1.1956069369498226,2748.8395212755872,7
source-06-bins128-r0.55-g1,35,1.2232263566795267,2686.7730426609505,6
source-06-bins128-r0.55-g1,36,1.2514838057837938,2626.107972800011,6
source-06-bins128-r0.55-g1,37,1.2803940232211823,2566.8126690647537,7
source-06-bins128-r0.55-g1,38,1.3099720884312829,2508.8562032910236,7
source-06-bins128-r0.55-g1,39,1.3402334292000835,2452.2083456465366,1
source-06-bins128-r0.55-g1,40,1.371193829707036,2396.839548863131,5
source-06-bins128-r0.55-g1,41,1.4028694387580132,2342.720932825046,4
source-06-bins128-r0.55-g1,42,1.4352767782084517,2289.824269505183,5
source-06-bins128-r0.55-g1,43,1.4684327515810787,2238.1219682414976,5
source-06-bins128-r0.55-g1,44,1.5023546528827136,2187.587061345824,2
source-06-bins128-r0.55-g1,45,1.537060175624744,2138.1931900376626,2
source-06-bins128-r0.55-g1,46,1.5725674220519816,2089.9145906955487,3
source-06-bins128-r0.55-g1,47,1.6088949125847125,2042.7260814188676,1
source-06-bins128-r0.55-g1,48,1.6460615954788644,1996.6030488930876,1
source-06-bins128-r0.55-g1,49,1.6840868567093328,1951.5214355515657,3
source-06-bins128-r0.55-g1,50,1.7229905300816168,1907.4577270272289,1
source-06-bins128-r0.55-g1,51,1.7627929075770448,1864.3889398875856,6
source-06-bins128-r0.55-g1,52,1.80351474993698,1822.2926096466704,3
source-06-bins128-r0.55-g1,53,1.84517729749153,1781.146779047669,4
source-06-bins128-r0.55-g1,54,1.8878022812384065,1740.9299866101137,3
source-06-bins128-r0.55-g1,55,1.931411934177719,1701.6212554356678,2
source-06-bins128-r0.55-g1,56,1.9760290029086045,1663.200082266672,3
source-06-bins128-r0.55-g1,57,2.021676759493753,1625.6464267917388,1
source-06-bins128-r0.55-g1,58,2.0683790135980127,1588.940701192811,1
source-06-bins128-r0.55-g1,59,2.1161601249074,1553.06375992825,3
source-06-bins128-r0.55-g1,60,2.1650450158350045,1517.9968897466026,3
source-06-bins128-r0.55-g1,62,2.266228718129409,1450.2206127330744,4
source-06-bins128-r0.55-g1,66,2.48300363188301,1323.6112738613062,1
source-06-bins128-r0.55-g1,67,2.5403628838076533,1293.7252473445305,1
source-06-bins128-r0.55-g1,68,2.599047177604613,1264.5140221071022,2
source-06-bins128-r0.55-g1,70,2.720514035773578,1208.0553737207226,2
source-06-bins128-r0.55-g1,71,2.7833599567133414,1180.7785019943078,2
source-06-bins128-r0.55-g1,77,3.1921243349720965,1029.575058901222,4
source-06-bins128-r0.55-g1,78,3.265864808628027,1006.328122191799,3
source-06-bins128-r0.55-g1,79,3.3413087427022843,983.6060817118439,2
source-06-bins128-r0.55-g1,80,3.4184954884120877,961.3970857470798,3
source-06-bins128-r0.55-g1,81,3.497465306017383,939.6895501849438,1
source-06-bins128-r0.55-g1,84,3.7454898728444244,877.4637528796846,2
source-06-bins128-r0.55-g1,86,3.9205359016654144,838.2863166239154,1
source-06-bins128-r0.55-g1,91,4.394783196219944,747.8256499719358,1
source-06-bins128-r0.55-g1,97,5.040201269599909,652.0635634179358,1
source-06-bins128-r0.55-g1,98,5.156633710802036,637.3405179651108,1
source-06-bins128-r0.55-g1,99,5.275755828991084,622.9499064643833,1
source-06-bins128-r0.55-g1,100,5.397629757728966,608.8842228374177,1
source-06-bins128-r0.55-g1,106,6.190325925778444,530.9141456531038,1
source-06-bins128-r0.55-g1,109,6.629316100639602,495.75726218302276,1
source-06-bins128-r0.55-g1,121,8.719459722228118,376.91917904279285,1
source-06-bins512-r0.2-g1,0,0.2,16432.658000994605,11
source-06-bins512-r0.2-g1,1,0.2015370003041079,16307.336098283351,5
source-06-bins512-r0.2-g1,2,0.20308581245788995,16182.96994961372,12
source-06-bins512-r0.2-g1,3,0.20464652723542887,16059.552266030096,12
source-06-bins512-r0.2-g1,4,0.20621923610840623,15937.075814165286,16
source-06-bins512-r0.2-g1,5,0.20780403125146388,15815.533415816588,13
source-06-bins512-r0.2-g1,6,0.20940100554760557,15694.917947525117,9
source-06-bins512-r0.2-g1,7,0.21101025259364145,15575.222340158258,7
source-06-bins512-r0.2-g1,8,0.212631866705673,15456.439578495394,10
source-06-bins512-r0.2-g1,9,0.21426594292462128,15338.562700816725,10
source-06-bins512-r0.2-g1,10,0.2159125770217968,15221.584798495269,13
source-06-bins512-r0.2-g1,11,0.2175718655045129,15105.499015591937,4
source-06-bins512-r0.2-g1,12,0.21924390562174173,14990.29854845373,9
source-06-bins512-r0.2-g1,13,0.2209287953698138,14875.976645314975,12
source-06-bins512-r0.2-g1,14,0.22262663349816184,14762.526605901612,8
source-06-bins512-r0.2-g1,15,0.22433751951510778,14649.941781038518,10
source-06-bins512-r0.2-g1,16,0.2260615536936954,14538.215572259773,7
source-06-bins512-r0.2-g1,17,0.22779883707756698,14427.341431421952,6
source-06-bins512-r0.2-g1,18,0.22954947148688523,14317.31286032035,11
source-06-bins512-r0.2-g1,19,0.231313559524301,14208.123410308117,12
source-06-bins512-r0.2-g1,20,0.23309120458096666,14099.766681918323,11
source-06-bins512-r0.2-g1,21,0.2348825108425958,13992.236324488875,6
source-06-bins512-r0.2-g1,22,0.23668758329556924,13885.526035790337,2
source-06-bins512-r0.2-g1,23,0.23850652773308859,13779.629561656533,9
source-06-bins512-r0.2-g1,24,0.24033945076137592,13674.54069561803,8
source-06-bins512-r0.2-g1,25,0.24218645980592274,13570.253278538357,4
source-06-bins512-r0.2-g1,26,0.24404766311778534,13466.76119825304,3
source-06-bins512-r0.2-g1,27,0.24592316977992965,13364.058389211372,4
source-06-bins512-r0.2-g1,28,0.24781308971362428,13262.138832120918,4
source-06-bins512-r0.2-g1,29,0.24971753368488306,13160.996553594727,8
source-06-bins512-r0.2-g1,30,0.25163661331095677,13060.625625801247,1
source-06-bins512-r0.2-g1,31,0.2535704410668749,12961.020166116898,7
source-06-bins512-r0.2-g1,32,0.25551913029203777,12862.174336781283,7
source-06-bins512-r0.2-g1,33,0.25748279519685896,12764.082344555089,1
source-06-bins512-r0.2-g1,34,0.25946155086945955,12666.73844038049,5
source-06-bins512-r0.2-g1,35,0.2614555132824129,12570.136919044246,2
source-06-bins512-r0.2-g1,36,0.2634647992995417,12474.27211884331,6
source-06-bins512-r0.2-g1,37,0.2654895266827673,12379.13842125301,5
source-06-bins512-r0.2-g1,38,0.2675298140990117,12284.73025059775,1
source-06-bins512-r0.2-g1,39,0.2695857811271522,12191.04207372422,5
source-06-bins512-r0.2-g1,40,0.27165754826503025,12098.06839967711,6
source-06-bins512-r0.2-g1,41,0.27374523693651304,12005.803779377295,1
source-06-bins512-r0.2-g1,42,0.27584896949861054,11914.24280530247,5
source-06-bins512-r0.2-g1,43,0.27796886924864667,11823.380111170209,1
source-06-bins512-r0.2-g1,44,0.28010506043148514,11733.210371623474,7
source-06-bins512-r0.2-g1,45,0.2822576682468119,11643.72830191848,4
source-06-bins512-r0.2-g1,46,0.28442681885647264,11554.92865761498,5
source-06-bins512-r0.2-g1,47,0.2866126393918668,11466.806234268895,8
source-06-bins512-r0.2-g1,48,0.2888152579613992,11379.35586712726,3
source-06-bins512-r0.2-g1,49,0.2910348036579875,11292.572430825565,2
source-06-bins512-r0.2-g1,50,0.2932714065666291,11206.450839087327,5
source-06-bins512-r0.2-g1,51,0.29552519777202446,11120.986044426012,3
source-06-bins512-r0.2-g1,52,0.2977963093662601,11036.173037849207,8
source-06-bins512-r0.2-g1,53,0.30008487445655097,10952.006848565023,5
source-06-bins512-r0.2-g1,54,0.3023910271730404,10868.482543690805,7
source-06-bins512-r0.2-g1,55,0.30471490267666274,10785.595227963977,2
source-06-bins512-r0.2-g1,56,0.30705663716706394,10703.340043455171,5
source-06-bins512-r0.2-g1,57,0.30941636789058463,10621.712169283495,8
source-06-bins512-r0.2-g1,58,0.3117942331483035,10540.706821333984,6
source-06-bins512-r0.2-g1,59,0.3141903723041437,10460.31925197721,3
source-06-bins512-r0.2-g1,60,0.3166049257930399,10380.544749791037,2
source-06-bins512-r0.2-g1,61,0.3190380351291698,10301.37863928448,3
source-06-bins512-r0.2-g1,62,0.32148984291424737,10222.816280623692,6
source-06-bins512-r0.2-g1,63,0.3239604928458814,10144.85306936001,1
source-06-bins512-r0.2-g1,64,0.3264501297259967,10067.484436160112,4
source-06-bins512-r0.2-g1,65,0.32895889946932133,9990.705846538203,2
source-06-bins512-r0.2-g1,66,0.33148694911193805,9914.512800590259,4
source-06-bins512-r0.2-g1,67,0.33403442681990225,9838.900832730289,3
source-06-bins512-r0.2-g1,68,0.33660148189792577,9763.865511428618,4
source-06-bins512-r0.2-g1,69,0.3391882647981272,9689.40243895215,6
source-06-bins512-r0.2-g1,70,0.34179492712884996,9615.507251106636,5
source-06-bins512-r0.2-g1,71,0.3444216216635479,9542.175616980881,3
source-06-bins512-r0.2-g1,72,0.34706850234973885,9469.403238692927,2
source-06-bins512-r0.2-g1,73,0.349735724318028,9397.185851138136,5
source-06-bins512-r0.2-g1,74,0.35242344389119906,9325.51922173925,2
source-06-bins512-r0.2-g1,75,0.35513181859337667,9254.399150198298,3
source-06-bins512-r0.2-g1,76,0.3578610071592587,9183.821468250431,1
source-06-bins512-r0.2-g1,77,0.36061116954341943,9113.782039419624,2
source-06-bins512-r0.2-g1,78,0.3633824669296841,9044.276758776248,4
source-06-bins512-r0.2-g1,79,0.3661750617405762,8975.301552696475,2
source-06-bins512-r0.2-g1,80,0.3689891176468362,8906.852378623531,1
source-06-bins512-r0.2-g1,81,0.37182479957701464,8838.925224830773,1
source-06-bins512-r0.2-g1,82,0.37468227372713825,8771.516110186552,3
source-06-bins512-r0.2-g1,83,0.37756170757045054,8704.621083920902,3
source-06-bins512-r0.2-g1,85,0.383387130674666,8572.357643866248,3
source-06-bins512-r0.2-g1,86,0.3863334613568561,8506.981478270538,1
source-06-bins512-r0.2-g1,87,0.38930243459481884,8442.103896985649,5
source-06-bins512-r0.2-g1,88,0.39229422439662975,8377.721097611848,2
source-06-bins512-r0.2-g1,89,0.39530900610761677,8313.82930674798,2
source-06-bins512-r0.2-g1,91,0.4014082533864316,8187.503800613215,2
source-06-bins512-r0.2-g1,92,0.40449307642406346,8125.062681551017,3
source-06-bins512-r0.2-g1,93,0.40760160633143006,8063.09776298224,6
source-06-bins512-r0.2-g1,94,0.4107340252958615,8001.605413214926,1
source-06-bins512-r0.2-g1,95,0.4138905169047975,7940.582028253826,4
source-06-bins512-r0.2-g1,96,0.4170712661565477,7880.024031589174,2
source-06-bins512-r0.2-g1,97,0.4202764594711341,7819.927873987075,3
source-06-bins512-r0.2-g1,98,0.4235062847012168,7760.290033281479,2
source-06-bins512-r0.2-g1,100,0.4300405895478453,7642.375347997865,3
source-06-bins512-r0.2-g1,102,0.4366757125909707,7526.252331961908,1
source-06-bins512-r0.2-g1,103,0.4400315661062149,7468.854176260658,4
source-06-bins512-r0.2-g1,104,0.4434132093608266,7411.89376143396,2
source-06-bins512-r0.2-g1,106,0.45025465938801956,7299.272826328845,3
source-06-bins512-r0.2-g1,107,0.45371486713004655,7243.605705468133,3
source-06-bins512-r0.2-g1,108,0.4572016665738323,7188.363123930538,2
source-06-bins512-r0.2-g1,109,0.4607152620766455,7133.541844012468,4
source-06-bins512-r0.2-g1,111,0.4678236665529261,7025.150361492256,2
source-06-bins512-r0.2-g1,112,0.4714188921417297,6971.573806191123,2
source-06-bins512-r0.2-g1,113,0.47504174704464996,6918.405846739222,2
source-06-bins512-r0.2-g1,114,0.4786924435930079,6865.6433670241595,1
source-06-bins512-r0.2-g1,115,0.4823711957498909,6813.283274698237,3
source-06-bins512-r0.2-g1,116,0.4860782191226933,6761.322500997216,4
source-06-bins512-r0.2-g1,119,0.49737109754120495,6607.805753985628,1
source-06-bins512-r0.2-g1,121,0.5050450671861402,6507.402633412182,1
source-06-bins512-r0.2-g1,122,0.5089263392954066,6457.774625595181,2
source-06-bins512-r0.2-g1,123,0.5128374389867345,6408.5251004537795,2
source-06-bins512-r0.2-g1,124,0.516778595485137,6359.651171530467,2
source-06-bins512-r0.2-g1,125,0.5207500397772227,6311.1499743809945,2
source-06-bins512-r0.2-g1,126,0.5247520046247316,6263.018666406495,1
source-06-bins512-r0.2-g1,127,0.5287847245781788,6215.254426686866,1
source-06-bins512-r0.2-g1,128,0.5328484359906003,6167.854455815456,3
source-06-bins512-r0.2-g1,129,0.536943377031405,6120.815975734992,3
source-06-bins512-r0.2-g1,130,0.5410697877003351,6074.136229574745,1
source-06-bins512-r0.2-g1,132,0.5494179871577028,5981.842016496573,1
source-06-bins512-r0.2-g1,133,0.5536402652244216,5936.222140321938,2
source-06-bins512-r0.2-g1,137,0.5708563628671782,5757.195354172835,2
source-06-bins512-r0.2-g1,139,0.5796641412481848,5669.71693836722,2
source-06-bins512-r0.2-g1,140,0.5841188610550792,5626.477450604047,1
source-06-bins512-r0.2-g1,142,0.5931312673467404,5540.9852441274825,1
source-06-bins512-r0.2-g1,146,0.6115753843212784,5373.87815869386,1
source-06-bins512-r0.2-g1,148,0.6210114190206655,5292.224103353492,1
source-06-bins512-r0.2-g1,149,0.6257838927201118,5251.863524184469,1
source-06-bins512-r0.2-g1,150,0.630593042887195,5211.810750641027,1
source-06-bins512-r0.2-g1,151,0.6354391513806248,5172.063435276598,1
source-06-bins512-r0.2-g1,153,0.6452433816284314,5093.475878674718,1
source-06-bins512-r0.2-g1,154,0.650202077997364,5054.6310315117835,2
source-06-bins512-r0.2-g1,155,0.6551988819554317,5016.082430406955,3
source-06-bins512-r0.2-g1,156,0.660234086359515,4977.827816071462,1
source-06-bins512-r0.2-g1,157,0.6653079863170999,4939.864946446758,2
source-06-bins512-r0.2-g1,161,0.6859965235756715,4790.886669612091,2
source-06-bins512-r0.2-g1,162,0.6912684079024355,4754.349486578558,2
source-06-bins512-r0.2-g1,163,0.6965808066682666,4718.090950450303,2
source-06-bins512-r0.2-g1,164,0.7019340312266908,4682.108936156608,1
source-06-bins512-r0.2-g1,167,0.7182418091945367,4575.801015934398,1
source-06-bins512-r0.2-g1,168,0.7237614985903118,4540.904160555901,1
source-06-bins512-r0.2-g1,169,0.7293236068074863,4506.27344229986,1
source-06-bins512-r0.2-g1,170,0.7349284598347672,4471.906831500071,2
source-06-bins512-r0.2-g1,174,0.7577819279072661,4337.041408832743,1
source-06-bins512-r0.2-g1,177,0.7753871997399504,4238.568293752024,1
source-06-bins512-r0.2-g1,179,0.7873506971431802,4174.164844361932,2
source-06-bins512-r0.2-g1,180,0.7934014884479232,4142.331024142816,1
source-06-bins512-r0.2-g1,181,0.7994987800930439,4110.739981137234,2
source-06-bins512-r0.2-g1,183,0.8118342965714386,4048.278834829587,1
source-06-bins512-r0.2-g1,188,0.8435121976787068,3896.2466805379368,3
source-06-bins512-r0.2-g1,189,0.8499945902004612,3866.532373369378,1
source-06-bins512-r0.2-g1,200,0.9246745432932916,3554.2576834587812,1
source-06-bins512-r0.2-g1,204,0.9534283898341599,3447.0670637053117,1
source-06-bins512-r0.2-g1,207,0.9755790447361375,3368.8009371786184,1
source-06-bins512-r0.2-g1,208,0.9830763711783409,3343.10913836694,1
source-06-bins512-r0.2-g1,213,1.0214361647945982,3217.55946526508,2
source-06-bins512-r0.2-g1,216,1.0451668195894486,3144.5043399769443,1
source-06-bins512-r0.2-g1,217,1.053198928187211,3120.5231150925792,1
source-06-bins512-r0.2-g1,235,1.2088062866796414,2718.8240468424365,2
source-06-bins512-r0.2-g1,236,1.2180959648308123,2698.0892270301583,1
source-06-bins512-r0.2-g1,237,1.2274570341727,2677.512539095943,1
source-06-bins512-r0.2-g1,238,1.236890043346714,2657.0927770639914,1
source-06-bins512-r0.2-g1,239,1.246395545210574,2636.828744155752,1
source-06-bins512-r0.2-g1,240,1.2559740968707107,2616.719252719776,1
source-06-bins512-r0.2-g1,242,1.2753525994452646,2576.959188877219,1
source-06-bins512-r0.2-g1,244,1.2950300941431172,2537.8032642349685,1
source-06-bins512-r0.2-g1,247,1.325117057158797,2480.182095946771,2
source-06-bins512-r0.2-g1,248,1.335300583757955,2461.267253362228,1
source-06-bins512-r0.2-g1,249,1.3455623707745121,2442.4966627947374,1
source-06-bins512-r0.2-g1,260,1.4637825758104284,2245.232081943127,1
source-06-bins512-r0.2-g1,261,1.475031747131271,2228.109060425826,1
source-06-bins512-r0.2-g1,266,1.5325877163888393,2144.432951572138,1
source-06-bins512-r0.2-g1,284,1.7590235015217524,1868.384133216926,1
source-06-bins512-r0.2-g1,304,2.050064534279675,1603.1356795085965,1
source-06-bins512-r0.2-g1,309,2.1300583727448568,1542.9302981794806,1
source-06-bins512-r0.2-g1,315,2.230181825639347,1473.6608299893844,1
source-06-bins512-r0.2-g1,319,2.299531962330985,1429.2176208185583,1
source-06-bins512-r0.2-g1,344,2.7845775258375376,1180.2622012509446,1
source-06-bins512-r0.2-g1,358,3.099605601459258,1060.306381770526,1
source-06-bins512-r0.2-g1,430,5.378877369866632,611.0069767737446,1
