rate,conditioner,kernel,profile,source,relative_rms_error,peak_normalized_error,spectral_magnitude_relative_error,finite,reference_convergence,joint_pass
44100,raw-control,kaiser-g64,reference,A1,0.003474061567757656,0.001575985002760098,0.00272575074566011,True,1.3154131588992905e-06,True
44100,raw-control,kaiser-g64,reference,B1,0.0003960052175116034,0.0002999172812240252,0.0003616010344140212,True,1.9011799702968472e-07,True
44100,raw-control,kaiser-g64,reference,AB,0.003469536647095648,0.0015760166649349569,0.0027222541515350626,True,1.3117818550992164e-06,True
44100,raw-control,kaiser-g64,edge,A1,0.026324654277790425,0.007773712587208072,0.01936962841636921,True,9.43373590737657e-06,False
44100,raw-control,kaiser-g64,edge,B1,0.043470317301709714,0.00890657739298647,0.039707848189560295,True,2.067375221104483e-05,False
44100,raw-control,kaiser-g64,edge,AB,0.026324581462552638,0.007773726734088358,0.019369813891310372,True,9.432558146874356e-06,False
44100,raw-control,kaiser-g64,overlap-reference,A1,0.00043512665743371444,0.00025356639135633763,0.00034374044759978887,True,2.779791658770868e-07,True
44100,raw-control,kaiser-g64,overlap-reference,B1,0.0003960056060997333,0.0002999170535556947,0.00036160139265947787,True,1.901185998491341e-07,True
44100,raw-control,kaiser-g64,overlap-reference,AB,0.00043495806901970585,0.00025356479621501565,0.0003435670917899974,True,2.778584832692206e-07,True
44100,raw-control,kaiser-g64,sustained-edge,A1,0.017250693328453293,0.002771426445119458,0.013383058900968183,True,9.794512461887453e-06,False
44100,raw-control,kaiser-g64,sustained-edge,B1,0.04347031416664305,0.008906576785322478,0.039707845320998365,True,2.067375070599866e-05,False
44100,raw-control,kaiser-g64,sustained-edge,AB,0.017249784197289293,0.002771431587714242,0.01338226257873056,True,9.793826788208503e-06,False
44100,iir-p16000-s18000,kaiser-g16,reference,A1,4.4097374678103953e-05,3.866483130605155e-05,4.335127496498407e-05,True,4.180245097494205e-09,True
44100,iir-p16000-s18000,hann-g32,reference,A1,9.82004987237715e-06,8.142580591902127e-06,9.361796393352997e-06,True,4.180245097494205e-09,True
44100,iir-p16000-s18000,kaiser-g32,reference,A1,3.181051733654586e-05,2.4384565710863607e-05,3.1723268534153465e-05,True,4.180245097494205e-09,True
44100,iir-p16000-s18000,lagrange-g64,reference,A1,6.283754851202394e-08,7.732701256652167e-08,4.5663619233114464e-08,True,4.180245097494205e-09,True
44100,iir-p16000-s18000,hann-g64,reference,A1,1.2092187056538571e-06,1.0476953980422587e-06,1.1513507540375784e-06,True,4.180245097494205e-09,True
44100,iir-p16000-s18000,kaiser-g64,reference,A1,1.4661102097952572e-05,1.3864077233078873e-05,1.4638144500500334e-05,True,4.180245097494205e-09,True
44100,iir-p16000-s18000,kaiser-g16,reference,B1,5.8890960318531056e-05,5.620667994631415e-05,5.882601088169924e-05,True,2.0005265692315608e-10,True
44100,iir-p16000-s18000,hann-g32,reference,B1,4.282424289376265e-06,5.21688908051367e-06,4.279755485254364e-06,True,2.0005265692315608e-10,True
44100,iir-p16000-s18000,kaiser-g32,reference,B1,1.680872219648562e-05,1.992757901818874e-05,1.6774837270923236e-05,True,2.0005265692315608e-10,True
44100,iir-p16000-s18000,lagrange-g64,reference,B1,5.036995630351424e-09,1.1565021409228368e-08,4.338831242744093e-09,True,2.0005265692315608e-10,True
44100,iir-p16000-s18000,hann-g64,reference,B1,1.2258122604685168e-06,1.076384215622609e-06,1.225103675496663e-06,True,2.0005265692315608e-10,True
44100,iir-p16000-s18000,kaiser-g64,reference,B1,1.8884485885697444e-05,1.6020489247423576e-05,1.8879157946960568e-05,True,2.0005265692315608e-10,True
44100,iir-p16000-s18000,kaiser-g16,reference,AB,4.414203165363132e-05,3.866483130605155e-05,4.339934305296564e-05,True,4.180245052202589e-09,True
44100,iir-p16000-s18000,hann-g32,reference,AB,9.80976039787039e-06,8.14258059190004e-06,9.352226236192133e-06,True,4.180245052202589e-09,True
44100,iir-p16000-s18000,kaiser-g32,reference,AB,3.178085238731166e-05,2.4384565710863607e-05,3.169376329461551e-05,True,4.180245052202589e-09,True
44100,iir-p16000-s18000,lagrange-g64,reference,AB,6.275675819032128e-08,7.732701256652167e-08,4.5605048619144396e-08,True,4.180245052202589e-09,True
44100,iir-p16000-s18000,hann-g64,reference,AB,1.209261916397455e-06,1.0476953980361266e-06,1.1515449954994815e-06,True,4.180245052202589e-09,True
44100,iir-p16000-s18000,kaiser-g64,reference,AB,1.4673593315449392e-05,1.3864077233078873e-05,1.4650689132226536e-05,True,4.180245052202589e-09,True
44100,iir-p16000-s18000,kaiser-g16,edge,A1,3.960381378343223e-05,3.023938427272885e-05,3.44319489536749e-05,True,1.7867565207985587e-08,True
44100,iir-p16000-s18000,hann-g32,edge,A1,3.734116627054508e-05,2.3754174479237888e-05,3.0954092939367054e-05,True,1.7867565207985587e-08,True
44100,iir-p16000-s18000,kaiser-g32,edge,A1,2.833298184447835e-05,2.3547128127695235e-05,2.7170913414832787e-05,True,1.7867565207985587e-08,True
44100,iir-p16000-s18000,lagrange-g64,edge,A1,1.191741209405855e-06,1.3464007580803707e-06,8.063696498430443e-07,True,1.7867565207985587e-08,True
44100,iir-p16000-s18000,hann-g64,edge,A1,4.688487931170813e-06,3.0523175779855454e-06,3.9133017234506875e-06,True,1.7867565207985587e-08,True
44100,iir-p16000-s18000,kaiser-g64,edge,A1,1.6422343774190758e-05,1.1931471219929345e-05,1.6033008421644713e-05,True,1.7867565207985587e-08,True
44100,iir-p16000-s18000,kaiser-g16,edge,B1,7.338804291684835e-05,6.709830703317234e-05,7.181012227505329e-05,True,4.2828886760486306e-08,True
44100,iir-p16000-s18000,hann-g32,edge,B1,9.13796220403547e-05,7.093762685823766e-05,8.9738947307082e-05,True,4.2828886760486306e-08,True
44100,iir-p16000-s18000,kaiser-g32,edge,B1,3.678134681669935e-05,3.300059906849926e-05,3.62963724521093e-05,True,4.2828886760486306e-08,True
44100,iir-p16000-s18000,lagrange-g64,edge,B1,4.273820511986345e-06,5.169493583534631e-06,3.7032196738665245e-06,True,4.2828886760486306e-08,True
44100,iir-p16000-s18000,hann-g64,edge,B1,1.1339044878306103e-05,8.69430943677158e-06,1.1132876448599836e-05,True,4.2828886760486306e-08,True
44100,iir-p16000-s18000,kaiser-g64,edge,B1,2.0638244074669758e-05,1.3207830315674757e-05,2.0478981458066073e-05,True,4.2828886760486306e-08,True
44100,iir-p16000-s18000,kaiser-g16,edge,AB,3.960381527291522e-05,3.023938427272849e-05,3.443195093033935e-05,True,1.7867566245827482e-08,True
44100,iir-p16000-s18000,hann-g32,edge,AB,3.734116914910087e-05,2.3754174479239426e-05,3.095409305703533e-05,True,1.7867566245827482e-08,True
44100,iir-p16000-s18000,kaiser-g32,edge,AB,2.8332982144502986e-05,2.3547128127568898e-05,2.7170913125522124e-05,True,1.7867566245827482e-08,True
44100,iir-p16000-s18000,lagrange-g64,edge,AB,1.1917414278329527e-06,1.3464007580487867e-06,8.063698881732101e-07,True,1.7867566245827482e-08,True
44100,iir-p16000-s18000,hann-g64,edge,AB,4.68848828249139e-06,3.0523175779829683e-06,3.913305337485377e-06,True,1.7867566245827482e-08,True
44100,iir-p16000-s18000,kaiser-g64,edge,AB,1.6422343921211317e-05,1.1931471219803008e-05,1.6033010211779407e-05,True,1.7867566245827482e-08,True
44100,iir-p16000-s18000,kaiser-g16,overlap-reference,A1,4.960843249771059e-05,5.4956056356369916e-05,4.7808253326974124e-05,True,2.119767973468271e-10,True
44100,iir-p16000-s18000,hann-g32,overlap-reference,A1,5.432449573632987e-06,6.7061200932185396e-06,5.218003165230858e-06,True,2.119767973468271e-10,True
44100,iir-p16000-s18000,kaiser-g32,overlap-reference,A1,2.1204793702458408e-05,2.5003139664804645e-05,2.054031115115788e-05,True,2.119767973468271e-10,True
44100,iir-p16000-s18000,lagrange-g64,overlap-reference,A1,8.98175104888727e-09,1.1616794837230405e-08,7.608147987935735e-09,True,2.119767973468271e-10,True
44100,iir-p16000-s18000,hann-g64,overlap-reference,A1,1.0300218128655235e-06,1.2255738313599433e-06,9.817054823001703e-07,True,2.119767973468271e-10,True
44100,iir-p16000-s18000,kaiser-g64,overlap-reference,A1,1.728588165622659e-05,1.8926241593213596e-05,1.678932428570798e-05,True,2.119767973468271e-10,True
44100,iir-p16000-s18000,kaiser-g16,overlap-reference,B1,5.889096032838387e-05,5.6206681558533424e-05,5.8826010891661734e-05,True,2.000528729053032e-10,True
44100,iir-p16000-s18000,hann-g32,overlap-reference,B1,4.282424287846293e-06,5.216888961633524e-06,4.279755483779217e-06,True,2.000528729053032e-10,True
44100,iir-p16000-s18000,kaiser-g32,overlap-reference,B1,1.680872220556663e-05,1.992757896901791e-05,1.6774837280054556e-05,True,2.000528729053032e-10,True
44100,iir-p16000-s18000,lagrange-g64,overlap-reference,B1,5.036990435848625e-09,1.156501265243821e-08,4.338826751949381e-09,True,2.000528729053032e-10,True
44100,iir-p16000-s18000,hann-g64,overlap-reference,B1,1.2258122610303639e-06,1.0763842384280182e-06,1.2251036760421817e-06,True,2.000528729053032e-10,True
44100,iir-p16000-s18000,kaiser-g64,overlap-reference,B1,1.888448588043181e-05,1.602048963870369e-05,1.8879157941754242e-05,True,2.000528729053032e-10,True
44100,iir-p16000-s18000,kaiser-g16,overlap-reference,AB,4.960849063851128e-05,5.4956056356369916e-05,4.780832259554627e-05,True,2.1197678068573537e-10,True
44100,iir-p16000-s18000,hann-g32,overlap-reference,AB,5.43244594996271e-06,6.7061200932185396e-06,5.218000469194771e-06,True,2.1197678068573537e-10,True
44100,iir-p16000-s18000,kaiser-g32,overlap-reference,AB,2.120477399378593e-05,2.5003139664804645e-05,2.05402938980342e-05,True,2.1197678068573537e-10,True
44100,iir-p16000-s18000,lagrange-g64,overlap-reference,AB,8.98070627435237e-09,1.1616794730599419e-08,7.607168429190606e-09,True,2.1197678068573537e-10,True
44100,iir-p16000-s18000,hann-g64,overlap-reference,AB,1.030023430640595e-06,1.2255738313599433e-06,9.817074641308999e-07,True,2.1197678068573537e-10,True
44100,iir-p16000-s18000,kaiser-g64,overlap-reference,AB,1.728589462965046e-05,1.8926241593213596e-05,1.6789340150064793e-05,True,2.1197678068573537e-10,True
44100,iir-p16000-s18000,kaiser-g16,sustained-edge,A1,5.398127654124408e-05,4.806736690325012e-05,5.187479909714582e-05,True,1.0429426260122756e-08,True
44100,iir-p16000-s18000,hann-g32,sustained-edge,A1,2.937768631435166e-05,1.1590973494218677e-05,2.599398193588723e-05,True,1.0429426260122756e-08,True
44100,iir-p16000-s18000,kaiser-g32,sustained-edge,A1,2.8035637128163855e-05,2.5315930496978125e-05,2.7211090745445206e-05,True,1.0429426260122756e-08,True
44100,iir-p16000-s18000,lagrange-g64,sustained-edge,A1,6.020521361629656e-07,4.5611284536484803e-07,5.090968495923474e-07,True,1.0429426260122756e-08,True
44100,iir-p16000-s18000,hann-g64,sustained-edge,A1,3.563396897035974e-06,1.6496910415982268e-06,3.138523064896658e-06,True,1.0429426260122756e-08,True
44100,iir-p16000-s18000,kaiser-g64,sustained-edge,A1,1.4353539108927233e-05,1.207589305342911e-05,1.3935127902463216e-05,True,1.0429426260122756e-08,True
44100,iir-p16000-s18000,kaiser-g16,sustained-edge,B1,7.338804311065842e-05,6.709830509056738e-05,7.18101224674165e-05,True,4.282888520944717e-08,True
44100,iir-p16000-s18000,hann-g32,sustained-edge,B1,9.137962244583581e-05,7.093762383834696e-05,8.973894770778727e-05,True,4.282888520944717e-08,True
44100,iir-p16000-s18000,kaiser-g32,sustained-edge,B1,3.678134692554414e-05,3.300059593218913e-05,3.629637255918656e-05,True,4.282888520944717e-08,True
44100,iir-p16000-s18000,lagrange-g64,sustained-edge,B1,4.273820505316143e-06,5.169493368159503e-06,3.7032196680297564e-06,True,4.282888520944717e-08,True
44100,iir-p16000-s18000,hann-g64,sustained-edge,B1,1.1339044929607531e-05,8.694309065744033e-06,1.113287649915319e-05,True,4.282888520944717e-08,True
44100,iir-p16000-s18000,kaiser-g64,sustained-edge,B1,2.0638244127928598e-05,1.3207829523454544e-05,2.0478981510718498e-05,True,4.282888520944717e-08,True
44100,iir-p16000-s18000,kaiser-g16,sustained-edge,AB,5.398133259560794e-05,4.806736690325012e-05,5.187483855347486e-05,True,1.0429468717130336e-08,True
44100,iir-p16000-s18000,hann-g32,sustained-edge,AB,2.9377784490209576e-05,1.1590973494217117e-05,2.599412236337204e-05,True,1.0429468717130336e-08,True
44100,iir-p16000-s18000,kaiser-g32,sustained-edge,AB,2.8035640043550286e-05,2.5315930496978125e-05,2.7211090956502933e-05,True,1.0429468717130336e-08,True
44100,iir-p16000-s18000,lagrange-g64,sustained-edge,AB,6.020546718909315e-07,4.5611284536484803e-07,5.090985419878086e-07,True,1.0429468717130336e-08,True
44100,iir-p16000-s18000,hann-g64,sustained-edge,AB,3.5633854991134627e-06,1.6496910415979342e-06,3.1385087248195056e-06,True,1.0429468717130336e-08,True
44100,iir-p16000-s18000,kaiser-g64,sustained-edge,AB,1.435353980279538e-05,1.207589305342911e-05,1.3935128268754594e-05,True,1.0429468717130336e-08,True
44100,fir129-p16000-s18000,kaiser-g16,reference,A1,4.413676207277303e-05,4.2109534892359497e-05,4.339929054080455e-05,True,4.573772729681665e-09,True
44100,fir129-p16000-s18000,hann-g32,reference,A1,9.997200342417897e-06,8.962331097279535e-06,9.537070724450077e-06,True,4.573772729681665e-09,True
44100,fir129-p16000-s18000,kaiser-g32,reference,A1,3.1839836254849484e-05,2.4246700921257993e-05,3.175265462795666e-05,True,4.573772729681665e-09,True
44100,fir129-p16000-s18000,lagrange-g64,reference,A1,6.370199898072775e-07,4.4064064163737954e-07,4.70226429657694e-07,True,4.573772729681665e-09,True
44100,fir129-p16000-s18000,hann-g64,reference,A1,1.259631721539719e-06,1.1136638894651109e-06,1.190877491516591e-06,True,4.573772729681665e-09,True
44100,fir129-p16000-s18000,kaiser-g64,reference,A1,1.4673803845877948e-05,1.3974643796931239e-05,1.464992291649094e-05,True,4.573772729681665e-09,True
44100,fir129-p16000-s18000,kaiser-g16,reference,B1,5.8887695726444405e-05,5.630634549328429e-05,5.882217092547718e-05,True,3.7179268672839144e-10,True
44100,fir129-p16000-s18000,hann-g32,reference,B1,4.282164939234392e-06,5.29045789551458e-06,4.279307305796858e-06,True,3.7179268672839144e-10,True
44100,fir129-p16000-s18000,kaiser-g32,reference,B1,1.6805906337870524e-05,2.0354864207734517e-05,1.6771721651856026e-05,True,3.7179268672839144e-10,True
44100,fir129-p16000-s18000,lagrange-g64,reference,B1,6.978445315300468e-08,8.118357672837159e-08,5.9562250325809365e-08,True,3.7179268672839144e-10,True
44100,fir129-p16000-s18000,hann-g64,reference,B1,1.2259773864757082e-06,1.0898016120770737e-06,1.2251891946345974e-06,True,3.7179268672839144e-10,True
44100,fir129-p16000-s18000,kaiser-g64,reference,B1,1.8882597895992752e-05,1.6208981208974315e-05,1.8877321213567716e-05,True,3.7179268672839144e-10,True
44100,fir129-p16000-s18000,kaiser-g16,reference,AB,4.418126261390491e-05,4.210953235680886e-05,4.34471424949761e-05,True,4.573737476433941e-09,True
44100,fir129-p16000-s18000,hann-g32,reference,AB,9.986638872572443e-06,8.962327594990831e-06,9.527229577516322e-06,True,4.573737476433941e-09,True
44100,fir129-p16000-s18000,kaiser-g32,reference,AB,3.181012113327446e-05,2.4246703456976885e-05,3.172309869264455e-05,True,4.573737476433941e-09,True
44100,fir129-p16000-s18000,lagrange-g64,reference,AB,6.36199864038158e-07,4.406375642329673e-07,4.6963527816781246e-07,True,4.573737476433941e-09,True
44100,fir129-p16000-s18000,hann-g64,reference,AB,1.2595432354055664e-06,1.1136602801875282e-06,1.1909670679695353e-06,True,4.573737476433941e-09,True
44100,fir129-p16000-s18000,kaiser-g64,reference,AB,1.4686243938662684e-05,1.3974646332624083e-05,1.4662421683560785e-05,True,4.573737476433941e-09,True
44100,fir129-p16000-s18000,kaiser-g16,edge,A1,4.590344111433364e-05,4.590093076943987e-05,4.0180006147479584e-05,True,2.4889273519576286e-08,True
44100,fir129-p16000-s18000,hann-g32,edge,A1,4.6712786650557786e-05,4.6541798595021445e-05,3.950517512304651e-05,True,2.4889273519576286e-08,True
44100,fir129-p16000-s18000,kaiser-g32,edge,A1,2.9484922922368786e-05,2.159665529966823e-05,2.805814475450373e-05,True,2.4889273519576286e-08,True
44100,fir129-p16000-s18000,lagrange-g64,edge,A1,6.644104556812341e-06,4.003215547788523e-06,4.652425881699214e-06,True,2.4889273519576286e-08,True
44100,fir129-p16000-s18000,hann-g64,edge,A1,6.342522318758611e-06,5.82876501318083e-06,5.2888588447768144e-06,True,2.4889273519576286e-08,True
44100,fir129-p16000-s18000,kaiser-g64,edge,A1,1.688983673177449e-05,1.2114537901118607e-05,1.6343467408195464e-05,True,2.4889273519576286e-08,True
44100,fir129-p16000-s18000,kaiser-g16,edge,B1,9.147230231727674e-05,4.732975698309532e-05,8.91669620944303e-05,True,4.7563345694449955e-08,True
44100,fir129-p16000-s18000,hann-g32,edge,B1,0.000110618190480693,5.725444641800086e-05,0.00010796747746609386,True,4.7563345694449955e-08,True
44100,fir129-p16000-s18000,kaiser-g32,edge,B1,4.354485445229253e-05,2.2977542399456936e-05,4.2693977740539064e-05,True,4.7563345694449955e-08,True
44100,fir129-p16000-s18000,lagrange-g64,edge,B1,2.093622939753984e-05,6.026646174497975e-06,1.798041111361777e-05,True,4.7563345694449955e-08,True
44100,fir129-p16000-s18000,hann-g64,edge,B1,1.561025809237879e-05,7.11592628098337e-06,1.5021087868555184e-05,True,4.7563345694449955e-08,True
44100,fir129-p16000-s18000,kaiser-g64,edge,B1,2.3105918333473867e-05,1.2102393897644777e-05,2.2668822491754118e-05,True,4.7563345694449955e-08,True
44100,fir129-p16000-s18000,kaiser-g16,edge,AB,4.5903442980845186e-05,4.590093264036901e-05,4.01800139394399e-05,True,2.4889292511844973e-08,True
44100,fir129-p16000-s18000,hann-g32,edge,AB,4.671279030629045e-05,4.654179670089512e-05,3.950518327351881e-05,True,2.4889292511844973e-08,True
44100,fir129-p16000-s18000,kaiser-g32,edge,AB,2.9484922321952005e-05,2.159665340170961e-05,2.805815083840337e-05,True,2.4889292511844973e-08,True
44100,fir129-p16000-s18000,lagrange-g64,edge,AB,6.644101427677335e-06,4.0032173612440995e-06,4.652446018219554e-06,True,2.4889292511844973e-08,True
44100,fir129-p16000-s18000,hann-g64,edge,AB,6.342518890997929e-06,5.8287630609013306e-06,5.288877170660741e-06,True,2.4889292511844973e-08,True
44100,fir129-p16000-s18000,kaiser-g64,edge,AB,1.6889835324319467e-05,1.2114539273755821e-05,1.634347416207752e-05,True,2.4889292511844973e-08,True
44100,fir129-p16000-s18000,kaiser-g16,overlap-reference,A1,4.9683176373359526e-05,5.4925298608159446e-05,4.7895357817864613e-05,True,2.90434535237352e-10,True
44100,fir129-p16000-s18000,hann-g32,overlap-reference,A1,5.4508873198150075e-06,6.892183666393658e-06,5.2367749380026765e-06,True,2.90434535237352e-10,True
44100,fir129-p16000-s18000,kaiser-g32,overlap-reference,A1,2.1237669085584358e-05,2.508187975798035e-05,2.0577849879440427e-05,True,2.90434535237352e-10,True
44100,fir129-p16000-s18000,lagrange-g64,overlap-reference,A1,8.281577331007204e-08,8.590190972538357e-08,6.665740695731639e-08,True,2.90434535237352e-10,True
44100,fir129-p16000-s18000,hann-g64,overlap-reference,A1,1.0340148128878643e-06,1.2342150520858732e-06,9.857373110304268e-07,True,2.90434535237352e-10,True
44100,fir129-p16000-s18000,kaiser-g64,overlap-reference,A1,1.732038900093519e-05,1.8988763797872065e-05,1.6827473826094266e-05,True,2.90434535237352e-10,True
44100,fir129-p16000-s18000,kaiser-g16,overlap-reference,B1,5.888769573599625e-05,5.630634719118898e-05,5.88221709351782e-05,True,3.7179277323025113e-10,True
44100,fir129-p16000-s18000,hann-g32,overlap-reference,B1,4.282164931247944e-06,5.29045774668274e-06,4.27930729814265e-06,True,3.7179277323025113e-10,True
44100,fir129-p16000-s18000,kaiser-g32,overlap-reference,B1,1.680590634695186e-05,2.0354864009201867e-05,1.6771721661010554e-05,True,3.7179277323025113e-10,True
44100,fir129-p16000-s18000,lagrange-g64,overlap-reference,B1,6.97844388561338e-08,8.118349404448498e-08,5.9562235828459036e-08,True,3.7179277323025113e-10,True
44100,fir129-p16000-s18000,hann-g64,overlap-reference,B1,1.225977387132786e-06,1.0898015331948103e-06,1.2251891951371772e-06,True,3.7179277323025113e-10,True
44100,fir129-p16000-s18000,kaiser-g64,overlap-reference,B1,1.888259789067237e-05,1.6208981610288548e-05,1.8877321208296536e-05,True,3.7179277323025113e-10,True
44100,fir129-p16000-s18000,kaiser-g16,overlap-reference,AB,4.968323389353746e-05,5.4925298425038275e-05,4.789542645321498e-05,True,2.9043497617910557e-10,True
44100,fir129-p16000-s18000,hann-g32,overlap-reference,AB,5.450882495476074e-06,6.892183483388184e-06,5.236771171965474e-06,True,2.9043497617910557e-10,True
44100,fir129-p16000-s18000,kaiser-g32,overlap-reference,AB,2.1237649136310754e-05,2.5081879940979964e-05,2.0577832364475705e-05,True,2.9043497617910557e-10,True
44100,fir129-p16000-s18000,lagrange-g64,overlap-reference,AB,8.281040646874733e-08,8.590209133994473e-08,6.665371999939911e-08,True,2.9043497617910557e-10,True
44100,fir129-p16000-s18000,hann-g64,overlap-reference,AB,1.034015961237901e-06,1.234215233700224e-06,9.857389312029468e-07,True,2.9043497617910557e-10,True
44100,fir129-p16000-s18000,kaiser-g64,overlap-reference,AB,1.732040170111676e-05,1.8988763979376267e-05,1.6827489403347512e-05,True,2.9043497617910557e-10,True
44100,fir129-p16000-s18000,kaiser-g16,sustained-edge,A1,5.52151624419791e-05,4.532623025482515e-05,5.285002239666649e-05,True,1.1843514803224521e-08,True
44100,fir129-p16000-s18000,hann-g32,sustained-edge,A1,3.3128644088090864e-05,1.4323020825067284e-05,2.9390758950751164e-05,True,1.1843514803224521e-08,True
44100,fir129-p16000-s18000,kaiser-g32,sustained-edge,A1,2.8287052252374592e-05,2.458856742994126e-05,2.7377868935578187e-05,True,1.1843514803224521e-08,True
44100,fir129-p16000-s18000,lagrange-g64,sustained-edge,A1,3.6441429570710066e-06,1.2521383856308867e-06,2.9620179912491707e-06,True,1.1843514803224521e-08,True
44100,fir129-p16000-s18000,hann-g64,sustained-edge,A1,4.270230784740329e-06,2.0024012188967754e-06,3.714772311056085e-06,True,1.1843514803224521e-08,True
44100,fir129-p16000-s18000,kaiser-g64,sustained-edge,A1,1.4533748339745671e-05,1.1173159618083104e-05,1.4055818630912021e-05,True,1.1843514803224521e-08,True
44100,fir129-p16000-s18000,kaiser-g16,sustained-edge,B1,9.147230223512315e-05,4.732975761900863e-05,8.916696203877805e-05,True,4.7563345716461734e-08,True
44100,fir129-p16000-s18000,hann-g32,sustained-edge,B1,0.00011061819064366549,5.725444805831629e-05,0.00010796747763554593,True,4.7563345716461734e-08,True
44100,fir129-p16000-s18000,kaiser-g32,sustained-edge,B1,4.3544854280964865e-05,2.297754243373969e-05,4.269397759779616e-05,True,4.7563345716461734e-08,True
44100,fir129-p16000-s18000,lagrange-g64,sustained-edge,B1,2.093622861145474e-05,6.026646337478329e-06,1.798041045330687e-05,True,4.7563345716461734e-08,True
44100,fir129-p16000-s18000,hann-g64,sustained-edge,B1,1.561025788610822e-05,7.115926519715881e-06,1.5021087698264567e-05,True,4.7563345716461734e-08,True
44100,fir129-p16000-s18000,kaiser-g64,sustained-edge,B1,2.3105918180986785e-05,1.2102394184798431e-05,2.2668822369107684e-05,True,4.7563345716461734e-08,True
44100,fir129-p16000-s18000,kaiser-g16,sustained-edge,AB,5.521526413336965e-05,4.5326230594086136e-05,5.2850095306335697e-05,True,1.1843585490808639e-08,True
44100,fir129-p16000-s18000,hann-g32,sustained-edge,AB,3.31288136343582e-05,1.4323020457438893e-05,2.939096876595634e-05,True,1.1843585490808639e-08,True
44100,fir129-p16000-s18000,kaiser-g32,sustained-edge,AB,2.8287051839261726e-05,2.4588567769195207e-05,2.737785392267346e-05,True,1.1843585490808639e-08,True
44100,fir129-p16000-s18000,lagrange-g64,sustained-edge,AB,3.6441094170259155e-06,1.2521389862689067e-06,2.9619909653414364e-06,True,1.1843585490808639e-08,True
44100,fir129-p16000-s18000,hann-g64,sustained-edge,AB,4.270202756249071e-06,2.0024008467140233e-06,3.7147307904403617e-06,True,1.1843585490808639e-08,True
44100,fir129-p16000-s18000,kaiser-g64,sustained-edge,AB,1.4533745158717118e-05,1.1173159957332501e-05,1.4055814902648167e-05,True,1.1843585490808639e-08,True
44100,iir-p16000-s19000,kaiser-g16,reference,A1,4.41173330492888e-05,4.069950454598714e-05,4.337519311771066e-05,True,4.804834088452532e-09,True
44100,iir-p16000-s19000,hann-g32,reference,A1,9.957573055597822e-06,9.419612485531537e-06,9.48816853229968e-06,True,4.804834088452532e-09,True
44100,iir-p16000-s19000,kaiser-g32,reference,A1,3.182398409362133e-05,2.6042244070527934e-05,3.173703720423058e-05,True,4.804834088452532e-09,True
44100,iir-p16000-s19000,lagrange-g64,reference,A1,5.267287944794539e-07,8.861676771281085e-07,4.014971460584229e-07,True,4.804834088452532e-09,True
44100,iir-p16000-s19000,hann-g64,reference,A1,1.2259760694150297e-06,1.2104336734000907e-06,1.1669847631925686e-06,True,4.804834088452532e-09,True
44100,iir-p16000-s19000,kaiser-g64,reference,A1,1.4665808920344768e-05,1.3541934097931167e-05,1.4642860506449968e-05,True,4.804834088452532e-09,True
44100,iir-p16000-s19000,kaiser-g16,reference,B1,5.888948616247834e-05,5.6479773843588485e-05,5.882427491986043e-05,True,2.8746444223704745e-10,True
44100,iir-p16000-s19000,hann-g32,reference,B1,4.283055844717331e-06,5.238309433543349e-06,4.280289606027381e-06,True,2.8746444223704745e-10,True
44100,iir-p16000-s19000,kaiser-g32,reference,B1,1.6807440719168645e-05,2.036273903390966e-05,1.6773423471416353e-05,True,2.8746444223704745e-10,True
44100,iir-p16000-s19000,lagrange-g64,reference,B1,4.9802041304417985e-08,1.4768860665097663e-07,4.4049939674945046e-08,True,2.8746444223704745e-10,True
44100,iir-p16000-s19000,hann-g64,reference,B1,1.2257532872004476e-06,1.111648587040402e-06,1.2250408920128163e-06,True,2.8746444223704745e-10,True
44100,iir-p16000-s19000,kaiser-g64,reference,B1,1.888354073818946e-05,1.619195528930911e-05,1.8878239347597685e-05,True,2.8746444223704745e-10,True
44100,iir-p16000-s19000,kaiser-g16,reference,AB,4.4161908011653686e-05,4.069950454598714e-05,4.342315134044096e-05,True,4.8048341338035355e-09,True
44100,iir-p16000-s19000,hann-g32,reference,AB,9.947074165224079e-06,9.419612485532506e-06,9.478403989298337e-06,True,4.8048341338035355e-09,True
44100,iir-p16000-s19000,kaiser-g32,reference,AB,3.179429856231884e-05,2.6042244070527934e-05,3.170751042709436e-05,True,4.8048341338035355e-09,True
44100,iir-p16000-s19000,lagrange-g64,reference,AB,5.260533720105028e-07,8.86167677105433e-07,4.009817358964524e-07,True,4.8048341338035355e-09,True
44100,iir-p16000-s19000,hann-g64,reference,AB,1.225975493332651e-06,1.2104336733906803e-06,1.16713562380807e-06,True,4.8048341338035355e-09,True
44100,iir-p16000-s19000,kaiser-g64,reference,AB,1.4678279373813055e-05,1.3541934097931167e-05,1.4655385078967722e-05,True,4.8048341338035355e-09,True
44100,iir-p16000-s19000,kaiser-g16,edge,A1,4.406658995520942e-05,3.292607816457274e-05,3.832893790697954e-05,True,2.255800228398248e-08,True
44100,iir-p16000-s19000,hann-g32,edge,A1,4.618173037534614e-05,3.539880289749602e-05,3.867185452280979e-05,True,2.255800228398248e-08,True
44100,iir-p16000-s19000,kaiser-g32,edge,A1,2.916178337201514e-05,1.8052326661304397e-05,2.7815510325971504e-05,True,2.255800228398248e-08,True
44100,iir-p16000-s19000,lagrange-g64,edge,A1,1.1420265429736193e-05,1.3586897285646144e-05,8.18345638238631e-06,True,2.255800228398248e-08,True
44100,iir-p16000-s19000,hann-g64,edge,A1,5.805849515875964e-06,4.497728058004076e-06,4.884065626682345e-06,True,2.255800228398248e-08,True
44100,iir-p16000-s19000,kaiser-g64,edge,A1,1.6644008582770733e-05,1.1983068925764356e-05,1.6182954336310693e-05,True,2.255800228398248e-08,True
44100,iir-p16000-s19000,kaiser-g16,edge,B1,8.670044252956107e-05,6.553752999569309e-05,8.48641034447522e-05,True,5.2646785283630705e-08,True
44100,iir-p16000-s19000,hann-g32,edge,B1,0.00011564200479142227,8.758910634440593e-05,0.00011333145687409974,True,5.2646785283630705e-08,True
44100,iir-p16000-s19000,kaiser-g32,edge,B1,4.216099260974069e-05,2.7590427997326272e-05,4.159407039497006e-05,True,5.2646785283630705e-08,True
44100,iir-p16000-s19000,lagrange-g64,edge,B1,4.765598765706479e-05,5.107754901252064e-05,4.230322543938563e-05,True,5.2646785283630705e-08,True
44100,iir-p16000-s19000,hann-g64,edge,B1,1.4489119122782032e-05,1.0640712834957895e-05,1.4198357625101564e-05,True,5.2646785283630705e-08,True
44100,iir-p16000-s19000,kaiser-g64,edge,B1,2.189299705092268e-05,1.3701427986820937e-05,2.1691499148963637e-05,True,5.2646785283630705e-08,True
44100,iir-p16000-s19000,kaiser-g16,edge,AB,4.406659251134472e-05,3.292607816457412e-05,3.8328940854437825e-05,True,2.255800228398248e-08,True
44100,iir-p16000-s19000,hann-g32,edge,AB,4.618173529288802e-05,3.5398802897496774e-05,3.867185842604479e-05,True,2.255800228398248e-08,True
44100,iir-p16000-s19000,kaiser-g32,edge,AB,2.9161784014367016e-05,1.8052326661304397e-05,2.781551112682336e-05,True,2.255800228398248e-08,True
44100,iir-p16000-s19000,lagrange-g64,edge,AB,1.142026921689396e-05,1.3586897285646144e-05,8.183460327780303e-06,True,2.255800228398248e-08,True
44100,iir-p16000-s19000,hann-g64,edge,AB,5.805850129135761e-06,4.4977280580049256e-06,4.884068824935638e-06,True,2.255800228398248e-08,True
44100,iir-p16000-s19000,kaiser-g64,edge,AB,1.6644008828322088e-05,1.1983068925764356e-05,1.61829557953445e-05,True,2.255800228398248e-08,True
44100,iir-p16000-s19000,kaiser-g16,overlap-reference,A1,4.964331575564148e-05,5.4925797624861864e-05,4.7848899186265824e-05,True,2.6979128634150435e-10,True
44100,iir-p16000-s19000,hann-g32,overlap-reference,A1,5.442920064225256e-06,6.648758505230728e-06,5.2283006610403604e-06,True,2.6979128634150435e-10,True
44100,iir-p16000-s19000,kaiser-g32,overlap-reference,A1,2.1220184428172736e-05,2.496179962543763e-05,2.0557884993867435e-05,True,2.6979128634150435e-10,True
44100,iir-p16000-s19000,lagrange-g64,overlap-reference,A1,6.821968120819304e-08,1.1182275227525927e-07,5.882652536112709e-08,True,2.6979128634150435e-10,True
44100,iir-p16000-s19000,hann-g64,overlap-reference,A1,1.0317072805866581e-06,1.2438838736290966e-06,9.834883649622893e-07,True,2.6979128634150435e-10,True
44100,iir-p16000-s19000,kaiser-g64,overlap-reference,A1,1.7301917399769903e-05,1.88660462489523e-05,1.6807064129381493e-05,True,2.6979128634150435e-10,True
44100,iir-p16000-s19000,kaiser-g16,overlap-reference,B1,5.888948617210723e-05,5.647977524163454e-05,5.8824274929639904e-05,True,2.8746497895487515e-10,True
44100,iir-p16000-s19000,hann-g32,overlap-reference,B1,4.283055836630403e-06,5.238309481568979e-06,4.280289598243524e-06,True,2.8746497895487515e-10,True
44100,iir-p16000-s19000,kaiser-g32,overlap-reference,B1,1.6807440728266433e-05,2.0362739125534048e-05,1.6773423480573203e-05,True,2.8746497895487515e-10,True
44100,iir-p16000-s19000,lagrange-g64,overlap-reference,B1,4.9801921065086954e-08,1.476883212116315e-07,4.4049832570307317e-08,True,2.8746497895487515e-10,True
44100,iir-p16000-s19000,hann-g64,overlap-reference,B1,1.2257532875182324e-06,1.1116487330186791e-06,1.2250408923217372e-06,True,2.8746497895487515e-10,True
44100,iir-p16000-s19000,kaiser-g64,overlap-reference,B1,1.8883540732898807e-05,1.619195556572574e-05,1.8878239342329367e-05,True,2.8746497895487515e-10,True
44100,iir-p16000-s19000,kaiser-g16,overlap-reference,AB,4.9643373587751906e-05,5.4925797624861864e-05,4.7848968101376564e-05,True,2.697912663470092e-10,True
44100,iir-p16000-s19000,hann-g32,overlap-reference,AB,5.442915435092786e-06,6.648758505230728e-06,5.228297117732345e-06,True,2.697912663470092e-10,True
44100,iir-p16000-s19000,kaiser-g32,overlap-reference,AB,2.1220164605280056e-05,2.496179962543763e-05,2.0557867618344146e-05,True,2.697912663470092e-10,True
44100,iir-p16000-s19000,lagrange-g64,overlap-reference,AB,6.82245456830534e-08,1.1182275227525927e-07,5.8830598890732347e-08,True,2.697912663470092e-10,True
44100,iir-p16000-s19000,hann-g64,overlap-reference,AB,1.0317087952477822e-06,1.2438838736290966e-06,9.834902628829935e-07,True,2.697912663470092e-10,True
44100,iir-p16000-s19000,kaiser-g64,overlap-reference,AB,1.7301930253383536e-05,1.88660462489523e-05,1.6807079859214805e-05,True,2.697912663470092e-10,True
44100,iir-p16000-s19000,kaiser-g16,sustained-edge,A1,5.483334527129354e-05,4.8805111096084024e-05,5.2551278610743755e-05,True,1.1391397388384685e-08,True
44100,iir-p16000-s19000,hann-g32,sustained-edge,A1,3.259051146554746e-05,1.4734862155990614e-05,2.8926535451766426e-05,True,1.1391397388384685e-08,True
44100,iir-p16000-s19000,kaiser-g32,sustained-edge,A1,2.81935902077173e-05,2.4992546632375985e-05,2.7324592237587565e-05,True,1.1391397388384685e-08,True
44100,iir-p16000-s19000,lagrange-g64,sustained-edge,A1,4.566739835305297e-06,4.891976852280193e-06,4.0226179250350264e-06,True,1.1391397388384685e-08,True
44100,iir-p16000-s19000,hann-g64,sustained-edge,A1,3.942082391796769e-06,2.0121338916862762e-06,3.4779984536165953e-06,True,1.1391397388384685e-08,True
44100,iir-p16000-s19000,kaiser-g64,sustained-edge,A1,1.4428811241196106e-05,1.1661966088847237e-05,1.398951641800478e-05,True,1.1391397388384685e-08,True
44100,iir-p16000-s19000,kaiser-g16,sustained-edge,B1,8.670044263700652e-05,6.553752724679087e-05,8.486410355017721e-05,True,5.26467816815285e-08,True
44100,iir-p16000-s19000,hann-g32,sustained-edge,B1,0.00011564200499166584,8.758910108280913e-05,0.00011333145707127672,True,5.26467816815285e-08,True
44100,iir-p16000-s19000,kaiser-g32,sustained-edge,B1,4.216099263466406e-05,2.759042691358422e-05,4.159407041833285e-05,True,5.26467816815285e-08,True
44100,iir-p16000-s19000,lagrange-g64,sustained-edge,B1,4.765598763627539e-05,5.107754587107104e-05,4.230322542105932e-05,True,5.26467816815285e-08,True
44100,iir-p16000-s19000,hann-g64,sustained-edge,B1,1.4489119141967367e-05,1.0640712203015369e-05,1.4198357643882686e-05,True,5.26467816815285e-08,True
44100,iir-p16000-s19000,kaiser-g64,sustained-edge,B1,2.1892997076681124e-05,1.3701427495883773e-05,2.169149917422201e-05,True,5.26467816815285e-08,True
44100,iir-p16000-s19000,kaiser-g16,sustained-edge,AB,5.4833435966286585e-05,4.8805111096084024e-05,5.255132633261901e-05,True,1.1391456526238092e-08,True
44100,iir-p16000-s19000,hann-g32,sustained-edge,AB,3.259062270328315e-05,1.4734862155991346e-05,2.8926696738446313e-05,True,1.1391456526238092e-08,True
44100,iir-p16000-s19000,kaiser-g32,sustained-edge,AB,2.8193593888471217e-05,2.4992546632375985e-05,2.732457208321111e-05,True,1.1391456526238092e-08,True
44100,iir-p16000-s19000,lagrange-g64,sustained-edge,AB,4.566719084924264e-06,4.891976852280193e-06,4.0225887011150294e-06,True,1.1391456526238092e-08,True
44100,iir-p16000-s19000,hann-g64,sustained-edge,AB,3.9420660434531055e-06,2.0121338916823253e-06,3.4779517938201082e-06,True,1.1391456526238092e-08,True
44100,iir-p16000-s19000,kaiser-g64,sustained-edge,AB,1.4428812861675387e-05,1.1661966088847237e-05,1.398951217334947e-05,True,1.1391456526238092e-08,True
44100,fir65-p16000-s19000,kaiser-g16,reference,A1,4.414256059813663e-05,4.2256269813064005e-05,4.340246461464488e-05,True,5.111180117058815e-09,True
44100,fir65-p16000-s19000,hann-g32,reference,A1,1.023730627493129e-05,1.0420406299538657e-05,9.73239896533165e-06,True,5.111180117058815e-09,True
44100,fir65-p16000-s19000,kaiser-g32,reference,A1,3.1845362977824756e-05,2.4242789756380497e-05,3.175681433096441e-05,True,5.111180117058815e-09,True
44100,fir65-p16000-s19000,lagrange-g64,reference,A1,2.075009251368374e-06,2.537934820956377e-06,1.5967690257567529e-06,True,5.111180117058815e-09,True
44100,fir65-p16000-s19000,hann-g64,reference,A1,1.3122555914124685e-06,1.4562958006618003e-06,1.2289196412691297e-06,True,5.111180117058815e-09,True
44100,fir65-p16000-s19000,kaiser-g64,reference,A1,1.4676686950048237e-05,1.3968757014895128e-05,1.465136555179711e-05,True,5.111180117058815e-09,True
44100,fir65-p16000-s19000,kaiser-g16,reference,B1,5.888748678744883e-05,5.618179541609716e-05,5.882195107898175e-05,True,4.719789219002043e-10,True
44100,fir65-p16000-s19000,hann-g32,reference,B1,4.2856828444907145e-06,5.283211689694044e-06,4.2826462549893994e-06,True,4.719789219002043e-10,True
44100,fir65-p16000-s19000,kaiser-g32,reference,B1,1.680655893580471e-05,2.032810336310804e-05,1.6772364368815127e-05,True,4.719789219002043e-10,True
44100,fir65-p16000-s19000,lagrange-g64,reference,B1,2.0677942199409472e-07,4.1455998788167816e-07,1.816200344152376e-07,True,4.719789219002043e-10,True
44100,fir65-p16000-s19000,hann-g64,reference,B1,1.226536483196831e-06,1.0582830507062084e-06,1.2256728176660757e-06,True,4.719789219002043e-10,True
44100,fir65-p16000-s19000,kaiser-g64,reference,B1,1.888258306249774e-05,1.624452317385689e-05,1.8877301156471816e-05,True,4.719789219002043e-10,True
44100,fir65-p16000-s19000,kaiser-g16,reference,AB,4.41870230198354e-05,4.22562728148105e-05,4.345028659352442e-05,True,5.111138334486703e-09,True
44100,fir65-p16000-s19000,hann-g32,reference,AB,1.022638609600253e-05,1.0420410445365612e-05,9.722259747159346e-06,True,5.111138334486703e-09,True
44100,fir65-p16000-s19000,kaiser-g32,reference,AB,3.1815650577377e-05,2.4242786754434387e-05,3.172726313892014e-05,True,5.111138334486703e-09,True
44100,fir65-p16000-s19000,lagrange-g64,reference,AB,2.0723493439095046e-06,2.537930814491492e-06,1.5947366637289482e-06,True,5.111138334486703e-09,True
44100,fir65-p16000-s19000,hann-g64,reference,AB,1.3120372153029832e-06,1.4563000731228419e-06,1.2289093178416346e-06,True,5.111138334486703e-09,True
44100,fir65-p16000-s19000,kaiser-g64,reference,AB,1.4689112344804063e-05,1.3968754012979858e-05,1.4663854400331696e-05,True,5.111138334486703e-09,True
44100,fir65-p16000-s19000,kaiser-g16,edge,A1,4.7845596099434116e-05,5.035478014291739e-05,4.147865171488493e-05,True,3.4846634438179074e-08,True
44100,fir65-p16000-s19000,hann-g32,edge,A1,6.130336983671572e-05,6.816868296467422e-05,5.232166874146432e-05,True,3.4846634438179074e-08,True
44100,fir65-p16000-s19000,kaiser-g32,edge,A1,3.0659357703709845e-05,2.5328053426190462e-05,2.892205579350563e-05,True,3.4846634438179074e-08,True
44100,fir65-p16000-s19000,lagrange-g64,edge,A1,4.316903159174772e-05,4.751855460111781e-05,3.172921359442707e-05,True,3.4846634438179074e-08,True
44100,fir65-p16000-s19000,hann-g64,edge,A1,8.273029048371224e-06,9.472435002542856e-06,6.913156019452524e-06,True,3.4846634438179074e-08,True
44100,fir65-p16000-s19000,kaiser-g64,edge,A1,1.7351527345944524e-05,1.310461865559382e-05,1.6641767169083813e-05,True,3.4846634438179074e-08,True
44100,fir65-p16000-s19000,kaiser-g16,edge,B1,8.995723044371678e-05,4.684818779021843e-05,8.73892207322139e-05,True,6.07829848669652e-08,True
44100,fir65-p16000-s19000,hann-g32,edge,B1,0.00015370546959787542,8.060281751036563e-05,0.00015017240600950684,True,6.07829848669652e-08,True
44100,fir65-p16000-s19000,kaiser-g32,edge,B1,4.6523522150354185e-05,2.4715030770707254e-05,4.552274058531543e-05,True,6.07829848669652e-08,True
44100,fir65-p16000-s19000,lagrange-g64,edge,B1,0.0001541743839622177,8.162488308803166e-05,0.00013635180992823317,True,6.07829848669652e-08,True
44100,fir65-p16000-s19000,hann-g64,edge,B1,2.0666028923329933e-05,1.0936173050101035e-05,1.996196396335882e-05,True,6.07829848669652e-08,True
44100,fir65-p16000-s19000,kaiser-g64,edge,B1,2.474843857758689e-05,1.3984034400878834e-05,2.421138854705156e-05,True,6.07829848669652e-08,True
44100,fir65-p16000-s19000,kaiser-g16,edge,AB,4.784559819142563e-05,5.0354778025708854e-05,4.147866029493254e-05,True,3.4846612770746165e-08,True
44100,fir65-p16000-s19000,hann-g32,edge,AB,6.130337801208213e-05,6.816868510803958e-05,5.2321680049163645e-05,True,3.4846612770746165e-08,True
44100,fir65-p16000-s19000,kaiser-g32,edge,AB,3.065935699990273e-05,2.5328055573953143e-05,2.8922062579326085e-05,True,3.4846612770746165e-08,True
44100,fir65-p16000-s19000,lagrange-g64,edge,AB,4.3169044801635925e-05,4.751855666249671e-05,3.1729231946743076e-05,True,3.4846612770746165e-08,True
44100,fir65-p16000-s19000,hann-g64,edge,AB,8.273025478799187e-06,9.472437211776327e-06,6.913170327881449e-06,True,3.4846612770746165e-08,True
44100,fir65-p16000-s19000,kaiser-g64,edge,AB,1.735152535471053e-05,1.3104620870616311e-05,1.6641773622958086e-05,True,3.4846612770746165e-08,True
44100,fir65-p16000-s19000,kaiser-g16,overlap-reference,A1,4.968312822941203e-05,5.4990656239010175e-05,4.78952902949553e-05,True,3.316952158101502e-10,True
44100,fir65-p16000-s19000,hann-g32,overlap-reference,A1,5.457335575273004e-06,6.992012665576406e-06,5.242168418842647e-06,True,3.316952158101502e-10,True
44100,fir65-p16000-s19000,kaiser-g32,overlap-reference,A1,2.1238214275033815e-05,2.5105535923128423e-05,2.0578387510860675e-05,True,3.316952158101502e-10,True
44100,fir65-p16000-s19000,lagrange-g64,overlap-reference,A1,2.6619323907321226e-07,3.129276339140441e-07,2.2739069112341407e-07,True,3.316952158101502e-10,True
44100,fir65-p16000-s19000,hann-g64,overlap-reference,A1,1.0349236651297002e-06,1.2406253124455003e-06,9.863667199691714e-07,True,3.316952158101502e-10,True
44100,fir65-p16000-s19000,kaiser-g64,overlap-reference,A1,1.7320325879341453e-05,1.898175660988606e-05,1.6827398283491704e-05,True,3.316952158101502e-10,True
44100,fir65-p16000-s19000,kaiser-g16,overlap-reference,B1,5.8887486797331924e-05,5.618179665344551e-05,5.882195108894425e-05,True,4.719787622069725e-10,True
44100,fir65-p16000-s19000,hann-g32,overlap-reference,B1,4.285682820798736e-06,5.283211514674599e-06,4.282646232215859e-06,True,4.719787622069725e-10,True
44100,fir65-p16000-s19000,kaiser-g32,overlap-reference,B1,1.680655894536269e-05,2.0328103056120552e-05,1.6772364378365593e-05,True,4.719787622069725e-10,True
44100,fir65-p16000-s19000,lagrange-g64,overlap-reference,B1,2.0677894532755422e-07,4.145586405026116e-07,1.8161960822223338e-07,True,4.719787622069725e-10,True
44100,fir65-p16000-s19000,hann-g64,overlap-reference,B1,1.226536484762064e-06,1.0582829031740117e-06,1.2256728189755156e-06,True,4.719787622069725e-10,True
44100,fir65-p16000-s19000,kaiser-g64,overlap-reference,B1,1.8882583057318074e-05,1.624452355093966e-05,1.8877301151290695e-05,True,4.719787622069725e-10,True
44100,fir65-p16000-s19000,kaiser-g16,overlap-reference,AB,4.968318572575779e-05,5.499065645447502e-05,4.789535891439481e-05,True,3.316946778460255e-10,True
44100,fir65-p16000-s19000,hann-g32,overlap-reference,AB,5.457329444305885e-06,6.992012881351676e-06,5.2421641225290335e-06,True,3.316946778460255e-10,True
44100,fir65-p16000-s19000,kaiser-g32,overlap-reference,AB,2.1238194259969868e-05,2.510553570757392e-05,2.057836994225326e-05,True,3.316946778460255e-10,True
44100,fir65-p16000-s19000,lagrange-g64,overlap-reference,AB,2.662293333521583e-07,3.12927418126147e-07,2.274226603687848e-07,True,3.316946778460255e-10,True
44100,fir65-p16000-s19000,hann-g64,overlap-reference,AB,1.0349242205866356e-06,1.240625526829512e-06,9.863678725732813e-07,True,3.316946778460255e-10,True
44100,fir65-p16000-s19000,kaiser-g64,overlap-reference,AB,1.7320338539764286e-05,1.8981756395506407e-05,1.6827413827278536e-05,True,3.316946778460255e-10,True
44100,fir65-p16000-s19000,kaiser-g16,sustained-edge,A1,5.546654884455459e-05,4.58603754383498e-05,5.301577577767249e-05,True,1.2616548176187253e-08,True
44100,fir65-p16000-s19000,hann-g32,sustained-edge,A1,3.72721947018937e-05,2.072627479626517e-05,3.3277781164861394e-05,True,1.2616548176187253e-08,True
44100,fir65-p16000-s19000,kaiser-g32,sustained-edge,A1,2.8544933355734555e-05,2.4752981076025974e-05,2.7574911115151523e-05,True,1.2616548176187253e-08,True
44100,fir65-p16000-s19000,lagrange-g64,sustained-edge,A1,1.7047036696593553e-05,1.5214969571981926e-05,1.5081514516814796e-05,True,1.2616548176187253e-08,True
44100,fir65-p16000-s19000,hann-g64,sustained-edge,A1,4.900432515441636e-06,2.8073119211994734e-06,4.249827880237734e-06,True,1.2616548176187253e-08,True
44100,fir65-p16000-s19000,kaiser-g64,sustained-edge,A1,1.468252804017108e-05,1.1358415149924781e-05,1.4159312333017847e-05,True,1.2616548176187253e-08,True
44100,fir65-p16000-s19000,kaiser-g16,sustained-edge,B1,8.99572302816336e-05,4.684818825971494e-05,8.738922060171734e-05,True,6.078298492145542e-08,True
44100,fir65-p16000-s19000,hann-g32,sustained-edge,B1,0.00015370546960706476,8.060281964419712e-05,0.00015017240602739057,True,6.078298492145542e-08,True
44100,fir65-p16000-s19000,kaiser-g32,sustained-edge,B1,4.652352193450067e-05,2.4715031541444288e-05,4.552274040377348e-05,True,6.078298492145542e-08,True
44100,fir65-p16000-s19000,lagrange-g64,sustained-edge,B1,0.00015417438387580178,8.16248850630299e-05,0.00013635180985944618,True,6.078298492145542e-08,True
44100,fir65-p16000-s19000,hann-g64,sustained-edge,B1,2.0666028687746387e-05,1.0936173271411562e-05,1.9961963764647716e-05,True,6.078298492145542e-08,True
44100,fir65-p16000-s19000,kaiser-g64,sustained-edge,B1,2.4748438370156968e-05,1.3984034876065745e-05,2.4211388377045373e-05,True,6.078298492145542e-08,True
44100,fir65-p16000-s19000,kaiser-g16,sustained-edge,AB,5.54666462108199e-05,4.58603750402917e-05,5.3015842636430304e-05,True,1.2616522074795289e-08,True
44100,fir65-p16000-s19000,hann-g32,sustained-edge,AB,3.7272101762993883e-05,2.0726275500306468e-05,3.327774307791112e-05,True,1.2616522074795289e-08,True
44100,fir65-p16000-s19000,kaiser-g32,sustained-edge,AB,2.854492372397113e-05,2.4752980677610102e-05,2.757488731437681e-05,True,1.2616522074795289e-08,True
44100,fir65-p16000-s19000,lagrange-g64,sustained-edge,AB,1.7047201696241002e-05,1.5214970276937238e-05,1.5081605188736842e-05,True,1.2616522074795289e-08,True
44100,fir65-p16000-s19000,hann-g64,sustained-edge,AB,4.900347260603185e-06,2.8073126210958944e-06,4.2497329386921614e-06,True,1.2616522074795289e-08,True
44100,fir65-p16000-s19000,kaiser-g64,sustained-edge,AB,1.4682509276090149e-05,1.1358414751514244e-05,1.4159295224987893e-05,True,1.2616522074795289e-08,True
44100,fir129-p16000-s19000,kaiser-g16,reference,A1,4.4153090622001625e-05,4.224034322618059e-05,4.340914584780382e-05,True,5.119451465596079e-09,True
44100,fir129-p16000-s19000,hann-g32,reference,A1,1.033418534350841e-05,1.0386125683890968e-05,9.809996003722523e-06,True,5.119451465596079e-09,True
44100,fir129-p16000-s19000,kaiser-g32,reference,A1,3.185333992810467e-05,2.4287233861063486e-05,3.176206095577151e-05,True,5.119451465596079e-09,True
44100,fir129-p16000-s19000,lagrange-g64,reference,A1,1.6154869345989134e-06,1.30005268266513e-06,1.2098610316420447e-06,True,5.119451465596079e-09,True
44100,fir129-p16000-s19000,hann-g64,reference,A1,1.3789484374763062e-06,1.2409292790015188e-06,1.271110657320339e-06,True,5.119451465596079e-09,True
44100,fir129-p16000-s19000,kaiser-g64,reference,A1,1.4682920743012755e-05,1.3998417015320328e-05,1.4654808684072759e-05,True,5.119451465596079e-09,True
44100,fir129-p16000-s19000,kaiser-g16,reference,B1,5.8887889441943085e-05,5.6235614392195275e-05,5.882233981105118e-05,True,4.660789246813701e-10,True
44100,fir129-p16000-s19000,hann-g32,reference,B1,4.286925736605084e-06,5.3331965763435094e-06,4.283757822443578e-06,True,4.660789246813701e-10,True
44100,fir129-p16000-s19000,kaiser-g32,reference,B1,1.680626961822177e-05,2.0341272155697888e-05,1.6772046537484818e-05,True,4.660789246813701e-10,True
44100,fir129-p16000-s19000,lagrange-g64,reference,B1,1.6974091010297626e-07,1.9574105923091585e-07,1.457442151331668e-07,True,4.660789246813701e-10,True
44100,fir129-p16000-s19000,hann-g64,reference,B1,1.2274197627069292e-06,1.104765012972672e-06,1.2263731879720125e-06,True,4.660789246813701e-10,True
44100,fir129-p16000-s19000,kaiser-g64,reference,B1,1.8882323521068645e-05,1.6189825599232927e-05,1.8877028271297683e-05,True,4.660789246813701e-10,True
44100,fir129-p16000-s19000,kaiser-g16,reference,AB,4.419751751156649e-05,4.224033796622847e-05,4.345694588709931e-05,True,5.11952479072186e-09,True
44100,fir129-p16000-s19000,hann-g32,reference,AB,1.032311785128197e-05,1.0386118418973053e-05,9.79974005243266e-06,True,5.11952479072186e-09,True
44100,fir129-p16000-s19000,kaiser-g32,reference,AB,3.1823612692917096e-05,2.428723912118061e-05,3.1732501132886104e-05,True,5.11952479072186e-09,True
44100,fir129-p16000-s19000,lagrange-g64,reference,AB,1.6134106220036436e-06,1.300046235122863e-06,1.2083266332038523e-06,True,5.11952479072186e-09,True
44100,fir129-p16000-s19000,hann-g64,reference,AB,1.378567817118953e-06,1.2409217921574273e-06,1.271000948245118e-06,True,5.11952479072186e-09,True
44100,fir129-p16000-s19000,kaiser-g64,reference,AB,1.469532355852737e-05,1.3998422275383333e-05,1.4667285632530913e-05,True,5.11952479072186e-09,True
44100,fir129-p16000-s19000,kaiser-g16,edge,A1,4.880592674299512e-05,5.009992635099471e-05,4.221454418360039e-05,True,3.3873315133983744e-08,True
44100,fir129-p16000-s19000,hann-g32,edge,A1,6.432853253664541e-05,6.538971597751443e-05,5.497584340348952e-05,True,3.3873315133983744e-08,True
44100,fir129-p16000-s19000,kaiser-g32,edge,A1,3.161982860528644e-05,2.536289626284382e-05,2.9646995419711448e-05,True,3.3873315133983744e-08,True
44100,fir129-p16000-s19000,lagrange-g64,edge,A1,2.602232433966651e-05,2.1957042148486978e-05,1.8729099958908683e-05,True,3.3873315133983744e-08,True
44100,fir129-p16000-s19000,hann-g64,edge,A1,9.137357505810724e-06,7.878429610076061e-06,7.491783756715027e-06,True,3.3873315133983744e-08,True
44100,fir129-p16000-s19000,kaiser-g64,edge,A1,1.777988292651871e-05,1.1597694996261914e-05,1.6871935301503413e-05,True,3.3873315133983744e-08,True
44100,fir129-p16000-s19000,kaiser-g16,edge,B1,9.046890897599399e-05,4.600894710352355e-05,8.76918368248944e-05,True,6.104119334393631e-08,True
44100,fir129-p16000-s19000,hann-g32,edge,B1,0.00015387982757273554,7.484438198141602e-05,0.00015031257468634777,True,6.104119334393631e-08,True
44100,fir129-p16000-s19000,kaiser-g32,edge,B1,4.9633662060447864e-05,2.479289528616589e-05,4.839869335220651e-05,True,6.104119334393631e-08,True
44100,fir129-p16000-s19000,lagrange-g64,edge,B1,7.728450909565039e-05,3.325045355810411e-05,6.730450658993637e-05,True,6.104119334393631e-08,True
44100,fir129-p16000-s19000,hann-g64,edge,B1,2.184643443926702e-05,9.98959635189976e-06,2.0881273484894455e-05,True,6.104119334393631e-08,True
44100,fir129-p16000-s19000,kaiser-g64,edge,B1,2.615373518929537e-05,1.2156632400988273e-05,2.535514346578344e-05,True,6.104119334393631e-08,True
44100,fir129-p16000-s19000,kaiser-g16,edge,AB,4.880592667256767e-05,5.009992997800018e-05,4.221455835255659e-05,True,3.387335218441191e-08,True
44100,fir129-p16000-s19000,hann-g32,edge,AB,6.432853926285382e-05,6.538971230569993e-05,5.4975859860352525e-05,True,3.387335218441191e-08,True
44100,fir129-p16000-s19000,kaiser-g32,edge,AB,3.161982502544984e-05,2.5362892583503893e-05,2.96470127267278e-05,True,3.387335218441191e-08,True
44100,fir129-p16000-s19000,lagrange-g64,edge,AB,2.602232593417843e-05,2.19570386166288e-05,1.8729124244243088e-05,True,3.387335218441191e-08,True
44100,fir129-p16000-s19000,hann-g64,edge,AB,9.137347258532526e-06,7.878425825430513e-06,7.491824727546194e-06,True,3.387335218441191e-08,True
44100,fir129-p16000-s19000,kaiser-g64,edge,AB,1.777987695640858e-05,1.1597691201687875e-05,1.6871955582546944e-05,True,3.387335218441191e-08,True
44100,fir129-p16000-s19000,kaiser-g16,overlap-reference,A1,4.9683445329821574e-05,5.498916668156085e-05,4.789558021782946e-05,True,3.3019490160594974e-10,True
44100,fir129-p16000-s19000,hann-g32,overlap-reference,A1,5.460059298088985e-06,7.022115442043151e-06,5.244325992183507e-06,True,3.3019490160594974e-10,True
44100,fir129-p16000-s19000,kaiser-g32,overlap-reference,A1,2.1238356039236724e-05,2.5074781431595085e-05,2.0578471311823013e-05,True,3.3019490160594974e-10,True
44100,fir129-p16000-s19000,lagrange-g64,overlap-reference,A1,2.1195540450934498e-07,1.753497095351251e-07,1.7524054465741114e-07,True,3.3019490160594974e-10,True
44100,fir129-p16000-s19000,hann-g64,overlap-reference,A1,1.0366351363612008e-06,1.2451622229302755e-06,9.875039904260493e-07,True,3.3019490160594974e-10,True
44100,fir129-p16000-s19000,kaiser-g64,overlap-reference,A1,1.73203994615464e-05,1.9025156146963213e-05,1.682743946255368e-05,True,3.3019490160594974e-10,True
44100,fir129-p16000-s19000,kaiser-g16,overlap-reference,B1,5.888788945154632e-05,5.6235615736079236e-05,5.882233982077667e-05,True,4.66078849785577e-10,True
44100,fir129-p16000-s19000,hann-g32,overlap-reference,B1,4.2869257075038e-06,5.333195966033189e-06,4.283757794447072e-06,True,4.66078849785577e-10,True
44100,fir129-p16000-s19000,kaiser-g32,overlap-reference,B1,1.680626962716608e-05,2.0341271790303128e-05,1.6772046546462944e-05,True,4.66078849785577e-10,True
44100,fir129-p16000-s19000,lagrange-g64,overlap-reference,B1,1.6974084015939875e-07,1.9574057931359279e-07,1.4574415592790905e-07,True,4.66078849785577e-10,True
44100,fir129-p16000-s19000,hann-g64,overlap-reference,B1,1.2274197636192009e-06,1.1047648849822926e-06,1.2263731884189103e-06,True,4.66078849785577e-10,True
44100,fir129-p16000-s19000,kaiser-g64,overlap-reference,B1,1.8882323515755234e-05,1.618982602957002e-05,1.8877028265974335e-05,True,4.66078849785577e-10,True
44100,fir129-p16000-s19000,kaiser-g16,overlap-reference,AB,4.9683502804458346e-05,5.4989166303606355e-05,4.789564882703923e-05,True,3.3019587104373103e-10,True
44100,fir129-p16000-s19000,hann-g32,overlap-reference,AB,5.460051765468086e-06,7.022115064320744e-06,5.244320905704813e-06,True,3.3019587104373103e-10,True
44100,fir129-p16000-s19000,kaiser-g32,overlap-reference,AB,2.123833594459884e-05,2.5074781809733242e-05,2.057845368866233e-05,True,3.3019587104373103e-10,True
44100,fir129-p16000-s19000,lagrange-g64,overlap-reference,AB,2.1194705107223075e-07,1.7535008522233343e-07,1.7523588733812296e-07,True,3.3019587104373103e-10,True
44100,fir129-p16000-s19000,hann-g64,overlap-reference,AB,1.0366349802892471e-06,1.245162597868272e-06,9.875046677254176e-07,True,3.3019587104373103e-10,True
44100,fir129-p16000-s19000,kaiser-g64,overlap-reference,AB,1.7320412076430694e-05,1.9025156522429347e-05,1.6827454976396286e-05,True,3.3019587104373103e-10,True
44100,fir129-p16000-s19000,kaiser-g16,sustained-edge,A1,5.575920877844911e-05,4.516842293009211e-05,5.321275601750273e-05,True,1.3059646001434391e-08,True
44100,fir129-p16000-s19000,hann-g32,sustained-edge,A1,3.864097522970426e-05,2.0209027463357996e-05,3.449090003469612e-05,True,1.3059646001434391e-08,True
44100,fir129-p16000-s19000,kaiser-g32,sustained-edge,A1,2.8867636437737997e-05,2.445421633698328e-05,2.780678572331245e-05,True,1.3059646001434391e-08,True
44100,fir129-p16000-s19000,lagrange-g64,sustained-edge,A1,1.1547207802216003e-05,7.165849910959861e-06,9.910262027713277e-06,True,1.3059646001434391e-08,True
44100,fir129-p16000-s19000,hann-g64,sustained-edge,A1,5.501138186033129e-06,2.614432673753853e-06,4.690627220247689e-06,True,1.3059646001434391e-08,True
44100,fir129-p16000-s19000,kaiser-g64,sustained-edge,A1,1.4908440830208514e-05,1.1068806906558758e-05,1.4305612569611255e-05,True,1.3059646001434391e-08,True
44100,fir129-p16000-s19000,kaiser-g16,sustained-edge,B1,9.046890856749015e-05,4.600894778429479e-05,8.769183649056484e-05,True,6.104119336125502e-08,True
44100,fir129-p16000-s19000,hann-g32,sustained-edge,B1,0.00015387982748158837,7.48443838898687e-05,0.00015031257461488198,True,6.104119336125502e-08,True
44100,fir129-p16000-s19000,kaiser-g32,sustained-edge,B1,4.9633661589471416e-05,2.4792896046231133e-05,4.83986929506356e-05,True,6.104119336125502e-08,True
44100,fir129-p16000-s19000,lagrange-g64,sustained-edge,B1,7.728450854748651e-05,3.325045440317142e-05,6.730450613815785e-05,True,6.104119336125502e-08,True
44100,fir129-p16000-s19000,hann-g64,sustained-edge,B1,2.1846433997771488e-05,9.989596592784706e-06,2.0881273113120568e-05,True,6.104119336125502e-08,True
44100,fir129-p16000-s19000,kaiser-g64,sustained-edge,B1,2.6153734776676835e-05,1.2156632967637351e-05,2.535514312350186e-05,True,6.104119336125502e-08,True
44100,fir129-p16000-s19000,kaiser-g16,sustained-edge,AB,5.575931048102791e-05,4.5168423627545605e-05,5.321282746864526e-05,True,1.3059578447604035e-08,True
44100,fir129-p16000-s19000,hann-g32,sustained-edge,AB,3.864077376588542e-05,2.020902623004303e-05,3.449077284907404e-05,True,1.3059578447604035e-08,True
44100,fir129-p16000-s19000,kaiser-g32,sustained-edge,AB,2.8867616280734523e-05,2.4454217034422335e-05,2.7806755688204837e-05,True,1.3059578447604035e-08,True
44100,fir129-p16000-s19000,lagrange-g64,sustained-edge,AB,1.1546833661363972e-05,7.1658486760433605e-06,9.909938958704276e-06,True,1.3059578447604035e-08,True
44100,fir129-p16000-s19000,hann-g64,sustained-edge,AB,5.501027646686314e-06,2.614431451166675e-06,4.69051366479233e-06,True,1.3059578447604035e-08,True
44100,fir129-p16000-s19000,kaiser-g64,sustained-edge,AB,1.4908411497814939e-05,1.1068807603988477e-05,1.4305589102477799e-05,True,1.3059578447604035e-08,True
44100,iir-p16000-s20000,kaiser-g16,reference,A1,4.414263120003531e-05,3.968953127463101e-05,4.339853885267409e-05,True,4.88092391337851e-09,True
44100,iir-p16000-s20000,hann-g32,reference,A1,1.017698906258888e-05,1.0173925153478443e-05,9.672178403359671e-06,True,4.88092391337851e-09,True
44100,iir-p16000-s20000,kaiser-g32,reference,A1,3.183157154895282e-05,2.4279320328219e-05,3.1744442404588556e-05,True,4.88092391337851e-09,True
44100,iir-p16000-s20000,lagrange-g64,reference,A1,3.5766292721245732e-06,6.337620091619007e-06,2.8343784311510875e-06,True,4.88092391337851e-09,True
44100,iir-p16000-s20000,hann-g64,reference,A1,1.2492843785544512e-06,1.3184284787641085e-06,1.1867351106393268e-06,True,4.88092391337851e-09,True
44100,iir-p16000-s20000,kaiser-g64,reference,A1,1.4668265859322178e-05,1.3791810063356246e-05,1.4645141719193443e-05,True,4.88092391337851e-09,True
44100,iir-p16000-s20000,kaiser-g16,reference,B1,5.8888972058486685e-05,5.776135670661856e-05,5.882363606032225e-05,True,4.1471473137510504e-10,True
44100,iir-p16000-s20000,hann-g32,reference,B1,4.285635715379582e-06,5.356603317412562e-06,4.282726050215191e-06,True,4.1471473137510504e-10,True
44100,iir-p16000-s20000,kaiser-g32,reference,B1,1.6806897511542745e-05,2.064011371030475e-05,1.677282003668264e-05,True,4.1471473137510504e-10,True
44100,iir-p16000-s20000,lagrange-g64,reference,B1,3.7446665762495095e-07,1.1810460459683586e-06,3.377084887227596e-07,True,4.1471473137510504e-10,True
44100,iir-p16000-s20000,hann-g64,reference,B1,1.2258467345757142e-06,1.0965629752039419e-06,1.225127149846372e-06,True,4.1471473137510504e-10,True
44100,iir-p16000-s20000,kaiser-g64,reference,B1,1.888311978216975e-05,1.6246402459495814e-05,1.887782972956364e-05,True,4.1471473137510504e-10,True
44100,iir-p16000-s20000,kaiser-g16,reference,AB,4.41871084116701e-05,3.968953127463101e-05,4.3446398550697846e-05,True,4.88092391337851e-09,True
44100,iir-p16000-s20000,hann-g32,reference,AB,1.016615892913489e-05,1.0173925153474507e-05,9.66212893850789e-06,True,4.88092391337851e-09,True
44100,iir-p16000-s20000,kaiser-g32,reference,AB,3.180187614222921e-05,2.4279320328219e-05,3.171490579238861e-05,True,4.88092391337851e-09,True
44100,iir-p16000-s20000,lagrange-g64,reference,AB,3.572052864009967e-06,6.337620091662315e-06,2.8307740408735988e-06,True,4.88092391337851e-09,True
44100,iir-p16000-s20000,hann-g64,reference,AB,1.249224341271403e-06,1.3184284787635938e-06,1.1868324830478572e-06,True,4.88092391337851e-09,True
44100,iir-p16000-s20000,kaiser-g64,reference,AB,1.4680725043081639e-05,1.3791810063356246e-05,1.4657655903410863e-05,True,4.88092391337851e-09,True
44100,iir-p16000-s20000,kaiser-g16,edge,A1,4.926547651769488e-05,3.35895582987605e-05,4.2472080722405644e-05,True,2.807765069660675e-08,True
44100,iir-p16000-s20000,hann-g32,edge,A1,5.9523471579766494e-05,4.80237220736819e-05,5.032849628904915e-05,True,2.807765069660675e-08,True
44100,iir-p16000-s20000,kaiser-g32,edge,A1,3.0177045398907902e-05,1.9825375263565984e-05,2.8586163640751686e-05,True,2.807765069660675e-08,True
44100,iir-p16000-s20000,lagrange-g64,edge,A1,6.418607334572425e-05,6.70335746037191e-05,4.721104476208447e-05,True,2.807765069660675e-08,True
44100,iir-p16000-s20000,hann-g64,edge,A1,7.419194371671388e-06,6.187448055804008e-06,6.280625276912251e-06,True,2.807765069660675e-08,True
44100,iir-p16000-s20000,kaiser-g64,edge,A1,1.6947036653713487e-05,1.1966111033309117e-05,1.639682578014042e-05,True,2.807765069660675e-08,True
44100,iir-p16000-s20000,kaiser-g16,edge,B1,0.0001015178406452359,7.983950860264433e-05,9.919807315200241e-05,True,6.32753385933911e-08,True
44100,iir-p16000-s20000,hann-g32,edge,B1,0.00015501496788480846,0.00011848633392609134,0.0001518396021963691,True,6.32753385933911e-08,True
44100,iir-p16000-s20000,kaiser-g32,edge,B1,4.5282652074604e-05,2.970167888199541e-05,4.459602834231532e-05,True,6.32753385933911e-08,True
44100,iir-p16000-s20000,lagrange-g64,edge,B1,0.00026360043500468327,0.00023420334022197933,0.00023712342203032044,True,6.32753385933911e-08,True
44100,iir-p16000-s20000,hann-g64,edge,B1,1.9204181915501147e-05,1.4769495374245862e-05,1.88034722137416e-05,True,6.32753385933911e-08,True
44100,iir-p16000-s20000,kaiser-g64,edge,B1,2.322125144852382e-05,1.5163715900283118e-05,2.2974045924807953e-05,True,6.32753385933911e-08,True
44100,iir-p16000-s20000,kaiser-g16,edge,AB,4.9265480830726516e-05,3.358955829876076e-05,4.2472085579292326e-05,True,2.8077650696606744e-08,True
44100,iir-p16000-s20000,hann-g32,edge,AB,5.9523480861932405e-05,4.80237220736796e-05,5.032850553921253e-05,True,2.8077650696606744e-08,True
44100,iir-p16000-s20000,kaiser-g32,edge,AB,3.0177046417587994e-05,1.982537526336673e-05,2.8586165439387223e-05,True,2.8077650696606744e-08,True
44100,iir-p16000-s20000,lagrange-g64,edge,AB,6.418610081039336e-05,6.703357460371909e-05,4.721107147135887e-05,True,2.8077650696606744e-08,True
44100,iir-p16000-s20000,hann-g64,edge,AB,7.419195512194518e-06,6.1874480558039145e-06,6.280628528990353e-06,True,2.8077650696606744e-08,True
44100,iir-p16000-s20000,kaiser-g64,edge,AB,1.6947037054766274e-05,1.1966111033109868e-05,1.639682736108569e-05,True,2.8077650696606744e-08,True
44100,iir-p16000-s20000,kaiser-g16,overlap-reference,A1,4.965881099181898e-05,5.495674801455098e-05,4.786687270735914e-05,True,3.1972007097473326e-10,True
44100,iir-p16000-s20000,hann-g32,overlap-reference,A1,5.451553528258401e-06,6.653477026654821e-06,5.236230413247137e-06,True,3.1972007097473326e-10,True
44100,iir-p16000-s20000,kaiser-g32,overlap-reference,A1,2.122696642129875e-05,2.5004138291281963e-05,2.0565615444696772e-05,True,3.1972007097473326e-10,True
44100,iir-p16000-s20000,lagrange-g64,overlap-reference,A1,4.5994847558173266e-07,8.926657578568425e-07,4.004365678941114e-07,True,3.1972007097473326e-10,True
44100,iir-p16000-s20000,hann-g64,overlap-reference,A1,1.0326898604765407e-06,1.2375580007624174e-06,9.84466876612233e-07,True,3.1972007097473326e-10,True
44100,iir-p16000-s20000,kaiser-g64,overlap-reference,A1,1.7308941516326272e-05,1.901175876589495e-05,1.6814833107006886e-05,True,3.1972007097473326e-10,True
44100,iir-p16000-s20000,kaiser-g16,overlap-reference,B1,5.888897206796059e-05,5.77613591661784e-05,5.882363606994897e-05,True,4.1471475917492825e-10,True
44100,iir-p16000-s20000,hann-g32,overlap-reference,B1,4.285635691934072e-06,5.356603532052019e-06,4.282726027658741e-06,True,4.1471475917492825e-10,True
44100,iir-p16000-s20000,kaiser-g32,overlap-reference,B1,1.6806897520639963e-05,2.0640114317363094e-05,1.6772820045845907e-05,True,4.1471475917492825e-10,True
44100,iir-p16000-s20000,lagrange-g64,overlap-reference,B1,3.7446599417092115e-07,1.181044069559626e-06,3.377078986232786e-07,True,4.1471475917492825e-10,True
44100,iir-p16000-s20000,hann-g64,overlap-reference,B1,1.2258467342971837e-06,1.0965631384544737e-06,1.2251271495677487e-06,True,4.1471475917492825e-10,True
44100,iir-p16000-s20000,kaiser-g64,overlap-reference,B1,1.8883119776845325e-05,1.624640267000158e-05,1.8877829724295278e-05,True,4.1471475917492825e-10,True
44100,iir-p16000-s20000,kaiser-g16,overlap-reference,AB,4.96588685642596e-05,5.495674801455098e-05,4.7866941344603774e-05,True,3.1972004768915414e-10,True
44100,iir-p16000-s20000,hann-g32,overlap-reference,AB,5.451547976408508e-06,6.653477026654821e-06,5.236226494399806e-06,True,3.1972004768915414e-10,True
44100,iir-p16000-s20000,kaiser-g32,overlap-reference,AB,2.122694653331905e-05,2.5004138291281963e-05,2.056559799703079e-05,True,3.1972004768915414e-10,True
44100,iir-p16000-s20000,lagrange-g64,overlap-reference,AB,4.599726975157114e-07,8.926657576439457e-07,4.004489383767834e-07,True,3.1972004768915414e-10,True
44100,iir-p16000-s20000,hann-g64,overlap-reference,AB,1.032691304942639e-06,1.2375580005495206e-06,9.844687523835162e-07,True,3.1972004768915414e-10,True
44100,iir-p16000-s20000,kaiser-g64,overlap-reference,AB,1.7308954314787927e-05,1.9011758766107848e-05,1.6814848777193687e-05,True,3.1972004768915414e-10,True
44100,iir-p16000-s20000,kaiser-g16,sustained-edge,A1,5.5693760677896144e-05,4.8776258424449675e-05,5.325157898143143e-05,True,1.2234405281824125e-08,True
44100,iir-p16000-s20000,hann-g32,sustained-edge,A1,3.6578195718633806e-05,1.9882226564700395e-05,3.2664061639899894e-05,True,1.2234405281824125e-08,True
44100,iir-p16000-s20000,kaiser-g32,sustained-edge,A1,2.8393657385808974e-05,2.507018713093213e-05,2.7482781205981887e-05,True,1.2234405281824125e-08,True
44100,iir-p16000-s20000,lagrange-g64,sustained-edge,A1,2.6809642473734458e-05,2.8953654834330507e-05,2.380025848723103e-05,True,1.2234405281824125e-08,True
44100,iir-p16000-s20000,hann-g64,sustained-edge,A1,4.400098585377232e-06,2.456082548789502e-06,3.899257618144808e-06,True,1.2234405281824125e-08,True
44100,iir-p16000-s20000,kaiser-g64,sustained-edge,A1,1.4513326748524462e-05,1.1300383905513552e-05,1.4055793630970824e-05,True,1.2234405281824125e-08,True
44100,iir-p16000-s20000,kaiser-g16,sustained-edge,B1,0.0001015178403805763,7.983950942050816e-05,9.919807288882834e-05,True,6.32753385809031e-08,True
44100,iir-p16000-s20000,hann-g32,sustained-edge,B1,0.00015501496795421798,0.00011848633338362368,0.00015183960226460003,True,6.32753385809031e-08,True
44100,iir-p16000-s20000,kaiser-g32,sustained-edge,B1,4.528265206842952e-05,2.9701679604790977e-05,4.4596028334899454e-05,True,6.32753385809031e-08,True
44100,iir-p16000-s20000,lagrange-g64,sustained-edge,B1,0.00026360043471685963,0.0002342033392061487,0.0002371234217497861,True,6.32753385809031e-08,True
44100,iir-p16000-s20000,hann-g64,sustained-edge,B1,1.9204181922235127e-05,1.476949529807414e-05,1.880347222033595e-05,True,6.32753385809031e-08,True
44100,iir-p16000-s20000,kaiser-g64,sustained-edge,B1,2.3221251464509446e-05,1.5163715694367305e-05,2.2974045940505347e-05,True,6.32753385809031e-08,True
44100,iir-p16000-s20000,kaiser-g16,sustained-edge,AB,5.5693823615591374e-05,4.877625842431396e-05,5.325159418375796e-05,True,1.2234396904330684e-08,True
44100,iir-p16000-s20000,hann-g32,sustained-edge,AB,3.65781339961208e-05,1.9882226564697217e-05,3.2664051033262906e-05,True,1.2234396904330684e-08,True
44100,iir-p16000-s20000,kaiser-g32,sustained-edge,AB,2.8393659595745038e-05,2.5070187131067856e-05,2.7482753650454275e-05,True,1.2234396904330684e-08,True
44100,iir-p16000-s20000,lagrange-g64,sustained-edge,AB,2.6809897524977618e-05,2.8953654834338994e-05,2.3800414435494355e-05,True,1.2234396904330684e-08,True
44100,iir-p16000-s20000,hann-g64,sustained-edge,AB,4.4000538750041785e-06,2.456082548798863e-06,3.89917908319084e-06,True,1.2234396904330684e-08,True
44100,iir-p16000-s20000,kaiser-g64,sustained-edge,AB,1.4513323463575818e-05,1.1300383905649273e-05,1.4055782906788409e-05,True,1.2234396904330684e-08,True
44100,fir65-p16000-s20000,kaiser-g16,reference,A1,4.4162878480115605e-05,4.2192246430288534e-05,4.341628328770892e-05,True,5.7498907108742215e-09,True
44100,fir65-p16000-s20000,hann-g32,reference,A1,1.0624755542448462e-05,1.1912125491373791e-05,1.0045107659552935e-05,True,5.7498907108742215e-09,True
44100,fir65-p16000-s20000,kaiser-g32,reference,A1,3.185289142404907e-05,2.4247123414393827e-05,3.1761156687187194e-05,True,5.7498907108742215e-09,True
44100,fir65-p16000-s20000,lagrange-g64,reference,A1,7.33645256830871e-06,1.0537753200311217e-05,5.781361918739458e-06,True,5.7498907108742215e-09,True
44100,fir65-p16000-s20000,hann-g64,reference,A1,1.4214235008433926e-06,1.7209956454005743e-06,1.304188346456441e-06,True,5.7498907108742215e-09,True
44100,fir65-p16000-s20000,kaiser-g64,reference,A1,1.468518257483253e-05,1.396784633041809e-05,1.4656272999437826e-05,True,5.7498907108742215e-09,True
44100,fir65-p16000-s20000,kaiser-g16,reference,B1,5.88879320262652e-05,5.624376898911903e-05,5.88223783234204e-05,True,5.822476474505101e-10,True
44100,fir65-p16000-s20000,hann-g32,reference,B1,4.292401108078298e-06,5.2588043191775276e-06,4.288966799510917e-06,True,5.822476474505101e-10,True
44100,fir65-p16000-s20000,kaiser-g32,reference,B1,1.6806253471319212e-05,2.033228532779365e-05,1.677202697641987e-05,True,5.822476474505101e-10,True
44100,fir65-p16000-s20000,lagrange-g64,reference,B1,7.516962871224198e-07,1.7657657016378305e-06,6.69614778177434e-07,True,5.822476474505101e-10,True
44100,fir65-p16000-s20000,hann-g64,reference,B1,1.227923703389424e-06,1.0968095153302854e-06,1.22683347540172e-06,True,5.822476474505101e-10,True
44100,fir65-p16000-s20000,kaiser-g64,reference,B1,1.8882549346138342e-05,1.6256928268568384e-05,1.8877251644621078e-05,True,5.822476474505101e-10,True
44100,fir65-p16000-s20000,kaiser-g16,reference,AB,4.420727089336623e-05,4.2192251417397005e-05,4.346405794383989e-05,True,5.749821076301715e-09,True
44100,fir65-p16000-s20000,hann-g32,reference,AB,1.0613255042773843e-05,1.1912132379360817e-05,1.0034492914365114e-05,True,5.749821076301715e-09,True
44100,fir65-p16000-s20000,kaiser-g32,reference,AB,3.18231646445693e-05,2.4247118427511114e-05,3.1731597316839855e-05,True,5.749821076301715e-09,True
44100,fir65-p16000-s20000,lagrange-g64,reference,AB,7.327060608850359e-06,1.0537746543799777e-05,5.7740061842022305e-06,True,5.749821076301715e-09,True
44100,fir65-p16000-s20000,hann-g64,reference,AB,1.4209473624068169e-06,1.721002743813434e-06,1.3039956321989142e-06,True,5.749821076301715e-09,True
44100,fir65-p16000-s20000,kaiser-g64,reference,AB,1.4697578549363882e-05,1.3967841343586636e-05,1.466874563416244e-05,True,5.749821076301715e-09,True
44100,fir65-p16000-s20000,kaiser-g16,edge,A1,5.1837893199366614e-05,6.127024073423885e-05,4.429926431197954e-05,True,4.346702144075831e-08,True
44100,fir65-p16000-s20000,hann-g32,edge,A1,8.03302408264497e-05,8.782424970126451e-05,6.876733359111449e-05,True,4.346702144075831e-08,True
44100,fir65-p16000-s20000,kaiser-g32,edge,A1,3.201249578515488e-05,2.7091828415713986e-05,2.9757391377662632e-05,True,4.346702144075831e-08,True
44100,fir65-p16000-s20000,lagrange-g64,edge,A1,0.00014240851730795232,0.00015483035727693314,0.0001059943736589658,True,4.346702144075831e-08,True
44100,fir65-p16000-s20000,hann-g64,edge,A1,1.105656292593993e-05,1.224757308550579e-05,9.189365846721407e-06,True,4.346702144075831e-08,True
44100,fir65-p16000-s20000,kaiser-g64,edge,A1,1.8181629060966838e-05,1.4471104921148781e-05,1.7168473413651633e-05,True,4.346702144075831e-08,True
44100,fir65-p16000-s20000,kaiser-g16,edge,B1,0.00010115830664686485,5.568722789904231e-05,9.808735496287692e-05,True,7.423206706712893e-08,True
44100,fir65-p16000-s20000,hann-g32,edge,B1,0.00020021484124983874,0.00010928882724612983,0.00019562107550428275,True,7.423206706712893e-08,True
44100,fir65-p16000-s20000,kaiser-g32,edge,B1,4.922020774909576e-05,2.7022009806762275e-05,4.793956441035527e-05,True,7.423206706712893e-08,True
44100,fir65-p16000-s20000,lagrange-g64,edge,B1,0.0004932151147649631,0.0002819657392277291,0.0004409209739010203,True,7.423206706712893e-08,True
44100,fir65-p16000-s20000,hann-g64,edge,B1,2.6863907265621212e-05,1.4681934863186623e-05,2.5947052881034672e-05,True,7.423206706712893e-08,True
44100,fir65-p16000-s20000,kaiser-g64,edge,B1,2.703542789728578e-05,1.5254705272116695e-05,2.63107007885754e-05,True,7.423206706712893e-08,True
44100,fir65-p16000-s20000,kaiser-g16,edge,AB,5.183789574563053e-05,6.127023736466062e-05,4.429928104749184e-05,True,4.346698692401008e-08,True
44100,fir65-p16000-s20000,hann-g32,edge,AB,8.033025521380915e-05,8.782425311235655e-05,6.876735518480254e-05,True,4.346698692401008e-08,True
44100,fir65-p16000-s20000,kaiser-g32,edge,AB,3.201249303627274e-05,2.709183183386895e-05,2.9757405800966008e-05,True,4.346698692401008e-08,True
44100,fir65-p16000-s20000,lagrange-g64,edge,AB,0.00014240857674257658,0.00015483036055743507,0.00010599443850220554,True,4.346698692401008e-08,True
44100,fir65-p16000-s20000,hann-g64,edge,AB,1.1056556014770166e-05,1.2247576601480048e-05,9.189392099180975e-06,True,4.346698692401008e-08,True
44100,fir65-p16000-s20000,kaiser-g64,edge,AB,1.818162390759569e-05,1.4471108446348788e-05,1.716848794666441e-05,True,4.346698692401008e-08,True
44100,fir65-p16000-s20000,kaiser-g16,overlap-reference,A1,4.968355754925385e-05,5.49028524505316e-05,4.789563716575049e-05,True,3.6941872334810875e-10,True
44100,fir65-p16000-s20000,hann-g32,overlap-reference,A1,5.468355094812488e-06,7.086385952295374e-06,5.251350577785178e-06,True,3.6941872334810875e-10,True
44100,fir65-p16000-s20000,kaiser-g32,overlap-reference,A1,2.1238143644846125e-05,2.5094798156694157e-05,2.0578234981445233e-05,True,3.6941872334810875e-10,True
44100,fir65-p16000-s20000,lagrange-g64,overlap-reference,A1,9.480271338430102e-07,1.3469817464762447e-06,8.215361248826403e-07,True,3.6941872334810875e-10,True
44100,fir65-p16000-s20000,hann-g64,overlap-reference,A1,1.0372919981009038e-06,1.251858176154746e-06,9.879719961851196e-07,True,3.6941872334810875e-10,True
44100,fir65-p16000-s20000,kaiser-g64,overlap-reference,A1,1.732048999091391e-05,1.8976744741237205e-05,1.682751486134845e-05,True,3.6941872334810875e-10,True
44100,fir65-p16000-s20000,kaiser-g16,overlap-reference,B1,5.888793203601296e-05,5.624376999112615e-05,5.882237833325275e-05,True,5.822472024567681e-10,True
44100,fir65-p16000-s20000,hann-g32,overlap-reference,B1,4.2924010498883526e-06,5.25880481885225e-06,4.288966743627845e-06,True,5.822472024567681e-10,True
44100,fir65-p16000-s20000,kaiser-g32,overlap-reference,B1,1.6806253481068896e-05,2.033228461709496e-05,1.6772026986127523e-05,True,5.822472024567681e-10,True
44100,fir65-p16000-s20000,lagrange-g64,overlap-reference,B1,7.516946464771564e-07,1.765760915995672e-06,6.69613327003018e-07,True,5.822472024567681e-10,True
44100,fir65-p16000-s20000,hann-g64,overlap-reference,B1,1.2279237049382359e-06,1.096809267338969e-06,1.2268334763710923e-06,True,5.822472024567681e-10,True
44100,fir65-p16000-s20000,kaiser-g64,overlap-reference,B1,1.888254934099337e-05,1.6256928614132036e-05,1.8877251639489515e-05,True,5.822472024567681e-10,True
44100,fir65-p16000-s20000,kaiser-g16,overlap-reference,AB,4.9683614999319644e-05,5.490285280706524e-05,4.789570575737909e-05,True,3.6941783613995484e-10,True
44100,fir65-p16000-s20000,hann-g32,overlap-reference,AB,5.468349721637086e-06,7.086386308598078e-06,5.251347523593868e-06,True,3.6941783613995484e-10,True
44100,fir65-p16000-s20000,kaiser-g32,overlap-reference,AB,2.1238123533284177e-05,2.5094797799761344e-05,2.05782173459073e-05,True,3.6941783613995484e-10,True
44100,fir65-p16000-s20000,lagrange-g64,overlap-reference,AB,9.482224383670817e-07,1.3469813894865003e-06,8.217171342185609e-07,True,3.6941783613995484e-10,True
44100,fir65-p16000-s20000,hann-g64,overlap-reference,AB,1.0372915943298397e-06,1.2518585305305763e-06,9.879724504685315e-07,True,3.6941783613995484e-10,True
44100,fir65-p16000-s20000,kaiser-g64,overlap-reference,AB,1.7320502577102016e-05,1.897674509551243e-05,1.682753034813087e-05,True,3.6941783613995484e-10,True
44100,fir65-p16000-s20000,kaiser-g16,sustained-edge,A1,5.6145051061746755e-05,4.529220707483264e-05,5.3520942068437504e-05,True,1.3748759662411206e-08,True
44100,fir65-p16000-s20000,hann-g32,sustained-edge,A1,4.337893308647751e-05,2.8011763297700264e-05,3.903743094669109e-05,True,1.3748759662411206e-08,True
44100,fir65-p16000-s20000,kaiser-g32,sustained-edge,A1,2.8911877224685356e-05,2.4800469300109837e-05,2.7833443377636488e-05,True,1.3748759662411206e-08,True
44100,fir65-p16000-s20000,lagrange-g64,sustained-edge,A1,5.8127586594954543e-05,5.1291452553355597e-05,5.1761410898826874e-05,True,1.3748759662411206e-08,True
44100,fir65-p16000-s20000,hann-g64,sustained-edge,A1,6.037421294025941e-06,3.809825391097961e-06,5.194485532385492e-06,True,1.3748759662411206e-08,True
44100,fir65-p16000-s20000,kaiser-g64,sustained-edge,A1,1.4997939015276742e-05,1.142647183382975e-05,1.4372450343553668e-05,True,1.3748759662411206e-08,True
44100,fir65-p16000-s20000,kaiser-g16,sustained-edge,B1,0.00010115830637201583,5.568722935290947e-05,9.808735473309447e-05,True,7.423206705663036e-08,True
44100,fir65-p16000-s20000,hann-g32,sustained-edge,B1,0.0002002148412214155,0.00010928882986375386,0.00019562107548743603,True,7.423206705663036e-08,True
44100,fir65-p16000-s20000,kaiser-g32,sustained-edge,B1,4.9220207417202256e-05,2.702201063906073e-05,4.7939564131239934e-05,True,7.423206705663036e-08,True
44100,fir65-p16000-s20000,lagrange-g64,sustained-edge,B1,0.0004932151146405156,0.0002819657453444247,0.0004409209737851862,True,7.423206705663036e-08,True
44100,fir65-p16000-s20000,hann-g64,sustained-edge,B1,2.6863906972839714e-05,1.4681935117113342e-05,2.5947052636943616e-05,True,7.423206705663036e-08,True
44100,fir65-p16000-s20000,kaiser-g64,sustained-edge,B1,2.703542758232596e-05,1.525470568169806e-05,2.6310700530194238e-05,True,7.423206705663036e-08,True
44100,fir65-p16000-s20000,kaiser-g16,sustained-edge,AB,5.6145116205372614e-05,4.529220641893589e-05,5.3520992365021465e-05,True,1.3748654736056555e-08,True
44100,fir65-p16000-s20000,hann-g32,sustained-edge,AB,4.337874178231307e-05,2.801176445780818e-05,3.9037286364579096e-05,True,1.3748654736056555e-08,True
44100,fir65-p16000-s20000,kaiser-g32,sustained-edge,AB,2.8911858629520984e-05,2.4800468643740168e-05,2.7833418710060265e-05,True,1.3748654736056555e-08,True
44100,fir65-p16000-s20000,lagrange-g64,sustained-edge,AB,5.81298143693261e-05,5.1291453715011505e-05,5.176321259000621e-05,True,1.3748654736056555e-08,True
44100,fir65-p16000-s20000,hann-g64,sustained-edge,AB,6.037289149414387e-06,3.8098265443938933e-06,5.194359612509645e-06,True,1.3748654736056555e-08,True
44100,fir65-p16000-s20000,kaiser-g64,sustained-edge,AB,1.4997894167283823e-05,1.1426471177468858e-05,1.4372414129851074e-05,True,1.3748654736056555e-08,True
44100,fir129-p16000-s20000,kaiser-g16,reference,A1,4.41504540584384e-05,4.23556756769174e-05,4.340679409762975e-05,True,5.74937666799969e-09,True
44100,fir129-p16000-s20000,hann-g32,reference,A1,1.0693068305548352e-05,1.171629876748304e-05,1.0103647963551121e-05,True,5.74937666799969e-09,True
44100,fir129-p16000-s20000,kaiser-g32,reference,A1,3.184868716318794e-05,2.4304607806929387e-05,3.175874607974113e-05,True,5.74937666799969e-09,True
44100,fir129-p16000-s20000,lagrange-g64,reference,A1,4.7829871924443475e-06,5.641175343147119e-06,3.6882551327071376e-06,True,5.74937666799969e-09,True
44100,fir129-p16000-s20000,hann-g64,reference,A1,1.3647760328613784e-06,1.5287911926577341e-06,1.2698373802894222e-06,True,5.74937666799969e-09,True
44100,fir129-p16000-s20000,kaiser-g64,reference,A1,1.4678896700767391e-05,1.3966152266745882e-05,1.4652640719073759e-05,True,5.74937666799969e-09,True
44100,fir129-p16000-s20000,kaiser-g16,reference,B1,5.888782276309328e-05,5.619522197958258e-05,5.8822280532628045e-05,True,5.761799202980818e-10,True
44100,fir129-p16000-s20000,hann-g32,reference,B1,4.293150525900096e-06,5.268147660227144e-06,4.28974390351443e-06,True,5.761799202980818e-10,True
44100,fir129-p16000-s20000,kaiser-g32,reference,B1,1.6806181918855978e-05,2.0332540329291683e-05,1.677197711773073e-05,True,5.761799202980818e-10,True
44100,fir129-p16000-s20000,lagrange-g64,reference,B1,4.6547820052393683e-07,9.206597940100387e-07,4.0976689534031286e-07,True,5.761799202980818e-10,True
44100,fir129-p16000-s20000,hann-g64,reference,B1,1.2270525265575165e-06,1.0635873355952376e-06,1.2261350063310657e-06,True,5.761799202980818e-10,True
44100,fir129-p16000-s20000,kaiser-g64,reference,B1,1.8882391180886613e-05,1.6226898841913683e-05,1.8877106113106744e-05,True,5.761799202980818e-10,True
44100,fir129-p16000-s20000,kaiser-g16,reference,AB,4.419488669589507e-05,4.235567963529261e-05,4.345459829747152e-05,True,5.749321510237109e-09,True
44100,fir129-p16000-s20000,hann-g32,reference,AB,1.068146773068348e-05,1.171630423428166e-05,1.0092945869125102e-05,True,5.749321510237109e-09,True
44100,fir129-p16000-s20000,kaiser-g32,reference,AB,3.181897028805346e-05,2.4304603849033215e-05,3.172919348605577e-05,True,5.749321510237109e-09,True
44100,fir129-p16000-s20000,lagrange-g64,reference,AB,4.7768578325757676e-06,5.6411700601461866e-06,3.6835583494831685e-06,True,5.749321510237109e-09,True
44100,fir129-p16000-s20000,hann-g64,reference,AB,1.3644321683699844e-06,1.5287968264491585e-06,1.269727323560981e-06,True,5.749321510237109e-09,True
44100,fir129-p16000-s20000,kaiser-g64,reference,AB,1.4691312976640946e-05,1.3966148308890628e-05,1.466512457590978e-05,True,5.749321510237109e-09,True
44100,fir129-p16000-s20000,kaiser-g16,edge,A1,5.087261076698944e-05,5.61014452747374e-05,4.3157817232043275e-05,True,4.330470786375364e-08,True
44100,fir129-p16000-s20000,hann-g32,edge,A1,8.378471299868381e-05,8.594920165423472e-05,7.178907531050044e-05,True,4.330470786375364e-08,True
44100,fir129-p16000-s20000,kaiser-g32,edge,A1,3.1678541094331786e-05,2.6072356394909807e-05,2.9448297116041334e-05,True,4.330470786375364e-08,True
44100,fir129-p16000-s20000,lagrange-g64,edge,A1,0.00010244808249113646,9.636404867839029e-05,7.547383820871209e-05,True,4.330470786375364e-08,True
44100,fir129-p16000-s20000,hann-g64,edge,A1,1.0910085659694582e-05,1.1181684223222943e-05,9.214028985084068e-06,True,4.330470786375364e-08,True
44100,fir129-p16000-s20000,kaiser-g64,edge,A1,1.7958355492090568e-05,1.3395489819951456e-05,1.7082448425655027e-05,True,4.330470786375364e-08,True
44100,fir129-p16000-s20000,kaiser-g16,edge,B1,8.888656653151943e-05,4.7941036243268654e-05,8.582756307829565e-05,True,7.498345671441225e-08,True
44100,fir129-p16000-s20000,hann-g32,edge,B1,0.0002009595684569583,0.00010217528004901309,0.0001963675822247076,True,7.498345671441225e-08,True
44100,fir129-p16000-s20000,kaiser-g32,edge,B1,4.636709908043618e-05,2.534071233073371e-05,4.5211348262208004e-05,True,7.498345671441225e-08,True
44100,fir129-p16000-s20000,lagrange-g64,edge,B1,0.00030577690525726765,0.00015140832001512067,0.000270547443714839,True,7.498345671441225e-08,True
44100,fir129-p16000-s20000,hann-g64,edge,B1,2.5708046522300835e-05,1.273105207968312e-05,2.4974086690052823e-05,True,7.498345671441225e-08,True
44100,fir129-p16000-s20000,kaiser-g64,edge,B1,2.5965286313954807e-05,1.3666293300588887e-05,2.544955897940564e-05,True,7.498345671441225e-08,True
44100,fir129-p16000-s20000,kaiser-g16,edge,AB,5.0872613259015256e-05,5.6101442663508385e-05,4.3157828998924907e-05,True,4.3304681498806404e-08,True
44100,fir129-p16000-s20000,hann-g32,edge,AB,8.37847285089155e-05,8.594920429767067e-05,7.178909566733518e-05,True,4.3304681498806404e-08,True
44100,fir129-p16000-s20000,kaiser-g32,edge,AB,3.167853999625788e-05,2.607235904381722e-05,2.9448307429065837e-05,True,4.3304681498806404e-08,True
44100,fir129-p16000-s20000,lagrange-g64,edge,AB,0.00010244811537093689,9.636405122084819e-05,7.547387535918963e-05,True,4.3304681498806404e-08,True
44100,fir129-p16000-s20000,hann-g64,edge,AB,1.0910082699138126e-05,1.118168694793617e-05,9.214050873133348e-06,True,4.3304681498806404e-08,True
44100,fir129-p16000-s20000,kaiser-g64,edge,AB,1.7958352907429476e-05,1.339549255181722e-05,1.7082460839562078e-05,True,4.3304681498806404e-08,True
44100,fir129-p16000-s20000,kaiser-g16,overlap-reference,A1,4.968339240694462e-05,5.4930725271300486e-05,4.789552146882292e-05,True,3.711276675192628e-10,True
44100,fir129-p16000-s20000,hann-g32,overlap-reference,A1,5.470209265976491e-06,7.066160830231445e-06,5.253006121806726e-06,True,3.711276675192628e-10,True
44100,fir129-p16000-s20000,kaiser-g32,overlap-reference,A1,2.123816053854446e-05,2.5097438234300018e-05,2.0578297166351637e-05,True,3.711276675192628e-10,True
44100,fir129-p16000-s20000,lagrange-g64,overlap-reference,A1,6.164672120519392e-07,6.981622948819003e-07,5.307688468767879e-07,True,3.711276675192628e-10,True
44100,fir129-p16000-s20000,hann-g64,overlap-reference,A1,1.0360694063642918e-06,1.2401052225925026e-06,9.87255487275743e-07,True,3.711276675192628e-10,True
44100,fir129-p16000-s20000,kaiser-g64,overlap-reference,A1,1.7320368980178595e-05,1.898482361001532e-05,1.6827431357307387e-05,True,3.711276675192628e-10,True
44100,fir129-p16000-s20000,kaiser-g16,overlap-reference,B1,5.8887822772583145e-05,5.6195224147241004e-05,5.882228054228226e-05,True,5.761794364407736e-10,True
44100,fir129-p16000-s20000,hann-g32,overlap-reference,B1,4.29315045399526e-06,5.26814710042111e-06,4.289743834651808e-06,True,5.761794364407736e-10,True
44100,fir129-p16000-s20000,kaiser-g32,overlap-reference,B1,1.680618192777702e-05,2.0332540184844214e-05,1.677197712669286e-05,True,5.761794364407736e-10,True
44100,fir129-p16000-s20000,lagrange-g64,overlap-reference,B1,4.654762481704019e-07,9.2065644762874e-07,4.0976514704551724e-07,True,5.761794364407736e-10,True
44100,fir129-p16000-s20000,hann-g64,overlap-reference,B1,1.227052525741393e-06,1.0635869852615517e-06,1.2261350053393176e-06,True,5.761794364407736e-10,True
44100,fir129-p16000-s20000,kaiser-g64,overlap-reference,B1,1.8882391175512277e-05,1.6226899030739885e-05,1.8877106107776532e-05,True,5.761794364407736e-10,True
44100,fir129-p16000-s20000,kaiser-g16,overlap-reference,AB,4.968344989660081e-05,5.4930725554330745e-05,4.78955900812592e-05,True,3.711269906666377e-10,True
44100,fir129-p16000-s20000,hann-g32,overlap-reference,AB,5.470203895805461e-06,7.066161113141176e-06,5.253002925561516e-06,True,3.711269906666377e-10,True
44100,fir129-p16000-s20000,kaiser-g32,overlap-reference,AB,2.123814050484367e-05,2.5097437951078526e-05,2.0578279583762085e-05,True,3.711269906666377e-10,True
44100,fir129-p16000-s20000,lagrange-g64,overlap-reference,AB,6.165890673760446e-07,6.981620115177026e-07,5.308722706007396e-07,True,3.711269906666377e-10,True
44100,fir129-p16000-s20000,hann-g64,overlap-reference,AB,1.036070064022508e-06,1.2401055038961913e-06,9.872568235561185e-07,True,3.711269906666377e-10,True
44100,fir129-p16000-s20000,kaiser-g64,overlap-reference,AB,1.73203816363161e-05,1.8984823328717364e-05,1.6827446900720457e-05,True,3.711269906666377e-10,True
44100,fir129-p16000-s20000,kaiser-g16,sustained-edge,A1,5.5835410135756774e-05,4.566215511163759e-05,5.3262882006145155e-05,True,1.3950102479543711e-08,True
44100,fir129-p16000-s20000,hann-g32,sustained-edge,A1,4.455839682770259e-05,2.7938350508923683e-05,4.017848443033319e-05,True,1.3950102479543711e-08,True
44100,fir129-p16000-s20000,kaiser-g32,sustained-edge,A1,2.8790115959690706e-05,2.4740992192918195e-05,2.775482282328342e-05,True,1.3950102479543711e-08,True
44100,fir129-p16000-s20000,lagrange-g64,sustained-edge,A1,4.082290214746333e-05,3.271239954229582e-05,3.634569991427259e-05,True,1.3950102479543711e-08,True
44100,fir129-p16000-s20000,hann-g64,sustained-edge,A1,5.775766708956676e-06,3.547513305708207e-06,5.067727205926629e-06,True,1.3950102479543711e-08,True
44100,fir129-p16000-s20000,kaiser-g64,sustained-edge,A1,1.4869820854742764e-05,1.1430572501893192e-05,1.4308414917691596e-05,True,1.3950102479543711e-08,True
44100,fir129-p16000-s20000,kaiser-g16,sustained-edge,B1,8.888656639862202e-05,4.7941036748856664e-05,8.582756297334317e-05,True,7.49834567580714e-08,True
44100,fir129-p16000-s20000,hann-g32,sustained-edge,B1,0.00020095956846672547,0.00010217528244745083,0.00019636758223991454,True,7.49834567580714e-08,True
44100,fir129-p16000-s20000,kaiser-g32,sustained-edge,B1,4.6367098881402346e-05,2.5340713163800514e-05,4.521134809091024e-05,True,7.49834567580714e-08,True
44100,fir129-p16000-s20000,lagrange-g64,sustained-edge,B1,0.00030577690537714333,0.00015140832326088368,0.0002705474438277109,True,7.49834567580714e-08,True
44100,fir129-p16000-s20000,hann-g64,sustained-edge,B1,2.5708046386371288e-05,1.2731052362445393e-05,2.4974086578208238e-05,True,7.49834567580714e-08,True
44100,fir129-p16000-s20000,kaiser-g64,sustained-edge,B1,2.596528616260855e-05,1.3666293765029937e-05,2.5449558856082596e-05,True,7.49834567580714e-08,True
44100,fir129-p16000-s20000,kaiser-g16,sustained-edge,AB,5.583549023978845e-05,4.5662154591058925e-05,5.326294293205087e-05,True,1.3949923297301837e-08,True
44100,fir129-p16000-s20000,hann-g32,sustained-edge,AB,4.4558075139724354e-05,2.7938351429368187e-05,4.0178208945780254e-05,True,1.3949923297301837e-08,True
44100,fir129-p16000-s20000,kaiser-g32,sustained-edge,AB,2.8790104541724402e-05,2.4740991672107296e-05,2.7754801577594464e-05,True,1.3949923297301837e-08,True
44100,fir129-p16000-s20000,lagrange-g64,sustained-edge,AB,4.082363634090638e-05,3.2712400463887035e-05,3.6346241095676566e-05,True,1.3949923297301837e-08,True
44100,fir129-p16000-s20000,hann-g64,sustained-edge,AB,5.775638991621753e-06,3.547514220746065e-06,5.067599093248463e-06,True,1.3949923297301837e-08,True
44100,fir129-p16000-s20000,kaiser-g64,sustained-edge,AB,1.4869786128450943e-05,1.1430571981089222e-05,1.4308382934893675e-05,True,1.3949923297301837e-08,True
44100,iir-p16000-s21609,kaiser-g16,reference,A1,7.767919728546603e-05,0.00010523039560400991,7.11757899867546e-05,True,6.518886640098025e-09,True
44100,iir-p16000-s21609,hann-g32,reference,A1,1.1474378032539761e-05,1.5676242696472044e-05,1.0751873091075523e-05,True,6.518886640098025e-09,True
44100,iir-p16000-s21609,kaiser-g32,reference,A1,3.1951910170418206e-05,2.34326420420857e-05,3.18402673457827e-05,True,6.518886640098025e-09,True
44100,iir-p16000-s21609,lagrange-g64,reference,A1,8.222029692974777e-05,0.00013941460891969072,6.723568062023043e-05,True,6.518886640098025e-09,True
44100,iir-p16000-s21609,hann-g64,reference,A1,1.3937827270232447e-06,1.8319973814707605e-06,1.307511565333248e-06,True,6.518886640098025e-09,True
44100,iir-p16000-s21609,kaiser-g64,reference,A1,1.4672626829682945e-05,1.4038069420551396e-05,1.464879284806346e-05,True,6.518886640098025e-09,True
44100,iir-p16000-s21609,kaiser-g16,reference,B1,5.9324369199090045e-05,6.494143546044028e-05,5.9236988119633113e-05,True,7.796535666561248e-10,True
44100,iir-p16000-s21609,hann-g32,reference,B1,4.317261261289012e-06,5.3250438811525245e-06,4.312891029278048e-06,True,7.796535666561248e-10,True
44100,iir-p16000-s21609,kaiser-g32,reference,B1,1.6809216536997908e-05,2.0658355746620443e-05,1.677493773371564e-05,True,7.796535666561248e-10,True
44100,iir-p16000-s21609,lagrange-g64,reference,B1,9.148547207168788e-06,2.6798643157911982e-05,8.409751274635427e-06,True,7.796535666561248e-10,True
44100,iir-p16000-s21609,hann-g64,reference,B1,1.227428228795525e-06,1.195199453902946e-06,1.2266336928445472e-06,True,7.796535666561248e-10,True
44100,iir-p16000-s21609,kaiser-g64,reference,B1,1.888272662558087e-05,1.6278708038484833e-05,1.887744644876287e-05,True,7.796535666561248e-10,True
44100,iir-p16000-s21609,kaiser-g16,reference,AB,7.763734002465775e-05,0.00010523039560400991,7.114891448572813e-05,True,6.518886551322981e-09,True
44100,iir-p16000-s21609,hann-g32,reference,AB,1.1461638495814159e-05,1.5676242696477593e-05,1.0740211949287003e-05,True,6.518886551322981e-09,True
44100,iir-p16000-s21609,kaiser-g32,reference,AB,3.192202474060742e-05,2.343264204190815e-05,3.1810579336368505e-05,True,6.518886551322981e-09,True
44100,iir-p16000-s21609,lagrange-g64,reference,AB,8.211526474630585e-05,0.0001394146089196949,6.715096437893385e-05,True,6.518886551322981e-09,True
44100,iir-p16000-s21609,hann-g64,reference,AB,1.3933782621837397e-06,1.831997381475334e-06,1.307304040307934e-06,True,6.518886551322981e-09,True
44100,iir-p16000-s21609,kaiser-g64,reference,AB,1.4685067350881905e-05,1.4038069420551396e-05,1.466129110219027e-05,True,6.518886551322981e-09,True
44100,iir-p16000-s21609,kaiser-g16,edge,A1,0.0009202299643884542,0.0006788594216760761,0.0007689018761598169,True,4.4475480098467415e-08,True
44100,iir-p16000-s21609,hann-g32,edge,A1,0.00010450117252906454,8.778561029891222e-05,8.895449506604528e-05,True,4.4475480098467415e-08,True
44100,iir-p16000-s21609,kaiser-g32,edge,A1,3.607673490922595e-05,2.369864233594056e-05,3.3083602167504745e-05,True,4.4475480098467415e-08,True
44100,iir-p16000-s21609,lagrange-g64,edge,A1,0.0011673879966504082,0.001084825514703455,0.0008852993982505775,True,4.4475480098467415e-08,True
44100,iir-p16000-s21609,hann-g64,edge,A1,1.2921519197224075e-05,1.1265164916487116e-05,1.0999572367830873e-05,True,4.4475480098467415e-08,True
44100,iir-p16000-s21609,kaiser-g64,edge,A1,1.7804909286751296e-05,1.1950540617584017e-05,1.703005858743542e-05,True,4.4475480098467415e-08,True
44100,iir-p16000-s21609,kaiser-g16,edge,B1,0.0018070531029395697,0.0010855592602611905,0.0017680583774990935,True,8.824680657614778e-08,True
44100,iir-p16000-s21609,hann-g32,edge,B1,0.00027543218327566194,0.00018738017787565692,0.0002696352752811754,True,8.824680657614778e-08,True
44100,iir-p16000-s21609,kaiser-g32,edge,B1,6.418926120356685e-05,3.9269009287452975e-05,6.27749690215872e-05,True,8.824680657614778e-08,True
44100,iir-p16000-s21609,lagrange-g64,edge,B1,0.0026577278959735045,0.0019360044884566014,0.0024456987866242957,True,8.824680657614778e-08,True
44100,iir-p16000-s21609,hann-g64,edge,B1,3.399470985269519e-05,2.333773399165376e-05,3.3271246838864134e-05,True,8.824680657614778e-08,True
44100,iir-p16000-s21609,kaiser-g64,edge,B1,2.6440023975796576e-05,1.748004348780669e-05,2.6091880086737758e-05,True,8.824680657614778e-08,True
44100,iir-p16000-s21609,kaiser-g16,edge,AB,0.0009202300854604025,0.000678859421676073,0.0007689019237323703,True,4.4475480098467415e-08,True
44100,iir-p16000-s21609,hann-g32,edge,AB,0.00010450120115632438,8.77856102989128e-05,8.895451887272749e-05,True,4.4475480098467415e-08,True
44100,iir-p16000-s21609,kaiser-g32,edge,AB,3.607673850836931e-05,2.3698642335942735e-05,3.308354886439923e-05,True,4.4475480098467415e-08,True
44100,iir-p16000-s21609,lagrange-g64,edge,AB,0.0011673882216011121,0.001084825514703467,0.0008852995702592968,True,4.4475480098467415e-08,True
44100,iir-p16000-s21609,hann-g64,edge,AB,1.2921522721845584e-05,1.1265164916487423e-05,1.0999576496111627e-05,True,4.4475480098467415e-08,True
44100,iir-p16000-s21609,kaiser-g64,edge,AB,1.7804910275223743e-05,1.1950540617584017e-05,1.7030060632064824e-05,True,4.4475480098467415e-08,True
44100,iir-p16000-s21609,kaiser-g16,overlap-reference,A1,5.031013380142131e-05,5.931109349184556e-05,4.840340766488128e-05,True,4.3841883293923657e-10,True
44100,iir-p16000-s21609,hann-g32,overlap-reference,A1,5.493996772169769e-06,7.417535357812631e-06,5.272864224290693e-06,True,4.3841883293923657e-10,True
44100,iir-p16000-s21609,kaiser-g32,overlap-reference,A1,2.1236094156608594e-05,2.5251581277567112e-05,2.0575152371575384e-05,True,4.3841883293923657e-10,True
44100,iir-p16000-s21609,lagrange-g64,overlap-reference,A1,1.0322336679412276e-05,2.061516956166095e-05,9.025277715710708e-06,True,4.3841883293923657e-10,True
44100,iir-p16000-s21609,hann-g64,overlap-reference,A1,1.0359557026644911e-06,1.2961308581022236e-06,9.873385799864416e-07,True,4.3841883293923657e-10,True
44100,iir-p16000-s21609,kaiser-g64,overlap-reference,A1,1.7315751202474346e-05,1.911021154034252e-05,1.6822356657511727e-05,True,4.3841883293923657e-10,True
44100,iir-p16000-s21609,kaiser-g16,overlap-reference,B1,5.932436995165472e-05,6.49414747698486e-05,5.923698884162439e-05,True,7.796529651523782e-10,True
44100,iir-p16000-s21609,hann-g32,overlap-reference,B1,4.317261198866087e-06,5.3250461438244155e-06,4.312890969845744e-06,True,7.796529651523782e-10,True
44100,iir-p16000-s21609,kaiser-g32,overlap-reference,B1,1.6809216538371033e-05,2.0658355382850085e-05,1.677493773534234e-05,True,7.796529651523782e-10,True
44100,iir-p16000-s21609,lagrange-g64,overlap-reference,B1,9.148550652305467e-06,2.679863873713045e-05,8.409754622476037e-06,True,7.796529651523782e-10,True
44100,iir-p16000-s21609,hann-g64,overlap-reference,B1,1.2274282242444389e-06,1.1951991226099986e-06,1.2266336885531183e-06,True,7.796529651523782e-10,True
44100,iir-p16000-s21609,kaiser-g64,overlap-reference,B1,1.8882726620122198e-05,1.6278707721114737e-05,1.8877446443328475e-05,True,7.796529651523782e-10,True
44100,iir-p16000-s21609,kaiser-g16,overlap-reference,AB,5.031009865574572e-05,5.9311093492059304e-05,4.8403359154436894e-05,True,4.38418864667012e-10,True
44100,iir-p16000-s21609,hann-g32,overlap-reference,AB,5.4939941200835785e-06,7.417535357812631e-06,5.272863310959608e-06,True,4.38418864667012e-10,True
44100,iir-p16000-s21609,kaiser-g32,overlap-reference,AB,2.1236075824606025e-05,2.5251581277567112e-05,2.0575136005904813e-05,True,4.38418864667012e-10,True
44100,iir-p16000-s21609,lagrange-g64,overlap-reference,AB,1.0321112804309813e-05,2.061516956166095e-05,9.023812212155486e-06,True,4.38418864667012e-10,True
44100,iir-p16000-s21609,hann-g64,overlap-reference,AB,1.0359575144521023e-06,1.2961308581022236e-06,9.873408216035718e-07,True,4.38418864667012e-10,True
44100,iir-p16000-s21609,kaiser-g64,overlap-reference,AB,1.731576394916617e-05,1.911021154034252e-05,1.6822372275842964e-05,True,4.38418864667012e-10,True
44100,iir-p16000-s21609,kaiser-g16,sustained-edge,A1,0.0004089401978340035,0.0002880250732213446,0.00037030215560499523,True,1.4331946819059284e-08,True
44100,iir-p16000-s21609,hann-g32,sustained-edge,A1,5.2606616638562604e-05,3.605651137869169e-05,4.771962990597385e-05,True,1.4331946819059284e-08,True
44100,iir-p16000-s21609,kaiser-g32,sustained-edge,A1,3.1326266843783335e-05,2.4048844596869426e-05,2.9782490674370205e-05,True,1.4331946819059284e-08,True
44100,iir-p16000-s21609,lagrange-g64,sustained-edge,A1,0.0005256229056862984,0.0004569578853248766,0.00046866763383415446,True,1.4331946819059284e-08,True
44100,iir-p16000-s21609,hann-g64,sustained-edge,A1,6.2816391701159865e-06,4.386403573846295e-06,5.651576042899997e-06,True,1.4331946819059284e-08,True
44100,iir-p16000-s21609,kaiser-g64,sustained-edge,A1,1.4725461715194813e-05,1.2140572162822418e-05,1.4230400469288139e-05,True,1.4331946819059284e-08,True
44100,iir-p16000-s21609,kaiser-g16,sustained-edge,B1,0.0018070530620492506,0.0010855592136585928,0.0017680583373840223,True,8.824680649207676e-08,True
44100,iir-p16000-s21609,hann-g32,sustained-edge,B1,0.0002754321827945143,0.0001873801758049517,0.000269635274806645,True,8.824680649207676e-08,True
44100,iir-p16000-s21609,kaiser-g32,sustained-edge,B1,6.418925988271386e-05,3.926900817280781e-05,6.277496774243319e-05,True,8.824680649207676e-08,True
44100,iir-p16000-s21609,lagrange-g64,sustained-edge,B1,0.002657727856416544,0.0019360044160503978,0.0024456987493758743,True,8.824680649207676e-08,True
44100,iir-p16000-s21609,hann-g64,sustained-edge,B1,3.399470980357133e-05,2.3337733760895533e-05,3.3271246790284044e-05,True,8.824680649207676e-08,True
44100,iir-p16000-s21609,kaiser-g64,sustained-edge,B1,2.6440023972210618e-05,1.7480043336662294e-05,2.6091880083471582e-05,True,8.824680649207676e-08,True
44100,iir-p16000-s21609,kaiser-g16,sustained-edge,AB,0.0004089366788121462,0.0002880250732213419,0.0003702962893365225,True,1.4331956832658401e-08,True
44100,iir-p16000-s21609,hann-g32,sustained-edge,AB,5.260662100323363e-05,3.6056511378696626e-05,4.771954054435951e-05,True,1.4331956832658401e-08,True
44100,iir-p16000-s21609,kaiser-g32,sustained-edge,AB,3.132650624748567e-05,2.4048844596869426e-05,2.978268759460476e-05,True,1.4331956832658401e-08,True
44100,iir-p16000-s21609,lagrange-g64,sustained-edge,AB,0.0005256154076544273,0.0004569578853248766,0.00046865816699003004,True,1.4331956832658401e-08,True
44100,iir-p16000-s21609,hann-g64,sustained-edge,AB,6.281616621173896e-06,4.386403573845647e-06,5.651536242921955e-06,True,1.4331956832658401e-08,True
44100,iir-p16000-s21609,kaiser-g64,sustained-edge,AB,1.47254483126101e-05,1.2140572162822418e-05,1.4230383988629355e-05,True,1.4331956832658401e-08,True
44100,fir33-p16000-s21609,kaiser-g16,reference,A1,0.0001222600092785567,0.0001813434015540457,0.00010974635944310949,True,6.6741521140721045e-09,True
44100,fir33-p16000-s21609,hann-g32,reference,A1,1.238851061128674e-05,1.963864873919912e-05,1.1517516564463786e-05,True,6.6741521140721045e-09,True
44100,fir33-p16000-s21609,kaiser-g32,reference,A1,3.2245520658502715e-05,2.648994482403756e-05,3.206521736991449e-05,True,6.6741521140721045e-09,True
44100,fir33-p16000-s21609,lagrange-g64,reference,A1,0.00013717577383658245,0.0002248838631927529,0.00011283596925742348,True,6.6741521140721045e-09,True
44100,fir33-p16000-s21609,hann-g64,reference,A1,1.951760618843393e-06,2.463676816995946e-06,1.7125335804809025e-06,True,6.6741521140721045e-09,True
44100,fir33-p16000-s21609,kaiser-g64,reference,A1,1.473965050603138e-05,1.3980880042005972e-05,1.469163326438195e-05,True,6.6741521140721045e-09,True
44100,fir33-p16000-s21609,kaiser-g16,reference,B1,6.0260028677766524e-05,7.958659486414296e-05,6.012173761098203e-05,True,8.142845137083056e-10,True
44100,fir33-p16000-s21609,hann-g32,reference,B1,4.346794170901337e-06,5.369029193391682e-06,4.340319759203851e-06,True,8.142845137083056e-10,True
44100,fir33-p16000-s21609,kaiser-g32,reference,B1,1.681556466320511e-05,2.1184382915179547e-05,1.678070428186905e-05,True,8.142845137083056e-10,True
44100,fir33-p16000-s21609,lagrange-g64,reference,B1,1.5287043979349908e-05,4.084817456210859e-05,1.4052805934277882e-05,True,8.142845137083056e-10,True
44100,fir33-p16000-s21609,hann-g64,reference,B1,1.2370533830838605e-06,1.1146740330876857e-06,1.2348802459455067e-06,True,8.142845137083056e-10,True
44100,fir33-p16000-s21609,kaiser-g64,reference,B1,1.8883077443579776e-05,1.611448598804213e-05,1.8877700958306182e-05,True,8.142845137083056e-10,True
44100,fir33-p16000-s21609,kaiser-g16,reference,AB,0.00012214028960075732,0.00018134341246651024,0.00010964931851576412,True,6.674266525764027e-09,True
44100,fir33-p16000-s21609,hann-g32,reference,AB,1.2374454125799813e-05,1.9638638203068366e-05,1.1504762797889834e-05,True,6.674266525764027e-09,True
44100,fir33-p16000-s21609,kaiser-g32,reference,AB,3.2215154148720334e-05,2.6489953023615465e-05,3.203516514258309e-05,True,6.674266525764027e-09,True
44100,fir33-p16000-s21609,lagrange-g64,reference,AB,0.00013700052235571654,0.00022488387413054813,0.00011269388351788434,True,6.674266525764027e-09,True
44100,fir33-p16000-s21609,hann-g64,reference,AB,1.950229904976283e-06,2.4636667199761973e-06,1.7114642941527392e-06,True,6.674266525764027e-09,True
44100,fir33-p16000-s21609,kaiser-g64,reference,AB,1.4751861584896565e-05,1.3980888244468768e-05,1.4703985928979212e-05,True,6.674266525764027e-09,True
44100,fir33-p16000-s21609,kaiser-g16,edge,A1,0.0016171012963561084,0.0014335022287899819,0.0013593110367601526,True,5.1334294430712623e-08,True
44100,fir33-p16000-s21609,hann-g32,edge,A1,0.00012075095675920324,0.00011436953919700374,0.00010301963738142155,True,5.1334294430712623e-08,True
44100,fir33-p16000-s21609,kaiser-g32,edge,A1,4.53960160401271e-05,4.620037051508864e-05,4.022328466726376e-05,True,5.1334294430712623e-08,True
44100,fir33-p16000-s21609,lagrange-g64,edge,A1,0.0019426228473495102,0.0019587696264978397,0.0014875460810763873,True,5.1334294430712623e-08,True
44100,fir33-p16000-s21609,hann-g64,edge,A1,1.7841278966633286e-05,1.4579634784211386e-05,1.4659148346763763e-05,True,5.1334294430712623e-08,True
44100,fir33-p16000-s21609,kaiser-g64,edge,A1,2.104901780786606e-05,1.6855554843345212e-05,1.9006529226887266e-05,True,5.1334294430712623e-08,True
44100,fir33-p16000-s21609,kaiser-g16,edge,B1,0.003090543275599836,0.001553172199173947,0.0030194269467062234,True,9.111612031082551e-08,True
44100,fir33-p16000-s21609,hann-g32,edge,B1,0.00030343293195329374,0.000193252351482332,0.00029661141013780627,True,9.111612031082551e-08,True
44100,fir33-p16000-s21609,kaiser-g32,edge,B1,8.769746467204948e-05,5.5252689773920204e-05,8.486386120620676e-05,True,9.111612031082551e-08,True
44100,fir33-p16000-s21609,lagrange-g64,edge,B1,0.004001343203895469,0.002372163128503441,0.003691285512377458,True,9.111612031082551e-08,True
44100,fir33-p16000-s21609,hann-g64,edge,B1,4.191128972013377e-05,2.527134879299487e-05,4.045299498930322e-05,True,9.111612031082551e-08,True
44100,fir33-p16000-s21609,kaiser-g64,edge,B1,3.425877641023288e-05,1.981892557385331e-05,3.289304438026824e-05,True,9.111612031082551e-08,True
44100,fir33-p16000-s21609,kaiser-g16,edge,AB,0.0016171015034415668,0.0014335022235442566,0.0013593110941219943,True,5.133434943859793e-08,True
44100,fir33-p16000-s21609,hann-g32,edge,AB,0.00012075098472476964,0.00011436953406662739,0.00010301966570455,True,5.133434943859793e-08,True
44100,fir33-p16000-s21609,kaiser-g32,edge,AB,4.5396013641555506e-05,4.620037601961428e-05,4.022307327281557e-05,True,5.133434943859793e-08,True
44100,fir33-p16000-s21609,lagrange-g64,edge,AB,0.0019426231516984393,0.001958769631668653,0.0014875463069247308,True,5.133434943859793e-08,True
44100,fir33-p16000-s21609,hann-g64,edge,AB,1.7841267456531258e-05,1.4579629868215047e-05,1.4659184486481093e-05,True,5.133434943859793e-08,True
44100,fir33-p16000-s21609,kaiser-g64,edge,AB,2.1049005277910316e-05,1.6855560517602412e-05,1.900655875027603e-05,True,5.133434943859793e-08,True
44100,fir33-p16000-s21609,kaiser-g16,overlap-reference,A1,5.166721048422286e-05,5.857600517048882e-05,4.9514429561596214e-05,True,4.647900195393584e-10,True
44100,fir33-p16000-s21609,hann-g32,overlap-reference,A1,5.5261114993459086e-06,7.97578160276232e-06,5.299487525917997e-06,True,4.647900195393584e-10,True
44100,fir33-p16000-s21609,kaiser-g32,overlap-reference,A1,2.1246751621822364e-05,2.5592618744376815e-05,2.0584967700031484e-05,True,4.647900195393584e-10,True
44100,fir33-p16000-s21609,lagrange-g64,overlap-reference,A1,1.7128702878893485e-05,3.172669776781929e-05,1.4968643909478473e-05,True,4.647900195393584e-10,True
44100,fir33-p16000-s21609,hann-g64,overlap-reference,A1,1.050243092001707e-06,1.2326146284691412e-06,9.973576310493167e-07,True,4.647900195393584e-10,True
44100,fir33-p16000-s21609,kaiser-g64,overlap-reference,A1,1.7321240786988796e-05,1.8977916932815295e-05,1.682803336538599e-05,True,4.647900195393584e-10,True
44100,fir33-p16000-s21609,kaiser-g16,overlap-reference,B1,6.026003102714825e-05,7.958661579049407e-05,6.012173986273459e-05,True,8.142840677879669e-10,True
44100,fir33-p16000-s21609,hann-g32,overlap-reference,B1,4.346794141430532e-06,5.369027597005378e-06,4.340319730656825e-06,True,8.142840677879669e-10,True
44100,fir33-p16000-s21609,kaiser-g32,overlap-reference,B1,1.6815564634853512e-05,2.1184380122994604e-05,1.678070425470884e-05,True,8.142840677879669e-10,True
44100,fir33-p16000-s21609,lagrange-g64,overlap-reference,B1,1.5287053397102113e-05,4.084820147418531e-05,1.405281483544181e-05,True,8.142840677879669e-10,True
44100,fir33-p16000-s21609,hann-g64,overlap-reference,B1,1.2370533982113992e-06,1.114674759122245e-06,1.234880258699879e-06,True,8.142840677879669e-10,True
44100,fir33-p16000-s21609,kaiser-g64,overlap-reference,B1,1.888307743927204e-05,1.6114485944569017e-05,1.8877700953833045e-05,True,8.142840677879669e-10,True
44100,fir33-p16000-s21609,kaiser-g16,overlap-reference,AB,5.166717444479106e-05,5.857600575367787e-05,4.951432332682755e-05,True,4.6477404365561935e-10,True
44100,fir33-p16000-s21609,hann-g32,overlap-reference,AB,5.52610380991358e-06,7.975782185446806e-06,5.2994820187781815e-06,True,4.6477404365561935e-10,True
44100,fir33-p16000-s21609,kaiser-g32,overlap-reference,AB,2.124673625803653e-05,2.559261816135229e-05,2.05849534209168e-05,True,4.6477404365561935e-10,True
44100,fir33-p16000-s21609,lagrange-g64,overlap-reference,AB,1.7127277810082217e-05,3.172669718447073e-05,1.4966822732592161e-05,True,4.6477404365561935e-10,True
44100,fir33-p16000-s21609,hann-g64,overlap-reference,AB,1.0502354242049122e-06,1.232614049838346e-06,9.973516466803048e-07,True,4.6477404365561935e-10,True
44100,fir33-p16000-s21609,kaiser-g64,overlap-reference,AB,1.7321252822491887e-05,1.89779175114343e-05,1.682804837829915e-05,True,4.6477404365561935e-10,True
44100,fir33-p16000-s21609,kaiser-g16,sustained-edge,A1,0.0007155687376010196,0.00048099232415054784,0.0006469129539918887,True,1.5303525950083955e-08,True
44100,fir33-p16000-s21609,hann-g32,sustained-edge,A1,5.978140756955736e-05,3.920762327910665e-05,5.4144287376875465e-05,True,1.5303525950083955e-08,True
44100,fir33-p16000-s21609,kaiser-g32,sustained-edge,A1,3.7244453898366746e-05,2.4985263760529435e-05,3.434169942201513e-05,True,1.5303525950083955e-08,True
44100,fir33-p16000-s21609,lagrange-g64,sustained-edge,A1,0.0008667209855906973,0.0006695065337597063,0.000773724745444742,True,1.5303525950083955e-08,True
44100,fir33-p16000-s21609,hann-g64,sustained-edge,A1,9.496841536776484e-06,5.283244102848172e-06,8.073451129877982e-06,True,1.5303525950083955e-08,True
44100,fir33-p16000-s21609,kaiser-g64,sustained-edge,A1,1.6287207729379134e-05,1.1092965253200257e-05,1.5240116534475471e-05,True,1.5303525950083955e-08,True
44100,fir33-p16000-s21609,kaiser-g16,sustained-edge,B1,0.0030905432077008776,0.0015531721823105896,0.0030194268801801457,True,9.111612008799544e-08,True
44100,fir33-p16000-s21609,hann-g32,sustained-edge,B1,0.00030343293066314894,0.00019325235373969613,0.0002966114088935318,True,9.111612008799544e-08,True
44100,fir33-p16000-s21609,kaiser-g32,sustained-edge,B1,8.769746163857955e-05,5.525268897922671e-05,8.486385833628163e-05,True,9.111612008799544e-08,True
44100,fir33-p16000-s21609,lagrange-g64,sustained-edge,B1,0.0040013431314430015,0.002372163106484985,0.0036912854445979655,True,9.111612008799544e-08,True
44100,fir33-p16000-s21609,hann-g64,sustained-edge,B1,4.1911288931447485e-05,2.5271348950727955e-05,4.045299428588179e-05,True,9.111612008799544e-08,True
44100,fir33-p16000-s21609,kaiser-g64,sustained-edge,B1,3.425877540506312e-05,1.9818925869271427e-05,3.2893043495765344e-05,True,9.111612008799544e-08,True
44100,fir33-p16000-s21609,kaiser-g16,sustained-edge,AB,0.0007155653938667078,0.0004809923222601677,0.000646904170721277,True,1.530346810965473e-08,True
44100,fir33-p16000-s21609,hann-g32,sustained-edge,AB,5.978120457178081e-05,3.920762139237569e-05,5.4143955279277116e-05,True,1.530346810965473e-08,True
44100,fir33-p16000-s21609,kaiser-g32,sustained-edge,AB,3.724496737101308e-05,2.498526269180695e-05,3.434218022968515e-05,True,1.530346810965473e-08,True
44100,fir33-p16000-s21609,lagrange-g64,sustained-edge,AB,0.0008667116931809327,0.0006695065356495813,0.0007737102460672456,True,1.530346810965473e-08,True
44100,fir33-p16000-s21609,hann-g64,sustained-edge,AB,9.496596476752192e-06,5.28324222966934e-06,8.07322445855282e-06,True,1.530346810965473e-08,True
44100,fir33-p16000-s21609,kaiser-g64,sustained-edge,AB,1.6287036782115143e-05,1.1092966321961302e-05,1.5239982284440117e-05,True,1.530346810965473e-08,True
44100,fir65-p16000-s21609,kaiser-g16,reference,A1,4.952823822725358e-05,5.480205513158034e-05,4.7804444545451975e-05,True,6.770014923490471e-09,True
44100,fir65-p16000-s21609,hann-g32,reference,A1,1.1744903719929179e-05,1.5805508197794653e-05,1.0969250294642632e-05,True,6.770014923490471e-09,True
44100,fir65-p16000-s21609,kaiser-g32,reference,A1,3.18683357818371e-05,2.4238133393139498e-05,3.1770711602247995e-05,True,6.770014923490471e-09,True
44100,fir65-p16000-s21609,lagrange-g64,reference,A1,4.943079883530936e-05,7.413636738083339e-05,4.012351939338197e-05,True,6.770014923490471e-09,True
44100,fir65-p16000-s21609,hann-g64,reference,A1,1.6499222206432692e-06,2.334853597260808e-06,1.4780167665429563e-06,True,6.770014923490471e-09,True
44100,fir65-p16000-s21609,kaiser-g64,reference,A1,1.4700939599011545e-05,1.3986507883040961e-05,1.466579312318376e-05,True,6.770014923490471e-09,True
44100,fir65-p16000-s21609,kaiser-g16,reference,B1,5.893898909162139e-05,5.944583526343237e-05,5.8870981976255014e-05,True,7.932990494393697e-10,True
44100,fir65-p16000-s21609,hann-g32,reference,B1,4.320580892264732e-06,5.390037057710423e-06,4.315703825550988e-06,True,7.932990494393697e-10,True
44100,fir65-p16000-s21609,kaiser-g32,reference,B1,1.6807046293189022e-05,2.0347887546639275e-05,1.677276196072276e-05,True,7.932990494393697e-10,True
44100,fir65-p16000-s21609,lagrange-g64,reference,B1,5.318161650808158e-06,1.289050453137152e-05,4.824096329288668e-06,True,7.932990494393697e-10,True
44100,fir65-p16000-s21609,hann-g64,reference,B1,1.2312968956438099e-06,1.1769653817014295e-06,1.229798951208853e-06,True,7.932990494393697e-10,True
44100,fir65-p16000-s21609,kaiser-g64,reference,B1,1.8882796942390586e-05,1.6260031854183706e-05,1.8877472925825514e-05,True,7.932990494393697e-10,True
44100,fir65-p16000-s21609,kaiser-g16,reference,AB,4.955486340701392e-05,5.4802048376868715e-05,4.783724399485152e-05,True,6.769920705715659e-09,True
44100,fir65-p16000-s21609,hann-g32,reference,AB,1.1731769748588964e-05,1.5805517527221373e-05,1.0957275276330268e-05,True,6.769920705715659e-09,True
44100,fir65-p16000-s21609,kaiser-g32,reference,AB,3.1838592819284157e-05,2.4238126638634313e-05,3.174114611232081e-05,True,6.769920705715659e-09,True
44100,fir65-p16000-s21609,lagrange-g64,reference,AB,4.936761945009023e-05,7.413637645702495e-05,4.007295951432479e-05,True,6.769920705715659e-09,True
44100,fir65-p16000-s21609,hann-g64,reference,AB,1.6489615519552323e-06,2.3348632117029657e-06,1.4774294254272071e-06,True,6.769920705715659e-09,True
44100,fir65-p16000-s21609,kaiser-g64,reference,AB,1.4713277914472126e-05,1.3986501128605018e-05,1.4678230252242771e-05,True,6.769920705715659e-09,True
44100,fir65-p16000-s21609,kaiser-g16,edge,A1,0.0002616010337224759,0.00024071492306180044,0.00022014603348364807,True,5.725888225215481e-08,True
44100,fir65-p16000-s21609,hann-g32,edge,A1,0.00011407473262363649,0.00011580511387867348,9.770290890737561e-05,True,5.725888225215481e-08,True
44100,fir65-p16000-s21609,kaiser-g32,edge,A1,3.4294720321657716e-05,2.9689823325000153e-05,3.1317134436811704e-05,True,5.725888225215481e-08,True
44100,fir65-p16000-s21609,lagrange-g64,edge,A1,0.0006405197081953071,0.0006521252714997235,0.000482801814326494,True,5.725888225215481e-08,True
44100,fir65-p16000-s21609,hann-g64,edge,A1,1.56107425153595e-05,1.4633773172560559e-05,1.3010794759187414e-05,True,5.725888225215481e-08,True
44100,fir65-p16000-s21609,kaiser-g64,edge,A1,1.9444182684557076e-05,1.4607767392031104e-05,1.7999067916749646e-05,True,5.725888225215481e-08,True
44100,fir65-p16000-s21609,kaiser-g16,edge,B1,0.0005942260160286884,0.0003303994933625031,0.0005820655381336126,True,9.36500742077443e-08,True
44100,fir65-p16000-s21609,hann-g32,edge,B1,0.00028991482796206756,0.0001772327970056673,0.00028340103072541973,True,9.36500742077443e-08,True
44100,fir65-p16000-s21609,kaiser-g32,edge,B1,5.546554871575692e-05,3.654870417246048e-05,5.3956723547630986e-05,True,9.36500742077443e-08,True
44100,fir65-p16000-s21609,lagrange-g64,edge,B1,0.0019342208640385514,0.001163016451693427,0.0017526321839602774,True,9.36500742077443e-08,True
44100,fir65-p16000-s21609,hann-g64,edge,B1,3.78074656017638e-05,2.344094106783086e-05,3.668361156959482e-05,True,9.36500742077443e-08,True
44100,fir65-p16000-s21609,kaiser-g64,edge,B1,2.981359533739548e-05,1.766604791247836e-05,2.8955039086287612e-05,True,9.36500742077443e-08,True
44100,fir65-p16000-s21609,kaiser-g16,edge,AB,0.00026160109261218754,0.00024071492706007893,0.00022014605023760897,True,5.725892544746383e-08,True
44100,fir65-p16000-s21609,hann-g32,edge,AB,0.00011407476485537313,0.00011580510959732983,9.770295008918748e-05,True,5.725892544746383e-08,True
44100,fir65-p16000-s21609,kaiser-g32,edge,AB,3.4294716283547524e-05,2.9689827633037248e-05,3.1317155724650363e-05,True,5.725892544746383e-08,True
44100,fir65-p16000-s21609,lagrange-g64,edge,AB,0.0006405199942842363,0.0006521252755795674,0.00048280206181856974,True,5.725892544746383e-08,True
44100,fir65-p16000-s21609,hann-g64,edge,AB,1.561073567175077e-05,1.4633777603756075e-05,1.301082563898575e-05,True,5.725892544746383e-08,True
44100,fir65-p16000-s21609,kaiser-g64,edge,AB,1.944417444674407e-05,1.4607771834862168e-05,1.7999090198562725e-05,True,5.725892544746383e-08,True
44100,fir65-p16000-s21609,kaiser-g16,overlap-reference,A1,4.976324367108528e-05,5.545882065614973e-05,4.796243840332064e-05,True,4.492413828910831e-10,True
44100,fir65-p16000-s21609,hann-g32,overlap-reference,A1,5.504317007005948e-06,7.388184885304468e-06,5.281922322825517e-06,True,4.492413828910831e-10,True
44100,fir65-p16000-s21609,kaiser-g32,overlap-reference,A1,2.123876812911235e-05,2.5072722954769424e-05,2.0578737640942626e-05,True,4.492413828910831e-10,True
44100,fir65-p16000-s21609,lagrange-g64,overlap-reference,A1,6.271279385061709e-06,9.881151742758997e-06,5.4929666220504535e-06,True,4.492413828910831e-10,True
44100,fir65-p16000-s21609,hann-g64,overlap-reference,A1,1.042448345233873e-06,1.289339443560073e-06,9.917003137066276e-07,True,4.492413828910831e-10,True
44100,fir65-p16000-s21609,kaiser-g64,overlap-reference,A1,1.7320660716871765e-05,1.897355786906089e-05,1.6827607005724127e-05,True,4.492413828910831e-10,True
44100,fir65-p16000-s21609,kaiser-g16,overlap-reference,B1,5.893898898405861e-05,5.944582300318104e-05,5.88709818735371e-05,True,7.932983556602769e-10,True
44100,fir65-p16000-s21609,hann-g32,overlap-reference,B1,4.32058077809639e-06,5.390040724585577e-06,4.315703716476313e-06,True,7.932983556602769e-10,True
44100,fir65-p16000-s21609,kaiser-g32,overlap-reference,B1,1.6807046303241443e-05,2.0347886528399367e-05,1.6772761970573793e-05,True,7.932983556602769e-10,True
44100,fir65-p16000-s21609,lagrange-g64,overlap-reference,B1,5.318154349405818e-06,1.2890494190574514e-05,4.8240896964296354e-06,True,7.932983556602769e-10,True
44100,fir65-p16000-s21609,hann-g64,overlap-reference,B1,1.2312968951304215e-06,1.1769650370167874e-06,1.2297989497988994e-06,True,7.932983556602769e-10,True
44100,fir65-p16000-s21609,kaiser-g64,overlap-reference,B1,1.8882796937521972e-05,1.626003227531511e-05,1.8877472920902745e-05,True,7.932983556602769e-10,True
44100,fir65-p16000-s21609,kaiser-g16,overlap-reference,AB,4.976325250749865e-05,5.545882113563059e-05,4.79624559540712e-05,True,4.4925452635285975e-10,True
44100,fir65-p16000-s21609,hann-g32,overlap-reference,AB,5.504319166461532e-06,7.388184405853765e-06,5.281926893967884e-06,True,4.4925452635285975e-10,True
44100,fir65-p16000-s21609,kaiser-g32,overlap-reference,AB,2.1238747929957577e-05,2.5072722474472568e-05,2.0578719958532467e-05,True,4.4925452635285975e-10,True
44100,fir65-p16000-s21609,lagrange-g64,overlap-reference,AB,6.2705535090512925e-06,9.881152222805554e-06,5.492107206258393e-06,True,4.4925452635285975e-10,True
44100,fir65-p16000-s21609,hann-g64,overlap-reference,AB,1.0424465759399572e-06,1.2893399200236924e-06,9.91699700079148e-07,True,4.4925452635285975e-10,True
44100,fir65-p16000-s21609,kaiser-g64,overlap-reference,AB,1.732067316248958e-05,1.8973558345319333e-05,1.6827622378238383e-05,True,4.4925452635285975e-10,True
44100,fir65-p16000-s21609,kaiser-g16,sustained-edge,A1,0.00014466049034116048,8.698331106749e-05,0.00013163032853269284,True,1.557765520460934e-08,True
44100,fir65-p16000-s21609,hann-g32,sustained-edge,A1,5.639686528554935e-05,4.0413072383145614e-05,5.126904468809361e-05,True,1.557765520460934e-08,True
44100,fir65-p16000-s21609,kaiser-g32,sustained-edge,A1,2.9553963789510615e-05,2.4843447821609526e-05,2.829956102676464e-05,True,1.557765520460934e-08,True
44100,fir65-p16000-s21609,lagrange-g64,sustained-edge,A1,0.0003149637058276953,0.00023236339770043487,0.00027914287563943874,True,1.557765520460934e-08,True
44100,fir65-p16000-s21609,hann-g64,sustained-edge,A1,7.999417003740045e-06,5.445168214383581e-06,6.905047076844318e-06,True,1.557765520460934e-08,True
44100,fir65-p16000-s21609,kaiser-g64,sustained-edge,A1,1.5493103089783806e-05,1.1461544630704555e-05,1.4711034614692e-05,True,1.557765520460934e-08,True
44100,fir65-p16000-s21609,kaiser-g16,sustained-edge,B1,0.0005942260101436852,0.0003303994896374537,0.0005820655323104912,True,9.365007409174051e-08,True
44100,fir65-p16000-s21609,hann-g32,sustained-edge,B1,0.0002899148278080333,0.00017723279947135957,0.00028340103058201345,True,9.365007409174051e-08,True
44100,fir65-p16000-s21609,kaiser-g32,sustained-edge,B1,5.54655483243867e-05,3.654870468648066e-05,5.3956723219214825e-05,True,9.365007409174051e-08,True
44100,fir65-p16000-s21609,lagrange-g64,sustained-edge,B1,0.0019342208593876545,0.0011630164621711577,0.0017526321794744735,True,9.365007409174051e-08,True
44100,fir65-p16000-s21609,hann-g64,sustained-edge,B1,3.780746531123701e-05,2.344094124312061e-05,3.6683611324072345e-05,True,9.365007409174051e-08,True
44100,fir65-p16000-s21609,kaiser-g64,sustained-edge,B1,2.9813594948289762e-05,1.766604780519791e-05,2.8955038762675893e-05,True,9.365007409174051e-08,True
44100,fir65-p16000-s21609,kaiser-g16,sustained-edge,AB,0.00014465682914575241,8.698331261884644e-05,0.00013162652521711595,True,1.5577693438897325e-08,True
44100,fir65-p16000-s21609,hann-g32,sustained-edge,AB,5.6397134400748874e-05,4.0413070832719065e-05,5.126923004080867e-05,True,1.5577693438897325e-08,True
44100,fir65-p16000-s21609,kaiser-g32,sustained-edge,AB,2.9553964724545932e-05,2.4843446943014353e-05,2.8299569528454448e-05,True,1.5577693438897325e-08,True
44100,fir65-p16000-s21609,lagrange-g64,sustained-edge,AB,0.00031495702196541266,0.00023236339925479638,0.00027913635920314583,True,1.5577693438897325e-08,True
44100,fir65-p16000-s21609,hann-g64,sustained-edge,AB,7.999311597434272e-06,5.445166675960507e-06,6.904963620500237e-06,True,1.5577693438897325e-08,True
44100,fir65-p16000-s21609,kaiser-g64,sustained-edge,AB,1.549302332825632e-05,1.1461543752121135e-05,1.4710974586641601e-05,True,1.5577693438897325e-08,True
44100,fir129-p16000-s21609,kaiser-g16,reference,A1,4.491958352445581e-05,4.375289992453846e-05,4.4030697476542434e-05,True,6.809114734008164e-09,True
44100,fir129-p16000-s21609,hann-g32,reference,A1,1.1851109373576474e-05,1.557339457599325e-05,1.1060577898492026e-05,True,6.809114734008164e-09,True
44100,fir129-p16000-s21609,kaiser-g32,reference,A1,3.1857786747088535e-05,2.4333484422809492e-05,3.176492034037211e-05,True,6.809114734008164e-09,True
44100,fir129-p16000-s21609,lagrange-g64,reference,A1,3.725389328676007e-05,4.9311727418912475e-05,2.99313344861035e-05,True,6.809114734008164e-09,True
44100,fir129-p16000-s21609,hann-g64,reference,A1,1.5258837652743234e-06,1.9144505898749807e-06,1.3979850802609472e-06,True,6.809114734008164e-09,True
44100,fir129-p16000-s21609,kaiser-g64,reference,A1,1.4685336729946517e-05,1.4025560342466446e-05,1.4656544901206057e-05,True,6.809114734008164e-09,True
44100,fir129-p16000-s21609,kaiser-g16,reference,B1,5.889460469204962e-05,5.7236477919872695e-05,5.8828737009210144e-05,True,7.8767169451856e-10,True
44100,fir129-p16000-s21609,hann-g32,reference,B1,4.322319512902271e-06,5.444987384671952e-06,4.3175117027409455e-06,True,7.8767169451856e-10,True
44100,fir129-p16000-s21609,kaiser-g32,reference,B1,1.6806457085534568e-05,2.0390302337595267e-05,1.6772227445853995e-05,True,7.8767169451856e-10,True
44100,fir129-p16000-s21609,lagrange-g64,reference,B1,3.9327181657981416e-06,8.369188922701028e-06,3.5394853812463434e-06,True,7.8767169451856e-10,True
44100,fir129-p16000-s21609,hann-g64,reference,B1,1.2291708495454685e-06,1.0996498964076875e-06,1.2280581641670885e-06,True,7.8767169451856e-10,True
44100,fir129-p16000-s21609,kaiser-g64,reference,B1,1.8882315565075454e-05,1.6168630937016396e-05,1.8877020320511393e-05,True,7.8767169451856e-10,True
44100,fir129-p16000-s21609,kaiser-g16,reference,AB,4.496130111151612e-05,4.375290502868803e-05,4.407623535397029e-05,True,6.809185575178661e-09,True
44100,fir129-p16000-s21609,hann-g32,reference,AB,1.1837822701691418e-05,1.5573387526487904e-05,1.1048471024062504e-05,True,6.809185575178661e-09,True
44100,fir129-p16000-s21609,kaiser-g32,reference,AB,3.182806096353535e-05,2.4333489526859948e-05,3.173536453140133e-05,True,6.809185575178661e-09,True
44100,fir129-p16000-s21609,lagrange-g64,reference,AB,3.720625693695507e-05,4.9311720560649345e-05,2.9893457387730524e-05,True,6.809185575178661e-09,True
44100,fir129-p16000-s21609,hann-g64,reference,AB,1.5251826156936166e-06,1.914443325015532e-06,1.397570711190316e-06,True,6.809185575178661e-09,True
44100,fir129-p16000-s21609,kaiser-g64,reference,AB,1.4697727778195234e-05,1.4025565446464291e-05,1.4669012282038667e-05,True,6.809185575178661e-09,True
44100,fir129-p16000-s21609,kaiser-g16,edge,A1,0.00010940542353783234,7.951059057694731e-05,9.308908730702289e-05,True,5.833518248040208e-08,True
44100,fir129-p16000-s21609,hann-g32,edge,A1,0.00011991518972411502,0.00011952454654812042,0.00010282934935915185,True,5.833518248040208e-08,True
44100,fir129-p16000-s21609,kaiser-g32,edge,A1,3.411155139855271e-05,2.9769036938078334e-05,3.136094185143627e-05,True,5.833518248040208e-08,True
44100,fir129-p16000-s21609,lagrange-g64,edge,A1,0.0005759187496733877,0.0005288764697640583,0.0004329373716831812,True,5.833518248040208e-08,True
44100,fir129-p16000-s21609,hann-g64,edge,A1,1.5384305212626498e-05,1.5776017692391907e-05,1.3034292758586422e-05,True,5.833518248040208e-08,True
44100,fir129-p16000-s21609,kaiser-g64,edge,A1,1.882521613925043e-05,1.5072503800955517e-05,1.7689910398112755e-05,True,5.833518248040208e-08,True
44100,fir129-p16000-s21609,kaiser-g16,edge,B1,0.00033797697609151185,0.00015306588755253364,0.00033054699843864754,True,9.633202114066154e-08,True
44100,fir129-p16000-s21609,hann-g32,edge,B1,0.00030397119606273787,0.0001761431841296053,0.00029718415507911056,True,9.633202114066154e-08,True
44100,fir129-p16000-s21609,kaiser-g32,edge,B1,5.539942315013273e-05,3.705687028952373e-05,5.414038589976805e-05,True,9.633202114066154e-08,True
44100,fir129-p16000-s21609,lagrange-g64,edge,B1,0.0018087440870310932,0.0010788675855032458,0.0016313898735778112,True,9.633202114066154e-08,True
44100,fir129-p16000-s21609,hann-g64,edge,B1,3.791748110505272e-05,2.119016458575498e-05,3.6951312142411364e-05,True,9.633202114066154e-08,True
44100,fir129-p16000-s21609,kaiser-g64,edge,B1,2.8444495502229665e-05,1.6846063466189567e-05,2.7852095060988768e-05,True,9.633202114066154e-08,True
44100,fir129-p16000-s21609,kaiser-g16,edge,AB,0.00010940547680553276,7.951059370971197e-05,9.308914842273553e-05,True,5.83351504970386e-08,True
44100,fir129-p16000-s21609,hann-g32,edge,AB,0.00011991522669108015,0.00011952454970695144,0.0001028293948923078,True,5.83351504970386e-08,True
44100,fir129-p16000-s21609,kaiser-g32,edge,AB,3.411155088258125e-05,2.9769033759539593e-05,3.1360958073170316e-05,True,5.83351504970386e-08,True
44100,fir129-p16000-s21609,lagrange-g64,edge,AB,0.0005759190476667112,0.000528876472792141,0.00043293768400216295,True,5.83351504970386e-08,True
44100,fir129-p16000-s21609,hann-g64,edge,AB,1.5384304124620473e-05,1.5776020950116404e-05,1.303431586186443e-05,True,5.83351504970386e-08,True
44100,fir129-p16000-s21609,kaiser-g64,edge,AB,1.8825212425845408e-05,1.5072507067390755e-05,1.7689926559057127e-05,True,5.83351504970386e-08,True
44100,fir129-p16000-s21609,kaiser-g16,overlap-reference,A1,4.9694380503333725e-05,5.555396706896799e-05,4.7904627627365546e-05,True,4.510881345548385e-10,True
44100,fir129-p16000-s21609,hann-g32,overlap-reference,A1,5.507942683467586e-06,7.381639187806267e-06,5.285273266306613e-06,True,4.510881345548385e-10,True
44100,fir129-p16000-s21609,kaiser-g32,overlap-reference,A1,2.12385658697809e-05,2.5012315811503695e-05,2.0578642808224396e-05,True,4.510881345548385e-10,True
44100,fir129-p16000-s21609,lagrange-g64,overlap-reference,A1,4.787029658069034e-06,6.4159479191770025e-06,4.1695294748966865e-06,True,4.510881345548385e-10,True
44100,fir129-p16000-s21609,hann-g64,overlap-reference,A1,1.0395172039723712e-06,1.2506481640355777e-06,9.899168519753892e-07,True,4.510881345548385e-10,True
44100,fir129-p16000-s21609,kaiser-g64,overlap-reference,A1,1.7320408483551248e-05,1.898297352615783e-05,1.6827441695074176e-05,True,4.510881345548385e-10,True
44100,fir129-p16000-s21609,kaiser-g16,overlap-reference,B1,5.889460467494449e-05,5.723647704921743e-05,5.8828736993388185e-05,True,7.876709469901666e-10,True
44100,fir129-p16000-s21609,hann-g32,overlap-reference,B1,4.32231940617143e-06,5.444989048281859e-06,4.317511601390351e-06,True,7.876709469901666e-10,True
44100,fir129-p16000-s21609,kaiser-g32,overlap-reference,B1,1.6806457092586815e-05,2.0390301452155626e-05,1.6772227453003638e-05,True,7.876709469901666e-10,True
44100,fir129-p16000-s21609,lagrange-g64,overlap-reference,B1,3.932713722969277e-06,8.369176022550364e-06,3.5394814015265084e-06,True,7.876709469901666e-10,True
44100,fir129-p16000-s21609,hann-g64,overlap-reference,B1,1.2291708403905067e-06,1.0996495466628672e-06,1.2280581550112332e-06,True,7.876709469901666e-10,True
44100,fir129-p16000-s21609,kaiser-g64,overlap-reference,B1,1.88823155595268e-05,1.616863133719045e-05,1.887702031498298e-05,True,7.876709469901666e-10,True
44100,fir129-p16000-s21609,kaiser-g16,overlap-reference,AB,4.969443594868191e-05,5.555396670661542e-05,4.790469329073314e-05,True,4.5107820407157297e-10,True
44100,fir129-p16000-s21609,hann-g32,overlap-reference,AB,5.507952338382901e-06,7.38163882547118e-06,5.285285314322196e-06,True,4.5107820407157297e-10,True
44100,fir129-p16000-s21609,kaiser-g32,overlap-reference,AB,2.123854589726291e-05,2.5012316174361283e-05,2.0578625301028718e-05,True,4.5107820407157297e-10,True
44100,fir129-p16000-s21609,lagrange-g64,overlap-reference,AB,4.787524588667265e-06,6.415947556521713e-06,4.169901877374633e-06,True,4.5107820407157297e-10,True
44100,fir129-p16000-s21609,hann-g64,overlap-reference,AB,1.0395186305890991e-06,1.2506485235894012e-06,9.899190747266545e-07,True,4.5107820407157297e-10,True
44100,fir129-p16000-s21609,kaiser-g64,overlap-reference,AB,1.7320421113158155e-05,1.898297388591892e-05,1.682745722251051e-05,True,4.5107820407157297e-10,True
44100,fir129-p16000-s21609,kaiser-g16,sustained-edge,A1,7.526254997657235e-05,4.68958127543703e-05,6.991972016395857e-05,True,1.572858244081603e-08,True
44100,fir129-p16000-s21609,hann-g32,sustained-edge,A1,5.827117767923013e-05,4.3146567060045624e-05,5.3105581606768125e-05,True,1.572858244081603e-08,True
44100,fir129-p16000-s21609,kaiser-g32,sustained-edge,A1,2.935037367076078e-05,2.4410454392127713e-05,2.8205237093386216e-05,True,1.572858244081603e-08,True
44100,fir129-p16000-s21609,lagrange-g64,sustained-edge,A1,0.00026197600735323675,0.00019175684463884125,0.00023294137323556815,True,1.572858244081603e-08,True
44100,fir129-p16000-s21609,hann-g64,sustained-edge,A1,7.492670305761312e-06,5.2439116476070045e-06,6.631760080538255e-06,True,1.572858244081603e-08,True
44100,fir129-p16000-s21609,kaiser-g64,sustained-edge,A1,1.5153022202461876e-05,1.1078960612930094e-05,1.451824276813457e-05,True,1.572858244081603e-08,True
44100,fir129-p16000-s21609,kaiser-g16,sustained-edge,B1,0.00033797697569137977,0.00015306588937735746,0.00033054699803932065,True,9.633202095530767e-08,True
44100,fir129-p16000-s21609,hann-g32,sustained-edge,B1,0.00030397119592363,0.00017614318636174846,0.000297184154945174,True,9.633202095530767e-08,True
44100,fir129-p16000-s21609,kaiser-g32,sustained-edge,B1,5.539942297455303e-05,3.7056870859089315e-05,5.4140385751240073e-05,True,9.633202095530767e-08,True
44100,fir129-p16000-s21609,lagrange-g64,sustained-edge,B1,0.0018087440851193447,0.0010788675988790146,0.0016313898717736839,True,9.633202095530767e-08,True
44100,fir129-p16000-s21609,hann-g64,sustained-edge,B1,3.791748099152335e-05,2.1190164787854015e-05,3.6951312047652054e-05,True,9.633202095530767e-08,True
44100,fir129-p16000-s21609,kaiser-g64,sustained-edge,B1,2.8444495343871807e-05,1.684606389220833e-05,2.7852094931448712e-05,True,9.633202095530767e-08,True
44100,fir129-p16000-s21609,kaiser-g16,sustained-edge,AB,7.526006684292813e-05,4.689581209061023e-05,6.99175834555885e-05,True,1.5728754433629805e-08,True
44100,fir129-p16000-s21609,hann-g32,sustained-edge,AB,5.8271816437540836e-05,4.314656823108254e-05,5.31061042872739e-05,True,1.5728754433629805e-08,True
44100,fir129-p16000-s21609,kaiser-g32,sustained-edge,AB,2.935042260264551e-05,2.441045505581413e-05,2.8205280973844728e-05,True,1.5728754433629805e-08,True
44100,fir129-p16000-s21609,lagrange-g64,sustained-edge,AB,0.0002619772507733896,0.00019175684581369866,0.00023294193384114535,True,1.5728754433629805e-08,True
44100,fir129-p16000-s21609,hann-g64,sustained-edge,AB,7.492690342609557e-06,5.243912815432796e-06,6.631784671017018e-06,True,1.5728754433629805e-08,True
44100,fir129-p16000-s21609,kaiser-g64,sustained-edge,AB,1.5152989372558013e-05,1.1078961276607664e-05,1.4518215717386654e-05,True,1.5728754433629805e-08,True
44100,iir-p18000-s19000,kaiser-g16,reference,A1,4.412764623865134e-05,3.786531803604562e-05,4.337434567027236e-05,True,4.913205559218328e-09,True
44100,iir-p18000-s19000,kaiser-g32,reference,A1,3.182021190405271e-05,2.5290345989448263e-05,3.173037413649777e-05,True,4.913205559218328e-09,True
44100,iir-p18000-s19000,hann-g64,reference,A1,1.3327190603119136e-06,1.2085366827590044e-06,1.2490593915185578e-06,True,4.913205559218328e-09,True
44100,iir-p18000-s19000,kaiser-g64,reference,A1,1.4665788922898258e-05,1.378591450955715e-05,1.4641463119413894e-05,True,4.913205559218328e-09,True
44100,iir-p18000-s19000,kaiser-g16,reference,B1,5.8890970023043884e-05,5.642615260023205e-05,5.8825980026727014e-05,True,3.075755938290157e-10,True
44100,iir-p18000-s19000,kaiser-g32,reference,B1,1.6808804641619307e-05,2.0101313975307738e-05,1.677489773763871e-05,True,3.075755938290157e-10,True
44100,iir-p18000-s19000,hann-g64,reference,B1,1.2269190058849536e-06,1.0991177219797018e-06,1.2261742475492408e-06,True,3.075755938290157e-10,True
44100,iir-p18000-s19000,kaiser-g64,reference,B1,1.888440799845753e-05,1.609471850382203e-05,1.8879081977773734e-05,True,3.075755938290157e-10,True
44100,iir-p18000-s19000,kaiser-g16,reference,AB,4.417217086672677e-05,3.786531803604562e-05,4.34223012554868e-05,True,4.9132055369597475e-09,True
44100,iir-p18000-s19000,kaiser-g32,reference,AB,3.1790546753036724e-05,2.5290345989448263e-05,3.1700872512146054e-05,True,4.9132055369597475e-09,True
44100,iir-p18000-s19000,hann-g64,reference,AB,1.3324564009782737e-06,1.2085366827610064e-06,1.2489934444524524e-06,True,4.9132055369597475e-09,True
44100,iir-p18000-s19000,kaiser-g64,reference,AB,1.4678257176731873e-05,1.378591450955715e-05,1.4653989412100107e-05,True,4.9132055369597475e-09,True
44100,iir-p18000-s19000,kaiser-g16,edge,A1,5.1846943210721696e-05,3.6581297646323625e-05,4.332826244971753e-05,True,4.017135973191794e-08,True
44100,iir-p18000-s19000,kaiser-g32,edge,A1,3.2124310903278904e-05,2.155566432852164e-05,2.9515729889859003e-05,True,4.017135973191794e-08,True
44100,iir-p18000-s19000,hann-g64,edge,A1,1.1834699063784342e-05,6.553687322958629e-06,9.68017149313725e-06,True,4.017135973191794e-08,True
44100,iir-p18000-s19000,kaiser-g64,edge,A1,1.7766690725540653e-05,1.1741830463483749e-05,1.687359600734159e-05,True,4.017135973191794e-08,True
44100,iir-p18000-s19000,kaiser-g16,edge,B1,9.593144826627122e-05,9.686842847661543e-05,9.402842856130174e-05,True,8.426816289553022e-08,True
44100,iir-p18000-s19000,kaiser-g32,edge,B1,5.209787751386967e-05,4.639379371989443e-05,5.1391567622027157e-05,True,8.426816289553022e-08,True
44100,iir-p18000-s19000,hann-g64,edge,B1,3.003270948956134e-05,2.018587465895639e-05,2.958227949296794e-05,True,8.426816289553022e-08,True
44100,iir-p18000-s19000,kaiser-g64,edge,B1,2.6760151261373247e-05,1.736838737877967e-05,2.651191126530257e-05,True,8.426816289553022e-08,True
44100,iir-p18000-s19000,kaiser-g16,edge,AB,5.1846949521644265e-05,3.6581297646323625e-05,4.332827106803254e-05,True,4.0171366505032146e-08,True
44100,iir-p18000-s19000,kaiser-g32,edge,AB,3.212431353230817e-05,2.155566432852164e-05,2.9515732728831055e-05,True,4.0171366505032146e-08,True
44100,iir-p18000-s19000,hann-g64,edge,AB,1.1834702305237253e-05,6.5536873229576715e-06,9.680176537111539e-06,True,4.0171366505032146e-08,True
44100,iir-p18000-s19000,kaiser-g64,edge,AB,1.776669185603717e-05,1.1741830463483749e-05,1.6873598391476973e-05,True,4.0171366505032146e-08,True
44100,iir-p18000-s19000,kaiser-g16,overlap-reference,A1,4.9612928158109905e-05,5.497116229709934e-05,4.781327509541071e-05,True,2.876030290631766e-10,True
44100,iir-p18000-s19000,kaiser-g32,overlap-reference,A1,2.1206878329884013e-05,2.5168794923933316e-05,2.054257992832954e-05,True,2.876030290631766e-10,True
44100,iir-p18000-s19000,hann-g64,overlap-reference,A1,1.0324197763398633e-06,1.2668918525757977e-06,9.836810460941012e-07,True,2.876030290631766e-10,True
44100,iir-p18000-s19000,kaiser-g64,overlap-reference,A1,1.7287761406525807e-05,1.9094985812198892e-05,1.679138281209724e-05,True,2.876030290631766e-10,True
44100,iir-p18000-s19000,kaiser-g16,overlap-reference,B1,5.889097003192971e-05,5.6426155938640315e-05,5.88259800357691e-05,True,3.0757490198273225e-10,True
44100,iir-p18000-s19000,kaiser-g32,overlap-reference,B1,1.68088046494395e-05,2.010131419705676e-05,1.677489774554427e-05,True,3.0757490198273225e-10,True
44100,iir-p18000-s19000,hann-g64,overlap-reference,B1,1.2269189993390114e-06,1.099117918504141e-06,1.2261742411728331e-06,True,3.0757490198273225e-10,True
44100,iir-p18000-s19000,kaiser-g64,overlap-reference,B1,1.888440799293812e-05,1.6094719081074574e-05,1.8879081972307743e-05,True,3.0757490198273225e-10,True
44100,iir-p18000-s19000,kaiser-g16,overlap-reference,AB,4.9612986232957055e-05,5.497116229709934e-05,4.7813344295746153e-05,True,2.876030441304229e-10,True
44100,iir-p18000-s19000,kaiser-g32,overlap-reference,AB,2.12068585906854e-05,2.516879492382617e-05,2.0542562640941013e-05,True,2.876030441304229e-10,True
44100,iir-p18000-s19000,hann-g64,overlap-reference,AB,1.0324217857977384e-06,1.2668918525757977e-06,9.836834094842797e-07,True,2.876030441304229e-10,True
44100,iir-p18000-s19000,kaiser-g64,overlap-reference,AB,1.72877743542336e-05,1.9094985812198892e-05,1.6791398650030744e-05,True,2.876030441304229e-10,True
44100,iir-p18000-s19000,kaiser-g16,sustained-edge,A1,5.5952733244525524e-05,4.5379697765133705e-05,5.3385445162317976e-05,True,1.5505395736956376e-08,True
44100,iir-p18000-s19000,kaiser-g32,sustained-edge,A1,2.8848319256509872e-05,2.5476001008005394e-05,2.7836608513390246e-05,True,1.5505395736956376e-08,True
44100,iir-p18000-s19000,hann-g64,sustained-edge,A1,5.944221208194914e-06,2.4549760694889406e-06,5.33927173307213e-06,True,1.5505395736956376e-08,True
44100,iir-p18000-s19000,kaiser-g64,sustained-edge,A1,1.4760626672154894e-05,1.0654907980290359e-05,1.425695866517715e-05,True,1.5505395736956376e-08,True
44100,iir-p18000-s19000,kaiser-g16,sustained-edge,B1,9.593144831595021e-05,9.686842895610415e-05,9.402842861025136e-05,True,8.42681627718061e-08,True
44100,iir-p18000-s19000,kaiser-g32,sustained-edge,B1,5.2097877511265846e-05,4.6393794004309914e-05,5.1391567618877075e-05,True,8.42681627718061e-08,True
44100,iir-p18000-s19000,hann-g64,sustained-edge,B1,3.0032709498305166e-05,2.01858746036027e-05,2.9582279501662983e-05,True,8.42681627718061e-08,True
44100,iir-p18000-s19000,kaiser-g64,sustained-edge,B1,2.676015127189665e-05,1.7368387640581052e-05,2.6511911275747916e-05,True,8.42681627718061e-08,True
44100,iir-p18000-s19000,kaiser-g16,sustained-edge,AB,5.595286815475796e-05,4.53796977651337e-05,5.33854906102134e-05,True,1.550537279642697e-08,True
44100,iir-p18000-s19000,kaiser-g32,sustained-edge,AB,2.8848358227768493e-05,2.547600100774743e-05,2.7836579829766116e-05,True,1.550537279642697e-08,True
44100,iir-p18000-s19000,hann-g64,sustained-edge,AB,5.9441806525482974e-06,2.454976069484323e-06,5.339183055200841e-06,True,1.550537279642697e-08,True
44100,iir-p18000-s19000,kaiser-g64,sustained-edge,AB,1.4760614341173784e-05,1.0654907980032402e-05,1.4256923598188246e-05,True,1.550537279642697e-08,True
44100,iir-p18000-s20000,kaiser-g16,reference,A1,4.4545092923071135e-05,3.819888510721804e-05,4.371446098415221e-05,True,6.100586274468104e-09,True
44100,iir-p18000-s20000,kaiser-g32,reference,A1,3.1836300202738277e-05,2.345308861853344e-05,3.174707074236691e-05,True,6.100586274468104e-09,True
44100,iir-p18000-s20000,hann-g64,reference,A1,1.3909286939625044e-06,1.5343893829662752e-06,1.3013467601496133e-06,True,6.100586274468104e-09,True
44100,iir-p18000-s20000,kaiser-g64,reference,A1,1.4671187493163033e-05,1.3876707703083467e-05,1.4646918614990688e-05,True,6.100586274468104e-09,True
44100,iir-p18000-s20000,kaiser-g16,reference,B1,5.889280412355247e-05,5.6544285414325894e-05,5.882735424429811e-05,True,5.22881138541436e-10,True
44100,iir-p18000-s20000,kaiser-g32,reference,B1,1.680722959228355e-05,2.0683250806052344e-05,1.677315830051757e-05,True,5.22881138541436e-10,True
44100,iir-p18000-s20000,hann-g64,reference,B1,1.2273828603742344e-06,1.1438007650714829e-06,1.2266040470914652e-06,True,5.22881138541436e-10,True
44100,iir-p18000-s20000,kaiser-g64,reference,B1,1.8883246659037784e-05,1.6244637513841714e-05,1.8877952629808678e-05,True,5.22881138541436e-10,True
44100,iir-p18000-s20000,kaiser-g16,reference,AB,4.458813190123748e-05,3.819888510730455e-05,4.376114987984992e-05,True,6.100586274468104e-09,True
44100,iir-p18000-s20000,kaiser-g32,reference,AB,3.180660772400848e-05,2.345308861853344e-05,3.1717540085418406e-05,True,6.100586274468104e-09,True
44100,iir-p18000-s20000,hann-g64,reference,AB,1.3905307450309026e-06,1.5343893829654379e-06,1.3011474245522176e-06,True,6.100586274468104e-09,True
44100,iir-p18000-s20000,kaiser-g64,reference,AB,1.4683632760195436e-05,1.3876707703083467e-05,1.4659422628323158e-05,True,6.100586274468104e-09,True
44100,iir-p18000-s20000,kaiser-g16,edge,A1,8.620100101951375e-05,6.108754191473512e-05,7.193145339574796e-05,True,4.417138727655075e-08,True
44100,iir-p18000-s20000,kaiser-g32,edge,A1,3.308465841069103e-05,2.0777507879160847e-05,3.0524919975975155e-05,True,4.417138727655075e-08,True
44100,iir-p18000-s20000,hann-g64,edge,A1,1.3771659161121743e-05,9.90100194705021e-06,1.1579769873666784e-05,True,4.417138727655075e-08,True
44100,iir-p18000-s20000,kaiser-g64,edge,A1,1.809239880546135e-05,1.1988323495786947e-05,1.719165354172664e-05,True,4.417138727655075e-08,True
44100,iir-p18000-s20000,kaiser-g16,edge,B1,0.00024076740782220216,0.00017234996372938224,0.00023652592889907245,True,9.350704757447052e-08,True
44100,iir-p18000-s20000,kaiser-g32,edge,B1,5.390833812412132e-05,3.573136966590933e-05,5.301610496729514e-05,True,9.350704757447052e-08,True
44100,iir-p18000-s20000,hann-g64,edge,B1,3.505453371277779e-05,2.321020457037139e-05,3.439683223912662e-05,True,9.350704757447052e-08,True
44100,iir-p18000-s20000,kaiser-g64,edge,B1,2.7080109583531256e-05,1.7660038488489523e-05,2.6752719017511604e-05,True,9.350704757447052e-08,True
44100,iir-p18000-s20000,kaiser-g16,edge,AB,8.620103372537537e-05,6.108754191473514e-05,7.193150075072977e-05,True,4.417139585831252e-08,True
44100,iir-p18000-s20000,kaiser-g32,edge,AB,3.308466146514968e-05,2.0777507879352324e-05,3.052492385619053e-05,True,4.417139585831252e-08,True
44100,iir-p18000-s20000,hann-g64,edge,AB,1.3771663370460604e-05,9.901001947051341e-06,1.1579775308816975e-05,True,4.417139585831252e-08,True
44100,iir-p18000-s20000,kaiser-g64,edge,AB,1.80924000573028e-05,1.1988323495978422e-05,1.7191655877601747e-05,True,4.417139585831252e-08,True
44100,iir-p18000-s20000,kaiser-g16,overlap-reference,A1,4.9661172633702815e-05,5.4875190484686474e-05,4.786764267845696e-05,True,3.7236984148543744e-10,True
44100,iir-p18000-s20000,kaiser-g32,overlap-reference,A1,2.122563860919032e-05,2.5016506692389546e-05,2.0564013817330748e-05,True,3.7236984148543744e-10,True
44100,iir-p18000-s20000,hann-g64,overlap-reference,A1,1.0351538180811712e-06,1.240954830002453e-06,9.864452944178633e-07,True,3.7236984148543744e-10,True
44100,iir-p18000-s20000,kaiser-g64,overlap-reference,A1,1.7307340339333727e-05,1.901532214016698e-05,1.6813044826215795e-05,True,3.7236984148543744e-10,True
44100,iir-p18000-s20000,kaiser-g16,overlap-reference,B1,5.889280412014181e-05,5.6544286393232195e-05,5.882735424147837e-05,True,5.228815609272812e-10,True
44100,iir-p18000-s20000,kaiser-g32,overlap-reference,B1,1.6807229599729217e-05,2.0683251138320434e-05,1.6773158308064144e-05,True,5.228815609272812e-10,True
44100,iir-p18000-s20000,hann-g64,overlap-reference,B1,1.227382851123475e-06,1.1438006559469156e-06,1.2266040382051254e-06,True,5.228815609272812e-10,True
44100,iir-p18000-s20000,kaiser-g64,overlap-reference,B1,1.8883246653457463e-05,1.6244637792043065e-05,1.8877952624301124e-05,True,5.228815609272812e-10,True
44100,iir-p18000-s20000,kaiser-g16,overlap-reference,AB,4.966122840513873e-05,5.4875190484686474e-05,4.78677092622297e-05,True,3.723698381564066e-10,True
44100,iir-p18000-s20000,kaiser-g32,overlap-reference,AB,2.1225618805187844e-05,2.5016506692389546e-05,2.0563996457847397e-05,True,3.723698381564066e-10,True
44100,iir-p18000-s20000,hann-g64,overlap-reference,AB,1.0351564047945011e-06,1.240954830215511e-06,9.864484029338238e-07,True,3.723698381564066e-10,True
44100,iir-p18000-s20000,kaiser-g64,overlap-reference,AB,1.7307353152721647e-05,1.9015322139953923e-05,1.6813060515785633e-05,True,3.723698381564066e-10,True
44100,iir-p18000-s20000,kaiser-g16,sustained-edge,A1,6.692279694817646e-05,5.185881190752362e-05,6.282472520458956e-05,True,1.531221915285089e-08,True
44100,iir-p18000-s20000,kaiser-g32,sustained-edge,A1,2.8991154656572753e-05,2.5309294796603155e-05,2.7963296643630266e-05,True,1.531221915285089e-08,True
44100,iir-p18000-s20000,hann-g64,sustained-edge,A1,6.576824551275312e-06,4.169727360315861e-06,5.9349143831605245e-06,True,1.531221915285089e-08,True
44100,iir-p18000-s20000,kaiser-g64,sustained-edge,A1,1.481066698056011e-05,1.243258848631713e-05,1.4298868358194579e-05,True,1.531221915285089e-08,True
44100,iir-p18000-s20000,kaiser-g16,sustained-edge,B1,0.00024076740736430371,0.000172349963504846,0.00023652592843834968,True,9.350704753254755e-08,True
44100,iir-p18000-s20000,kaiser-g32,sustained-edge,B1,5.390833812494577e-05,3.573137010695034e-05,5.301610496760449e-05,True,9.350704753254755e-08,True
44100,iir-p18000-s20000,hann-g64,sustained-edge,B1,3.5054533712910984e-05,2.321020468745666e-05,3.439683223921684e-05,True,9.350704753254755e-08,True
44100,iir-p18000-s20000,kaiser-g64,sustained-edge,B1,2.708010959273994e-05,1.766003864082001e-05,2.6752719026677354e-05,True,9.350704753254755e-08,True
44100,iir-p18000-s20000,kaiser-g16,sustained-edge,AB,6.692176762933887e-05,5.185881190752362e-05,6.282383108544914e-05,True,1.5312391197040732e-08,True
44100,iir-p18000-s20000,kaiser-g32,sustained-edge,AB,2.8991217421400254e-05,2.5309294796603155e-05,2.796333688358948e-05,True,1.5312391197040732e-08,True
44100,iir-p18000-s20000,hann-g64,sustained-edge,AB,6.57687226730474e-06,4.1697273603207335e-06,5.934950230568182e-06,True,1.5312391197040732e-08,True
44100,iir-p18000-s20000,kaiser-g64,sustained-edge,AB,1.4810657772560604e-05,1.243258848631713e-05,1.4298853131849529e-05,True,1.5312391197040732e-08,True
44100,fir129-p18000-s20000,kaiser-g16,reference,A1,4.832743596184125e-05,5.102914005675935e-05,4.682316240698762e-05,True,7.048979772828044e-09,True
44100,fir129-p18000-s20000,kaiser-g32,reference,A1,3.18602293561591e-05,2.4376386385723538e-05,3.1766045338666856e-05,True,7.048979772828044e-09,True
44100,fir129-p18000-s20000,hann-g64,reference,A1,1.6013912368106012e-06,2.0998192821371288e-06,1.4583977479682504e-06,True,7.048979772828044e-09,True
44100,fir129-p18000-s20000,kaiser-g64,reference,A1,1.4689630340447627e-05,1.403210521520713e-05,1.4659569107512733e-05,True,7.048979772828044e-09,True
44100,fir129-p18000-s20000,kaiser-g16,reference,B1,5.8925511702992644e-05,5.908806416516279e-05,5.885818796533025e-05,True,8.452678514476378e-10,True
44100,fir129-p18000-s20000,kaiser-g32,reference,B1,1.68064674572035e-05,2.0386944227202056e-05,1.6772223402941936e-05,True,8.452678514476378e-10,True
44100,fir129-p18000-s20000,hann-g64,reference,B1,1.230331740888799e-06,1.1216212458709437e-06,1.229113546221635e-06,True,8.452678514476378e-10,True
44100,fir129-p18000-s20000,kaiser-g64,reference,B1,1.8882649256047836e-05,1.61709560787991e-05,1.8877348499349e-05,True,8.452678514476378e-10,True
44100,fir129-p18000-s20000,kaiser-g16,reference,AB,4.835782347787147e-05,5.102914583585269e-05,4.685898055701677e-05,True,7.049060343284617e-09,True
44100,fir129-p18000-s20000,kaiser-g32,reference,AB,3.1830496310727364e-05,2.437639216466285e-05,3.173648485055395e-05,True,7.049060343284617e-09,True
44100,fir129-p18000-s20000,hann-g64,reference,AB,1.6005327667870402e-06,2.099811056448583e-06,1.4578570657841349e-06,True,7.049060343284617e-09,True
44100,fir129-p18000-s20000,kaiser-g64,reference,AB,1.4702008829874875e-05,1.4032110994086662e-05,1.4672029747662048e-05,True,7.049060343284617e-09,True
44100,fir129-p18000-s20000,kaiser-g16,edge,A1,0.00020517800726734046,0.0001524708377141343,0.00017357356914689964,True,6.087814355671415e-08,True
44100,fir129-p18000-s20000,kaiser-g32,edge,A1,3.437010793603755e-05,2.9383664368450783e-05,3.147827888265334e-05,True,6.087814355671415e-08,True
44100,fir129-p18000-s20000,hann-g64,edge,A1,1.637909922467641e-05,1.6599875452632494e-05,1.3854123895818033e-05,True,6.087814355671415e-08,True
44100,fir129-p18000-s20000,kaiser-g64,edge,A1,1.9047656586877355e-05,1.4987520284692503e-05,1.7831058940273824e-05,True,6.087814355671415e-08,True
44100,fir129-p18000-s20000,kaiser-g16,edge,B1,0.0006423976200576222,0.00028621281680776795,0.0006287132616011645,True,1.0022327462147346e-07,True
44100,fir129-p18000-s20000,kaiser-g32,edge,B1,5.563351495485251e-05,3.7507558209780765e-05,5.428050407775388e-05,True,1.0022327462147346e-07,True
44100,fir129-p18000-s20000,hann-g64,edge,B1,4.1006366944266476e-05,2.2897149457097514e-05,3.9966268545899795e-05,True,1.0022327462147346e-07,True
44100,fir129-p18000-s20000,kaiser-g64,edge,B1,2.911132500589299e-05,1.7084961735116625e-05,2.8477244601008934e-05,True,1.0022327462147346e-07,True
44100,fir129-p18000-s20000,kaiser-g16,edge,AB,0.00020517811664843357,0.0001524708344076477,0.00017357368060868378,True,6.087810803112619e-08,True
44100,fir129-p18000-s20000,kaiser-g32,edge,AB,3.437010665436313e-05,2.9383660805475124e-05,3.147829704455658e-05,True,6.087810803112619e-08,True
44100,fir129-p18000-s20000,hann-g64,edge,AB,1.6379097972137334e-05,1.6599879104367293e-05,1.3854155049797732e-05,True,6.087810803112619e-08,True
44100,fir129-p18000-s20000,kaiser-g64,edge,AB,1.9047651886264867e-05,1.4987523946196934e-05,1.7831081465440682e-05,True,6.087810803112619e-08,True
44100,fir129-p18000-s20000,kaiser-g16,overlap-reference,A1,4.974421276366133e-05,5.6535444814189585e-05,4.7946714074194934e-05,True,4.782508865219699e-10,True
44100,fir129-p18000-s20000,kaiser-g32,overlap-reference,A1,2.123838024604665e-05,2.500792931424138e-05,2.0578404050931217e-05,True,4.782508865219699e-10,True
44100,fir129-p18000-s20000,hann-g64,overlap-reference,A1,1.0413210415303734e-06,1.2500361959730666e-06,9.91312312833595e-07,True,4.782508865219699e-10,True
44100,fir129-p18000-s20000,kaiser-g64,overlap-reference,A1,1.7320571566398686e-05,1.897065680582555e-05,1.6827578567270563e-05,True,4.782508865219699e-10,True
44100,fir129-p18000-s20000,kaiser-g16,overlap-reference,B1,5.892551157743029e-05,5.908805997086749e-05,5.885818784586816e-05,True,8.452670844189509e-10,True
44100,fir129-p18000-s20000,kaiser-g32,overlap-reference,B1,1.6806467464290013e-05,2.0386943160919344e-05,1.6772223410153626e-05,True,8.452670844189509e-10,True
44100,fir129-p18000-s20000,hann-g64,overlap-reference,B1,1.2303317305184712e-06,1.1216209593404339e-06,1.229113535810825e-06,True,8.452670844189509e-10,True
44100,fir129-p18000-s20000,kaiser-g64,overlap-reference,B1,1.8882649250576258e-05,1.6170956504930852e-05,1.8877348493911418e-05,True,8.452670844189509e-10,True
44100,fir129-p18000-s20000,kaiser-g16,overlap-reference,AB,4.974424609930337e-05,5.653544440458091e-05,4.7946754464276994e-05,True,4.782396489533554e-10,True
44100,fir129-p18000-s20000,kaiser-g32,overlap-reference,AB,2.123836024260557e-05,2.5007929724243844e-05,2.0578386520416895e-05,True,4.782396489533554e-10,True
44100,fir129-p18000-s20000,hann-g64,overlap-reference,AB,1.041322217281529e-06,1.2500366024608028e-06,9.913142521108886e-07,True,4.782396489533554e-10,True
44100,fir129-p18000-s20000,kaiser-g64,overlap-reference,AB,1.732058417221384e-05,1.8970657212519628e-05,1.682759407630984e-05,True,4.782396489533554e-10,True
44100,fir129-p18000-s20000,kaiser-g16,sustained-edge,A1,0.0001262062921530601,5.7349806628211405e-05,0.00011490709776132652,True,1.6245924078397357e-08,True
44100,fir129-p18000-s20000,kaiser-g32,sustained-edge,A1,2.945512594508532e-05,2.4329708223951422e-05,2.827456782339718e-05,True,1.6245924078397357e-08,True
44100,fir129-p18000-s20000,hann-g64,sustained-edge,A1,8.043526952989935e-06,5.575583551967267e-06,7.107888217641892e-06,True,1.6245924078397357e-08,True
44100,fir129-p18000-s20000,kaiser-g64,sustained-edge,A1,1.526176682115308e-05,1.104088479082974e-05,1.4594046659173071e-05,True,1.6245924078397357e-08,True
44100,fir129-p18000-s20000,kaiser-g16,sustained-edge,B1,0.0006423976195223182,0.00028621281808204513,0.0006287132610350869,True,1.0022327471650973e-07,True
44100,fir129-p18000-s20000,kaiser-g32,sustained-edge,B1,5.563351475022355e-05,3.75075587915368e-05,5.428050390489427e-05,True,1.0022327471650973e-07,True
44100,fir129-p18000-s20000,hann-g64,sustained-edge,B1,4.100636681447437e-05,2.2897149770944664e-05,3.996626843623312e-05,True,1.0022327471650973e-07,True
44100,fir129-p18000-s20000,kaiser-g64,sustained-edge,B1,2.9111324819596e-05,1.7084962175736056e-05,2.8477244447460648e-05,True,1.0022327471650973e-07,True
44100,fir129-p18000-s20000,kaiser-g16,sustained-edge,AB,0.00012619873301430214,5.7349805304588296e-05,0.00011490003612570189,True,1.6246045252117024e-08,True
44100,fir129-p18000-s20000,kaiser-g32,sustained-edge,AB,2.9455167290082674e-05,2.4329708973825103e-05,2.827460694255272e-05,True,1.6246045252117024e-08,True
44100,fir129-p18000-s20000,hann-g64,sustained-edge,AB,8.04352351849072e-06,5.575584871148225e-06,7.107886446816113e-06,True,1.6246045252117024e-08,True
44100,fir129-p18000-s20000,kaiser-g64,sustained-edge,AB,1.526172324203795e-05,1.1040885540693458e-05,1.459401220305156e-05,True,1.6246045252117024e-08,True
44100,iir-p18000-s21609,kaiser-g16,reference,A1,0.00032903209673980084,0.0004707996166024676,0.00028989288873295624,True,8.552872656365402e-09,True
44100,iir-p18000-s21609,kaiser-g32,reference,A1,3.533768670702065e-05,3.143488205298001e-05,3.452645299780328e-05,True,8.552872656365402e-09,True
44100,iir-p18000-s21609,hann-g64,reference,A1,2.195649696791866e-06,3.81998884692383e-06,1.99635621232543e-06,True,8.552872656365402e-09,True
44100,iir-p18000-s21609,kaiser-g64,reference,A1,1.46933967554289e-05,1.3888293277728827e-05,1.4664927617867006e-05,True,8.552872656365402e-09,True
44100,iir-p18000-s21609,kaiser-g16,reference,B1,6.946081898499994e-05,0.00012747204764002127,6.890675631621225e-05,True,1.1034817761985145e-09,True
44100,iir-p18000-s21609,kaiser-g32,reference,B1,1.68982457889089e-05,2.1856807093970753e-05,1.6859637864102262e-05,True,1.1034817761985145e-09,True
44100,iir-p18000-s21609,hann-g64,reference,B1,1.2417885828522039e-06,1.3792205611712565e-06,1.240364600812827e-06,True,1.1034817761985145e-09,True
44100,iir-p18000-s21609,kaiser-g64,reference,B1,1.8882828784120986e-05,1.627909180377047e-05,1.8877541239745607e-05,True,1.1034817761985145e-09,True
44100,iir-p18000-s21609,kaiser-g16,reference,AB,0.000328625597319424,0.0004707996166024898,0.0002895451050264531,True,8.552872700967225e-09,True
44100,iir-p18000-s21609,kaiser-g32,reference,AB,3.530244570954622e-05,3.143488205315841e-05,3.449247078238473e-05,True,8.552872700967225e-09,True
44100,iir-p18000-s21609,hann-g64,reference,AB,2.193719059995927e-06,3.819988846921034e-06,1.9947912006092164e-06,True,8.552872700967225e-09,True
44100,iir-p18000-s21609,kaiser-g64,reference,AB,1.4705762910885721e-05,1.3888293277550418e-05,1.4677367584393481e-05,True,8.552872700967225e-09,True
44100,iir-p18000-s21609,kaiser-g16,edge,A1,0.004503673727700066,0.0033806147207493054,0.0037430394348773747,True,5.396629242701156e-08,True
44100,iir-p18000-s21609,kaiser-g32,edge,A1,9.730358970521284e-05,5.339455926453265e-05,8.432885220548374e-05,True,5.396629242701156e-08,True
44100,iir-p18000-s21609,hann-g64,edge,A1,2.5703120068411046e-05,1.7697150511462533e-05,2.1720987757004724e-05,True,5.396629242701156e-08,True
44100,iir-p18000-s21609,kaiser-g64,edge,A1,1.9371519377462714e-05,1.257924351430961e-05,1.8196988449697214e-05,True,5.396629242701156e-08,True
44100,iir-p18000-s21609,kaiser-g16,edge,B1,0.0076073675414112035,0.0041152012705549445,0.007445235295841686,True,1.0685527049468506e-07,False
44100,iir-p18000-s21609,kaiser-g32,edge,B1,0.0001933827867291407,0.00010815333945917582,0.00018834491674074724,True,1.0685527049468506e-07,True
44100,iir-p18000-s21609,hann-g64,edge,B1,5.393479369645913e-05,3.340044744532437e-05,5.2833830484339685e-05,True,1.0685527049468506e-07,True
44100,iir-p18000-s21609,kaiser-g64,edge,B1,3.0159735246730477e-05,1.745925388248815e-05,2.969691066804885e-05,True,1.0685527049468506e-07,True
44100,iir-p18000-s21609,kaiser-g16,edge,AB,0.004503674251943425,0.003380614720749304,0.003743039635389771,True,5.396629242701154e-08,True
44100,iir-p18000-s21609,kaiser-g32,edge,AB,9.730360773392295e-05,5.3394559264534095e-05,8.432827148018394e-05,True,5.396629242701154e-08,True
44100,iir-p18000-s21609,hann-g64,edge,AB,2.570312556269109e-05,1.769715051146081e-05,2.1720990057089347e-05,True,5.396629242701154e-08,True
44100,iir-p18000-s21609,kaiser-g64,edge,AB,1.9371521110076163e-05,1.2579243514309116e-05,1.819699176500027e-05,True,5.396629242701154e-08,True
44100,iir-p18000-s21609,kaiser-g16,overlap-reference,A1,6.42402490497777e-05,0.00011913488169837249,5.9932865347786e-05,True,6.387416096027185e-10,True
44100,iir-p18000-s21609,kaiser-g32,overlap-reference,A1,2.1318184920157374e-05,2.5429113119034508e-05,2.0641768444218415e-05,True,6.387416096027185e-10,True
44100,iir-p18000-s21609,hann-g64,overlap-reference,A1,1.0575309781778064e-06,1.6169853764323839e-06,1.0055354336378387e-06,True,6.387416096027185e-10,True
44100,iir-p18000-s21609,kaiser-g64,overlap-reference,A1,1.7317617817215702e-05,1.895487829988212e-05,1.682434783669151e-05,True,6.387416096027185e-10,True
44100,iir-p18000-s21609,kaiser-g16,overlap-reference,B1,6.946083761809479e-05,0.0001274720821494943,6.890677434390033e-05,True,1.1034809132957032e-09,True
44100,iir-p18000-s21609,kaiser-g32,overlap-reference,B1,1.6898245570227283e-05,2.1856807978539196e-05,1.68596376521623e-05,True,1.1034809132957032e-09,True
44100,iir-p18000-s21609,hann-g64,overlap-reference,B1,1.2417886003565133e-06,1.3792206510065729e-06,1.2403646179473023e-06,True,1.1034809132957032e-09,True
44100,iir-p18000-s21609,kaiser-g64,overlap-reference,B1,1.888282877946418e-05,1.627909166183616e-05,1.8877541235118727e-05,True,1.1034809132957032e-09,True
44100,iir-p18000-s21609,kaiser-g16,overlap-reference,AB,6.423991279093942e-05,0.00011913488169837249,5.993195585134535e-05,True,6.387417161870572e-10,True
44100,iir-p18000-s21609,kaiser-g32,overlap-reference,AB,2.1318216709941155e-05,2.5429113119034508e-05,2.064178736085294e-05,True,6.387417161870572e-10,True
44100,iir-p18000-s21609,hann-g64,overlap-reference,AB,1.05753214318231e-06,1.6169853764323839e-06,1.0055364853212811e-06,True,6.387417161870572e-10,True
44100,iir-p18000-s21609,kaiser-g64,overlap-reference,AB,1.7317630468641006e-05,1.895487829988212e-05,1.682436337860424e-05,True,6.387417161870572e-10,True
44100,iir-p18000-s21609,kaiser-g16,sustained-edge,A1,0.0020444329527292667,0.0015132468298853401,0.0018470560935481793,True,1.78458165032967e-08,True
44100,iir-p18000-s21609,kaiser-g32,sustained-edge,A1,7.662347975732221e-05,3.989641379564176e-05,6.745635263524126e-05,True,1.78458165032967e-08,True
44100,iir-p18000-s21609,hann-g64,sustained-edge,A1,1.2284156449560687e-05,7.209056125347324e-06,1.1133392268660152e-05,True,1.78458165032967e-08,True
44100,iir-p18000-s21609,kaiser-g64,sustained-edge,A1,1.5327746721555877e-05,1.1658244663477672e-05,1.4721946936099683e-05,True,1.78458165032967e-08,True
44100,iir-p18000-s21609,kaiser-g16,sustained-edge,B1,0.007607367373609219,0.00411520115572344,0.007445235131183857,True,1.0685527027950702e-07,False
44100,iir-p18000-s21609,kaiser-g32,sustained-edge,B1,0.0001933827769114538,0.00010815333589490391,0.00018834490718650496,True,1.0685527027950702e-07,True
44100,iir-p18000-s21609,hann-g64,sustained-edge,B1,5.393479319227771e-05,3.340044766534554e-05,5.283382998751994e-05,True,1.0685527027950702e-07,True
44100,iir-p18000-s21609,kaiser-g64,sustained-edge,B1,3.015973501231678e-05,1.7459254300663467e-05,2.96969104409737e-05,True,1.0685527027950702e-07,True
44100,iir-p18000-s21609,kaiser-g16,sustained-edge,AB,0.0020444232675100003,0.0015132468298853319,0.0018470362956411975,True,1.7845753844860017e-08,True
44100,iir-p18000-s21609,kaiser-g32,sustained-edge,AB,7.662632784836224e-05,3.989641379564176e-05,6.745904158622504e-05,True,1.7845753844860017e-08,True
44100,iir-p18000-s21609,hann-g64,sustained-edge,AB,1.2284123808897553e-05,7.209056125352499e-06,1.1133285258465702e-05,True,1.7845753844860017e-08,True
44100,iir-p18000-s21609,kaiser-g64,sustained-edge,AB,1.5327709515944245e-05,1.1658244663477672e-05,1.472191448684142e-05,True,1.7845753844860017e-08,True
44100,fir65-p18000-s21609,kaiser-g16,reference,A1,0.00029336613071537693,0.0004177493391838102,0.00026085766594216846,True,7.786891158478019e-09,True
44100,fir65-p18000-s21609,kaiser-g32,reference,A1,3.2126164885815434e-05,2.6086323404765967e-05,3.1969423627898153e-05,True,7.786891158478019e-09,True
44100,fir65-p18000-s21609,hann-g64,reference,A1,2.534188954740892e-06,3.384871872160941e-06,2.196561000750856e-06,True,7.786891158478019e-09,True
44100,fir65-p18000-s21609,kaiser-g64,reference,A1,1.4757186410864493e-05,1.4069739671594587e-05,1.469913623830282e-05,True,7.786891158478019e-09,True
44100,fir65-p18000-s21609,kaiser-g16,reference,B1,6.724520586995983e-05,0.00012274203623349668,6.677442917646986e-05,True,1.107676749588682e-09,True
44100,fir65-p18000-s21609,kaiser-g32,reference,B1,1.6812456173706713e-05,2.1035448384056654e-05,1.6777722413790252e-05,True,1.107676749588682e-09,True
44100,fir65-p18000-s21609,hann-g64,reference,B1,1.2498689526612298e-06,1.137275681380655e-06,1.2464090416565038e-06,True,1.107676749588682e-09,True
44100,fir65-p18000-s21609,kaiser-g64,reference,B1,1.888316150752007e-05,1.610424831904609e-05,1.88777295376124e-05,True,1.107676749588682e-09,True
44100,fir65-p18000-s21609,kaiser-g16,reference,AB,0.00029300665876379667,0.00041774935634650154,0.00026054602902863557,True,7.787070741915248e-09,True
44100,fir65-p18000-s21609,kaiser-g32,reference,AB,3.209599577127866e-05,2.608633628394057e-05,3.193954401358018e-05,True,7.787070741915248e-09,True
44100,fir65-p18000-s21609,hann-g64,reference,AB,2.531673840753526e-06,3.3848560130097396e-06,2.1946740983428643e-06,True,7.787070741915248e-09,True
44100,fir65-p18000-s21609,kaiser-g64,reference,AB,1.4769331361296316e-05,1.4069752555316742e-05,1.4711465386300659e-05,True,7.787070741915248e-09,True
44100,fir65-p18000-s21609,kaiser-g16,edge,A1,0.004336352253640256,0.003674136555620934,0.00364468675255848,True,5.437467330719214e-08,True
44100,fir65-p18000-s21609,kaiser-g32,edge,A1,4.3572164201196106e-05,3.8540578535752325e-05,3.8497517515724746e-05,True,5.437467330719214e-08,True
44100,fir65-p18000-s21609,hann-g64,edge,A1,2.780105406480236e-05,2.2273040049104385e-05,2.3057790095509264e-05,True,5.437467330719214e-08,True
44100,fir65-p18000-s21609,kaiser-g64,edge,A1,2.2169450372520013e-05,1.591950265739545e-05,1.9613266155115315e-05,True,5.437467330719214e-08,True
44100,fir65-p18000-s21609,kaiser-g16,edge,B1,0.007036523736004036,0.003796179664861802,0.006879352947042738,True,1.0827533296986157e-07,True
44100,fir65-p18000-s21609,kaiser-g32,edge,B1,7.412294653597587e-05,4.6590403495291425e-05,7.170675122704232e-05,True,1.0827533296986157e-07,True
44100,fir65-p18000-s21609,hann-g64,edge,B1,5.625776235990391e-05,3.005778504024333e-05,5.4562557648337416e-05,True,1.0827533296986157e-07,True
44100,fir65-p18000-s21609,kaiser-g64,edge,B1,3.480607111830121e-05,2.0610628694792736e-05,3.3325754342372946e-05,True,1.0827533296986157e-07,True
44100,fir65-p18000-s21609,kaiser-g16,edge,AB,0.004336352707298781,0.003674136547976633,0.0036446872082592533,True,5.4374753867349006e-08,True
44100,fir65-p18000-s21609,kaiser-g32,edge,AB,4.357215057044929e-05,3.854058653896061e-05,3.849754176877801e-05,True,5.4374753867349006e-08,True
44100,fir65-p18000-s21609,hann-g64,edge,AB,2.7801038965831264e-05,2.227304819431984e-05,2.3057849939682633e-05,True,5.4374753867349006e-08,True
44100,fir65-p18000-s21609,kaiser-g64,edge,AB,2.216942402144633e-05,1.5919510907325027e-05,1.96133425568401e-05,True,5.4374753867349006e-08,True
44100,fir65-p18000-s21609,kaiser-g16,overlap-reference,A1,6.14470273069671e-05,8.221722628297003e-05,5.763672344129035e-05,True,6.126633294709138e-10,True
44100,fir65-p18000-s21609,kaiser-g32,overlap-reference,A1,2.1244282806647802e-05,2.5449943352767118e-05,2.0582957335357e-05,True,6.126633294709138e-10,True
44100,fir65-p18000-s21609,hann-g64,overlap-reference,A1,1.0712260567256486e-06,1.286095219682791e-06,1.0134740010871882e-06,True,6.126633294709138e-10,True
44100,fir65-p18000-s21609,kaiser-g64,overlap-reference,A1,1.732157372644861e-05,1.8997747615294587e-05,1.682821016169742e-05,True,6.126633294709138e-10,True
44100,fir65-p18000-s21609,kaiser-g16,overlap-reference,B1,6.724522728934981e-05,0.00012274212114566147,6.67744497456792e-05,True,1.1076764533989955e-09,True
44100,fir65-p18000-s21609,kaiser-g32,overlap-reference,B1,1.6812456174019075e-05,2.1035447692101728e-05,1.677772241418346e-05,True,1.1076764533989955e-09,True
44100,fir65-p18000-s21609,hann-g64,overlap-reference,B1,1.2498689834102123e-06,1.1372758989302924e-06,1.2464090684286873e-06,True,1.1076764533989955e-09,True
44100,fir65-p18000-s21609,kaiser-g64,overlap-reference,B1,1.888316150281657e-05,1.610424807866378e-05,1.8877729532672088e-05,True,1.1076764533989955e-09,True
44100,fir65-p18000-s21609,kaiser-g16,overlap-reference,AB,6.144472190808298e-05,8.221722719184771e-05,5.763417038208145e-05,True,6.126897848050388e-10,True
44100,fir65-p18000-s21609,kaiser-g32,overlap-reference,AB,2.1244265859460903e-05,2.5449942443684796e-05,2.058294224796195e-05,True,6.126897848050388e-10,True
44100,fir65-p18000-s21609,hann-g64,overlap-reference,AB,1.0712138866853373e-06,1.2860943175626337e-06,1.0134642163593649e-06,True,6.126897848050388e-10,True
44100,fir65-p18000-s21609,kaiser-g64,overlap-reference,AB,1.73215856938244e-05,1.8997748517396304e-05,1.682822516657194e-05,True,6.126897848050388e-10,True
44100,fir65-p18000-s21609,kaiser-g16,sustained-edge,A1,0.0018893635615913399,0.0013367568869554107,0.0017174000875429525,True,1.8892950419162774e-08,True
44100,fir65-p18000-s21609,kaiser-g32,sustained-edge,A1,3.552785506321159e-05,2.4180315005035554e-05,3.2990486194936864e-05,True,1.8892950419162774e-08,True
44100,fir65-p18000-s21609,hann-g64,sustained-edge,A1,1.4048253169606524e-05,7.543056013532657e-06,1.2186808271318241e-05,True,1.8892950419162774e-08,True
44100,fir65-p18000-s21609,kaiser-g64,sustained-edge,A1,1.6968970308354183e-05,1.0858149561077402e-05,1.5667092180963845e-05,True,1.8892950419162774e-08,True
44100,fir65-p18000-s21609,kaiser-g16,sustained-edge,B1,0.007036523567331971,0.003796179594004185,0.006879352781707883,True,1.0827533261330823e-07,True
44100,fir65-p18000-s21609,kaiser-g32,sustained-edge,B1,7.412294572775397e-05,4.6590404246298083e-05,7.17067505390673e-05,True,1.0827533261330823e-07,True
44100,fir65-p18000-s21609,hann-g64,sustained-edge,B1,5.625776148535246e-05,3.0057785391753254e-05,5.456255685450449e-05,True,1.0827533261330823e-07,True
44100,fir65-p18000-s21609,kaiser-g64,sustained-edge,B1,3.480607027838657e-05,2.0610628971660285e-05,3.3325753635397805e-05,True,1.0827533261330823e-07,True
44100,fir65-p18000-s21609,kaiser-g16,sustained-edge,AB,0.0018893376228320104,0.0013367568898901246,0.0017173591815143282,True,1.889276424092502e-08,True
44100,fir65-p18000-s21609,kaiser-g32,sustained-edge,AB,3.5528224791681325e-05,2.418031334598524e-05,3.299084278004598e-05,True,1.889276424092502e-08,True
44100,fir65-p18000-s21609,hann-g64,sustained-edge,AB,1.4048003248967888e-05,7.5430589396322305e-06,1.2186552696915268e-05,True,1.889276424092502e-08,True
44100,fir65-p18000-s21609,kaiser-g64,sustained-edge,AB,1.6968791479523608e-05,1.0858151220065287e-05,1.5666969093107904e-05,True,1.889276424092502e-08,True
44100,fir129-p18000-s21609,kaiser-g16,reference,A1,0.00023561143900028653,0.00029443405465312257,0.0002104112952441738,True,7.837581633227838e-09,True
44100,fir129-p18000-s21609,kaiser-g32,reference,A1,3.1882490237883346e-05,2.426407544786773e-05,3.1781053941005294e-05,True,7.837581633227838e-09,True
44100,fir129-p18000-s21609,hann-g64,reference,A1,2.215612713534403e-06,3.113599652804935e-06,1.980564026839708e-06,True,7.837581633227838e-09,True
44100,fir129-p18000-s21609,kaiser-g64,reference,A1,1.4707914885165386e-05,1.3979975951151348e-05,1.4671469363261452e-05,True,7.837581633227838e-09,True
44100,fir129-p18000-s21609,kaiser-g16,reference,B1,6.427210073092416e-05,0.00010025755051800683,6.395351632951509e-05,True,1.1044857397447453e-09,True
44100,fir129-p18000-s21609,kaiser-g32,reference,B1,1.6807024483721074e-05,2.040435286233299e-05,1.6772710687385756e-05,True,1.1044857397447453e-09,True
44100,fir129-p18000-s21609,hann-g64,reference,B1,1.2419461674087144e-06,1.227299992802822e-06,1.2399234381132543e-06,True,1.1044857397447453e-09,True
44100,fir129-p18000-s21609,kaiser-g64,reference,B1,1.8883010933393336e-05,1.620491189021737e-05,1.8877682320858826e-05,True,1.1044857397447453e-09,True
44100,fir129-p18000-s21609,kaiser-g16,reference,AB,0.0002353294360351124,0.0002944340653389222,0.0002101681953848851,True,7.837470944487882e-09,True
44100,fir129-p18000-s21609,kaiser-g32,reference,AB,3.1852721655716595e-05,2.426406750272944e-05,3.175147261942296e-05,True,7.837470944487882e-09,True
44100,fir129-p18000-s21609,hann-g64,reference,AB,2.2136338871225895e-06,3.1136109616345395e-06,1.9790312769324194e-06,True,7.837470944487882e-09,True
44100,fir129-p18000-s21609,kaiser-g64,reference,AB,1.472023036896607e-05,1.3979968006094765e-05,1.4683889294721909e-05,True,7.837470944487882e-09,True
44100,fir129-p18000-s21609,kaiser-g16,edge,A1,0.0035912750885356195,0.0029028647318663195,0.003016772582504228,True,5.5472052422069045e-08,True
44100,fir129-p18000-s21609,kaiser-g32,edge,A1,3.600146675153502e-05,3.1761779455176546e-05,3.250843394986551e-05,True,5.5472052422069045e-08,True
44100,fir129-p18000-s21609,hann-g64,edge,A1,2.5320262741358345e-05,1.9006156607064428e-05,2.130267429516361e-05,True,5.5472052422069045e-08,True
44100,fir129-p18000-s21609,kaiser-g64,edge,A1,2.0093802553606815e-05,1.3514300844022723e-05,1.8496210286400605e-05,True,5.5472052422069045e-08,True
44100,fir129-p18000-s21609,kaiser-g16,edge,B1,0.0052497734347713735,0.002914007900239633,0.0051428864341905925,True,1.0827152273103276e-07,True
44100,fir129-p18000-s21609,kaiser-g32,edge,B1,5.8194171810493254e-05,3.5066341672625305e-05,5.659485867253668e-05,True,1.0827152273103276e-07,True
44100,fir129-p18000-s21609,hann-g64,edge,B1,5.218667223821769e-05,2.322936460852748e-05,5.089956836162552e-05,True,1.0827152273103276e-07,True
44100,fir129-p18000-s21609,kaiser-g64,edge,B1,3.104271439143369e-05,1.6941383892194833e-05,3.0222033733767166e-05,True,1.0827152273103276e-07,True
44100,fir129-p18000-s21609,kaiser-g16,edge,AB,0.0035912753515225295,0.0029028647271701017,0.003016772881492624,True,5.547200238324134e-08,True
44100,fir129-p18000-s21609,kaiser-g32,edge,AB,3.600146213537524e-05,3.17617744509454e-05,3.25084634916773e-05,True,5.547200238324134e-08,True
44100,fir129-p18000-s21609,hann-g64,edge,AB,2.532026003481775e-05,1.9006151514058164e-05,2.1302702238720584e-05,True,5.547200238324134e-08,True
44100,fir129-p18000-s21609,kaiser-g64,edge,AB,2.009379314758583e-05,1.3514306020739783e-05,1.8496244833101127e-05,True,5.547200238324134e-08,True
44100,fir129-p18000-s21609,kaiser-g16,overlap-reference,A1,5.746370907043044e-05,8.226554404598521e-05,5.4308539935879775e-05,True,6.167593508261021e-10,True
44100,fir129-p18000-s21609,kaiser-g32,overlap-reference,A1,2.123880695835214e-05,2.5045973083959247e-05,2.0578656345057428e-05,True,6.167593508261021e-10,True
44100,fir129-p18000-s21609,hann-g64,overlap-reference,A1,1.0587429298505965e-06,1.4072355194453414e-06,1.0052877201255187e-06,True,6.167593508261021e-10,True
44100,fir129-p18000-s21609,kaiser-g64,overlap-reference,A1,1.7320895170869776e-05,1.8998121238603253e-05,1.682781224073824e-05,True,6.167593508261021e-10,True
44100,fir129-p18000-s21609,kaiser-g16,overlap-reference,B1,6.427211868877862e-05,0.00010025761569184488,6.395353356551752e-05,True,1.1044855433491771e-09,True
44100,fir129-p18000-s21609,kaiser-g32,overlap-reference,B1,1.6807024490229015e-05,2.040435248378129e-05,1.6772710693951095e-05,True,1.1044855433491771e-09,True
44100,fir129-p18000-s21609,hann-g64,overlap-reference,B1,1.2419461791788345e-06,1.2272993418857575e-06,1.2399234487120704e-06,True,1.1044855433491771e-09,True
44100,fir129-p18000-s21609,kaiser-g64,overlap-reference,B1,1.888301092772817e-05,1.620491210424737e-05,1.8877682315150546e-05,True,1.1044855433491771e-09,True
44100,fir129-p18000-s21609,kaiser-g16,overlap-reference,AB,5.745927343112633e-05,8.226554348584437e-05,5.430381946218755e-05,True,6.167430606212548e-10,True
44100,fir129-p18000-s21609,kaiser-g32,overlap-reference,AB,2.12387866923029e-05,2.5045972523466162e-05,2.0578638594658922e-05,True,6.167430606212548e-10,True
44100,fir129-p18000-s21609,hann-g64,overlap-reference,AB,1.0587348038454277e-06,1.4072360753641818e-06,1.0052807505802023e-06,True,6.167430606212548e-10,True
44100,fir129-p18000-s21609,kaiser-g64,overlap-reference,AB,1.732090762293981e-05,1.8998121794531956e-05,1.682782762017311e-05,True,6.167430606212548e-10,True
44100,fir129-p18000-s21609,kaiser-g16,sustained-edge,A1,0.0015499987477848613,0.0010422535923606906,0.0014125370323966905,True,1.8722631740287853e-08,True
44100,fir129-p18000-s21609,kaiser-g32,sustained-edge,A1,3.0167333258325857e-05,2.490800309276721e-05,2.8794884661772124e-05,True,1.8722631740287853e-08,True
44100,fir129-p18000-s21609,hann-g64,sustained-edge,A1,1.2331600103974366e-05,6.525282004041934e-06,1.0958651735222516e-05,True,1.8722631740287853e-08,True
44100,fir129-p18000-s21609,kaiser-g64,sustained-edge,A1,1.5762808151512042e-05,1.1565627518891452e-05,1.4940072183237499e-05,True,1.8722631740287853e-08,True
44100,fir129-p18000-s21609,kaiser-g16,sustained-edge,B1,0.0052497732588294875,0.0029140078327584517,0.0051428862616463835,True,1.0827152235166605e-07,True
44100,fir129-p18000-s21609,kaiser-g32,sustained-edge,B1,5.819417139258699e-05,3.506634222287804e-05,5.659485831007938e-05,True,1.0827152235166605e-07,True
44100,fir129-p18000-s21609,hann-g64,sustained-edge,B1,5.2186671664726446e-05,2.3229365128321205e-05,5.08995678206814e-05,True,1.0827152235166605e-07,True
44100,fir129-p18000-s21609,kaiser-g64,sustained-edge,B1,3.104271404658618e-05,1.6941384431792612e-05,3.0222033443051093e-05,True,1.0827152235166605e-07,True
44100,fir129-p18000-s21609,kaiser-g16,sustained-edge,AB,0.0015499592815468096,0.0010422535905519692,0.001412489937466352,True,1.8722502540500808e-08,True
44100,fir129-p18000-s21609,kaiser-g32,sustained-edge,AB,3.0167345889212123e-05,2.4908002069823197e-05,2.8794904441563468e-05,True,1.8722502540500808e-08,True
44100,fir129-p18000-s21609,hann-g64,sustained-edge,AB,1.2331417662405406e-05,6.5252802200923535e-06,1.0958436740293836e-05,True,1.8722502540500808e-08,True
44100,fir129-p18000-s21609,kaiser-g64,sustained-edge,AB,1.5762732696300597e-05,1.1565626495961088e-05,1.494001399173637e-05,True,1.8722502540500808e-08,True
48000,raw-control,kaiser-g16,reference,A1,0.021985169974291924,0.009372949595165924,0.017044380187209288,True,5.298144520316694e-06,False
48000,raw-control,kaiser-g32,reference,A1,0.016143230250836953,0.004985018428438474,0.012483002400281027,True,5.298144520316694e-06,False
48000,raw-control,hann-g64,reference,A1,0.011411258659936842,0.0024751423768422,0.008904906619439094,True,5.298144520316694e-06,False
48000,raw-control,kaiser-g64,reference,A1,0.012165382492968658,0.0027581728357253163,0.00948522479418216,True,5.298144520316694e-06,False
48000,raw-control,kaiser-g16,reference,B1,0.0007036868444907062,0.001064558625779805,0.0006563496277932752,True,1.9311829882401199e-07,True
48000,raw-control,kaiser-g32,reference,B1,0.0004924724353538171,0.0005228513240000167,0.00045941838713966105,True,1.9311829882401199e-07,True
48000,raw-control,hann-g64,reference,B1,0.00031931753783922336,0.00022900150258442888,0.0002984092175422427,True,1.9311829882401199e-07,True
48000,raw-control,kaiser-g64,reference,B1,0.00034518360171838176,0.0002653463127846299,0.00032259179759658546,True,1.9311829882401199e-07,True
48000,raw-control,kaiser-g16,reference,AB,0.021308468901363255,0.009372978555472856,0.016508856705999508,True,5.174103795946747e-06,False
48000,raw-control,kaiser-g32,reference,AB,0.015645962199908898,0.0049850478749100405,0.012088526984652912,True,5.174103795946747e-06,False
48000,raw-control,hann-g64,reference,AB,0.011059269389870667,0.0024751730051679136,0.008624304329817568,True,5.174103795946747e-06,False
48000,raw-control,kaiser-g64,reference,AB,0.011790240919126747,0.002758203066541232,0.009185711910038143,True,5.174103795946747e-06,False
48000,raw-control,kaiser-g16,edge,A1,0.04320095270204478,0.02163821414323954,0.03306040508808299,True,1.07124338740753e-05,False
48000,raw-control,kaiser-g32,edge,A1,0.031697249345491355,0.01150459781335873,0.024186139299513756,True,1.07124338740753e-05,False
48000,raw-control,hann-g64,edge,A1,0.0223953755101863,0.005692263100200699,0.01728936604905682,True,1.07124338740753e-05,False
48000,raw-control,kaiser-g64,edge,A1,0.02387758477584691,0.006344321969034127,0.018403099172990354,True,1.07124338740753e-05,False
48000,raw-control,kaiser-g16,edge,B1,0.067038821744438,0.026788792271146198,0.06261294996547404,True,1.7697499091914918e-05,False
48000,raw-control,kaiser-g32,edge,B1,0.046379663094056736,0.01343990110476922,0.043352755735623985,True,1.7697499091914918e-05,False
48000,raw-control,hann-g64,edge,B1,0.029499388376900044,0.005649243601902398,0.02759928952979686,True,1.7697499091914918e-05,False
48000,raw-control,kaiser-g64,edge,B1,0.03197068776029661,0.006481043443930864,0.029916218074924193,True,1.7697499091914918e-05,False
48000,raw-control,kaiser-g16,edge,AB,0.04320085255793452,0.021638220304626525,0.03305792413153013,True,1.07197871378137e-05,False
48000,raw-control,kaiser-g32,edge,AB,0.031697112248496966,0.011504604110356519,0.024183900468644354,True,1.07197871378137e-05,False
48000,raw-control,hann-g64,edge,AB,0.02239519709636547,0.005692269669202558,0.01728803246139578,True,1.07197871378137e-05,False
48000,raw-control,kaiser-g64,edge,AB,0.023877413584606367,0.0063443284505592685,0.018401572563131945,True,1.07197871378137e-05,False
48000,raw-control,kaiser-g16,overlap-reference,A1,0.0006170589953231902,0.0008757842312474354,0.0004976551333670828,True,1.378628967933255e-07,True
48000,raw-control,kaiser-g32,overlap-reference,A1,0.0004321515033782721,0.0004556791682828458,0.00034998469800215175,True,1.378628967933255e-07,True
48000,raw-control,hann-g64,overlap-reference,A1,0.00027384944232317066,0.00023639551784772063,0.00022627326639856915,True,1.378628967933255e-07,True
48000,raw-control,kaiser-g64,overlap-reference,A1,0.00029852402281884755,0.0002662809461952407,0.00024574986738641657,True,1.378628967933255e-07,True
48000,raw-control,kaiser-g16,overlap-reference,B1,0.0007036885754924752,0.0010645549170274378,0.0006563511318317573,True,1.931218293646079e-07,True
48000,raw-control,kaiser-g32,overlap-reference,B1,0.000492474487424924,0.0005228497973956576,0.0004594201820010876,True,1.931218293646079e-07,True
48000,raw-control,hann-g64,overlap-reference,B1,0.00031931983403523577,0.00022900357864646102,0.00029841119574438793,True,1.931218293646079e-07,True
48000,raw-control,kaiser-g64,overlap-reference,B1,0.00034518584431397325,0.00026534528619640387,0.000322593731736767,True,1.931218293646079e-07,True
48000,raw-control,kaiser-g16,overlap-reference,AB,0.0006170641838581164,0.0008757832382234541,0.0004976378614030541,True,1.3766248447915615e-07,True
48000,raw-control,kaiser-g32,overlap-reference,AB,0.00043215835510762297,0.0004556781713199668,0.0003499627967573253,True,1.3766248447915615e-07,True
48000,raw-control,hann-g64,overlap-reference,AB,0.0002738585192109607,0.00023639450718539125,0.00022625693290140878,True,1.3766248447915615e-07,True
48000,raw-control,kaiser-g64,overlap-reference,AB,0.0002985326969105039,0.0002662799405907814,0.00024572934793098657,True,1.3766248447915615e-07,True
48000,raw-control,kaiser-g16,sustained-edge,A1,0.023581494550847494,0.006979681566301097,0.018800397260428783,True,4.1217403218039434e-06,False
48000,raw-control,kaiser-g32,sustained-edge,A1,0.016496454662640405,0.0038182699233019297,0.013242803779137469,True,4.1217403218039434e-06,False
48000,raw-control,hann-g64,sustained-edge,A1,0.010562921464946957,0.0023229623047586567,0.008625229072261537,True,4.1217403218039434e-06,False
48000,raw-control,kaiser-g64,sustained-edge,A1,0.011470824489948973,0.0023986475350755362,0.009343020681551918,True,4.1217403218039434e-06,False
48000,raw-control,kaiser-g16,sustained-edge,B1,0.06703881591595771,0.026788791056775844,0.06261294462370999,True,1.769749724566728e-05,False
48000,raw-control,kaiser-g32,sustained-edge,B1,0.046379658423137946,0.013439899809966595,0.04335275139459356,True,1.769749724566728e-05,False
48000,raw-control,hann-g64,sustained-edge,B1,0.029499385308081338,0.005649243012608734,0.027599286666593625,True,1.769749724566728e-05,False
48000,raw-control,kaiser-g64,sustained-edge,B1,0.03197068444128512,0.006481042762714721,0.029916214978376567,True,1.769749724566728e-05,False
48000,raw-control,kaiser-g16,sustained-edge,AB,0.023581520756514065,0.006979679872430986,0.018800359882118832,True,4.120635976921166e-06,False
48000,raw-control,kaiser-g32,sustained-edge,AB,0.016496489217533696,0.0038182682280288277,0.0132427448012687,True,4.120635976921166e-06,False
48000,raw-control,hann-g64,sustained-edge,AB,0.010562965049671016,0.0023229606240810614,0.008625145478319267,True,4.120635976921166e-06,False
48000,raw-control,kaiser-g64,sustained-edge,AB,0.011470866760799819,0.0023986458474920995,0.00934293093489362,True,4.120635976921166e-06,False
48000,iir-p16000-s18000,kaiser-g8,reference,A1,5.380929227940906e-05,3.746395376705119e-05,3.4701246944157084e-05,True,3.204201419383282e-09,True
48000,iir-p16000-s18000,kaiser-g16,reference,A1,2.935214957750033e-05,2.6137684733809296e-05,2.4503600903213628e-05,True,3.204201419383282e-09,True
48000,iir-p16000-s18000,lagrange-g32,reference,A1,2.904194531503772e-06,1.8868298968203068e-06,1.8627971918951311e-06,True,3.204201419383282e-09,True
48000,iir-p16000-s18000,hann-g32,reference,A1,1.3227367194593065e-05,7.75588160420121e-06,1.0275039646206734e-05,True,3.204201419383282e-09,True
48000,iir-p16000-s18000,kaiser-g32,reference,A1,1.775367661825932e-05,1.3409940773079815e-05,1.6320285690897832e-05,True,3.204201419383282e-09,True
48000,iir-p16000-s18000,lagrange-g64,reference,A1,8.564362684501949e-10,6.038837128791913e-10,5.807487432283155e-10,True,3.204201419383282e-09,True
48000,iir-p16000-s18000,hann-g64,reference,A1,1.702544163049575e-06,9.876831474244648e-07,1.35792294378165e-06,True,3.204201419383282e-09,True
48000,iir-p16000-s18000,kaiser-g64,reference,A1,1.0620925097905232e-05,7.45909993644597e-06,1.0173469451540335e-05,True,3.204201419383282e-09,True
48000,iir-p16000-s18000,kaiser-g8,reference,B1,2.5035721364545243e-05,2.1866780790413952e-05,1.630167141991961e-05,True,9.914121683751189e-11,True
48000,iir-p16000-s18000,kaiser-g16,reference,B1,6.369821164376134e-05,6.214659482186025e-05,6.366514353163645e-05,True,9.914121683751189e-11,True
48000,iir-p16000-s18000,lagrange-g32,reference,B1,3.727311180307015e-08,8.37466469443292e-08,3.4671107615913474e-08,True,9.914121683751189e-11,True
48000,iir-p16000-s18000,hann-g32,reference,B1,2.1658459373609035e-06,3.979563655516341e-06,2.1543148708357854e-06,True,9.914121683751189e-11,True
48000,iir-p16000-s18000,kaiser-g32,reference,B1,8.505542825889238e-06,1.5144244861402299e-05,8.466918384807103e-06,True,9.914121683751189e-11,True
48000,iir-p16000-s18000,lagrange-g64,reference,B1,1.4796408400376e-11,3.825084084860415e-11,1.4053773249952088e-11,True,9.914121683751189e-11,True
48000,iir-p16000-s18000,hann-g64,reference,B1,5.698288540493904e-07,6.828717190198637e-07,5.694339426103354e-07,True,9.914121683751189e-11,True
48000,iir-p16000-s18000,kaiser-g64,reference,B1,9.10296495883556e-06,1.0544224982682623e-05,9.096491365528925e-06,True,9.914121683751189e-11,True
48000,iir-p16000-s18000,kaiser-g8,reference,AB,5.248448634508754e-05,3.746395376705119e-05,3.3852872883913594e-05,True,3.103179762219003e-09,True
48000,iir-p16000-s18000,kaiser-g16,reference,AB,3.255647049788391e-05,2.6137684733809296e-05,2.853916708097008e-05,True,3.103179762219003e-09,True
48000,iir-p16000-s18000,lagrange-g32,reference,AB,2.812632176924279e-06,1.8868298967898463e-06,1.8038938055518063e-06,True,3.103179762219003e-09,True
48000,iir-p16000-s18000,hann-g32,reference,AB,1.2821629596545273e-05,7.755881604200258e-06,9.964226562569808e-06,True,3.103179762219003e-09,True
48000,iir-p16000-s18000,kaiser-g32,reference,AB,1.732394441504179e-05,1.3409940773079815e-05,1.5942694208168565e-05,True,3.103179762219003e-09,True
48000,iir-p16000-s18000,lagrange-g64,reference,AB,8.294385335496648e-10,6.038836976488835e-10,5.624063344597328e-10,True,3.103179762219003e-09,True
48000,iir-p16000-s18000,hann-g64,reference,AB,1.6549584979689317e-06,9.876831474246492e-07,1.3225755228070053e-06,True,3.103179762219003e-09,True
48000,iir-p16000-s18000,kaiser-g64,reference,AB,1.0533072907019384e-05,7.45909993644597e-06,1.0108294960669525e-05,True,3.103179762219003e-09,True
48000,iir-p16000-s18000,kaiser-g8,edge,A1,0.00010265444376347984,8.467159942513143e-05,8.316401700799898e-05,True,7.1133554350775e-09,True
48000,iir-p16000-s18000,kaiser-g16,edge,A1,4.904006926958807e-05,3.793990531715075e-05,4.211522321612098e-05,True,7.1133554350775e-09,True
48000,iir-p16000-s18000,lagrange-g32,edge,A1,9.419897417527218e-06,7.709367751511374e-06,5.628490571710366e-06,True,7.1133554350775e-09,True
48000,iir-p16000-s18000,hann-g32,edge,A1,2.8549193736388268e-05,1.722734922890559e-05,2.2236635943470263e-05,True,7.1133554350775e-09,True
48000,iir-p16000-s18000,kaiser-g32,edge,A1,2.417558270619372e-05,1.558972731784457e-05,2.187991524175193e-05,True,7.1133554350775e-09,True
48000,iir-p16000-s18000,lagrange-g64,edge,A1,2.6894219740047344e-09,2.2684783756283846e-09,1.7289958764728049e-09,True,7.1133554350775e-09,True
48000,iir-p16000-s18000,hann-g64,edge,A1,3.4789314360434527e-06,2.1639208726536007e-06,2.7124991362789645e-06,True,7.1133554350775e-09,True
48000,iir-p16000-s18000,kaiser-g64,edge,A1,1.2445084469054515e-05,8.00825620115108e-06,1.1528565447504758e-05,True,7.1133554350775e-09,True
48000,iir-p16000-s18000,kaiser-g8,edge,B1,0.0002743026019069157,0.00025462397275829356,0.0002681133561090669,True,2.079225740715143e-08,True
48000,iir-p16000-s18000,kaiser-g16,edge,B1,6.341289117456375e-05,7.534378438419171e-05,6.232555739462252e-05,True,2.079225740715143e-08,True
48000,iir-p16000-s18000,lagrange-g32,edge,B1,2.7604622426675944e-05,3.14014295756553e-05,2.578358973233887e-05,True,2.079225740715143e-08,True
48000,iir-p16000-s18000,hann-g32,edge,B1,4.991542099420952e-05,3.884346472128583e-05,4.8848894542981034e-05,True,2.079225740715143e-08,True
48000,iir-p16000-s18000,kaiser-g32,edge,B1,3.236938235589921e-05,3.332211956746395e-05,3.200774570549326e-05,True,2.079225740715143e-08,True
48000,iir-p16000-s18000,lagrange-g64,edge,B1,1.475669775709699e-08,1.942641126401074e-08,1.4067482967689084e-08,True,2.079225740715143e-08,True
48000,iir-p16000-s18000,hann-g64,edge,B1,6.2280181740317404e-06,4.792325814114175e-06,6.100690663178042e-06,True,2.079225740715143e-08,True
48000,iir-p16000-s18000,kaiser-g64,edge,B1,1.832059665403508e-05,1.1963475432636806e-05,1.820327532048866e-05,True,2.079225740715143e-08,True
48000,iir-p16000-s18000,kaiser-g8,edge,AB,0.00010265446196330176,8.467159942513143e-05,8.316337354110903e-05,True,7.113356717645977e-09,True
48000,iir-p16000-s18000,kaiser-g16,edge,AB,4.9040070221240604e-05,3.793990531715075e-05,4.211483675834288e-05,True,7.113356717645977e-09,True
48000,iir-p16000-s18000,lagrange-g32,edge,AB,9.419899481298535e-06,7.709367751602315e-06,5.628440508129067e-06,True,7.113356717645977e-09,True
48000,iir-p16000-s18000,hann-g32,edge,AB,2.8549195431984998e-05,1.722734922890559e-05,2.2236590100469277e-05,True,7.113356717645977e-09,True
48000,iir-p16000-s18000,kaiser-g32,edge,AB,2.4175583259566656e-05,1.558972731784457e-05,2.1879888055524806e-05,True,7.113356717645977e-09,True
48000,iir-p16000-s18000,lagrange-g64,edge,AB,2.689424225445545e-09,2.2684783756283846e-09,1.7289418117510843e-09,True,7.113356717645977e-09,True
48000,iir-p16000-s18000,hann-g64,edge,AB,3.478931657526762e-06,2.163920872654099e-06,2.712499833530446e-06,True,7.113356717645977e-09,True
48000,iir-p16000-s18000,kaiser-g64,edge,AB,1.2445084888457719e-05,8.00825620115108e-06,1.152855697365576e-05,True,7.113356717645977e-09,True
48000,iir-p16000-s18000,kaiser-g8,overlap-reference,A1,1.8292822661168964e-05,2.4046485343582618e-05,1.0816761479834579e-05,True,1.26413904375825e-10,True
48000,iir-p16000-s18000,kaiser-g16,overlap-reference,A1,5.17566090260871e-05,5.055480852111049e-05,5.135406902956678e-05,True,1.26413904375825e-10,True
48000,iir-p16000-s18000,lagrange-g32,overlap-reference,A1,6.973476482388707e-08,1.3057098511068975e-07,5.866199477262481e-08,True,1.26413904375825e-10,True
48000,iir-p16000-s18000,hann-g32,overlap-reference,A1,8.547241697859734e-06,8.151966640098808e-06,8.49019733111836e-06,True,1.26413904375825e-10,True
48000,iir-p16000-s18000,kaiser-g32,overlap-reference,A1,3.1052835211251824e-05,2.9858058266340237e-05,3.091503734960216e-05,True,1.26413904375825e-10,True
48000,iir-p16000-s18000,lagrange-g64,overlap-reference,A1,2.141197890329058e-11,3.784287692890145e-11,1.8495500564479276e-11,True,1.26413904375825e-10,True
48000,iir-p16000-s18000,hann-g64,overlap-reference,A1,1.0298274575254986e-06,9.286850781553991e-07,1.022777321684645e-06,True,1.26413904375825e-10,True
48000,iir-p16000-s18000,kaiser-g64,overlap-reference,A1,1.6088070322242206e-05,1.4675150356299808e-05,1.6019766102833194e-05,True,1.26413904375825e-10,True
48000,iir-p16000-s18000,kaiser-g8,overlap-reference,B1,2.5035721361381514e-05,2.1866780728406533e-05,1.6301671410346013e-05,True,9.914120896187996e-11,True
48000,iir-p16000-s18000,kaiser-g16,overlap-reference,B1,6.369821165091964e-05,6.214659421647266e-05,6.366514353883939e-05,True,9.914120896187996e-11,True
48000,iir-p16000-s18000,lagrange-g32,overlap-reference,B1,3.7273119207901015e-08,8.374658773721113e-08,3.467111412094533e-08,True,9.914120896187996e-11,True
48000,iir-p16000-s18000,hann-g32,overlap-reference,B1,2.1658459300637943e-06,3.979563640186293e-06,2.1543148634558296e-06,True,9.914120896187996e-11,True
48000,iir-p16000-s18000,kaiser-g32,overlap-reference,B1,8.505542802386576e-06,1.514424486311864e-05,8.466918361097582e-06,True,9.914120896187996e-11,True
48000,iir-p16000-s18000,lagrange-g64,overlap-reference,B1,1.4796328793940327e-11,3.825071184480414e-11,1.4053698335720814e-11,True,9.914120896187996e-11,True
48000,iir-p16000-s18000,hann-g64,overlap-reference,B1,5.698288547517914e-07,6.828717395344327e-07,5.694339433106238e-07,True,9.914120896187996e-11,True
48000,iir-p16000-s18000,kaiser-g64,overlap-reference,B1,9.102964970375123e-06,1.05442249806471e-05,9.09649137708831e-06,True,9.914120896187996e-11,True
48000,iir-p16000-s18000,kaiser-g8,overlap-reference,AB,1.8292846551250876e-05,2.4046485343582618e-05,1.0816717752742506e-05,True,1.264138955138701e-10,True
48000,iir-p16000-s18000,kaiser-g16,overlap-reference,AB,5.175664888795595e-05,5.055480852127254e-05,5.135410953891233e-05,True,1.264138955138701e-10,True
48000,iir-p16000-s18000,lagrange-g32,overlap-reference,AB,6.973469039955629e-08,1.3057098511068975e-07,5.86626976915057e-08,True,1.264138955138701e-10,True
48000,iir-p16000-s18000,hann-g32,overlap-reference,AB,8.547229734098569e-06,8.15196663993676e-06,8.490185719302194e-06,True,1.264138955138701e-10,True
48000,iir-p16000-s18000,kaiser-g32,overlap-reference,AB,3.105279224501738e-05,2.9858058266340237e-05,3.091499524617072e-05,True,1.264138955138701e-10,True
48000,iir-p16000-s18000,lagrange-g64,overlap-reference,AB,2.1411961584372977e-11,3.784295795248927e-11,1.849554609933337e-11,True,1.264138955138701e-10,True
48000,iir-p16000-s18000,hann-g64,overlap-reference,AB,1.0298264009008826e-06,9.286850781553991e-07,1.0227763922217813e-06,True,1.264138955138701e-10,True
48000,iir-p16000-s18000,kaiser-g64,overlap-reference,AB,1.6088054139848433e-05,1.4675150356299808e-05,1.60197509047411e-05,True,1.264138955138701e-10,True
48000,iir-p16000-s18000,kaiser-g8,sustained-edge,A1,6.445141210968942e-05,3.996772152741808e-05,5.649989717125162e-05,True,4.023229962015534e-09,True
48000,iir-p16000-s18000,kaiser-g16,sustained-edge,A1,3.578815218596835e-05,3.099095501922173e-05,3.384041748253809e-05,True,4.023229962015534e-09,True
48000,iir-p16000-s18000,lagrange-g32,sustained-edge,A1,4.637214574561349e-06,2.209492182100882e-06,3.928143590138771e-06,True,4.023229962015534e-09,True
48000,iir-p16000-s18000,hann-g32,sustained-edge,A1,1.591178738450921e-05,6.356425992356238e-06,1.4654707554404846e-05,True,4.023229962015534e-09,True
48000,iir-p16000-s18000,kaiser-g32,sustained-edge,A1,2.7193582874555424e-05,2.203356201088074e-05,2.6678227159979843e-05,True,4.023229962015534e-09,True
48000,iir-p16000-s18000,lagrange-g64,sustained-edge,A1,1.4836065852479155e-09,8.101399526186829e-10,1.2756313958730459e-09,True,4.023229962015534e-09,True
48000,iir-p16000-s18000,hann-g64,sustained-edge,A1,2.0777002489094416e-06,9.433858146404359e-07,1.9236629948164048e-06,True,4.023229962015534e-09,True
48000,iir-p16000-s18000,kaiser-g64,sustained-edge,A1,1.557604360901913e-05,1.2272258454529419e-05,1.5363938993591024e-05,True,4.023229962015534e-09,True
48000,iir-p16000-s18000,kaiser-g8,sustained-edge,B1,0.0002743025996008674,0.0002546239616960145,0.00026811335388253244,True,2.0792257184446408e-08,True
48000,iir-p16000-s18000,kaiser-g16,sustained-edge,B1,6.341289204452625e-05,7.534378072694766e-05,6.23255582495871e-05,True,2.0792257184446408e-08,True
48000,iir-p16000-s18000,lagrange-g32,sustained-edge,B1,2.7604622082873602e-05,3.140142796334608e-05,2.5783589408957134e-05,True,2.0792257184446408e-08,True
48000,iir-p16000-s18000,hann-g32,sustained-edge,B1,4.991542135399839e-05,3.884346426868067e-05,4.884889490168295e-05,True,2.0792257184446408e-08,True
48000,iir-p16000-s18000,kaiser-g32,sustained-edge,B1,3.2369382760391736e-05,3.332211606033992e-05,3.200774610958147e-05,True,2.0792257184446408e-08,True
48000,iir-p16000-s18000,lagrange-g64,sustained-edge,B1,1.4756697475822504e-08,1.9426409780564263e-08,1.4067482711901674e-08,True,2.0792257184446408e-08,True
48000,iir-p16000-s18000,hann-g64,sustained-edge,B1,6.228018211009468e-06,4.792325758935325e-06,6.100690699735224e-06,True,2.0792257184446408e-08,True
48000,iir-p16000-s18000,kaiser-g64,sustained-edge,B1,1.8320596728300793e-05,1.196347485615643e-05,1.8203275393387855e-05,True,2.0792257184446408e-08,True
48000,iir-p16000-s18000,kaiser-g8,sustained-edge,AB,6.445141250822961e-05,3.996772152741808e-05,5.649998628506404e-05,True,4.023230026417213e-09,True
48000,iir-p16000-s18000,kaiser-g16,sustained-edge,AB,3.5788152230368546e-05,3.099095501922173e-05,3.3840426599522276e-05,True,4.023230026417213e-09,True
48000,iir-p16000-s18000,lagrange-g32,sustained-edge,AB,4.637214681592523e-06,2.209492182100882e-06,3.928142070635299e-06,True,4.023230026417213e-09,True
48000,iir-p16000-s18000,hann-g32,sustained-edge,AB,1.591178763736525e-05,6.356425992356238e-06,1.4654717687713013e-05,True,4.023230026417213e-09,True
48000,iir-p16000-s18000,kaiser-g32,sustained-edge,AB,2.719358287113514e-05,2.203356201088074e-05,2.6678229330430023e-05,True,4.023230026417213e-09,True
48000,iir-p16000-s18000,lagrange-g64,sustained-edge,AB,1.4836066766726876e-09,8.101399540633986e-10,1.2756350071048884e-09,True,4.023230026417213e-09,True
48000,iir-p16000-s18000,hann-g64,sustained-edge,AB,2.077700121448969e-06,9.433858146866669e-07,1.923664898952627e-06,True,4.023230026417213e-09,True
48000,iir-p16000-s18000,kaiser-g64,sustained-edge,AB,1.557604364177342e-05,1.2272258454529419e-05,1.5363939083603887e-05,True,4.023230026417213e-09,True
48000,fir129-p16000-s18000,kaiser-g8,reference,A1,7.615463946926064e-05,4.914996772317787e-05,5.778323803238969e-05,True,5.708452687400119e-09,True
48000,fir129-p16000-s18000,kaiser-g16,reference,A1,2.9669567727505676e-05,2.4531517227737998e-05,2.483448154788007e-05,True,5.708452687400119e-09,True
48000,fir129-p16000-s18000,lagrange-g32,reference,A1,6.192922935600167e-06,4.139078928416177e-06,4.3732261031772055e-06,True,5.708452687400119e-09,True
48000,fir129-p16000-s18000,hann-g32,reference,A1,1.4281529447477096e-05,1.0031811820492225e-05,1.1369925380109888e-05,True,5.708452687400119e-09,True
48000,fir129-p16000-s18000,kaiser-g32,reference,A1,1.7876758555061598e-05,1.2437299273293265e-05,1.6420400689563803e-05,True,5.708452687400119e-09,True
48000,fir129-p16000-s18000,lagrange-g64,reference,A1,2.0379834107582304e-06,7.84888969324085e-07,1.5571059334797528e-06,True,5.708452687400119e-09,True
48000,fir129-p16000-s18000,hann-g64,reference,A1,2.1181272747628257e-06,1.361284030304896e-06,1.6915233328249885e-06,True,5.708452687400119e-09,True
48000,fir129-p16000-s18000,kaiser-g64,reference,A1,1.0680376179365921e-05,7.390556468386702e-06,1.0200093510245444e-05,True,5.708452687400119e-09,True
48000,fir129-p16000-s18000,kaiser-g8,reference,B1,2.4952454582680662e-05,2.3136902159213162e-05,1.631279728182014e-05,True,1.838800632588747e-10,True
48000,fir129-p16000-s18000,kaiser-g16,reference,B1,6.371914303637673e-05,6.252004526804832e-05,6.368677748610207e-05,True,1.838800632588747e-10,True
48000,fir129-p16000-s18000,lagrange-g32,reference,B1,1.1995243290630015e-07,2.0586873268777358e-07,1.147185365112573e-07,True,1.838800632588747e-10,True
48000,fir129-p16000-s18000,hann-g32,reference,B1,2.1692612925088033e-06,3.973507947715011e-06,2.1578092539840193e-06,True,1.838800632588747e-10,True
48000,fir129-p16000-s18000,kaiser-g32,reference,B1,8.511335629812098e-06,1.5198994686917325e-05,8.473422287692787e-06,True,1.838800632588747e-10,True
48000,fir129-p16000-s18000,lagrange-g64,reference,B1,6.375098280806476e-08,7.66032617849133e-08,6.256371448225436e-08,True,1.838800632588747e-10,True
48000,fir129-p16000-s18000,hann-g64,reference,B1,5.711662323517422e-07,6.882355294207988e-07,5.70662330595018e-07,True,1.838800632588747e-10,True
48000,fir129-p16000-s18000,kaiser-g64,reference,B1,9.108279051334162e-06,1.0562542671448973e-05,9.10189634774073e-06,True,1.838800632588747e-10,True
48000,fir129-p16000-s18000,kaiser-g8,reference,AB,7.402689523916503e-05,4.914996360029084e-05,5.611874002513066e-05,True,5.7082871070897256e-09,True
48000,fir129-p16000-s18000,kaiser-g16,reference,AB,3.2810984999097904e-05,2.4531520792641853e-05,2.878843904606036e-05,True,5.7082871070897256e-09,True
48000,fir129-p16000-s18000,lagrange-g32,reference,AB,5.998798619016771e-06,4.139082985229635e-06,4.235933061434834e-06,True,5.7082871070897256e-09,True
48000,fir129-p16000-s18000,hann-g32,reference,AB,1.3844222165828548e-05,1.003180758099625e-05,1.1025192584598285e-05,True,5.7082871070897256e-09,True
48000,fir129-p16000-s18000,kaiser-g32,reference,AB,1.7444870858047734e-05,1.243730282408695e-05,1.6041063485846603e-05,True,5.7082871070897256e-09,True
48000,fir129-p16000-s18000,lagrange-g64,reference,AB,1.9740686963698534e-06,7.848934545210368e-07,1.507803213814739e-06,True,5.7082871070897256e-09,True
48000,fir129-p16000-s18000,hann-g64,reference,AB,2.056533223901456e-06,1.3612884285820594e-06,1.6443020393890828e-06,True,5.7082871070897256e-09,True
48000,fir129-p16000-s18000,kaiser-g64,reference,AB,1.059008124628059e-05,7.390560019162466e-06,1.0134005435028632e-05,True,5.7082871070897256e-09,True
48000,fir129-p16000-s18000,kaiser-g8,edge,A1,0.00019718968632830567,0.0001529801909482028,0.0001617688912450722,True,1.1888546910733227e-08,True
48000,fir129-p16000-s18000,kaiser-g16,edge,A1,4.895459114095937e-05,3.786779753091664e-05,4.135359852208411e-05,True,1.1888546910733227e-08,True
48000,fir129-p16000-s18000,lagrange-g32,edge,A1,1.869863984748822e-05,1.37652885054841e-05,1.245482621763991e-05,True,1.1888546910733227e-08,True
48000,fir129-p16000-s18000,hann-g32,edge,A1,3.1679578502827164e-05,2.3489964752208414e-05,2.5059362144529034e-05,True,1.1888546910733227e-08,True
48000,fir129-p16000-s18000,kaiser-g32,edge,A1,2.4243788279645563e-05,1.4517036771395404e-05,2.1780622203335602e-05,True,1.1888546910733227e-08,True
48000,fir129-p16000-s18000,lagrange-g64,edge,A1,4.1968685245090644e-06,1.772143947559194e-06,3.1617317097910054e-06,True,1.1888546910733227e-08,True
48000,fir129-p16000-s18000,hann-g64,edge,A1,4.439322544512735e-06,3.0998335412254073e-06,3.474710920423297e-06,True,1.1888546910733227e-08,True
48000,fir129-p16000-s18000,kaiser-g64,edge,A1,1.2752276020307025e-05,7.84556294089862e-06,1.1683785141957835e-05,True,1.1888546910733227e-08,True
48000,fir129-p16000-s18000,kaiser-g8,edge,B1,0.0008444488932734295,0.0003147361175310311,0.0008302744887326391,True,2.422096219021799e-08,True
48000,fir129-p16000-s18000,kaiser-g16,edge,B1,6.01833282297663e-05,2.9446436693933865e-05,5.868037483231064e-05,True,2.422096219021799e-08,True
48000,fir129-p16000-s18000,lagrange-g32,edge,B1,7.072052302295573e-05,2.9558151651673814e-05,6.62436880216752e-05,True,2.422096219021799e-08,True
48000,fir129-p16000-s18000,hann-g32,edge,B1,5.801783267355274e-05,2.696993628356109e-05,5.702476674681772e-05,True,2.422096219021799e-08,True
48000,fir129-p16000-s18000,kaiser-g32,edge,B1,3.688840480224096e-05,2.2043458426401534e-05,3.648414607834057e-05,True,2.422096219021799e-08,True
48000,fir129-p16000-s18000,lagrange-g64,edge,B1,1.2135867266485413e-05,2.9259524638599265e-06,1.1922774488303482e-05,True,2.422096219021799e-08,True
48000,fir129-p16000-s18000,hann-g64,edge,B1,9.240181756081764e-06,3.5371945330774834e-06,8.917881717031218e-06,True,2.422096219021799e-08,True
48000,fir129-p16000-s18000,kaiser-g64,edge,B1,2.0243449116921522e-05,1.1311613578309362e-05,2.003018089650357e-05,True,2.422096219021799e-08,True
48000,fir129-p16000-s18000,kaiser-g8,edge,AB,0.00019718981454612707,0.0001529801918178735,0.00016176379059721618,True,1.1888512168570485e-08,True
48000,fir129-p16000-s18000,kaiser-g16,edge,AB,4.8954590394293295e-05,3.786779838538043e-05,4.135312237193515e-05,True,1.1888512168570485e-08,True
48000,fir129-p16000-s18000,lagrange-g32,edge,AB,1.8698646114757474e-05,1.3765287665416047e-05,1.245455725545813e-05,True,1.1888512168570485e-08,True
48000,fir129-p16000-s18000,hann-g32,edge,AB,3.1679578831138395e-05,2.3489965557720944e-05,2.5059334765588817e-05,True,1.1888512168570485e-08,True
48000,fir129-p16000-s18000,kaiser-g32,edge,AB,2.424378620260375e-05,1.4517037661783533e-05,2.1780522188050123e-05,True,1.1888512168570485e-08,True
48000,fir129-p16000-s18000,lagrange-g64,edge,AB,4.196854345883439e-06,1.772144889751683e-06,3.1615986007322464e-06,True,1.1888512168570485e-08,True
48000,fir129-p16000-s18000,hann-g64,edge,AB,4.439307087328716e-06,3.099834466183178e-06,3.4746636439236457e-06,True,1.1888512168570485e-08,True
48000,fir129-p16000-s18000,kaiser-g64,edge,AB,1.2752271025742853e-05,7.845563692699731e-06,1.168375108762632e-05,True,1.1888512168570485e-08,True
48000,fir129-p16000-s18000,kaiser-g8,overlap-reference,A1,1.8491393016230742e-05,2.500464357042941e-05,1.0915313583230939e-05,True,1.927382675954766e-10,True
48000,fir129-p16000-s18000,kaiser-g16,overlap-reference,A1,5.1748019696617384e-05,5.058465399461312e-05,5.1342293578676266e-05,True,1.927382675954766e-10,True
48000,fir129-p16000-s18000,lagrange-g32,overlap-reference,A1,1.5394399940207658e-07,2.751914334222429e-07,1.312618065407748e-07,True,1.927382675954766e-10,True
48000,fir129-p16000-s18000,hann-g32,overlap-reference,A1,8.540562662348836e-06,8.133332629760007e-06,8.48404505278893e-06,True,1.927382675954766e-10,True
48000,fir129-p16000-s18000,kaiser-g32,overlap-reference,A1,3.1041184720840013e-05,2.9825520983100844e-05,3.090423492634531e-05,True,1.927382675954766e-10,True
48000,fir129-p16000-s18000,lagrange-g64,overlap-reference,A1,4.992330485040703e-08,5.245687941973317e-08,4.062459963626085e-08,True,1.927382675954766e-10,True
48000,fir129-p16000-s18000,hann-g64,overlap-reference,A1,1.0293760569166127e-06,9.524720192379901e-07,1.0223038241496847e-06,True,1.927382675954766e-10,True
48000,fir129-p16000-s18000,kaiser-g64,overlap-reference,A1,1.6082281262901552e-05,1.4738563965305088e-05,1.6014648393200103e-05,True,1.927382675954766e-10,True
48000,fir129-p16000-s18000,kaiser-g8,overlap-reference,B1,2.4952454457270133e-05,2.313689872721828e-05,1.6312797092050725e-05,True,1.8388024321097555e-10,True
48000,fir129-p16000-s18000,kaiser-g16,overlap-reference,B1,6.371914304379887e-05,6.252004464142214e-05,6.368677749354744e-05,True,1.8388024321097555e-10,True
48000,fir129-p16000-s18000,lagrange-g32,overlap-reference,B1,1.1995239718872842e-07,2.0586861884345608e-07,1.1471850803873643e-07,True,1.8388024321097555e-10,True
48000,fir129-p16000-s18000,hann-g32,overlap-reference,B1,2.1692612898372317e-06,3.973507819107219e-06,2.1578092500957467e-06,True,1.8388024321097555e-10,True
48000,fir129-p16000-s18000,kaiser-g32,overlap-reference,B1,8.51133560747145e-06,1.5198995479672093e-05,8.47342226483547e-06,True,1.8388024321097555e-10,True
48000,fir129-p16000-s18000,lagrange-g64,overlap-reference,B1,6.375119320713889e-08,7.660293902442604e-08,6.256390468043255e-08,True,1.8388024321097555e-10,True
48000,fir129-p16000-s18000,hann-g64,overlap-reference,B1,5.711662507373017e-07,6.882356757047361e-07,5.706623453171876e-07,True,1.8388024321097555e-10,True
48000,fir129-p16000-s18000,kaiser-g64,overlap-reference,B1,9.1082790640571e-06,1.0562542326233805e-05,9.101896360230943e-06,True,1.8388024321097555e-10,True
48000,fir129-p16000-s18000,kaiser-g8,overlap-reference,AB,1.849141572144138e-05,2.500464344312533e-05,1.0915267811408522e-05,True,1.9273426627738166e-10,True
48000,fir129-p16000-s18000,kaiser-g16,overlap-reference,AB,5.1748059666897264e-05,5.0584654122335055e-05,5.134233421996465e-05,True,1.9273426627738166e-10,True
48000,fir129-p16000-s18000,lagrange-g32,overlap-reference,AB,1.5394440245120473e-07,2.751913019503966e-07,1.3126126985511613e-07,True,1.9273426627738166e-10,True
48000,fir129-p16000-s18000,hann-g32,overlap-reference,AB,8.540550719443479e-06,8.133332757313259e-06,8.484033482286653e-06,True,1.9273426627738166e-10,True
48000,fir129-p16000-s18000,kaiser-g32,overlap-reference,AB,3.1041141782146824e-05,2.9825521110983476e-05,3.0904192835554105e-05,True,1.9273426627738166e-10,True
48000,fir129-p16000-s18000,lagrange-g64,overlap-reference,AB,4.992485717851103e-08,5.245675781698197e-08,4.062477609536865e-08,True,1.9273426627738166e-10,True
48000,fir129-p16000-s18000,hann-g64,overlap-reference,AB,1.0293750419281112e-06,9.524718892361015e-07,1.022302879420316e-06,True,1.9273426627738166e-10,True
48000,fir129-p16000-s18000,kaiser-g64,overlap-reference,AB,1.6082265104784357e-05,1.47385638357949e-05,1.6014633207586123e-05,True,1.9273426627738166e-10,True
48000,fir129-p16000-s18000,kaiser-g8,sustained-edge,A1,0.0001200247843959876,5.603824424345823e-05,0.00010799312175321437,True,4.946045883537818e-09,True
48000,fir129-p16000-s18000,kaiser-g16,sustained-edge,A1,3.583409228665278e-05,3.733227184010008e-05,3.374730457865687e-05,True,4.946045883537818e-09,True
48000,fir129-p16000-s18000,lagrange-g32,sustained-edge,A1,1.0071610361645648e-05,5.764203277251631e-06,8.615359854817192e-06,True,4.946045883537818e-09,True
48000,fir129-p16000-s18000,hann-g32,sustained-edge,A1,1.717390491963489e-05,7.330781129503999e-06,1.5738538204571764e-05,True,4.946045883537818e-09,True
48000,fir129-p16000-s18000,kaiser-g32,sustained-edge,A1,2.7185981093188588e-05,2.479505171954654e-05,2.6631057159448168e-05,True,4.946045883537818e-09,True
48000,fir129-p16000-s18000,lagrange-g64,sustained-edge,A1,2.0337643037638485e-06,4.3745105583508513e-07,1.6278590054398593e-06,True,4.946045883537818e-09,True
48000,fir129-p16000-s18000,hann-g64,sustained-edge,A1,2.418847657818327e-06,1.1932788669094591e-06,2.1879980189266725e-06,True,4.946045883537818e-09,True
48000,fir129-p16000-s18000,kaiser-g64,sustained-edge,A1,1.5578741505322495e-05,1.2379893176110666e-05,1.5344573209306627e-05,True,4.946045883537818e-09,True
48000,fir129-p16000-s18000,kaiser-g8,sustained-edge,B1,0.0008444488857266337,0.000314736135014699,0.000830274481315863,True,2.4220962031536976e-08,True
48000,fir129-p16000-s18000,kaiser-g16,sustained-edge,B1,6.018332875833724e-05,2.944643757535244e-05,5.8680375397334665e-05,True,2.4220962031536976e-08,True
48000,fir129-p16000-s18000,lagrange-g32,sustained-edge,B1,7.07205221177145e-05,2.9558153222870946e-05,6.624368714660591e-05,True,2.4220962031536976e-08,True
48000,fir129-p16000-s18000,hann-g32,sustained-edge,B1,5.8017832637605934e-05,2.696993749249421e-05,5.702476672583647e-05,True,2.4220962031536976e-08,True
48000,fir129-p16000-s18000,kaiser-g32,sustained-edge,B1,3.688840479755299e-05,2.204345855103267e-05,3.6484146099019694e-05,True,2.4220962031536976e-08,True
48000,fir129-p16000-s18000,lagrange-g64,sustained-edge,B1,1.2135866082141271e-05,2.92595246420232e-06,1.1922773333316243e-05,True,2.4220962031536976e-08,True
48000,fir129-p16000-s18000,hann-g64,sustained-edge,B1,9.240181377424427e-06,3.5371947530822157e-06,8.91788137999522e-06,True,2.4220962031536976e-08,True
48000,fir129-p16000-s18000,kaiser-g64,sustained-edge,B1,2.0243448953998248e-05,1.1311613590198462e-05,2.0030180758711797e-05,True,2.4220962031536976e-08,True
48000,fir129-p16000-s18000,kaiser-g8,sustained-edge,AB,0.00012002478953226639,5.603824401903927e-05,0.00010799340523820564,True,4.946030618193742e-09,True
48000,fir129-p16000-s18000,kaiser-g16,sustained-edge,AB,3.58340927328538e-05,3.733227205597117e-05,3.374731685348502e-05,True,4.946030618193742e-09,True
48000,fir129-p16000-s18000,lagrange-g32,sustained-edge,AB,1.0071612157112246e-05,5.764203051849924e-06,8.615367446302656e-06,True,4.946030618193742e-09,True
48000,fir129-p16000-s18000,hann-g32,sustained-edge,AB,1.7173905533970802e-05,7.330780913642548e-06,1.5738552902993962e-05,True,4.946030618193742e-09,True
48000,fir129-p16000-s18000,kaiser-g32,sustained-edge,AB,2.7185981551767872e-05,2.4795051935414925e-05,2.663105964347259e-05,True,4.946030618193742e-09,True
48000,fir129-p16000-s18000,lagrange-g64,sustained-edge,AB,2.033771089471436e-06,4.3745128274552757e-07,1.6278570192105997e-06,True,4.946030618193742e-09,True
48000,fir129-p16000-s18000,hann-g64,sustained-edge,AB,2.418850568869435e-06,1.1932786450107031e-06,2.1879980653194285e-06,True,4.946030618193742e-09,True
48000,fir129-p16000-s18000,kaiser-g64,sustained-edge,AB,1.557874214341167e-05,1.2379892960250305e-05,1.5344572720226307e-05,True,4.946030618193742e-09,True
48000,iir-p16000-s19000,kaiser-g8,reference,A1,7.588346327410857e-05,5.1285092946133586e-05,5.6835572976952364e-05,True,4.639181849651458e-09,True
48000,iir-p16000-s19000,kaiser-g16,reference,A1,2.9481875342451417e-05,2.549674736267199e-05,2.4617942088465607e-05,True,4.639181849651458e-09,True
48000,iir-p16000-s19000,lagrange-g32,reference,A1,5.4603874725285305e-06,5.004445341153007e-06,3.7380644364513745e-06,True,4.639181849651458e-09,True
48000,iir-p16000-s19000,hann-g32,reference,A1,1.3802336862291702e-05,9.49639419317451e-06,1.0841095676600052e-05,True,4.639181849651458e-09,True
48000,iir-p16000-s19000,kaiser-g32,reference,A1,1.778439729267435e-05,1.3116458500446683e-05,1.6349288156202593e-05,True,4.639181849651458e-09,True
48000,iir-p16000-s19000,lagrange-g64,reference,A1,9.636888071655442e-09,9.222704958853369e-09,7.258122513461597e-09,True,4.639181849651458e-09,True
48000,iir-p16000-s19000,hann-g64,reference,A1,1.7635054969691905e-06,1.2182612925958039e-06,1.4196192676598696e-06,True,4.639181849651458e-09,True
48000,iir-p16000-s19000,kaiser-g64,reference,A1,1.0623890686110041e-05,7.382896474152538e-06,1.0171954589340116e-05,True,4.639181849651458e-09,True
48000,iir-p16000-s19000,kaiser-g8,reference,B1,2.5017161089579116e-05,2.2828372262292097e-05,1.6326506972772898e-05,True,1.369244579957235e-10,True
48000,iir-p16000-s19000,kaiser-g16,reference,B1,6.370643913944889e-05,6.15750588319782e-05,6.367364988866308e-05,True,1.369244579957235e-10,True
48000,iir-p16000-s19000,lagrange-g32,reference,B1,9.35006200160365e-08,2.6807373240348634e-07,8.798075710284406e-08,True,1.369244579957235e-10,True
48000,iir-p16000-s19000,hann-g32,reference,B1,2.1672538485079308e-06,3.926590040246325e-06,2.155763447737346e-06,True,1.369244579957235e-10,True
48000,iir-p16000-s19000,kaiser-g32,reference,B1,8.507762426728803e-06,1.5030129960831334e-05,8.469423221424723e-06,True,1.369244579957235e-10,True
48000,iir-p16000-s19000,lagrange-g64,reference,B1,2.314387400098327e-10,7.036132048102259e-10,2.2458019146871334e-10,True,1.369244579957235e-10,True
48000,iir-p16000-s19000,hann-g64,reference,B1,5.700508798629713e-07,6.811116393226455e-07,5.696560372668027e-07,True,1.369244579957235e-10,True
48000,iir-p16000-s19000,kaiser-g64,reference,B1,9.104964236612684e-06,1.050569216984445e-05,9.098529329204187e-06,True,1.369244579957235e-10,True
48000,iir-p16000-s19000,kaiser-g8,reference,AB,7.376196739518443e-05,5.1285092946133586e-05,5.5198231012675924e-05,True,4.639181783733668e-09,True
48000,iir-p16000-s19000,kaiser-g16,reference,AB,3.265669981940097e-05,2.549674736267199e-05,2.8619428586834037e-05,True,4.639181783733668e-09,True
48000,iir-p16000-s19000,lagrange-g32,reference,AB,5.288864235643913e-06,5.004445341153007e-06,3.620441773697412e-06,True,4.639181783733668e-09,True
48000,iir-p16000-s19000,hann-g32,reference,AB,1.337950666470554e-05,9.49639419316627e-06,1.0512862676990046e-05,True,4.639181783733668e-09,True
48000,iir-p16000-s19000,kaiser-g32,reference,AB,1.735505530229177e-05,1.3116458500446683e-05,1.5971899587220488e-05,True,4.639181783733668e-09,True
48000,iir-p16000-s19000,lagrange-g64,reference,AB,9.334258681324398e-09,9.222705024771159e-09,7.030053591560098e-09,True,4.639181783733668e-09,True
48000,iir-p16000-s19000,hann-g64,reference,AB,1.7139670799255943e-06,1.2182612925996947e-06,1.3821306203689648e-06,True,4.639181783733668e-09,True
48000,iir-p16000-s19000,kaiser-g64,reference,AB,1.0536291341508151e-05,7.382896474152538e-06,1.010717413845147e-05,True,4.639181783733668e-09,True
48000,iir-p16000-s19000,kaiser-g8,edge,A1,0.0001906105249598499,0.00018729741632864542,0.0001548547860330441,True,1.0074671847664947e-08,True
48000,iir-p16000-s19000,kaiser-g16,edge,A1,4.8883166874437316e-05,3.9578177251817403e-05,4.1515382485228e-05,True,1.0074671847664947e-08,True
48000,iir-p16000-s19000,lagrange-g32,edge,A1,1.6866582522080906e-05,1.7124086716019714e-05,1.093705625212265e-05,True,1.0074671847664947e-08,True
48000,iir-p16000-s19000,hann-g32,edge,A1,3.0422390323682363e-05,2.138774750775605e-05,2.3823810756959363e-05,True,1.0074671847664947e-08,True
48000,iir-p16000-s19000,kaiser-g32,edge,A1,2.4079530572040896e-05,1.5518011182858248e-05,2.1737836004098954e-05,True,1.0074671847664947e-08,True
48000,iir-p16000-s19000,lagrange-g64,edge,A1,2.430432274271249e-08,2.7602819537879975e-08,1.788117267384268e-08,True,1.0074671847664947e-08,True
48000,iir-p16000-s19000,hann-g64,edge,A1,3.686558574761384e-06,2.6281305023495495e-06,2.8987757242984437e-06,True,1.0074671847664947e-08,True
48000,iir-p16000-s19000,kaiser-g64,edge,A1,1.248542778802471e-05,8.195589862447334e-06,1.153298248325993e-05,True,1.0074671847664947e-08,True
48000,iir-p16000-s19000,kaiser-g8,edge,B1,0.0010028875573148876,0.0009370973121709236,0.0009821473272039179,True,2.5259348092948843e-08,True
48000,iir-p16000-s19000,kaiser-g16,edge,B1,6.008255112172197e-05,5.666754651472782e-05,5.860389865774536e-05,True,2.5259348092948843e-08,True
48000,iir-p16000-s19000,lagrange-g32,edge,B1,8.196275615452751e-05,9.557519620777853e-05,7.75494205865412e-05,True,2.5259348092948843e-08,True
48000,iir-p16000-s19000,hann-g32,edge,B1,5.673271824001344e-05,4.243555955439757e-05,5.561752294352962e-05,True,2.5259348092948843e-08,True
48000,iir-p16000-s19000,kaiser-g32,edge,B1,3.495219599066837e-05,2.4727510329072775e-05,3.4606461083893065e-05,True,2.5259348092948843e-08,True
48000,iir-p16000-s19000,lagrange-g64,edge,B1,2.2159747680968631e-07,2.4223090796427594e-07,2.147110887488857e-07,True,2.5259348092948843e-08,True
48000,iir-p16000-s19000,hann-g64,edge,B1,7.182595946712017e-06,5.390655589921748e-06,7.047530187455562e-06,True,2.5259348092948843e-08,True
48000,iir-p16000-s19000,kaiser-g64,edge,B1,1.9003279631053682e-05,1.1287687475666212e-05,1.8883902982249078e-05,True,2.5259348092948843e-08,True
48000,iir-p16000-s19000,kaiser-g8,edge,AB,0.00019061070310161284,0.00018729741632864542,0.0001548527036579412,True,1.0074671847664947e-08,True
48000,iir-p16000-s19000,kaiser-g16,edge,AB,4.888316774883523e-05,3.9578177251817403e-05,4.1514955524599056e-05,True,1.0074671847664947e-08,True
48000,iir-p16000-s19000,lagrange-g32,edge,AB,1.686659588192796e-05,1.712408671610913e-05,1.093680789024623e-05,True,1.0074671847664947e-08,True
48000,iir-p16000-s19000,hann-g32,edge,AB,3.0422392963734385e-05,2.138774750775605e-05,2.3823826463152206e-05,True,1.0074671847664947e-08,True
48000,iir-p16000-s19000,kaiser-g32,edge,AB,2.4079531505634892e-05,1.5518011182858248e-05,2.173778163361e-05,True,1.0074671847664947e-08,True
48000,iir-p16000-s19000,lagrange-g64,edge,AB,2.430439266859646e-08,2.7602819537879975e-08,1.7881064337673113e-08,True,1.0074671847664947e-08,True
48000,iir-p16000-s19000,hann-g64,edge,AB,3.6865589357862712e-06,2.628130502351282e-06,2.8987764375071263e-06,True,1.0074671847664947e-08,True
48000,iir-p16000-s19000,kaiser-g64,edge,AB,1.2485428363781829e-05,8.195589862452923e-06,1.1532970113302884e-05,True,1.0074671847664947e-08,True
48000,iir-p16000-s19000,kaiser-g8,overlap-reference,A1,1.8403090907979752e-05,2.5447829653156623e-05,1.090068322459179e-05,True,1.575054541239447e-10,True
48000,iir-p16000-s19000,kaiser-g16,overlap-reference,A1,5.1753271434183036e-05,5.064055087828433e-05,5.1349507345443095e-05,True,1.575054541239447e-10,True
48000,iir-p16000-s19000,lagrange-g32,overlap-reference,A1,1.3700925106868748e-07,2.853439086382517e-07,1.1770384825340093e-07,True,1.575054541239447e-10,True
48000,iir-p16000-s19000,hann-g32,overlap-reference,A1,8.544784747183007e-06,8.20773908938553e-06,8.487935057086078e-06,True,1.575054541239447e-10,True
48000,iir-p16000-s19000,kaiser-g32,overlap-reference,A1,3.104833993247541e-05,2.9932247728942724e-05,3.091088880552457e-05,True,1.575054541239447e-10,True
48000,iir-p16000-s19000,lagrange-g64,overlap-reference,A1,2.483723075531626e-10,5.438605521251663e-10,2.2123249882407316e-10,True,1.575054541239447e-10,True
48000,iir-p16000-s19000,hann-g64,overlap-reference,A1,1.0295683787594297e-06,9.445562456600824e-07,1.0225436811170524e-06,True,1.575054541239447e-10,True
48000,iir-p16000-s19000,kaiser-g64,overlap-reference,A1,1.6085794555604297e-05,1.4842490765305755e-05,1.601776207415205e-05,True,1.575054541239447e-10,True
48000,iir-p16000-s19000,kaiser-g8,overlap-reference,B1,2.5017160959529814e-05,2.2828362548429828e-05,1.6326506776932538e-05,True,1.36924610445054e-10,True
48000,iir-p16000-s19000,kaiser-g16,overlap-reference,B1,6.370643914663223e-05,6.157505871035784e-05,6.367364989590353e-05,True,1.36924610445054e-10,True
48000,iir-p16000-s19000,lagrange-g32,overlap-reference,B1,9.35004241576473e-08,2.6807320241181097e-07,8.798057046515022e-08,True,1.36924610445054e-10,True
48000,iir-p16000-s19000,hann-g32,overlap-reference,B1,2.1672538402734094e-06,3.926589970290886e-06,2.15576343947016e-06,True,1.36924610445054e-10,True
48000,iir-p16000-s19000,kaiser-g32,overlap-reference,B1,8.507762403054353e-06,1.5030129788750392e-05,8.469423197535556e-06,True,1.36924610445054e-10,True
48000,iir-p16000-s19000,lagrange-g64,overlap-reference,B1,2.3143865563770529e-10,7.036133374950361e-10,2.2458011364949485e-10,True,1.36924610445054e-10,True
48000,iir-p16000-s19000,hann-g64,overlap-reference,B1,5.700508804269139e-07,6.811116428073441e-07,5.696560378520979e-07,True,1.36924610445054e-10,True
48000,iir-p16000-s19000,kaiser-g64,overlap-reference,B1,9.10496424816851e-06,1.0505692087563225e-05,9.098529340771882e-06,True,1.36924610445054e-10,True
48000,iir-p16000-s19000,kaiser-g8,overlap-reference,AB,1.8403114245981754e-05,2.5447829653074867e-05,1.0900638016064218e-05,True,1.5750545412394475e-10,True
48000,iir-p16000-s19000,kaiser-g16,overlap-reference,AB,5.1753311338903217e-05,5.0640550877957294e-05,5.1349547901856486e-05,True,1.5750545412394475e-10,True
48000,iir-p16000-s19000,lagrange-g32,overlap-reference,AB,1.3700913664883989e-07,2.853439086382518e-07,1.1770396853429751e-07,True,1.5750545412394475e-10,True
48000,iir-p16000-s19000,hann-g32,overlap-reference,AB,8.544772788640093e-06,8.207739089712584e-06,8.487923451610832e-06,True,1.5750545412394475e-10,True
48000,iir-p16000-s19000,kaiser-g32,overlap-reference,AB,3.1048296975066613e-05,2.9932247728615684e-05,3.091084670478291e-05,True,1.5750545412394475e-10,True
48000,iir-p16000-s19000,lagrange-g64,overlap-reference,AB,2.483722411369408e-10,5.43860879176808e-10,2.2123256120164277e-10,True,1.5750545412394475e-10,True
48000,iir-p16000-s19000,hann-g64,overlap-reference,AB,1.0295673232745532e-06,9.445562456600827e-07,1.0225427524629558e-06,True,1.5750545412394475e-10,True
48000,iir-p16000-s19000,kaiser-g64,overlap-reference,AB,1.608577838112997e-05,1.484249076530576e-05,1.601774688076492e-05,True,1.5750545412394475e-10,True
48000,iir-p16000-s19000,kaiser-g8,sustained-edge,A1,0.00011771800818564875,5.579328313520257e-05,0.00010640830808652835,True,4.491616276139882e-09,True
48000,iir-p16000-s19000,kaiser-g16,sustained-edge,A1,3.578328201245268e-05,3.298532870913602e-05,3.377120689098113e-05,True,4.491616276139882e-09,True
48000,iir-p16000-s19000,lagrange-g32,sustained-edge,A1,9.389996888748145e-06,5.550202651956377e-06,8.033968736129147e-06,True,4.491616276139882e-09,True
48000,iir-p16000-s19000,hann-g32,sustained-edge,A1,1.676567358886501e-05,6.6749467322844e-06,1.5408664990772377e-05,True,4.491616276139882e-09,True
48000,iir-p16000-s19000,kaiser-g32,sustained-edge,A1,2.71833668247096e-05,2.2430334183837646e-05,2.6653047371918963e-05,True,4.491616276139882e-09,True
48000,iir-p16000-s19000,lagrange-g64,sustained-edge,A1,1.49680278675056e-08,1.1687130362821237e-08,1.2978082936019089e-08,True,4.491616276139882e-09,True
48000,iir-p16000-s19000,hann-g64,sustained-edge,A1,2.1771980438609115e-06,9.41801414889415e-07,2.011636172184469e-06,True,4.491616276139882e-09,True
48000,iir-p16000-s19000,kaiser-g64,sustained-edge,A1,1.556382995775171e-05,1.2318575274448588e-05,1.534572748604218e-05,True,4.491616276139882e-09,True
48000,iir-p16000-s19000,kaiser-g8,sustained-edge,B1,0.001002887545323193,0.0009370972645452635,0.000982147315462357,True,2.5259347452705705e-08,True
48000,iir-p16000-s19000,kaiser-g16,sustained-edge,B1,6.008255192876051e-05,5.666754296602071e-05,5.860389947122662e-05,True,2.5259347452705705e-08,True
48000,iir-p16000-s19000,lagrange-g32,sustained-edge,B1,8.19627551397768e-05,9.55751911104784e-05,7.754941962173226e-05,True,2.5259347452705705e-08,True
48000,iir-p16000-s19000,hann-g32,sustained-edge,B1,5.6732718346179386e-05,4.2435558686107044e-05,5.561752305244761e-05,True,2.5259347452705705e-08,True
48000,iir-p16000-s19000,kaiser-g32,sustained-edge,B1,3.495219624495807e-05,2.4727506000978858e-05,3.460646133816123e-05,True,2.5259347452705705e-08,True
48000,iir-p16000-s19000,lagrange-g64,sustained-edge,B1,2.2159747293576435e-07,2.422308928810972e-07,2.1471108498904833e-07,True,2.5259347452705705e-08,True
48000,iir-p16000-s19000,hann-g64,sustained-edge,B1,7.182595953133798e-06,5.390655482265153e-06,7.047530194037677e-06,True,2.5259347452705705e-08,True
48000,iir-p16000-s19000,kaiser-g64,sustained-edge,B1,1.9003279676340742e-05,1.1287687477206748e-05,1.8883903026915043e-05,True,2.5259347452705705e-08,True
48000,iir-p16000-s19000,kaiser-g8,sustained-edge,AB,0.00011771801500565708,5.579328313520257e-05,0.00010640861294358346,True,4.491616368646447e-09,True
48000,iir-p16000-s19000,kaiser-g16,sustained-edge,AB,3.5783282064615764e-05,3.298532870913602e-05,3.3771220205397894e-05,True,4.491616368646447e-09,True
48000,iir-p16000-s19000,lagrange-g32,sustained-edge,AB,9.389997457984748e-06,5.5502026519504584e-06,8.033987706533204e-06,True,4.491616368646447e-09,True
48000,iir-p16000-s19000,hann-g32,sustained-edge,AB,1.676567368672123e-05,6.6749467322844e-06,1.5408682417477686e-05,True,4.491616368646447e-09,True
48000,iir-p16000-s19000,kaiser-g32,sustained-edge,AB,2.7183366850103352e-05,2.2430334183837646e-05,2.6653049958492106e-05,True,4.491616368646447e-09,True
48000,iir-p16000-s19000,lagrange-g64,sustained-edge,AB,1.4968030479634986e-08,1.1687130374657955e-08,1.2978140203560649e-08,True,4.491616368646447e-09,True
48000,iir-p16000-s19000,hann-g64,sustained-edge,AB,2.1771979747755855e-06,9.41801414889415e-07,2.011639245254098e-06,True,4.491616368646447e-09,True
48000,iir-p16000-s19000,kaiser-g64,sustained-edge,AB,1.556383004951772e-05,1.2318575274448588e-05,1.5345727817974474e-05,True,4.491616368646447e-09,True
48000,fir129-p16000-s19000,kaiser-g8,reference,A1,0.00017361872521425305,0.0001196662161209057,0.00014424854142473128,True,6.257543369653668e-09,True
48000,fir129-p16000-s19000,kaiser-g16,reference,A1,2.9701407384302052e-05,2.422772679695922e-05,2.483433796720482e-05,True,6.257543369653668e-09,True
48000,fir129-p16000-s19000,lagrange-g32,reference,A1,1.3415152203276791e-05,1.0443650747421403e-05,9.653006256644627e-06,True,6.257543369653668e-09,True
48000,fir129-p16000-s19000,hann-g32,reference,A1,1.4688128944760648e-05,1.1036232833014332e-05,1.175331296677304e-05,True,6.257543369653668e-09,True
48000,fir129-p16000-s19000,kaiser-g32,reference,A1,1.792286871800655e-05,1.251565932581816e-05,1.6471569781104905e-05,True,6.257543369653668e-09,True
48000,fir129-p16000-s19000,lagrange-g64,reference,A1,1.4228574661797824e-06,5.838471798278614e-07,1.0925309874375376e-06,True,6.257543369653668e-09,True
48000,fir129-p16000-s19000,hann-g64,reference,A1,2.0107416331269294e-06,1.4770229350115617e-06,1.625948812661079e-06,True,6.257543369653668e-09,True
48000,fir129-p16000-s19000,kaiser-g64,reference,A1,1.067333027333261e-05,7.380033184848386e-06,1.020355393628325e-05,True,6.257543369653668e-09,True
48000,fir129-p16000-s19000,kaiser-g8,reference,B1,2.515999126179646e-05,2.354284687463257e-05,1.661874690199721e-05,True,2.2939560585159774e-10,True
48000,fir129-p16000-s19000,kaiser-g16,reference,B1,6.371933228217156e-05,6.252426401736378e-05,6.36869694912265e-05,True,2.2939560585159774e-10,True
48000,fir129-p16000-s19000,lagrange-g32,reference,B1,2.688631438873808e-07,6.11975779993934e-07,2.5380766905653414e-07,True,2.2939560585159774e-10,True
48000,fir129-p16000-s19000,hann-g32,reference,B1,2.1705378239920584e-06,4.013065962035611e-06,2.159075571666143e-06,True,2.2939560585159774e-10,True
48000,fir129-p16000-s19000,kaiser-g32,reference,B1,8.511051272946137e-06,1.5157655277024874e-05,8.473145695340839e-06,True,2.2939560585159774e-10,True
48000,fir129-p16000-s19000,lagrange-g64,reference,B1,4.4613008667024086e-08,5.79965076092113e-08,4.382047098509202e-08,True,2.2939560585159774e-10,True
48000,fir129-p16000-s19000,hann-g64,reference,B1,5.707842459715149e-07,6.871559628257017e-07,5.703365915452341e-07,True,2.2939560585159774e-10,True
48000,fir129-p16000-s19000,kaiser-g64,reference,B1,9.107687602535024e-06,1.0568469701353744e-05,9.101308463157738e-06,True,2.2939560585159774e-10,True
48000,fir129-p16000-s19000,kaiser-g8,reference,AB,0.0001683074264178168,0.00011966621336767279,0.00013979251828579502,True,6.2574328602101195e-09,True
48000,fir129-p16000-s19000,kaiser-g16,reference,AB,3.2829045649992027e-05,2.4227729177731708e-05,2.8777286421193372e-05,True,6.2574328602101195e-09,True
48000,fir129-p16000-s19000,lagrange-g32,reference,AB,1.2995980395720714e-05,1.0443653456733504e-05,9.350267851787495e-06,True,6.2574328602101195e-09,True
48000,fir129-p16000-s19000,hann-g32,reference,AB,1.4239177794881364e-05,1.1036230001737466e-05,1.13974101023291e-05,True,6.2574328602101195e-09,True
48000,fir129-p16000-s19000,kaiser-g32,reference,AB,1.7490524339644966e-05,1.2515661697103422e-05,1.609138202079543e-05,True,6.2574328602101195e-09,True
48000,fir129-p16000-s19000,lagrange-g64,reference,AB,1.378374253115078e-06,5.838501584502645e-07,1.0580365083237082e-06,True,6.2574328602101195e-09,True
48000,fir129-p16000-s19000,hann-g64,reference,AB,1.952988688739986e-06,1.4770258723321763e-06,1.5812395994444864e-06,True,6.2574328602101195e-09,True
48000,fir129-p16000-s19000,kaiser-g64,reference,AB,1.0583663169650127e-05,7.380035556121471e-06,1.0137456311024163e-05,True,6.2574328602101195e-09,True
48000,fir129-p16000-s19000,kaiser-g8,edge,A1,0.00046787122777735933,0.00036319739874271517,0.0003884797590016026,True,1.4119975370078595e-08,True
48000,fir129-p16000-s19000,kaiser-g16,edge,A1,4.879657996070425e-05,3.9454949671115034e-05,4.096133770552797e-05,True,1.4119975370078595e-08,True
48000,fir129-p16000-s19000,lagrange-g32,edge,A1,3.7413513930515755e-05,3.16340862350771e-05,2.6133075728461803e-05,True,1.4119975370078595e-08,True
48000,fir129-p16000-s19000,hann-g32,edge,A1,3.292130396074182e-05,2.5927306504510623e-05,2.6188751642759434e-05,True,1.4119975370078595e-08,True
48000,fir129-p16000-s19000,kaiser-g32,edge,A1,2.4513627390310406e-05,1.6644541119476984e-05,2.2058035022659927e-05,True,1.4119975370078595e-08,True
48000,fir129-p16000-s19000,lagrange-g64,edge,A1,2.891397652206321e-06,1.334916863692826e-06,2.1895467814822766e-06,True,1.4119975370078595e-08,True
48000,fir129-p16000-s19000,hann-g64,edge,A1,4.289412147160452e-06,3.519202670331751e-06,3.4031264834994463e-06,True,1.4119975370078595e-08,True
48000,fir129-p16000-s19000,kaiser-g64,edge,A1,1.2791671819392899e-05,8.104698219086092e-06,1.1762369417659642e-05,True,1.4119975370078595e-08,True
48000,fir129-p16000-s19000,kaiser-g8,edge,B1,0.002567786833293936,0.0011076463656633322,0.0025244409752731424,True,3.05586437963989e-08,True
48000,fir129-p16000-s19000,kaiser-g16,edge,B1,5.497615913927707e-05,3.154484905358453e-05,5.3268313788967174e-05,True,3.05586437963989e-08,True
48000,fir129-p16000-s19000,lagrange-g32,edge,B1,0.00019796850366144529,9.281513975527445e-05,0.0001870721736689712,True,3.05586437963989e-08,True
48000,fir129-p16000-s19000,hann-g32,edge,B1,7.538137738932837e-05,3.504821114314593e-05,7.420092471349328e-05,True,3.05586437963989e-08,True
48000,fir129-p16000-s19000,kaiser-g32,edge,B1,4.158544130483589e-05,2.3180581367122095e-05,4.1245894025211164e-05,True,3.05586437963989e-08,True
48000,fir129-p16000-s19000,lagrange-g64,edge,B1,6.964718413947263e-06,1.9313257085864616e-06,6.848973017474203e-06,True,3.05586437963989e-08,True
48000,fir129-p16000-s19000,hann-g64,edge,B1,9.595561237589105e-06,4.514704440804384e-06,9.390163602089524e-06,True,3.05586437963989e-08,True
48000,fir129-p16000-s19000,kaiser-g64,edge,B1,2.015329694253959e-05,1.1240011247127903e-05,1.9996339358742706e-05,True,3.05586437963989e-08,True
48000,fir129-p16000-s19000,kaiser-g8,edge,AB,0.00046787197749007117,0.0003631973981585212,0.00038848943673541964,True,1.411995186711641e-08,True
48000,fir129-p16000-s19000,kaiser-g16,edge,AB,4.87965799353774e-05,3.945495024775183e-05,4.09607723176114e-05,True,1.411995186711641e-08,True
48000,fir129-p16000-s19000,lagrange-g32,edge,AB,3.7413568835027064e-05,3.163408681091591e-05,2.6132244579626368e-05,True,1.411995186711641e-08,True
48000,fir129-p16000-s19000,hann-g32,edge,AB,3.292131059397384e-05,2.59273070482086e-05,2.618886456460863e-05,True,1.411995186711641e-08,True
48000,fir129-p16000-s19000,kaiser-g32,edge,AB,2.4513628491345102e-05,1.6644541720433928e-05,2.2057894418031435e-05,True,1.411995186711641e-08,True
48000,fir129-p16000-s19000,lagrange-g64,edge,AB,2.8913885721581974e-06,1.3349174967633993e-06,2.1894531309444633e-06,True,1.411995186711641e-08,True
48000,fir129-p16000-s19000,hann-g64,edge,AB,4.289405763182752e-06,3.519203294623561e-06,3.403099246090652e-06,True,1.411995186711641e-08,True
48000,fir129-p16000-s19000,kaiser-g64,edge,AB,1.2791670339719964e-05,8.104698844864052e-06,1.176233747674899e-05,True,1.411995186711641e-08,True
48000,fir129-p16000-s19000,kaiser-g8,overlap-reference,A1,1.892936619247514e-05,2.6490522976927727e-05,1.1521080993815479e-05,True,2.3157658734897134e-10,True
48000,fir129-p16000-s19000,kaiser-g16,overlap-reference,A1,5.174775797574288e-05,5.0569680809427866e-05,5.134201452283825e-05,True,2.3157658734897134e-10,True
48000,fir129-p16000-s19000,lagrange-g32,overlap-reference,A1,3.4288442771946145e-07,5.795637723148107e-07,2.9930211390342245e-07,True,2.3157658734897134e-10,True
48000,fir129-p16000-s19000,hann-g32,overlap-reference,A1,8.541279624616236e-06,8.170989850743314e-06,8.484661681581871e-06,True,2.3157658734897134e-10,True
48000,fir129-p16000-s19000,kaiser-g32,overlap-reference,A1,3.1041394555541535e-05,2.9808242270064145e-05,3.0904444686026304e-05,True,2.3157658734897134e-10,True
48000,fir129-p16000-s19000,lagrange-g64,overlap-reference,A1,3.5920794020208725e-08,4.858719718002119e-08,2.96994868717015e-08,True,2.3157658734897134e-10,True
48000,fir129-p16000-s19000,hann-g64,overlap-reference,A1,1.0293157943380711e-06,9.484656728604731e-07,1.022277182650477e-06,True,2.3157658734897134e-10,True
48000,fir129-p16000-s19000,kaiser-g64,overlap-reference,A1,1.6082042167422826e-05,1.4735046218340956e-05,1.6014411098022743e-05,True,2.3157658734897134e-10,True
48000,fir129-p16000-s19000,kaiser-g8,overlap-reference,B1,2.5159989895758734e-05,2.3542831393023327e-05,1.6618744896380068e-05,True,2.2939539706359954e-10,True
48000,fir129-p16000-s19000,kaiser-g16,overlap-reference,B1,6.371933228955825e-05,6.252426323853741e-05,6.36869694986906e-05,True,2.2939539706359954e-10,True
48000,fir129-p16000-s19000,lagrange-g32,overlap-reference,B1,2.6886241088352476e-07,6.11974195559593e-07,2.5380697764112264e-07,True,2.2939539706359954e-10,True
48000,fir129-p16000-s19000,hann-g32,overlap-reference,B1,2.170537809781905e-06,4.013066339399218e-06,2.159075557050455e-06,True,2.2939539706359954e-10,True
48000,fir129-p16000-s19000,kaiser-g32,overlap-reference,B1,8.511051248956859e-06,1.5157656121890936e-05,8.473145671029025e-06,True,2.2939539706359954e-10,True
48000,fir129-p16000-s19000,lagrange-g64,overlap-reference,B1,4.461314738265156e-08,5.799636230415936e-08,4.382059661649087e-08,True,2.2939539706359954e-10,True
48000,fir129-p16000-s19000,hann-g64,overlap-reference,B1,5.707842541000604e-07,6.871560416975224e-07,5.703365979888121e-07,True,2.2939539706359954e-10,True
48000,fir129-p16000-s19000,kaiser-g64,overlap-reference,B1,9.107687614582058e-06,1.0568469354752796e-05,9.10130847512881e-06,True,2.2939539706359954e-10,True
48000,fir129-p16000-s19000,kaiser-g8,overlap-reference,AB,1.8929387858656794e-05,2.6490522891151546e-05,1.1521021159574722e-05,True,2.3157903582987392e-10,True
48000,fir129-p16000-s19000,kaiser-g16,overlap-reference,AB,5.17477979547335e-05,5.056968089529225e-05,5.1342055172279076e-05,True,2.3157903582987392e-10,True
48000,fir129-p16000-s19000,lagrange-g32,overlap-reference,AB,3.4288435684938154e-07,5.795636840063164e-07,2.9930011134428815e-07,True,2.3157903582987392e-10,True
48000,fir129-p16000-s19000,hann-g32,overlap-reference,AB,8.54126767541862e-06,8.170989936604076e-06,8.484650098258892e-06,True,2.3157903582987392e-10,True
48000,fir129-p16000-s19000,kaiser-g32,overlap-reference,AB,3.104135160694739e-05,2.9808242184206632e-05,3.090440258592453e-05,True,2.3157903582987392e-10,True
48000,fir129-p16000-s19000,lagrange-g64,overlap-reference,AB,3.592195711921414e-08,4.8587110095721955e-08,2.9699903179004307e-08,True,2.3157903582987392e-10,True
48000,fir129-p16000-s19000,hann-g64,overlap-reference,AB,1.0293147589633359e-06,9.484657605161699e-07,1.022276247700586e-06,True,2.3157903582987392e-10,True
48000,fir129-p16000-s19000,kaiser-g64,overlap-reference,AB,1.6082026004086416e-05,1.4735046130849832e-05,1.6014395909285112e-05,True,2.3157903582987392e-10,True
48000,fir129-p16000-s19000,kaiser-g8,sustained-edge,A1,0.00030138115971400643,0.00017151289553814483,0.00027664174466872593,True,5.704294556356864e-09,True
48000,fir129-p16000-s19000,kaiser-g16,sustained-edge,A1,3.588599030673904e-05,3.7574895938799194e-05,3.374361161076457e-05,True,5.704294556356864e-09,True
48000,fir129-p16000-s19000,lagrange-g32,sustained-edge,A1,2.3292057724056695e-05,1.4730574230826956e-05,2.0021619605397775e-05,True,5.704294556356864e-09,True
48000,fir129-p16000-s19000,hann-g32,sustained-edge,A1,1.865436969825484e-05,8.509864592561114e-06,1.710527182066685e-05,True,5.704294556356864e-09,True
48000,fir129-p16000-s19000,kaiser-g32,sustained-edge,A1,2.7355900735420927e-05,2.4825109336648917e-05,2.6781915784659104e-05,True,5.704294556356864e-09,True
48000,fir129-p16000-s19000,lagrange-g64,sustained-edge,A1,1.4434247470585542e-06,4.708678216090369e-07,1.1664868471712222e-06,True,5.704294556356864e-09,True
48000,fir129-p16000-s19000,hann-g64,sustained-edge,A1,2.4836047039453134e-06,1.4089643993168906e-06,2.2691068079887897e-06,True,5.704294556356864e-09,True
48000,fir129-p16000-s19000,kaiser-g64,sustained-edge,A1,1.5582017610326135e-05,1.2463557613316963e-05,1.5346352114716343e-05,True,5.704294556356864e-09,True
48000,fir129-p16000-s19000,kaiser-g8,sustained-edge,B1,0.0025677868113225524,0.0011076464116276724,0.0025244409536722633,True,3.055864366862019e-08,True
48000,fir129-p16000-s19000,kaiser-g16,sustained-edge,B1,5.497615966883895e-05,3.1544849870484556e-05,5.3268314340325144e-05,True,3.055864366862019e-08,True
48000,fir129-p16000-s19000,lagrange-g32,sustained-edge,B1,0.0001979685019055875,9.281514367622593e-05,0.00018707217200121705,True,3.055864366862019e-08,True
48000,fir129-p16000-s19000,hann-g32,sustained-edge,B1,7.53813772027772e-05,3.504821295237645e-05,7.42009245331815e-05,True,3.055864366862019e-08,True
48000,fir129-p16000-s19000,kaiser-g32,sustained-edge,B1,4.158544132494993e-05,2.3180581531536994e-05,4.1245894052361545e-05,True,3.055864366862019e-08,True
48000,fir129-p16000-s19000,lagrange-g64,sustained-edge,B1,6.9647177801800725e-06,1.93132569830909e-06,6.848972399393482e-06,True,3.055864366862019e-08,True
48000,fir129-p16000-s19000,hann-g64,sustained-edge,B1,9.595561108219437e-06,4.514704670704164e-06,9.390163486444739e-06,True,3.055864366862019e-08,True
48000,fir129-p16000-s19000,kaiser-g64,sustained-edge,B1,2.015329689407658e-05,1.1240011249406962e-05,1.9996339318068336e-05,True,3.055864366862019e-08,True
48000,fir129-p16000-s19000,kaiser-g8,sustained-edge,AB,0.00030138118824995884,0.0001715128957983225,0.0002766424403949686,True,5.704288758312605e-09,True
48000,fir129-p16000-s19000,kaiser-g16,sustained-edge,AB,3.5885990572316934e-05,3.7574896085114845e-05,3.3743623727323186e-05,True,5.704288758312605e-09,True
48000,fir129-p16000-s19000,lagrange-g32,sustained-edge,AB,2.3292060328352055e-05,1.473057397052239e-05,2.002169913982858e-05,True,5.704288758312605e-09,True
48000,fir129-p16000-s19000,hann-g32,sustained-edge,AB,1.8654370659476156e-05,8.509864441037853e-06,1.7105291128181454e-05,True,5.704288758312605e-09,True
48000,fir129-p16000-s19000,kaiser-g32,sustained-edge,AB,2.7355900953293468e-05,2.48251094829627e-05,2.6781918796935693e-05,True,5.704288758312605e-09,True
48000,fir129-p16000-s19000,lagrange-g64,sustained-edge,AB,1.4434298220118483e-06,4.708676717542202e-07,1.1664859404126209e-06,True,5.704288758312605e-09,True
48000,fir129-p16000-s19000,hann-g64,sustained-edge,AB,2.4836062419676266e-06,1.4089642490512277e-06,2.2691104845092755e-06,True,5.704288758312605e-09,True
48000,fir129-p16000-s19000,kaiser-g64,sustained-edge,AB,1.558201804943973e-05,1.2463557467419617e-05,1.534635211406489e-05,True,5.704288758312605e-09,True
48000,iir-p16000-s20000,kaiser-g8,reference,A1,0.0001481923849674969,0.00011868002191775824,0.00012139278271815603,True,5.038869473635937e-09,True
48000,iir-p16000-s20000,kaiser-g16,reference,A1,2.9559258680538923e-05,2.457028869151881e-05,2.4685388905737423e-05,True,5.038869473635937e-09,True
48000,iir-p16000-s20000,lagrange-g32,reference,A1,1.2228843868790117e-05,1.1159809244622345e-05,8.816706770875478e-06,True,5.038869473635937e-09,True
48000,iir-p16000-s20000,hann-g32,reference,A1,1.4168433924974678e-05,9.954579335933125e-06,1.1211007973140094e-05,True,5.038869473635937e-09,True
48000,iir-p16000-s20000,kaiser-g32,reference,A1,1.7827988145798128e-05,1.287636732667899e-05,1.638994176345369e-05,True,5.038869473635937e-09,True
48000,iir-p16000-s20000,lagrange-g64,reference,A1,1.074868560381919e-07,1.0143224075990599e-07,8.518145483788633e-08,True,5.038869473635937e-09,True
48000,iir-p16000-s20000,hann-g64,reference,A1,1.8086424732399436e-06,1.2966779957700073e-06,1.4645526199285301e-06,True,5.038869473635937e-09,True
48000,iir-p16000-s20000,kaiser-g64,reference,A1,1.0635666027662352e-05,7.413092720848864e-06,1.0181206246043027e-05,True,5.038869473635937e-09,True
48000,iir-p16000-s20000,kaiser-g8,reference,B1,2.5143439064920383e-05,2.8408848864300452e-05,1.6538414262406896e-05,True,1.5780092758063978e-10,True
48000,iir-p16000-s20000,kaiser-g16,reference,B1,6.371055735676211e-05,6.190227094464799e-05,6.367790651191894e-05,True,1.5780092758063978e-10,True
48000,iir-p16000-s20000,lagrange-g32,reference,B1,2.588781090161512e-07,7.965279518874717e-07,2.471195745471601e-07,True,1.5780092758063978e-10,True
48000,iir-p16000-s20000,hann-g32,reference,B1,2.168455733786146e-06,3.99478606500292e-06,2.1569741422111597e-06,True,1.5780092758063978e-10,True
48000,iir-p16000-s20000,kaiser-g32,reference,B1,8.508903601628858e-06,1.5198644425665382e-05,8.47070661002404e-06,True,1.5780092758063978e-10,True
48000,iir-p16000-s20000,lagrange-g64,reference,B1,2.9274413731354e-09,9.746747278323451e-09,2.8777357516251815e-09,True,1.5780092758063978e-10,True
48000,iir-p16000-s20000,hann-g64,reference,B1,5.701905041200432e-07,6.869023988810134e-07,5.697948479401165e-07,True,1.5780092758063978e-10,True
48000,iir-p16000-s20000,kaiser-g64,reference,B1,9.10596690838866e-06,1.0592330398912749e-05,9.099551268758636e-06,True,1.5780092758063978e-10,True
48000,iir-p16000-s20000,kaiser-g8,reference,AB,0.00014368207999761244,0.00011868002191775824,0.00011764636802070136,True,5.038869473635937e-09,True
48000,iir-p16000-s20000,kaiser-g16,reference,AB,3.271620471884787e-05,2.457028869151881e-05,2.866637761134587e-05,True,5.038869473635937e-09,True
48000,iir-p16000-s20000,lagrange-g32,reference,AB,1.1845617545769984e-05,1.1159809244622345e-05,8.539762211029784e-06,True,5.038869473635937e-09,True
48000,iir-p16000-s20000,hann-g32,reference,AB,1.3734792064533401e-05,9.954579335933125e-06,1.0871522527234363e-05,True,5.038869473635937e-09,True
48000,iir-p16000-s20000,kaiser-g32,reference,AB,1.739794598570551e-05,1.287636732667899e-05,1.6011791232882222e-05,True,5.038869473635937e-09,True
48000,iir-p16000-s20000,lagrange-g64,reference,AB,1.0411944882763799e-07,1.0143224075990599e-07,8.252225461115785e-08,True,5.038869473635937e-09,True
48000,iir-p16000-s20000,hann-g64,reference,AB,1.7576552566581002e-06,1.2966779957687937e-06,1.4255216346994805e-06,True,5.038869473635937e-09,True
48000,iir-p16000-s20000,kaiser-g64,reference,AB,1.0547676622653062e-05,7.413092720848864e-06,1.0116088916991582e-05,True,5.038869473635937e-09,True
48000,iir-p16000-s20000,kaiser-g8,edge,A1,0.00038989941788697527,0.00039433584283446465,0.0003213974399227713,True,1.1317000349213842e-08,True
48000,iir-p16000-s20000,kaiser-g16,edge,A1,4.8834189959525364e-05,3.806291971173843e-05,4.122930128260649e-05,True,1.1317000349213842e-08,True
48000,iir-p16000-s20000,lagrange-g32,edge,A1,3.3343938294986984e-05,3.687356429211561e-05,2.32190067833459e-05,True,1.1317000349213842e-08,True
48000,iir-p16000-s20000,hann-g32,edge,A1,3.151711293944801e-05,2.3472879590510503e-05,2.4839381833075074e-05,True,1.1317000349213842e-08,True
48000,iir-p16000-s20000,kaiser-g32,edge,A1,2.4224377012276362e-05,1.471796620163592e-05,2.1849456851206984e-05,True,1.1317000349213842e-08,True
48000,iir-p16000-s20000,lagrange-g64,edge,A1,2.464228107213048e-07,2.776366006586888e-07,1.9228415883276907e-07,True,1.1317000349213842e-08,True
48000,iir-p16000-s20000,hann-g64,edge,A1,3.838192090891173e-06,3.0487757109696775e-06,3.040582320385093e-06,True,1.1317000349213842e-08,True
48000,iir-p16000-s20000,kaiser-g64,edge,A1,1.2584300765642953e-05,7.952491530721716e-06,1.161672031495562e-05,True,1.1317000349213842e-08,True
48000,iir-p16000-s20000,kaiser-g8,edge,B1,0.002613684962745954,0.0027233911183300904,0.002561993010369616,True,3.352613669245925e-08,True
48000,iir-p16000-s20000,kaiser-g16,edge,B1,5.868860575324433e-05,6.027246487046218e-05,5.70065664116364e-05,True,3.352613669245925e-08,True
48000,iir-p16000-s20000,lagrange-g32,edge,B1,0.00022740762258875036,0.0002645680183149033,0.00021756508037227334,True,3.352613669245925e-08,True
48000,iir-p16000-s20000,hann-g32,edge,B1,6.767642806704095e-05,5.655922059384995e-05,6.643561044966908e-05,True,3.352613669245925e-08,True
48000,iir-p16000-s20000,kaiser-g32,edge,B1,3.8456164923897156e-05,2.7212425321276164e-05,3.8102681331447867e-05,True,3.352613669245925e-08,True
48000,iir-p16000-s20000,lagrange-g64,edge,B1,1.6192577769384505e-06,1.5958674460889415e-06,1.5838116136765363e-06,True,3.352613669245925e-08,True
48000,iir-p16000-s20000,hann-g64,edge,B1,8.442912673110806e-06,7.1071675341607555e-06,8.290072246134024e-06,True,3.352613669245925e-08,True
48000,iir-p16000-s20000,kaiser-g64,edge,B1,1.966302753107242e-05,1.2826178291818894e-05,1.9534585117826474e-05,True,3.352613669245925e-08,True
48000,iir-p16000-s20000,kaiser-g8,edge,AB,0.0003899001752498487,0.0003943358428344621,0.0003213941136078405,True,1.1317000431363401e-08,True
48000,iir-p16000-s20000,kaiser-g16,edge,AB,4.88341909187795e-05,3.806291971173843e-05,4.1228810376920386e-05,True,1.1317000431363401e-08,True
48000,iir-p16000-s20000,lagrange-g32,edge,AB,3.3344005388133e-05,3.687356429211304e-05,2.321846720880546e-05,True,1.1317000431363401e-08,True
48000,iir-p16000-s20000,hann-g32,edge,AB,3.151711797076127e-05,2.3472879590507758e-05,2.4839448581870912e-05,True,1.1317000431363401e-08,True
48000,iir-p16000-s20000,kaiser-g32,edge,AB,2.4224378640314026e-05,1.471796620163592e-05,2.1849364754296286e-05,True,1.1317000431363401e-08,True
48000,iir-p16000-s20000,lagrange-g64,edge,AB,2.4642327023180286e-07,2.776366006586888e-07,1.9228685131784503e-07,True,1.1317000431363401e-08,True
48000,iir-p16000-s20000,hann-g64,edge,AB,3.838192742275706e-06,3.04877571097085e-06,3.0405803585716425e-06,True,1.1317000431363401e-08,True
48000,iir-p16000-s20000,kaiser-g64,edge,AB,1.2584301567591025e-05,7.952491530721716e-06,1.1616706114846685e-05,True,1.1317000431363401e-08,True
48000,iir-p16000-s20000,kaiser-g8,overlap-reference,A1,1.8714027206841778e-05,2.6801259015256505e-05,1.1296764381251832e-05,True,2.088665742913661e-10,True
48000,iir-p16000-s20000,kaiser-g16,overlap-reference,A1,5.1751559750677395e-05,5.051540370788132e-05,5.1347164801551056e-05,True,2.088665742913661e-10,True
48000,iir-p16000-s20000,lagrange-g32,overlap-reference,A1,3.1122964526887377e-07,6.412282005766041e-07,2.724397930887363e-07,True,2.088665742913661e-10,True
48000,iir-p16000-s20000,hann-g32,overlap-reference,A1,8.543723521296103e-06,8.096881664000745e-06,8.486939875912927e-06,True,2.088665742913661e-10,True
48000,iir-p16000-s20000,kaiser-g32,overlap-reference,A1,3.10460709085953e-05,2.9662343895570737e-05,3.090878493642923e-05,True,2.088665742913661e-10,True
48000,iir-p16000-s20000,lagrange-g64,overlap-reference,A1,2.85245581617326e-09,7.45348350191984e-09,2.584231618964742e-09,True,2.088665742913661e-10,True
48000,iir-p16000-s20000,hann-g64,overlap-reference,A1,1.0294660216311083e-06,9.508802424626205e-07,1.0224487282424014e-06,True,2.088665742913661e-10,True
48000,iir-p16000-s20000,kaiser-g64,overlap-reference,A1,1.6084639836389008e-05,1.4817817022305565e-05,1.6016739662575167e-05,True,2.088665742913661e-10,True
48000,iir-p16000-s20000,kaiser-g8,overlap-reference,B1,2.514343823375506e-05,2.8408830026387086e-05,1.6538413042728428e-05,True,1.5780084616163812e-10,True
48000,iir-p16000-s20000,kaiser-g16,overlap-reference,B1,6.371055736397499e-05,6.190227045047251e-05,6.367790651916246e-05,True,1.5780084616163812e-10,True
48000,iir-p16000-s20000,lagrange-g32,overlap-reference,B1,2.588776474793519e-07,7.96527634583129e-07,2.4711914045658184e-07,True,1.5780084616163812e-10,True
48000,iir-p16000-s20000,hann-g32,overlap-reference,B1,2.168455722088026e-06,3.9947855089237655e-06,2.1569741305744737e-06,True,1.5780084616163812e-10,True
48000,iir-p16000-s20000,kaiser-g32,overlap-reference,B1,8.508903577533187e-06,1.5198644485788572e-05,8.47070658570869e-06,True,1.5780084616163812e-10,True
48000,iir-p16000-s20000,lagrange-g64,overlap-reference,B1,2.9274427903646214e-09,9.746748664641164e-09,2.8777371695004785e-09,True,1.5780084616163812e-10,True
48000,iir-p16000-s20000,hann-g64,overlap-reference,B1,5.701905044595119e-07,6.869023772929177e-07,5.697948483013016e-07,True,1.5780084616163812e-10,True
48000,iir-p16000-s20000,kaiser-g64,overlap-reference,B1,9.105966919854153e-06,1.0592330340770757e-05,9.099551280233591e-06,True,1.5780084616163812e-10,True
48000,iir-p16000-s20000,kaiser-g8,overlap-reference,AB,1.8714049710298514e-05,2.6801259015256505e-05,1.1296711772316582e-05,True,2.0886665565016023e-10,True
48000,iir-p16000-s20000,kaiser-g16,overlap-reference,AB,5.1751599676993514e-05,5.051540370788132e-05,5.134720538344163e-05,True,2.0886665565016023e-10,True
48000,iir-p16000-s20000,lagrange-g32,overlap-reference,AB,3.1122948484355524e-07,6.412282005766041e-07,2.724401531996917e-07,True,2.0886665565016023e-10,True
48000,iir-p16000-s20000,hann-g32,overlap-reference,AB,8.54371156510947e-06,8.096881664000745e-06,8.486928280603559e-06,True,2.0886665565016023e-10,True
48000,iir-p16000-s20000,kaiser-g32,overlap-reference,AB,3.104602795567124e-05,2.966234389540802e-05,3.090874283625963e-05,True,2.0886665565016023e-10,True
48000,iir-p16000-s20000,lagrange-g64,overlap-reference,AB,2.8524558004160133e-09,7.45348350191984e-09,2.5842099083107813e-09,True,2.0886665565016023e-10,True
48000,iir-p16000-s20000,hann-g64,overlap-reference,AB,1.0294649668872014e-06,9.508802424626205e-07,1.0224478003939232e-06,True,2.0886665565016023e-10,True
48000,iir-p16000-s20000,kaiser-g64,overlap-reference,AB,1.6084623665905266e-05,1.4817817022468283e-05,1.6016724471584097e-05,True,2.0886665565016023e-10,True
48000,iir-p16000-s20000,kaiser-g8,sustained-edge,A1,0.0002461803274103779,0.00017672181004637993,0.00022591794633738184,True,4.992468732981805e-09,True
48000,iir-p16000-s20000,kaiser-g16,sustained-edge,A1,3.582463616765933e-05,3.748800072212213e-05,3.376097546227609e-05,True,4.992468732981805e-09,True
48000,iir-p16000-s20000,lagrange-g32,sustained-edge,A1,2.0428911303173844e-05,1.6447650011898006e-05,1.7545853246097328e-05,True,4.992468732981805e-09,True
48000,iir-p16000-s20000,hann-g32,sustained-edge,A1,1.7579507078896686e-05,6.949760637919135e-06,1.614373078919022e-05,True,4.992468732981805e-09,True
48000,iir-p16000-s20000,kaiser-g32,sustained-edge,A1,2.7253596154140594e-05,2.4752858421967216e-05,2.6707032188918598e-05,True,4.992468732981805e-09,True
48000,iir-p16000-s20000,lagrange-g64,sustained-edge,A1,1.4428022795456973e-07,1.1309231163894052e-07,1.2694595929860192e-07,True,4.992468732981805e-09,True
48000,iir-p16000-s20000,hann-g64,sustained-edge,A1,2.279760718992405e-06,1.0863275257548943e-06,2.1039029165679774e-06,True,4.992468732981805e-09,True
48000,iir-p16000-s20000,kaiser-g64,sustained-edge,A1,1.557086441102514e-05,1.2419608031194977e-05,1.534746447273512e-05,True,4.992468732981805e-09,True
48000,iir-p16000-s20000,kaiser-g8,sustained-edge,B1,0.002613684930818976,0.0027233909936489747,0.0025619929790791592,True,3.352613535429843e-08,True
48000,iir-p16000-s20000,kaiser-g16,sustained-edge,B1,5.868860639725436e-05,6.0272458767232104e-05,5.700656706781895e-05,True,3.352613535429843e-08,True
48000,iir-p16000-s20000,lagrange-g32,sustained-edge,B1,0.0002274076196360287,0.0002645680055181477,0.00021756507753350522,True,3.352613535429843e-08,True
48000,iir-p16000-s20000,hann-g32,sustained-edge,B1,6.76764279509264e-05,5.6559219099086e-05,6.643561033832656e-05,True,3.352613535429843e-08,True
48000,iir-p16000-s20000,kaiser-g32,sustained-edge,B1,3.845616506100556e-05,2.721242505019102e-05,3.8102681469100424e-05,True,3.352613535429843e-08,True
48000,iir-p16000-s20000,lagrange-g64,sustained-edge,B1,1.6192577533013109e-06,1.5958673642155303e-06,1.583811590674191e-06,True,3.352613535429843e-08,True
48000,iir-p16000-s20000,hann-g64,sustained-edge,B1,8.442912654387095e-06,7.107167343346686e-06,8.290072227946734e-06,True,3.352613535429843e-08,True
48000,iir-p16000-s20000,kaiser-g64,sustained-edge,B1,1.966302755178562e-05,1.2826178217281089e-05,1.9534585138348205e-05,True,3.352613535429843e-08,True
48000,iir-p16000-s20000,kaiser-g8,sustained-edge,AB,0.0002461803557285464,0.00017672181004637993,0.00022591892227688271,True,4.992468889932564e-09,True
48000,iir-p16000-s20000,kaiser-g16,sustained-edge,AB,3.582463622975837e-05,3.7488000722323396e-05,3.376099026712089e-05,True,4.992468889932564e-09,True
48000,iir-p16000-s20000,lagrange-g32,sustained-edge,AB,2.0428913887825965e-05,1.6447650011910586e-05,1.754594022280477e-05,True,4.992468889932564e-09,True
48000,iir-p16000-s20000,hann-g32,sustained-edge,AB,1.757950732148995e-05,6.949760637717869e-06,1.6143753214125004e-05,True,4.992468889932564e-09,True
48000,iir-p16000-s20000,kaiser-g32,sustained-edge,AB,2.725359617948918e-05,2.475285842216848e-05,2.670703517440195e-05,True,4.992468889932564e-09,True
48000,iir-p16000-s20000,lagrange-g64,sustained-edge,AB,1.4428024651790438e-07,1.1309231163894052e-07,1.2694587984485212e-07,True,4.992468889932564e-09,True
48000,iir-p16000-s20000,hann-g64,sustained-edge,AB,2.2797607808724124e-06,1.0863275257548943e-06,2.103907099770912e-06,True,4.992468889932564e-09,True
48000,iir-p16000-s20000,kaiser-g64,sustained-edge,AB,1.5570864559059667e-05,1.2419608031194977e-05,1.534746494048214e-05,True,4.992468889932564e-09,True
48000,fir65-p16000-s20000,kaiser-g8,reference,A1,0.0004030047620332032,0.000303045164712938,0.0003414202862249713,True,6.835679492885217e-09,True
48000,fir65-p16000-s20000,kaiser-g16,reference,A1,3.0398342210506144e-05,2.3799263130276757e-05,2.5352329238127552e-05,True,6.835679492885217e-09,True
48000,fir65-p16000-s20000,lagrange-g32,reference,A1,3.704168827136208e-05,3.231990605082868e-05,2.7732655240797287e-05,True,6.835679492885217e-09,True
48000,fir65-p16000-s20000,hann-g32,reference,A1,1.57629201114559e-05,1.2725965644866802e-05,1.2604451040378559e-05,True,6.835679492885217e-09,True
48000,fir65-p16000-s20000,kaiser-g32,reference,A1,1.8511143289427456e-05,1.2363159074499118e-05,1.6834580804598187e-05,True,6.835679492885217e-09,True
48000,fir65-p16000-s20000,lagrange-g64,reference,A1,6.073805196124721e-06,2.377180585351496e-06,4.60364231111007e-06,True,6.835679492885217e-09,True
48000,fir65-p16000-s20000,hann-g64,reference,A1,4.214637544141549e-06,2.354208576271224e-06,3.273798310236166e-06,True,6.835679492885217e-09,True
48000,fir65-p16000-s20000,kaiser-g64,reference,A1,1.1352925778349266e-05,7.235976995999408e-06,1.0625913078725619e-05,True,6.835679492885217e-09,True
48000,fir65-p16000-s20000,kaiser-g8,reference,B1,2.6469818900761803e-05,3.2595730543139704e-05,1.8484331001525032e-05,True,2.869294918541177e-10,True
48000,fir65-p16000-s20000,kaiser-g16,reference,B1,6.371929091086619e-05,6.247359586315147e-05,6.368688852971866e-05,True,2.869294918541177e-10,True
48000,fir65-p16000-s20000,lagrange-g32,reference,B1,8.783826802039924e-07,2.3410777316004766e-06,8.435176613932595e-07,True,2.869294918541177e-10,True
48000,fir65-p16000-s20000,hann-g32,reference,B1,2.1758073893032607e-06,3.960306310293984e-06,2.163771221621345e-06,True,2.869294918541177e-10,True
48000,fir65-p16000-s20000,kaiser-g32,reference,B1,8.51293562200589e-06,1.5186534769689926e-05,8.474877793619813e-06,True,2.869294918541177e-10,True
48000,fir65-p16000-s20000,lagrange-g64,reference,B1,1.8890641614117465e-07,2.4471068649360477e-07,1.8454648557627495e-07,True,2.869294918541177e-10,True
48000,fir65-p16000-s20000,hann-g64,reference,B1,5.794940914047585e-07,6.967953975264128e-07,5.778288774350856e-07,True,2.869294918541177e-10,True
48000,fir65-p16000-s20000,kaiser-g64,reference,B1,9.108833812819318e-06,1.0580277087050472e-05,9.102368191224309e-06,True,2.869294918541177e-10,True
48000,fir65-p16000-s20000,kaiser-g8,reference,AB,0.0003904867012409417,0.00030304515302218514,0.00033076090758036664,True,6.8361561454327695e-09,True
48000,fir65-p16000-s20000,kaiser-g16,reference,AB,3.3416853867894284e-05,2.3799252859207802e-05,2.91911417536155e-05,True,6.8361561454327695e-09,True
48000,fir65-p16000-s20000,lagrange-g32,reference,AB,3.588666727618603e-05,3.231991780806121e-05,2.686568707364435e-05,True,6.8361561454327695e-09,True
48000,fir65-p16000-s20000,hann-g32,reference,AB,1.528054995077293e-05,1.2725977858854798e-05,1.2221216805835048e-05,True,6.8361561454327695e-09,True
48000,fir65-p16000-s20000,kaiser-g32,reference,AB,1.805721089380568e-05,1.236314884495666e-05,1.644053606752395e-05,True,6.8361561454327695e-09,True
48000,fir65-p16000-s20000,lagrange-g64,reference,AB,5.884266729489e-06,2.3771930089452806e-06,4.4598531001737815e-06,True,6.8361561454327695e-09,True
48000,fir65-p16000-s20000,hann-g64,reference,AB,4.085305663844509e-06,2.354221292884047e-06,3.1731104830989578e-06,True,6.8361561454327695e-09,True
48000,fir65-p16000-s20000,kaiser-g64,reference,AB,1.1227884618424832e-05,7.235966766509398e-06,1.05364708662703e-05,True,6.8361561454327695e-09,True
48000,fir65-p16000-s20000,kaiser-g8,edge,A1,0.0010134485020287444,0.0009281331132218771,0.0008475238343338474,True,1.6912823685261004e-08,True
48000,fir65-p16000-s20000,kaiser-g16,edge,A1,5.044839310466473e-05,3.915865439085748e-05,4.2161489627872784e-05,True,1.6912823685261004e-08,True
48000,fir65-p16000-s20000,lagrange-g32,edge,A1,9.192458693799417e-05,8.974039982815671e-05,6.71935042704422e-05,True,1.6912823685261004e-08,True
48000,fir65-p16000-s20000,hann-g32,edge,A1,3.519453042971144e-05,3.0403754089355484e-05,2.7995999293506245e-05,True,1.6912823685261004e-08,True
48000,fir65-p16000-s20000,kaiser-g32,edge,A1,2.6181295366963295e-05,1.74336700255274e-05,2.306342395156672e-05,True,1.6912823685261004e-08,True
48000,fir65-p16000-s20000,lagrange-g64,edge,A1,1.2285178022403497e-05,5.524646978624259e-06,9.200385305957482e-06,True,1.6912823685261004e-08,True
48000,fir65-p16000-s20000,hann-g64,edge,A1,8.638024981811078e-06,5.427591878082357e-06,6.6405557756943e-06,True,1.6912823685261004e-08,True
48000,fir65-p16000-s20000,kaiser-g64,edge,A1,1.4991334174089983e-05,1.0171115708690955e-05,1.3177418369536729e-05,True,1.6912823685261004e-08,True
48000,fir65-p16000-s20000,kaiser-g8,edge,B1,0.006504008232761387,0.0037329528966140654,0.0063904386117032445,True,3.8443318883062716e-08,True
48000,fir65-p16000-s20000,kaiser-g16,edge,B1,7.247749634898668e-05,4.485101659437906e-05,7.045368086970558e-05,True,3.8443318883062716e-08,True
48000,fir65-p16000-s20000,lagrange-g32,edge,B1,0.0006163745828921046,0.00036557095090594037,0.0005916746664659307,True,3.8443318883062716e-08,True
48000,fir65-p16000-s20000,hann-g32,edge,B1,9.011444880904085e-05,4.918390998956427e-05,8.845749541942063e-05,True,3.8443318883062716e-08,True
48000,fir65-p16000-s20000,kaiser-g32,edge,B1,4.32803845152332e-05,2.1316065249348612e-05,4.2370370137730994e-05,True,3.8443318883062716e-08,True
48000,fir65-p16000-s20000,lagrange-g64,edge,B1,2.5837421984957533e-05,7.818766685369375e-06,2.527495817757303e-05,True,3.8443318883062716e-08,True
48000,fir65-p16000-s20000,hann-g64,edge,B1,1.7145191517026927e-05,7.91297875708516e-06,1.6298956688716083e-05,True,3.8443318883062716e-08,True
48000,fir65-p16000-s20000,kaiser-g64,edge,B1,2.4964919008600458e-05,1.2427588389736346e-05,2.4291175350144742e-05,True,3.8443318883062716e-08,True
48000,fir65-p16000-s20000,kaiser-g8,edge,AB,0.0010134514091115403,0.0009281331157631464,0.0008474940688744161,True,1.691292630539883e-08,True
48000,fir65-p16000-s20000,kaiser-g16,edge,AB,5.0448383198082913e-05,3.915865210888797e-05,4.216085565944538e-05,True,1.691292630539883e-08,True
48000,fir65-p16000-s20000,lagrange-g32,edge,AB,9.192487015156806e-05,8.97403973004356e-05,6.719275696808183e-05,True,1.691292630539883e-08,True
48000,fir65-p16000-s20000,hann-g32,edge,AB,3.5194525659624195e-05,3.0403751702675217e-05,2.799589542304199e-05,True,1.691292630539883e-08,True
48000,fir65-p16000-s20000,kaiser-g32,edge,AB,2.618127313170014e-05,1.7433667387359214e-05,2.3063156446780165e-05,True,1.691292630539883e-08,True
48000,fir65-p16000-s20000,lagrange-g64,edge,AB,1.228513694139168e-05,5.52464966570718e-06,9.200316187083289e-06,True,1.691292630539883e-08,True
48000,fir65-p16000-s20000,hann-g64,edge,AB,8.637957430325773e-06,5.427594628534717e-06,6.640215449143244e-06,True,1.691292630539883e-08,True
48000,fir65-p16000-s20000,kaiser-g64,edge,AB,1.4991295074376274e-05,1.0171118446104775e-05,1.3177209406406121e-05,True,1.691292630539883e-08,True
48000,fir65-p16000-s20000,kaiser-g8,overlap-reference,A1,2.0958063069493403e-05,3.0451608309466235e-05,1.4119072402659063e-05,True,2.7035305819119995e-10,True
48000,fir65-p16000-s20000,kaiser-g16,overlap-reference,A1,5.1748128108485456e-05,5.06084320380733e-05,5.134229562655785e-05,True,2.7035305819119995e-10,True
48000,fir65-p16000-s20000,lagrange-g32,overlap-reference,A1,9.506700075459987e-07,1.7338059819771525e-06,8.385349521626313e-07,True,2.7035305819119995e-10,True
48000,fir65-p16000-s20000,hann-g32,overlap-reference,A1,8.54246106319965e-06,8.250492215354181e-06,8.485515175787871e-06,True,2.7035305819119995e-10,True
48000,fir65-p16000-s20000,kaiser-g32,overlap-reference,A1,3.10415888950059e-05,2.9831975646773857e-05,3.090456057343142e-05,True,2.7035305819119995e-10,True
48000,fir65-p16000-s20000,lagrange-g64,overlap-reference,A1,1.643454356695412e-07,2.1727886195566486e-07,1.3584688067905866e-07,True,2.7035305819119995e-10,True
48000,fir65-p16000-s20000,hann-g64,overlap-reference,A1,1.0327102627557931e-06,1.0136318096553242e-06,1.024541913828294e-06,True,2.7035305819119995e-10,True
48000,fir65-p16000-s20000,kaiser-g64,overlap-reference,A1,1.6082388985431847e-05,1.479254515596072e-05,1.6014674598873534e-05,True,2.7035305819119995e-10,True
48000,fir65-p16000-s20000,kaiser-g8,overlap-reference,B1,2.646981439469179e-05,3.259570533876022e-05,1.8484324751359736e-05,True,2.8692916225097154e-10,True
48000,fir65-p16000-s20000,kaiser-g16,overlap-reference,B1,6.371929091975582e-05,6.247359403212608e-05,6.368688853825583e-05,True,2.8692916225097154e-10,True
48000,fir65-p16000-s20000,lagrange-g32,overlap-reference,B1,8.783821751691272e-07,2.341074387804915e-06,8.435172070467931e-07,True,2.8692916225097154e-10,True
48000,fir65-p16000-s20000,hann-g32,overlap-reference,B1,2.1758074179689867e-06,3.960306727296838e-06,2.1637712401098134e-06,True,2.8692916225097154e-10,True
48000,fir65-p16000-s20000,kaiser-g32,overlap-reference,B1,8.512935610406535e-06,1.5186535247957838e-05,8.474877779049119e-06,True,2.8692916225097154e-10,True
48000,fir65-p16000-s20000,lagrange-g64,overlap-reference,B1,1.8890700375867581e-07,2.447095380687425e-07,1.8454702133661088e-07,True,2.8692916225097154e-10,True
48000,fir65-p16000-s20000,hann-g64,overlap-reference,B1,5.794942544392076e-07,6.967947190457795e-07,5.778290074533828e-07,True,2.8692916225097154e-10,True
48000,fir65-p16000-s20000,kaiser-g64,overlap-reference,B1,9.108833834972001e-06,1.0580277441450167e-05,9.102368211146014e-06,True,2.8692916225097154e-10,True
48000,fir65-p16000-s20000,kaiser-g8,overlap-reference,AB,2.0958081445622068e-05,3.0451608679174463e-05,1.4118996509285524e-05,True,2.7034172110446213e-10,True
48000,fir65-p16000-s20000,kaiser-g16,overlap-reference,AB,5.1748168080531366e-05,5.060843166335974e-05,5.1342336242801686e-05,True,2.7034172110446213e-10,True
48000,fir65-p16000-s20000,lagrange-g32,overlap-reference,AB,9.506701928489805e-07,1.7338056128686995e-06,8.385382223952106e-07,True,2.7034172110446213e-10,True
48000,fir65-p16000-s20000,hann-g32,overlap-reference,AB,8.54244916480558e-06,8.250491840493206e-06,8.485503499143436e-06,True,2.7034172110446213e-10,True
48000,fir65-p16000-s20000,kaiser-g32,overlap-reference,AB,3.104154597399854e-05,2.983197527157863e-05,3.090451846229463e-05,True,2.7034172110446213e-10,True
48000,fir65-p16000-s20000,lagrange-g64,overlap-reference,AB,1.6434812140135833e-07,2.1727848644517506e-07,1.358403679117026e-07,True,2.7034172110446213e-10,True
48000,fir65-p16000-s20000,hann-g64,overlap-reference,AB,1.0327095629510825e-06,1.0136314292508324e-06,1.0245406317175455e-06,True,2.7034172110446213e-10,True
48000,fir65-p16000-s20000,kaiser-g64,overlap-reference,AB,1.6082372850528822e-05,1.479254477522487e-05,1.60146593877462e-05,True,2.7034172110446213e-10,True
48000,fir65-p16000-s20000,kaiser-g8,sustained-edge,A1,0.000647594849214592,0.0005199419196616974,0.0005966293486480233,True,6.394313982668244e-09,True
48000,fir65-p16000-s20000,kaiser-g16,sustained-edge,A1,3.664098774199126e-05,3.7521188718848344e-05,3.4318801845950626e-05,True,6.394313982668244e-09,True
48000,fir65-p16000-s20000,lagrange-g32,sustained-edge,A1,5.911553883080846e-05,4.77749403484213e-05,5.087069967625524e-05,True,6.394313982668244e-09,True
48000,fir65-p16000-s20000,hann-g32,sustained-edge,A1,2.004147595682763e-05,9.59356375773771e-06,1.8293426117583878e-05,True,6.394313982668244e-09,True
48000,fir65-p16000-s20000,kaiser-g32,sustained-edge,A1,2.7711169978337137e-05,2.516371459605802e-05,2.700902953586934e-05,True,6.394313982668244e-09,True
48000,fir65-p16000-s20000,lagrange-g64,sustained-edge,A1,6.358429343623239e-06,1.8579374346486982e-06,5.15897384033972e-06,True,6.394313982668244e-09,True
48000,fir65-p16000-s20000,hann-g64,sustained-edge,A1,4.1672788897384305e-06,2.3944313281831387e-06,3.5449142939656246e-06,True,6.394313982668244e-09,True
48000,fir65-p16000-s20000,kaiser-g64,sustained-edge,A1,1.5969566379247507e-05,1.2653835486010942e-05,1.5604379832596238e-05,True,6.394313982668244e-09,True
48000,fir65-p16000-s20000,kaiser-g8,sustained-edge,B1,0.006504008171903672,0.0037329530228932526,0.006390438551928104,True,3.844331842533918e-08,True
48000,fir65-p16000-s20000,kaiser-g16,sustained-edge,B1,7.247749564630865e-05,4.485101756774665e-05,7.045368027298654e-05,True,3.844331842533918e-08,True
48000,fir65-p16000-s20000,lagrange-g32,sustained-edge,B1,0.0006163745767553768,0.0003655709644623189,0.0005916746605542983,True,3.844331842533918e-08,True
48000,fir65-p16000-s20000,hann-g32,sustained-edge,B1,9.01144481521734e-05,4.9183912174870455e-05,8.845749481532842e-05,True,3.844331842533918e-08,True
48000,fir65-p16000-s20000,kaiser-g32,sustained-edge,B1,4.3280383817968746e-05,2.1316066649930513e-05,4.237036954934761e-05,True,3.844331842533918e-08,True
48000,fir65-p16000-s20000,lagrange-g64,sustained-edge,B1,2.5837419671731916e-05,7.81876649691878e-06,2.5274955935070182e-05,True,3.844331842533918e-08,True
48000,fir65-p16000-s20000,hann-g64,sustained-edge,B1,1.71451903797168e-05,7.912978923606511e-06,1.6298955661068515e-05,True,3.844331842533918e-08,True
48000,fir65-p16000-s20000,kaiser-g64,sustained-edge,B1,2.4964918171878213e-05,1.2427588291104904e-05,2.4291174616746645e-05,True,3.844331842533918e-08,True
48000,fir65-p16000-s20000,kaiser-g8,sustained-edge,AB,0.0006475949604135478,0.000519941918523165,0.0005966359488339984,True,6.3942132218242516e-09,True
48000,fir65-p16000-s20000,kaiser-g16,sustained-edge,AB,3.664099027631706e-05,3.752118807879192e-05,3.4318818520067066e-05,True,6.3942132218242516e-09,True
48000,fir65-p16000-s20000,lagrange-g32,sustained-edge,AB,5.911555130984976e-05,4.777493921019116e-05,5.087118131270499e-05,True,6.3942132218242516e-09,True
48000,fir65-p16000-s20000,hann-g32,sustained-edge,AB,2.0041480583878804e-05,9.593564420603841e-06,1.8293464178075377e-05,True,6.3942132218242516e-09,True
48000,fir65-p16000-s20000,kaiser-g32,sustained-edge,AB,2.771117297274111e-05,2.516371395600951e-05,2.7009028670892254e-05,True,6.3942132218242516e-09,True
48000,fir65-p16000-s20000,lagrange-g64,sustained-edge,AB,6.358442999615483e-06,1.8579367842920005e-06,5.15895417509248e-06,True,6.3942132218242516e-09,True
48000,fir65-p16000-s20000,hann-g64,sustained-edge,AB,4.1672951998147355e-06,2.3944306700837703e-06,3.5448956509474972e-06,True,6.3942132218242516e-09,True
48000,fir65-p16000-s20000,kaiser-g64,sustained-edge,AB,1.596957102287765e-05,1.265383484514459e-05,1.560437390261167e-05,True,6.3942132218242516e-09,True
48000,fir129-p16000-s20000,kaiser-g8,reference,A1,0.00041582063643326667,0.00028446021556956784,0.00035029137175719905,True,6.959426342314043e-09,True
48000,fir129-p16000-s20000,kaiser-g16,reference,A1,3.0037176428672006e-05,2.3738229534338868e-05,2.510573016234748e-05,True,6.959426342314043e-09,True
48000,fir129-p16000-s20000,lagrange-g32,reference,A1,3.461781883747127e-05,2.58318614107602e-05,2.508173621813605e-05,True,6.959426342314043e-09,True
48000,fir129-p16000-s20000,hann-g32,reference,A1,1.5469498389374567e-05,1.2424140829157938e-05,1.2425115802117265e-05,True,6.959426342314043e-09,True
48000,fir129-p16000-s20000,kaiser-g32,reference,A1,1.812255341492152e-05,1.2316528627064321e-05,1.6590921801532585e-05,True,6.959426342314043e-09,True
48000,fir129-p16000-s20000,lagrange-g64,reference,A1,3.685869717160944e-06,1.4051966237620904e-06,2.8155329132326688e-06,True,6.959426342314043e-09,True
48000,fir129-p16000-s20000,hann-g64,reference,A1,2.7989259130429207e-06,1.7922864851540403e-06,2.2059336480382342e-06,True,6.959426342314043e-09,True
48000,fir129-p16000-s20000,kaiser-g64,reference,A1,1.088278038167572e-05,7.2854773801689344e-06,1.0338719099681118e-05,True,6.959426342314043e-09,True
48000,fir129-p16000-s20000,kaiser-g8,reference,B1,2.626985475751301e-05,3.262338947941159e-05,1.8206491273657055e-05,True,2.830544619818464e-10,True
48000,fir129-p16000-s20000,kaiser-g16,reference,B1,6.371922073669665e-05,6.258423962320447e-05,6.368684406432711e-05,True,2.830544619818464e-10,True
48000,fir129-p16000-s20000,lagrange-g32,reference,B1,7.151701877378902e-07,1.6721234016116011e-06,6.818936488247156e-07,True,2.830544619818464e-10,True
48000,fir129-p16000-s20000,hann-g32,reference,B1,2.173663376988194e-06,3.962226100883658e-06,2.1620132903910602e-06,True,2.830544619818464e-10,True
48000,fir129-p16000-s20000,kaiser-g32,reference,B1,8.511771212802524e-06,1.5151487645746159e-05,8.473822743764529e-06,True,2.830544619818464e-10,True
48000,fir129-p16000-s20000,lagrange-g64,reference,B1,1.1559843650876188e-07,1.4005589959316118e-07,1.1344220345168383e-07,True,2.830544619818464e-10,True
48000,fir129-p16000-s20000,hann-g64,reference,B1,5.731805536461338e-07,6.838216988539608e-07,5.724167379036851e-07,True,2.830544619818464e-10,True
48000,fir129-p16000-s20000,kaiser-g64,reference,B1,9.10842135693636e-06,1.059008971756054e-05,9.10202031409235e-06,True,2.830544619818464e-10,True
48000,fir129-p16000-s20000,kaiser-g8,reference,AB,0.0004029125618208684,0.00028446022272655925,0.0003393385843240095,True,6.959720108719988e-09,True
48000,fir129-p16000-s20000,kaiser-g16,reference,AB,3.310617972669873e-05,2.373822320516835e-05,2.8986992689247318e-05,True,6.959720108719988e-09,True
48000,fir129-p16000-s20000,lagrange-g32,reference,AB,3.353927731528442e-05,2.583185420838895e-05,2.429873029707841e-05,True,6.959720108719988e-09,True
48000,fir129-p16000-s20000,hann-g32,reference,AB,1.4996961599795972e-05,1.2424133332859417e-05,1.2048425215031014e-05,True,6.959720108719988e-09,True
48000,fir129-p16000-s20000,kaiser-g32,reference,AB,1.7683817672104795e-05,1.2316522323543736e-05,1.6207034530464855e-05,True,6.959720108719988e-09,True
48000,fir129-p16000-s20000,lagrange-g64,reference,AB,3.570958795355481e-06,1.4052045688043594e-06,2.7268726186675607e-06,True,6.959720108719988e-09,True
48000,fir129-p16000-s20000,hann-g64,reference,AB,2.715196755621101e-06,1.7922943214228727e-06,2.1413105339762048e-06,True,6.959720108719988e-09,True
48000,fir129-p16000-s20000,kaiser-g64,reference,AB,1.0782254619705595e-05,7.285471076680064e-06,1.0265328876860528e-05,True,6.959720108719988e-09,True
48000,fir129-p16000-s20000,kaiser-g8,edge,A1,0.0010537034676211452,0.0008264433167018116,0.000877750232092615,True,1.7140210075033233e-08,True
48000,fir129-p16000-s20000,kaiser-g16,edge,A1,4.947997894087287e-05,3.858269897520313e-05,4.1498035220443974e-05,True,1.7140210075033233e-08,True
48000,fir129-p16000-s20000,lagrange-g32,edge,A1,8.76390403414056e-05,7.558598042284613e-05,6.227034437867591e-05,True,1.7140210075033233e-08,True
48000,fir129-p16000-s20000,hann-g32,edge,A1,3.475818588584706e-05,3.0301203385722353e-05,2.776468543027101e-05,True,1.7140210075033233e-08,True
48000,fir129-p16000-s20000,kaiser-g32,edge,A1,2.5037253633670975e-05,1.8417638916534947e-05,2.2329780997115615e-05,True,1.7140210075033233e-08,True
48000,fir129-p16000-s20000,lagrange-g64,edge,A1,7.421336844637098e-06,3.256774224832933e-06,5.59006088073435e-06,True,1.7140210075033233e-08,True
48000,fir129-p16000-s20000,hann-g64,edge,A1,5.856856277686342e-06,4.1338061804127804e-06,4.563735966487908e-06,True,1.7140210075033233e-08,True
48000,fir129-p16000-s20000,kaiser-g64,edge,A1,1.3507032882000614e-05,8.682528739983111e-06,1.2243260785413112e-05,True,1.7140210075033233e-08,True
48000,fir129-p16000-s20000,kaiser-g8,edge,B1,0.0058063724857659324,0.002911333214703944,0.00570652884332056,True,3.8097859453634166e-08,True
48000,fir129-p16000-s20000,kaiser-g16,edge,B1,6.835855289852546e-05,4.179575487688397e-05,6.672003806771266e-05,True,3.8097859453634166e-08,True
48000,fir129-p16000-s20000,lagrange-g32,edge,B1,0.0004959297336189109,0.0002657348414451733,0.0004733836926722889,True,3.8097859453634166e-08,True
48000,fir129-p16000-s20000,hann-g32,edge,B1,8.934450507921964e-05,4.7907216933795296e-05,8.78474319447825e-05,True,3.8097859453634166e-08,True
48000,fir129-p16000-s20000,kaiser-g32,edge,B1,3.9463560210633374e-05,2.0356074949618007e-05,3.8890525209394695e-05,True,3.8097859453634166e-08,True
48000,fir129-p16000-s20000,lagrange-g64,edge,B1,1.5043340790704267e-05,4.237110763669813e-06,1.4774050630388199e-05,True,3.8097859453634166e-08,True
48000,fir129-p16000-s20000,hann-g64,edge,B1,1.3010745480893691e-05,6.130608149224283e-06,1.2609704975284837e-05,True,3.8097859453634166e-08,True
48000,fir129-p16000-s20000,kaiser-g64,edge,B1,2.2270039926667853e-05,1.1261441637501258e-05,2.1976725012381115e-05,True,3.8097859453634166e-08,True
48000,fir129-p16000-s20000,kaiser-g8,edge,AB,0.0010537058768036723,0.0008264433182638772,0.0008777215631358738,True,1.7140273472279675e-08,True
48000,fir129-p16000-s20000,kaiser-g16,edge,AB,4.9479977244679505e-05,3.858269741922926e-05,4.149736179946001e-05,True,1.7140273472279675e-08,True
48000,fir129-p16000-s20000,lagrange-g32,edge,AB,8.763924999259503e-05,7.558597886903868e-05,6.226863255744339e-05,True,1.7140273472279675e-08,True
48000,fir129-p16000-s20000,hann-g32,edge,AB,3.4758194036894416e-05,3.030120176837102e-05,2.7764715460602022e-05,True,1.7140273472279675e-08,True
48000,fir129-p16000-s20000,kaiser-g32,edge,AB,2.503724665644368e-05,1.841763729478712e-05,2.232958575848519e-05,True,1.7140273472279675e-08,True
48000,fir129-p16000-s20000,lagrange-g64,edge,AB,7.421311647579983e-06,3.256775939069712e-06,5.589822309136392e-06,True,1.7140273472279675e-08,True
48000,fir129-p16000-s20000,hann-g64,edge,AB,5.856820301679328e-06,4.133807871185792e-06,4.56364054974618e-06,True,1.7140273472279675e-08,True
48000,fir129-p16000-s20000,kaiser-g64,edge,AB,1.3507017874249218e-05,8.682530422738693e-06,1.2243204172431623e-05,True,1.7140273472279675e-08,True
48000,fir129-p16000-s20000,kaiser-g8,overlap-reference,A1,2.0816472351101885e-05,2.8993251540994792e-05,1.3953464565849828e-05,True,2.715515163274995e-10,True
48000,fir129-p16000-s20000,kaiser-g16,overlap-reference,A1,5.174806791989484e-05,5.054372968275021e-05,5.134229950616854e-05,True,2.715515163274995e-10,True
48000,fir129-p16000-s20000,lagrange-g32,overlap-reference,A1,8.205274107355784e-07,1.288757399635771e-06,7.228182854754334e-07,True,2.715515163274995e-10,True
48000,fir129-p16000-s20000,hann-g32,overlap-reference,A1,8.54209842474204e-06,8.187598084884887e-06,8.485302869911323e-06,True,2.715515163274995e-10,True
48000,fir129-p16000-s20000,kaiser-g32,overlap-reference,A1,3.104125542122863e-05,2.9819970714370343e-05,3.0904280208936404e-05,True,2.715515163274995e-10,True
48000,fir129-p16000-s20000,lagrange-g64,overlap-reference,A1,9.07974966641432e-08,9.474304317190037e-08,7.401914580846999e-08,True,2.715515163274995e-10,True
48000,fir129-p16000-s20000,hann-g64,overlap-reference,A1,1.030178008605478e-06,9.667186300682647e-07,1.0228569327209066e-06,True,2.715515163274995e-10,True
48000,fir129-p16000-s20000,kaiser-g64,overlap-reference,A1,1.6082320333450574e-05,1.4735063730539308e-05,1.6014667847876857e-05,True,2.715515163274995e-10,True
48000,fir129-p16000-s20000,kaiser-g8,overlap-reference,B1,2.626984657886951e-05,3.2623322488479804e-05,1.8206479866855255e-05,True,2.8305412826904497e-10,True
48000,fir129-p16000-s20000,kaiser-g16,overlap-reference,B1,6.371922074453603e-05,6.258423767320959e-05,6.368684407208305e-05,True,2.8305412826904497e-10,True
48000,fir129-p16000-s20000,lagrange-g32,overlap-reference,B1,7.151682491699795e-07,1.672118518376679e-06,6.81891807712103e-07,True,2.8305412826904497e-10,True
48000,fir129-p16000-s20000,hann-g32,overlap-reference,B1,2.1736633711301367e-06,3.96222631687554e-06,2.1620132809755402e-06,True,2.8305412826904497e-10,True
48000,fir129-p16000-s20000,kaiser-g32,overlap-reference,B1,8.511771192734439e-06,1.5151487990008551e-05,8.473822722484176e-06,True,2.8305412826904497e-10,True
48000,fir129-p16000-s20000,lagrange-g64,overlap-reference,B1,1.1559881550767945e-07,1.4005534804227405e-07,1.1344254612766581e-07,True,2.8305412826904497e-10,True
48000,fir129-p16000-s20000,hann-g64,overlap-reference,B1,5.731806110125032e-07,6.838219734198532e-07,5.724167832985431e-07,True,2.8305412826904497e-10,True
48000,fir129-p16000-s20000,kaiser-g64,overlap-reference,B1,9.108421372109776e-06,1.0590089717425228e-05,9.102020328457949e-06,True,2.8305412826904497e-10,True
48000,fir129-p16000-s20000,kaiser-g8,overlap-reference,AB,2.081649056226828e-05,2.8993251311119493e-05,1.3953378661451917e-05,True,2.71544339939127e-10,True
48000,fir129-p16000-s20000,kaiser-g16,overlap-reference,AB,5.17481078939595e-05,5.054372991352481e-05,5.134234014602052e-05,True,2.71544339939127e-10,True
48000,fir129-p16000-s20000,lagrange-g32,overlap-reference,AB,8.205274120308254e-07,1.2887571623253637e-06,7.228208828398113e-07,True,2.71544339939127e-10,True
48000,fir129-p16000-s20000,hann-g32,overlap-reference,AB,8.542086497620997e-06,8.187597854096895e-06,8.485291267639257e-06,True,2.71544339939127e-10,True
48000,fir129-p16000-s20000,kaiser-g32,overlap-reference,AB,3.1041212487330164e-05,2.9819970945149666e-05,3.09042381160873e-05,True,2.71544339939127e-10,True
48000,fir129-p16000-s20000,lagrange-g64,overlap-reference,AB,9.080046011639107e-08,9.47428233094811e-08,7.40198692342391e-08,True,2.71544339939127e-10,True
48000,fir129-p16000-s20000,hann-g64,overlap-reference,AB,1.0301770839746254e-06,9.66718395693726e-07,1.0228559430315197e-06,True,2.71544339939127e-10,True
48000,fir129-p16000-s20000,kaiser-g64,overlap-reference,AB,1.608230418154302e-05,1.4735063495998529e-05,1.601465265927886e-05,True,2.71544339939127e-10,True
48000,fir129-p16000-s20000,kaiser-g8,sustained-edge,A1,0.0006461636286584578,0.0004543248333919138,0.0005974302127386684,True,6.47528120484534e-09,True
48000,fir129-p16000-s20000,kaiser-g16,sustained-edge,A1,3.630291604974035e-05,3.752248297054926e-05,3.408590894373058e-05,True,6.47528120484534e-09,True
48000,fir129-p16000-s20000,lagrange-g32,sustained-edge,A1,5.39080098618499e-05,3.961978558525816e-05,4.645964140113696e-05,True,6.47528120484534e-09,True
48000,fir129-p16000-s20000,hann-g32,sustained-edge,A1,2.0087564327970878e-05,9.771515950714551e-06,1.841074056929722e-05,True,6.47528120484534e-09,True
48000,fir129-p16000-s20000,kaiser-g32,sustained-edge,A1,2.7461317177890384e-05,2.5210714406477532e-05,2.684336324623006e-05,True,6.47528120484534e-09,True
48000,fir129-p16000-s20000,lagrange-g64,sustained-edge,A1,3.669677218384556e-06,8.074559917323942e-07,2.939110487159077e-06,True,6.47528120484534e-09,True
48000,fir129-p16000-s20000,hann-g64,sustained-edge,A1,3.0912695881950905e-06,1.854038499125321e-06,2.7422879533165004e-06,True,6.47528120484534e-09,True
48000,fir129-p16000-s20000,kaiser-g64,sustained-edge,A1,1.57022856965099e-05,1.255556155193438e-05,1.5429859811916917e-05,True,6.47528120484534e-09,True
48000,fir129-p16000-s20000,kaiser-g8,sustained-edge,B1,0.005806372437092596,0.0029113333126146155,0.0057065287955186846,True,3.809785925785488e-08,True
48000,fir129-p16000-s20000,kaiser-g16,sustained-edge,B1,6.835855271969241e-05,4.179575594338992e-05,6.672003792520205e-05,True,3.809785925785488e-08,True
48000,fir129-p16000-s20000,lagrange-g32,sustained-edge,B1,0.000495929729312456,0.0002657348510248345,0.00047338368854720354,True,3.809785925785488e-08,True
48000,fir129-p16000-s20000,hann-g32,sustained-edge,B1,8.934450468673059e-05,4.790721918471779e-05,8.784743157062971e-05,True,3.809785925785488e-08,True
48000,fir129-p16000-s20000,kaiser-g32,sustained-edge,B1,3.9463560042885525e-05,2.0356074983434104e-05,3.889052507707981e-05,True,3.809785925785488e-08,True
48000,fir129-p16000-s20000,lagrange-g64,sustained-edge,B1,1.5043339449108619e-05,4.237110707484003e-06,1.4774049322497234e-05,True,3.809785925785488e-08,True
48000,fir129-p16000-s20000,hann-g64,sustained-edge,B1,1.301074506036971e-05,6.130608395342434e-06,1.2609704598567196e-05,True,3.809785925785488e-08,True
48000,fir129-p16000-s20000,kaiser-g64,sustained-edge,B1,2.2270039659752935e-05,1.1261441623651571e-05,2.1976724778085934e-05,True,3.809785925785488e-08,True
48000,fir129-p16000-s20000,kaiser-g8,sustained-edge,AB,0.0006461637267923563,0.0004543248326903976,0.0005974342726571762,True,6.4752437487581786e-09,True
48000,fir129-p16000-s20000,kaiser-g16,sustained-edge,AB,3.6302917497303276e-05,3.752248257645004e-05,3.408592701243582e-05,True,6.4752437487581786e-09,True
48000,fir129-p16000-s20000,lagrange-g32,sustained-edge,AB,5.390801949929605e-05,3.961978628696676e-05,4.6459840524048234e-05,True,6.4752437487581786e-09,True
48000,fir129-p16000-s20000,hann-g32,sustained-edge,AB,2.008756622272947e-05,9.771516359193977e-06,1.841077761806144e-05,True,6.4752437487581786e-09,True
48000,fir129-p16000-s20000,kaiser-g32,sustained-edge,AB,2.746131863015451e-05,2.521071401238316e-05,2.6843366849668912e-05,True,6.4752437487581786e-09,True
48000,fir129-p16000-s20000,lagrange-g64,sustained-edge,AB,3.6696900221085153e-06,8.074564059439248e-07,2.9391064773718814e-06,True,6.4752437487581786e-09,True
48000,fir129-p16000-s20000,hann-g64,sustained-edge,AB,3.091277679514601e-06,1.8540380935830119e-06,2.7422880738684326e-06,True,6.4752437487581786e-09,True
48000,fir129-p16000-s20000,kaiser-g64,sustained-edge,AB,1.570228762878508e-05,1.2555561157225692e-05,1.5429859312840964e-05,True,6.4752437487581786e-09,True
48000,iir-p16000-s23520,kaiser-g8,reference,A1,0.002036045658175038,0.00228050489930349,0.0017328960845465486,True,8.970599616692137e-09,True
48000,iir-p16000-s23520,kaiser-g16,reference,A1,8.50776033872555e-05,6.91526861992028e-05,7.330243419778628e-05,True,8.970599616692137e-09,True
48000,iir-p16000-s23520,lagrange-g32,reference,A1,0.0005245487932379283,0.0005664994970777446,0.0004256162175254228,True,8.970599616692137e-09,True
48000,iir-p16000-s23520,hann-g32,reference,A1,1.7790079078265157e-05,1.9539288494186596e-05,1.4586174064997807e-05,True,8.970599616692137e-09,True
48000,iir-p16000-s23520,kaiser-g32,reference,A1,1.8302425838941978e-05,1.266794211024045e-05,1.6771257983648546e-05,True,8.970599616692137e-09,True
48000,iir-p16000-s23520,lagrange-g64,reference,A1,0.00010408184866406561,9.355190048130782e-05,8.735514492388658e-05,True,8.970599616692137e-09,True
48000,iir-p16000-s23520,hann-g64,reference,A1,2.256717853366391e-06,2.567374116260051e-06,1.8756927653918012e-06,True,8.970599616692137e-09,True
48000,iir-p16000-s23520,kaiser-g64,reference,A1,1.0702894550098747e-05,7.50918692259216e-06,1.0235609301629727e-05,True,8.970599616692137e-09,True
48000,iir-p16000-s23520,kaiser-g8,reference,B1,6.218098012369594e-05,0.00020638668295396527,5.819988133612763e-05,True,5.036834502434854e-10,True
48000,iir-p16000-s23520,kaiser-g16,reference,B1,6.376629644167271e-05,6.437108366947786e-05,6.373206702577166e-05,True,5.036834502434854e-10,True
48000,iir-p16000-s23520,lagrange-g32,reference,B1,1.5580082912851155e-05,5.585129272916709e-05,1.5418875268554914e-05,True,5.036834502434854e-10,True
48000,iir-p16000-s23520,hann-g32,reference,B1,2.1875399524080694e-06,3.978914916080166e-06,2.175608289391918e-06,True,5.036834502434854e-10,True
48000,iir-p16000-s23520,kaiser-g32,reference,B1,8.511508940092598e-06,1.5125901680589987e-05,8.473508410173434e-06,True,5.036834502434854e-10,True
48000,iir-p16000-s23520,lagrange-g64,reference,B1,3.24437071369948e-06,9.971680239161064e-06,3.2381471054757907e-06,True,5.036834502434854e-10,True
48000,iir-p16000-s23520,hann-g64,reference,B1,5.714012482308731e-07,6.847896757650335e-07,5.709734787442431e-07,True,5.036834502434854e-10,True
48000,iir-p16000-s23520,kaiser-g64,reference,B1,9.107579224098875e-06,1.0580014068054065e-05,9.101192836674591e-06,True,5.036834502434854e-10,True
48000,iir-p16000-s23520,kaiser-g8,reference,AB,0.0019726973330105968,0.00228050489930349,0.0016789181684489854,True,8.970599680776143e-09,True
48000,iir-p16000-s23520,kaiser-g16,reference,AB,8.392675850698875e-05,6.91526861992028e-05,7.27562691612137e-05,True,8.970599680776143e-09,True
48000,iir-p16000-s23520,lagrange-g32,reference,AB,0.0005082274529882513,0.0005664994970777446,0.00041243151625593286,True,8.970599680776143e-09,True
48000,iir-p16000-s23520,hann-g32,reference,AB,1.7244553626657576e-05,1.95392884941888e-05,1.4140681837389833e-05,True,8.970599680776143e-09,True
48000,iir-p16000-s23520,kaiser-g32,reference,AB,1.7857248569968562e-05,1.266794211024045e-05,1.6380569336701494e-05,True,8.970599680776143e-09,True
48000,iir-p16000-s23520,lagrange-g64,reference,AB,0.0001008436356393589,9.355190048130782e-05,8.464626348530792e-05,True,8.970599680776143e-09,True
48000,iir-p16000-s23520,hann-g64,reference,AB,2.1910104163458863e-06,2.567374116259674e-06,1.822586407516591e-06,True,8.970599680776143e-09,True
48000,iir-p16000-s23520,kaiser-g64,reference,AB,1.0611980251526057e-05,7.50918692259216e-06,1.0167975844473432e-05,True,8.970599680776143e-09,True
48000,iir-p16000-s23520,kaiser-g8,edge,A1,0.004495681890153283,0.004928271201809671,0.0037844340228496347,True,2.158304368365552e-08,True
48000,iir-p16000-s23520,kaiser-g16,edge,A1,0.00017045655370251226,0.00013160811125768906,0.0001459204642523952,True,2.158304368365552e-08,True
48000,iir-p16000-s23520,lagrange-g32,edge,A1,0.0011166374539534176,0.001191328133668823,0.0008929659067932894,True,2.158304368365552e-08,True
48000,iir-p16000-s23520,hann-g32,edge,A1,3.992030385427224e-05,3.863457177728852e-05,3.2487537729725984e-05,True,2.158304368365552e-08,True
48000,iir-p16000-s23520,kaiser-g32,edge,A1,2.5579608456546117e-05,1.598367427871429e-05,2.2885270249856455e-05,True,2.158304368365552e-08,True
48000,iir-p16000-s23520,lagrange-g64,edge,A1,0.00021472461436988451,0.00018984296398557755,0.0001780331343408428,True,2.158304368365552e-08,True
48000,iir-p16000-s23520,hann-g64,edge,A1,4.918007597393704e-06,4.790776783737184e-06,4.023224960335071e-06,True,2.158304368365552e-08,True
48000,iir-p16000-s23520,kaiser-g64,edge,A1,1.290408916850726e-05,8.692241182977887e-06,1.1887462444705928e-05,True,2.158304368365552e-08,True
48000,iir-p16000-s23520,kaiser-g8,edge,B1,0.01816337720350725,0.012670372324189532,0.017786957865612144,True,4.949388039841791e-08,False
48000,iir-p16000-s23520,kaiser-g16,edge,B1,0.0003919200098421686,0.00025884466034378436,0.00038365282697368214,True,4.949388039841791e-08,True
48000,iir-p16000-s23520,lagrange-g32,edge,B1,0.00363715855430684,0.0025736951589441365,0.0035889705714595727,True,4.949388039841791e-08,True
48000,iir-p16000-s23520,hann-g32,edge,B1,0.00012263471650417434,8.049947827390375e-05,0.00012043669934434384,True,4.949388039841791e-08,True
48000,iir-p16000-s23520,kaiser-g32,edge,B1,4.430501018678837e-05,2.647149987799945e-05,4.376648095672739e-05,True,4.949388039841791e-08,True
48000,iir-p16000-s23520,lagrange-g64,edge,B1,0.0005514842010736256,0.00036553547800710314,0.000550383018228328,True,4.949388039841791e-08,True
48000,iir-p16000-s23520,hann-g64,edge,B1,1.5276716844468622e-05,1.0164811762221949e-05,1.5005534457293686e-05,True,4.949388039841791e-08,True
48000,iir-p16000-s23520,kaiser-g64,edge,B1,2.2150531886671882e-05,1.3440992046820897e-05,2.1971598812241377e-05,True,4.949388039841791e-08,True
48000,iir-p16000-s23520,kaiser-g8,edge,AB,0.00449568897191677,0.004928271201809671,0.0037844285571235923,True,2.158304368365552e-08,True
48000,iir-p16000-s23520,kaiser-g16,edge,AB,0.00017045662881562577,0.00013160811125775807,0.00014592102677570432,True,2.158304368365552e-08,True
48000,iir-p16000-s23520,lagrange-g32,edge,AB,0.001116638557062981,0.001191328133668823,0.0008929659499408062,True,2.158304368365552e-08,True
48000,iir-p16000-s23520,hann-g32,edge,AB,3.99203384791166e-05,3.863457177728852e-05,3.2486916687899844e-05,True,2.158304368365552e-08,True
48000,iir-p16000-s23520,kaiser-g32,edge,AB,2.5579613715736678e-05,1.5983674278712322e-05,2.2885092142719177e-05,True,2.158304368365552e-08,True
48000,iir-p16000-s23520,lagrange-g64,edge,AB,0.00021472473790356655,0.00018984296398557755,0.00017803174481714965,True,2.158304368365552e-08,True
48000,iir-p16000-s23520,hann-g64,edge,AB,4.918011970140311e-06,4.790776783738064e-06,4.0231696544314025e-06,True,2.158304368365552e-08,True
48000,iir-p16000-s23520,kaiser-g64,edge,AB,1.2904091750725067e-05,8.692241182978866e-06,1.1887432551265271e-05,True,2.158304368365552e-08,True
48000,iir-p16000-s23520,kaiser-g8,overlap-reference,A1,5.751523177942162e-05,0.0001681940019778288,5.0326730359721966e-05,True,3.6409382111669816e-10,True
48000,iir-p16000-s23520,kaiser-g16,overlap-reference,A1,5.1797197601651004e-05,5.065317849622059e-05,5.138338667182627e-05,True,3.6409382111669816e-10,True
48000,iir-p16000-s23520,lagrange-g32,overlap-reference,A1,1.4389010479647146e-05,4.304299655710472e-05,1.3092912091848384e-05,True,3.6409382111669816e-10,True
48000,iir-p16000-s23520,hann-g32,overlap-reference,A1,8.546234958859644e-06,8.613745139801121e-06,8.488878660845462e-06,True,3.6409382111669816e-10,True
48000,iir-p16000-s23520,kaiser-g32,overlap-reference,A1,3.104262937242076e-05,2.9846813291732824e-05,3.090556350338717e-05,True,3.6409382111669816e-10,True
48000,iir-p16000-s23520,lagrange-g64,overlap-reference,A1,2.913618853899403e-06,7.696276364268717e-06,2.6758458847222708e-06,True,3.6409382111669816e-10,True
48000,iir-p16000-s23520,hann-g64,overlap-reference,A1,1.0299139705944424e-06,9.398368118014048e-07,1.022814884711026e-06,True,3.6409382111669816e-10,True
48000,iir-p16000-s23520,kaiser-g64,overlap-reference,A1,1.6082819673544015e-05,1.4744850716382626e-05,1.6015119870324782e-05,True,3.6409382111669816e-10,True
48000,iir-p16000-s23520,kaiser-g8,overlap-reference,B1,6.218101378683546e-05,0.00020638667375662276,5.8199915833256044e-05,True,5.036834252960888e-10,True
48000,iir-p16000-s23520,kaiser-g16,overlap-reference,B1,6.376629650416436e-05,6.437107789566725e-05,6.373206708668567e-05,True,5.036834252960888e-10,True
48000,iir-p16000-s23520,lagrange-g32,overlap-reference,B1,1.558009754621426e-05,5.585133266654601e-05,1.541888981886524e-05,True,5.036834252960888e-10,True
48000,iir-p16000-s23520,hann-g32,overlap-reference,B1,2.1875399246259605e-06,3.978914254873252e-06,2.175608262269532e-06,True,5.036834252960888e-10,True
48000,iir-p16000-s23520,kaiser-g32,overlap-reference,B1,8.511508915834305e-06,1.5125901335790857e-05,8.473508385744603e-06,True,5.036834252960888e-10,True
48000,iir-p16000-s23520,lagrange-g64,overlap-reference,B1,3.2443733978410687e-06,9.971688696446932e-06,3.238149782099904e-06,True,5.036834252960888e-10,True
48000,iir-p16000-s23520,hann-g64,overlap-reference,B1,5.71401247545845e-07,6.847897550957627e-07,5.70973478092981e-07,True,5.036834252960888e-10,True
48000,iir-p16000-s23520,kaiser-g64,overlap-reference,B1,9.107579235452865e-06,1.0580014500548918e-05,9.101192848064184e-06,True,5.036834252960888e-10,True
48000,iir-p16000-s23520,kaiser-g8,overlap-reference,AB,5.751524174780774e-05,0.0001681940019778288,5.0326122191771443e-05,True,3.6409382111669816e-10,True
48000,iir-p16000-s23520,kaiser-g16,overlap-reference,AB,5.179723755157803e-05,5.065317849622059e-05,5.1383427077858056e-05,True,3.6409382111669816e-10,True
48000,iir-p16000-s23520,lagrange-g32,overlap-reference,AB,1.4389012820668315e-05,4.304299655710472e-05,1.3092919437455856e-05,True,3.6409382111669816e-10,True
48000,iir-p16000-s23520,hann-g32,overlap-reference,AB,8.546223012441426e-06,8.613745139801121e-06,8.488867098210723e-06,True,3.6409382111669816e-10,True
48000,iir-p16000-s23520,kaiser-g32,overlap-reference,AB,3.1042586426995775e-05,2.9846813291732824e-05,3.090552140387895e-05,True,3.6409382111669816e-10,True
48000,iir-p16000-s23520,lagrange-g64,overlap-reference,AB,2.9136196046927373e-06,7.696276364268717e-06,2.6758489245060487e-06,True,3.6409382111669816e-10,True
48000,iir-p16000-s23520,hann-g64,overlap-reference,AB,1.0299129129387454e-06,9.398368118014048e-07,1.0228139424573154e-06,True,3.6409382111669816e-10,True
48000,iir-p16000-s23520,kaiser-g64,overlap-reference,AB,1.6082803509093726e-05,1.4744850716382626e-05,1.6015104682686742e-05,True,3.6409382111669816e-10,True
48000,iir-p16000-s23520,kaiser-g8,sustained-edge,A1,0.0026909775334177104,0.0017812247067323314,0.002433979779283076,True,7.422651219778303e-09,True
48000,iir-p16000-s23520,kaiser-g16,sustained-edge,A1,0.0001019764459818531,5.8605035894861646e-05,9.236622835931163e-05,True,7.422651219778303e-09,True
48000,iir-p16000-s23520,lagrange-g32,sustained-edge,A1,0.0006683642689389288,0.00041034624885343094,0.0005898403992849186,True,7.422651219778303e-09,True
48000,iir-p16000-s23520,hann-g32,sustained-edge,A1,2.344218001396751e-05,1.314286461425415e-05,2.151718393750651e-05,True,7.422651219778303e-09,True
48000,iir-p16000-s23520,kaiser-g32,sustained-edge,A1,2.7677262663562758e-05,2.2562802134826086e-05,2.7040047144259354e-05,True,7.422651219778303e-09,True
48000,iir-p16000-s23520,lagrange-g64,sustained-edge,A1,0.0001266038473310199,6.291429347544807e-05,0.00011332471059443639,True,7.422651219778303e-09,True
48000,iir-p16000-s23520,hann-g64,sustained-edge,A1,3.0138552478986952e-06,1.6583564681911215e-06,2.775553133079263e-06,True,7.422651219778303e-09,True
48000,iir-p16000-s23520,kaiser-g64,sustained-edge,A1,1.562830186536369e-05,1.2193586890405e-05,1.5387836510525416e-05,True,7.422651219778303e-09,True
48000,iir-p16000-s23520,kaiser-g8,sustained-edge,B1,0.01816337713003181,0.012670371912587842,0.017786957793677356,True,4.9493880107797815e-08,False
48000,iir-p16000-s23520,kaiser-g16,sustained-edge,B1,0.0003919199932495048,0.0002588446394541816,0.00038365281067744906,True,4.9493880107797815e-08,True
48000,iir-p16000-s23520,lagrange-g32,sustained-edge,B1,0.0036371585560354357,0.0025736950835255636,0.003588970573239809,True,4.9493880107797815e-08,True
48000,iir-p16000-s23520,hann-g32,sustained-edge,B1,0.00012263471594896447,8.049947542568113e-05,0.0001204366988010829,True,4.9493880107797815e-08,True
48000,iir-p16000-s23520,kaiser-g32,sustained-edge,B1,4.430501007459194e-05,2.64714988406125e-05,4.376648085102053e-05,True,4.9493880107797815e-08,True
48000,iir-p16000-s23520,lagrange-g64,sustained-edge,B1,0.0005514841871203097,0.0003655354535967311,0.0005503830042276888,True,4.9493880107797815e-08,True
48000,iir-p16000-s23520,hann-g64,sustained-edge,B1,1.5276716774486872e-05,1.0164811424575736e-05,1.5005534388733222e-05,True,4.9493880107797815e-08,True
48000,iir-p16000-s23520,kaiser-g64,sustained-edge,B1,2.2150531864036363e-05,1.3440991652350255e-05,2.197159879033031e-05,True,4.9493880107797815e-08,True
48000,iir-p16000-s23520,kaiser-g8,sustained-edge,AB,0.002690977829154561,0.001781224706732354,0.00243397734103677,True,7.422652027098226e-09,True
48000,iir-p16000-s23520,kaiser-g16,sustained-edge,AB,0.00010197644786130182,5.8605035894861646e-05,9.236605055794447e-05,True,7.422652027098226e-09,True
48000,iir-p16000-s23520,lagrange-g32,sustained-edge,AB,0.0006683643127224569,0.00041034624885343094,0.0005898405414909729,True,7.422652027098226e-09,True
48000,iir-p16000-s23520,hann-g32,sustained-edge,AB,2.344218132114715e-05,1.314286461425415e-05,2.1517259630106484e-05,True,7.422652027098226e-09,True
48000,iir-p16000-s23520,kaiser-g32,sustained-edge,AB,2.7677262763584596e-05,2.2562802134826086e-05,2.70400504357381e-05,True,7.422652027098226e-09,True
48000,iir-p16000-s23520,lagrange-g64,sustained-edge,AB,0.0001266038508312489,6.291429347547076e-05,0.00011332463129017389,True,7.422652027098226e-09,True
48000,iir-p16000-s23520,hann-g64,sustained-edge,AB,3.013855305086252e-06,1.6583564681911215e-06,2.7755627241298595e-06,True,7.422652027098226e-09,True
48000,iir-p16000-s23520,kaiser-g64,sustained-edge,AB,1.5628301990953013e-05,1.2193586890405e-05,1.538783765277596e-05,True,7.422652027098226e-09,True
48000,fir65-p16000-s23520,kaiser-g8,reference,A1,0.0024640775470057322,0.0022558221793706028,0.002104940451008208,True,9.813601962967266e-09,True
48000,fir65-p16000-s23520,kaiser-g16,reference,A1,3.0901970040994194e-05,2.3080669553331563e-05,2.587192551271052e-05,True,9.813601962967266e-09,True
48000,fir65-p16000-s23520,lagrange-g32,reference,A1,0.0004797835578851313,0.0004052841242793267,0.000384561538880073,True,9.813601962967266e-09,True
48000,fir65-p16000-s23520,hann-g32,reference,A1,1.913229226571947e-05,1.8415525898802427e-05,1.577784318036261e-05,True,9.813601962967266e-09,True
48000,fir65-p16000-s23520,kaiser-g32,reference,A1,1.822502630537215e-05,1.2572610610933956e-05,1.6669996607415323e-05,True,9.813601962967266e-09,True
48000,fir65-p16000-s23520,lagrange-g64,reference,A1,3.395775603015678e-05,2.4830065416544958e-05,2.7775470412279348e-05,True,9.813601962967266e-09,True
48000,fir65-p16000-s23520,hann-g64,reference,A1,3.1207857553392836e-06,2.223949413664507e-06,2.5259596539547786e-06,True,9.813601962967266e-09,True
48000,fir65-p16000-s23520,kaiser-g64,reference,A1,1.09330387705708e-05,7.437008689034328e-06,1.0383622056389697e-05,True,9.813601962967266e-09,True
48000,fir65-p16000-s23520,kaiser-g8,reference,B1,7.212712544996529e-05,0.00021661217352744207,6.84907152281176e-05,True,5.502511824797431e-10,True
48000,fir65-p16000-s23520,kaiser-g16,reference,B1,6.371981716765298e-05,6.303592343900234e-05,6.3687431267538e-05,True,5.502511824797431e-10,True
48000,fir65-p16000-s23520,lagrange-g32,reference,B1,1.3663254615026409e-05,3.909683367118619e-05,1.3414109112841677e-05,True,5.502511824797431e-10,True
48000,fir65-p16000-s23520,hann-g32,reference,B1,2.1946340632585853e-06,4.0132361373081464e-06,2.182439491056626e-06,True,5.502511824797431e-10,True
48000,fir65-p16000-s23520,kaiser-g32,reference,B1,8.511125623981085e-06,1.5245658014303976e-05,8.473170259426237e-06,True,5.502511824797431e-10,True
48000,fir65-p16000-s23520,lagrange-g64,reference,B1,9.695401012909851e-07,2.43271914777189e-06,9.60263530519103e-07,True,5.502511824797431e-10,True
48000,fir65-p16000-s23520,hann-g64,reference,B1,5.743493780231994e-07,6.884774581925476e-07,5.7356067953205e-07,True,5.502511824797431e-10,True
48000,fir65-p16000-s23520,kaiser-g64,reference,B1,9.108090323774659e-06,1.0620756963746496e-05,9.101688343501566e-06,True,5.502511824797431e-10,True
48000,fir65-p16000-s23520,kaiser-g8,reference,AB,0.0023877116765188976,0.0022558221735502317,0.002039447312738794,True,9.813839402078632e-09,True
48000,fir65-p16000-s23520,kaiser-g16,reference,AB,3.383173942427159e-05,2.3080674627334047e-05,2.959610293325814e-05,True,9.813839402078632e-09,True
48000,fir65-p16000-s23520,lagrange-g32,reference,AB,0.0004649135721796255,0.00040528413006985864,0.00037269488770240265,True,9.813839402078632e-09,True
48000,fir65-p16000-s23520,hann-g32,reference,AB,1.8546742929818036e-05,1.8415519840620917e-05,1.5295459091389607e-05,True,9.813839402078632e-09,True
48000,fir65-p16000-s23520,kaiser-g32,reference,AB,1.7784508415582273e-05,1.2572615684883123e-05,1.628475091120763e-05,True,9.813839402078632e-09,True
48000,fir65-p16000-s23520,lagrange-g64,reference,AB,3.290529326237963e-05,2.4830071205146527e-05,2.69196287808093e-05,True,9.813839402078632e-09,True
48000,fir65-p16000-s23520,hann-g64,reference,AB,3.027183745195664e-06,2.22394421378146e-06,2.4508566167978956e-06,True,9.813839402078632e-09,True
48000,fir65-p16000-s23520,kaiser-g64,reference,AB,1.0830363413695683e-05,7.437013762957438e-06,1.0308023408335956e-05,True,9.813839402078632e-09,True
48000,fir65-p16000-s23520,kaiser-g8,edge,A1,0.005441679770729103,0.0058176907384915625,0.004598088161845016,True,2.480946963850216e-08,True
48000,fir65-p16000-s23520,kaiser-g16,edge,A1,5.157066000785806e-05,4.2432764650943424e-05,4.330017935883615e-05,True,2.480946963850216e-08,True
48000,fir65-p16000-s23520,lagrange-g32,edge,A1,0.0010381164130791095,0.0010302377633998672,0.0008207372241079198,True,2.480946963850216e-08,True
48000,fir65-p16000-s23520,hann-g32,edge,A1,4.284647082889475e-05,4.390647009370434e-05,3.504974110300395e-05,True,2.480946963850216e-08,True
48000,fir65-p16000-s23520,kaiser-g32,edge,A1,2.527121386196939e-05,2.0378854719582312e-05,2.2499314657491075e-05,True,2.480946963850216e-08,True
48000,fir65-p16000-s23520,lagrange-g64,edge,A1,7.177770989908192e-05,6.064819580113262e-05,5.802178736947603e-05,True,2.480946963850216e-08,True
48000,fir65-p16000-s23520,hann-g64,edge,A1,6.573565543818085e-06,5.47868087357235e-06,5.268180212948015e-06,True,2.480946963850216e-08,True
48000,fir65-p16000-s23520,kaiser-g64,edge,A1,1.3647780465538673e-05,1.1308543840954952e-05,1.237656944293347e-05,True,2.480946963850216e-08,True
48000,fir65-p16000-s23520,kaiser-g8,edge,B1,0.020270411969601977,0.013948463156206056,0.01987811708631803,True,5.3369617809818324e-08,False
48000,fir65-p16000-s23520,kaiser-g16,edge,B1,9.133508182482427e-05,5.686342651769933e-05,8.955583299673425e-05,True,5.3369617809818324e-08,True
48000,fir65-p16000-s23520,lagrange-g32,edge,B1,0.003351451404419171,0.002352403984179007,0.0032866271442925587,True,5.3369617809818324e-08,True
48000,fir65-p16000-s23520,hann-g32,edge,B1,0.00013155421465007694,7.763879601376035e-05,0.00012926831738837877,True,5.3369617809818324e-08,True
48000,fir65-p16000-s23520,kaiser-g32,edge,B1,4.478297998515153e-05,3.0200405568199113e-05,4.419768511361548e-05,True,5.3369617809818324e-08,True
48000,fir65-p16000-s23520,lagrange-g64,edge,B1,0.00022194730123624096,0.00014191947008307607,0.00022031447274109046,True,5.3369617809818324e-08,True
48000,fir65-p16000-s23520,hann-g64,edge,B1,1.7165570995374473e-05,1.0432794502821246e-05,1.678784369144932e-05,True,5.3369617809818324e-08,True
48000,fir65-p16000-s23520,kaiser-g64,edge,B1,2.328408345783345e-05,1.4560865853086091e-05,2.301381076611941e-05,True,5.3369617809818324e-08,True
48000,fir65-p16000-s23520,kaiser-g8,edge,AB,0.005441688429278959,0.00581769073973179,0.004598062679840709,True,2.480952083630645e-08,True
48000,fir65-p16000-s23520,kaiser-g16,edge,AB,5.1570670230799106e-05,4.243276590145416e-05,4.329950698123068e-05,True,2.480952083630645e-08,True
48000,fir65-p16000-s23520,lagrange-g32,edge,AB,0.0010381176217556444,0.0010302377646453495,0.0008207473960210849,True,2.480952083630645e-08,True
48000,fir65-p16000-s23520,hann-g32,edge,AB,4.2846511563141324e-05,4.390646878884276e-05,3.504867888901251e-05,True,2.480952083630645e-08,True
48000,fir65-p16000-s23520,kaiser-g32,edge,AB,2.5271213880403764e-05,2.0378856022622124e-05,2.2499100695570937e-05,True,2.480952083630645e-08,True
48000,fir65-p16000-s23520,lagrange-g64,edge,AB,7.177778393323444e-05,6.064819704767911e-05,5.802252860524955e-05,True,2.480952083630645e-08,True
48000,fir65-p16000-s23520,hann-g64,edge,AB,6.573547239940258e-06,5.47867975363794e-06,5.267998188086651e-06,True,2.480952083630645e-08,True
48000,fir65-p16000-s23520,kaiser-g64,edge,AB,1.3647772310370268e-05,1.1308545197837769e-05,1.2376471429293921e-05,True,2.480952083630645e-08,True
48000,fir65-p16000-s23520,kaiser-g8,overlap-reference,A1,6.805119972615113e-05,0.00016770844840229633,6.01661605433783e-05,True,4.0292959765349297e-10,True
48000,fir65-p16000-s23520,kaiser-g16,overlap-reference,A1,5.174844876627112e-05,5.065585349799535e-05,5.134260642183395e-05,True,4.0292959765349297e-10,True
48000,fir65-p16000-s23520,lagrange-g32,overlap-reference,A1,1.2955175180725099e-05,2.9117236475607958e-05,1.1748045556199838e-05,True,4.0292959765349297e-10,True
48000,fir65-p16000-s23520,hann-g32,overlap-reference,A1,8.547362354297753e-06,8.247726529602077e-06,8.48970071891561e-06,True,4.0292959765349297e-10,True
48000,fir65-p16000-s23520,kaiser-g32,overlap-reference,A1,3.1041198454010423e-05,2.99885066192287e-05,3.0904210541201505e-05,True,4.0292959765349297e-10,True
48000,fir65-p16000-s23520,lagrange-g64,overlap-reference,A1,9.009363658865664e-07,1.8398369399719114e-06,8.273658674560642e-07,True,4.0292959765349297e-10,True
48000,fir65-p16000-s23520,hann-g64,overlap-reference,A1,1.0311139231179698e-06,9.7189503275736e-07,1.0236488538645666e-06,True,4.0292959765349297e-10,True
48000,fir65-p16000-s23520,kaiser-g64,overlap-reference,A1,1.6082341857371204e-05,1.4764769259119428e-05,1.6014682999894583e-05,True,4.0292959765349297e-10,True
48000,fir65-p16000-s23520,kaiser-g8,overlap-reference,B1,7.212715239749837e-05,0.0002166122025318401,6.849074259608132e-05,True,5.502507644183666e-10,True
48000,fir65-p16000-s23520,kaiser-g16,overlap-reference,B1,6.371981717510423e-05,6.303592212792292e-05,6.368743127493947e-05,True,5.502507644183666e-10,True
48000,fir65-p16000-s23520,lagrange-g32,overlap-reference,B1,1.3663263414420338e-05,3.90968655058599e-05,1.3414117829864402e-05,True,5.502507644183666e-10,True
48000,fir65-p16000-s23520,hann-g32,overlap-reference,B1,2.194634033085162e-06,4.0132354354080326e-06,2.1824394593508454e-06,True,5.502507644183666e-10,True
48000,fir65-p16000-s23520,kaiser-g32,overlap-reference,B1,8.511125603578755e-06,1.5245659279728289e-05,8.473170238104556e-06,True,5.502507644183666e-10,True
48000,fir65-p16000-s23520,lagrange-g64,overlap-reference,B1,9.695411629745656e-07,2.432721183507445e-06,9.602645821889351e-07,True,5.502507644183666e-10,True
48000,fir65-p16000-s23520,hann-g64,overlap-reference,B1,5.743494203408019e-07,6.884773015283405e-07,5.735607131453483e-07,True,5.502507644183666e-10,True
48000,fir65-p16000-s23520,kaiser-g64,overlap-reference,B1,9.108090338084574e-06,1.062075621951215e-05,9.101688357231814e-06,True,5.502507644183666e-10,True
48000,fir65-p16000-s23520,kaiser-g8,overlap-reference,AB,6.80512068681858e-05,0.00016770844859126434,6.016514824195462e-05,True,4.0292404551104145e-10,True
48000,fir65-p16000-s23520,kaiser-g16,overlap-reference,AB,5.17484887491453e-05,5.065585330645606e-05,5.13426470560525e-05,True,4.0292404551104145e-10,True
48000,fir65-p16000-s23520,lagrange-g32,overlap-reference,AB,1.295517620526239e-05,2.911723628714157e-05,1.1747956863713916e-05,True,4.0292404551104145e-10,True
48000,fir65-p16000-s23520,hann-g32,overlap-reference,AB,8.547350420908185e-06,8.24772633789143e-06,8.489689134246287e-06,True,4.0292404551104145e-10,True
48000,fir65-p16000-s23520,kaiser-g32,overlap-reference,AB,3.104115550466086e-05,2.998850642735889e-05,3.090416842732972e-05,True,4.0292404551104145e-10,True
48000,fir65-p16000-s23520,lagrange-g64,overlap-reference,AB,9.009366188077444e-07,1.839836751500337e-06,8.27369518898528e-07,True,4.0292404551104145e-10,True
48000,fir65-p16000-s23520,hann-g64,overlap-reference,AB,1.031112954068733e-06,9.718948377793632e-07,1.0236477964534074e-06,True,4.0292404551104145e-10,True
48000,fir65-p16000-s23520,kaiser-g64,overlap-reference,AB,1.6082325696999663e-05,1.476476906447065e-05,1.601466780058295e-05,True,4.0292404551104145e-10,True
48000,fir65-p16000-s23520,kaiser-g8,sustained-edge,A1,0.003239403658748029,0.002235149145188715,0.0029331119663646506,True,8.389790090223445e-09,True
48000,fir65-p16000-s23520,kaiser-g16,sustained-edge,A1,3.7780434218597955e-05,3.743499991701219e-05,3.5391714761631576e-05,True,8.389790090223445e-09,True
48000,fir65-p16000-s23520,lagrange-g32,sustained-edge,A1,0.0006229689934030536,0.0004277085963174687,0.000548476646555128,True,8.389790090223445e-09,True
48000,fir65-p16000-s23520,hann-g32,sustained-edge,A1,2.535318067148791e-05,1.3262435938408687e-05,2.3232093309594525e-05,True,8.389790090223445e-09,True
48000,fir65-p16000-s23520,kaiser-g32,sustained-edge,A1,2.7615761591416846e-05,2.4129749254878083e-05,2.696652827835788e-05,True,8.389790090223445e-09,True
48000,fir65-p16000-s23520,lagrange-g64,sustained-edge,A1,4.3475671293198905e-05,2.6485345857941886e-05,3.883596332335972e-05,True,8.389790090223445e-09,True
48000,fir65-p16000-s23520,hann-g64,sustained-edge,A1,3.7031432965752558e-06,2.406200822015922e-06,3.3177853730208463e-06,True,8.389790090223445e-09,True
48000,fir65-p16000-s23520,kaiser-g64,sustained-edge,A1,1.5761941812008075e-05,1.2691543930523434e-05,1.5476351595619717e-05,True,8.389790090223445e-09,True
48000,fir65-p16000-s23520,kaiser-g8,sustained-edge,B1,0.020270411842492356,0.013948462558438646,0.01987811696179875,True,5.336961758354843e-08,False
48000,fir65-p16000-s23520,kaiser-g16,sustained-edge,B1,9.133508194620474e-05,5.686342422830387e-05,8.955583313024432e-05,True,5.336961758354843e-08,True
48000,fir65-p16000-s23520,lagrange-g32,sustained-edge,B1,0.0033514514066498714,0.0023524038969150005,0.0032866271471031967,True,5.336961758354843e-08,True
48000,fir65-p16000-s23520,hann-g32,sustained-edge,B1,0.00013155421399539623,7.763879391929006e-05,0.00012926831675125097,True,5.336961758354843e-08,True
48000,fir65-p16000-s23520,kaiser-g32,sustained-edge,B1,4.478297988306216e-05,3.0200405255471297e-05,4.4197685030947986e-05,True,5.336961758354843e-08,True
48000,fir65-p16000-s23520,lagrange-g64,sustained-edge,B1,0.00022194730535744198,0.00014191946662470666,0.0002203144768438534,True,5.336961758354843e-08,True
48000,fir65-p16000-s23520,hann-g64,sustained-edge,B1,1.7165570754630806e-05,1.0432794079073852e-05,1.6787843471998847e-05,True,5.336961758354843e-08,True
48000,fir65-p16000-s23520,kaiser-g64,sustained-edge,B1,2.328408329763034e-05,1.4560865186241058e-05,2.301381062472588e-05,True,5.336961758354843e-08,True
48000,fir65-p16000-s23520,kaiser-g8,sustained-edge,AB,0.0032394040361800203,0.002235149144615223,0.002933103784140988,True,8.389771159121076e-09,True
48000,fir65-p16000-s23520,kaiser-g16,sustained-edge,AB,3.7780435499945474e-05,3.743500023972078e-05,3.539174885021156e-05,True,8.389771159121076e-09,True
48000,fir65-p16000-s23520,lagrange-g32,sustained-edge,AB,0.0006229690467574836,0.0004277085957444636,0.0005484758513255424,True,8.389771159121076e-09,True
48000,fir65-p16000-s23520,hann-g32,sustained-edge,AB,2.53531842869926e-05,1.3262435604230742e-05,2.3232180450057356e-05,True,8.389771159121076e-09,True
48000,fir65-p16000-s23520,kaiser-g32,sustained-edge,AB,2.761576247379708e-05,2.4129749577590965e-05,2.696652985999056e-05,True,8.389771159121076e-09,True
48000,fir65-p16000-s23520,lagrange-g64,sustained-edge,AB,4.347567532522991e-05,2.6485345285066016e-05,3.8836054002404604e-05,True,8.389771159121076e-09,True
48000,fir65-p16000-s23520,hann-g64,sustained-edge,AB,3.7031477687815025e-06,2.4062004914555366e-06,3.3177868466882225e-06,True,8.389771159121076e-09,True
48000,fir65-p16000-s23520,kaiser-g64,sustained-edge,AB,1.576194303913813e-05,1.269154360840952e-05,1.5476350943240924e-05,True,8.389771159121076e-09,True
48000,fir129-p16000-s23520,kaiser-g8,reference,A1,0.002511571428042857,0.002076763027766424,0.0021472950342243443,True,9.804318833660853e-09,True
48000,fir129-p16000-s23520,kaiser-g16,reference,A1,3.053438754287739e-05,2.382947517920106e-05,2.5517505305958402e-05,True,9.804318833660853e-09,True
48000,fir129-p16000-s23520,lagrange-g32,reference,A1,0.00044071677884060357,0.00033076347685761137,0.0003538364631029936,True,9.804318833660853e-09,True
48000,fir129-p16000-s23520,hann-g32,reference,A1,1.930557388235462e-05,1.8470375721821322e-05,1.5934907093090613e-05,True,9.804318833660853e-09,True
48000,fir129-p16000-s23520,kaiser-g32,reference,A1,1.8274759832276926e-05,1.2588547686246126e-05,1.6702487740993756e-05,True,9.804318833660853e-09,True
48000,fir129-p16000-s23520,lagrange-g64,reference,A1,2.0292769184989074e-05,1.2738842032621349e-05,1.6740893073255382e-05,True,9.804318833660853e-09,True
48000,fir129-p16000-s23520,hann-g64,reference,A1,3.2018835619100465e-06,2.1431091751970213e-06,2.57058861305747e-06,True,9.804318833660853e-09,True
48000,fir129-p16000-s23520,kaiser-g64,reference,A1,1.0962053939638788e-05,7.4471018136057615e-06,1.0400195314588706e-05,True,9.804318833660853e-09,True
48000,fir129-p16000-s23520,kaiser-g8,reference,B1,7.410543439507167e-05,0.0002023288295015847,7.051592558271494e-05,True,5.460299040491017e-10,True
48000,fir129-p16000-s23520,kaiser-g16,reference,B1,6.371954015518069e-05,6.296084218397365e-05,6.368715774002445e-05,True,5.460299040491017e-10,True
48000,fir129-p16000-s23520,lagrange-g32,reference,B1,1.2903537110814756e-05,3.188459482818201e-05,1.2635516476477658e-05,True,5.460299040491017e-10,True
48000,fir129-p16000-s23520,hann-g32,reference,B1,2.1970866312529173e-06,4.12377930395679e-06,2.1848224369660558e-06,True,5.460299040491017e-10,True
48000,fir129-p16000-s23520,kaiser-g32,reference,B1,8.51175644093392e-06,1.5233478295519372e-05,8.473797691499123e-06,True,5.460299040491017e-10,True
48000,fir129-p16000-s23520,lagrange-g64,reference,B1,6.263256745867434e-07,1.3285484695057539e-06,6.177517964599188e-07,True,5.460299040491017e-10,True
48000,fir129-p16000-s23520,hann-g64,reference,B1,5.747167534818315e-07,6.939288156817338e-07,5.738824110297696e-07,True,5.460299040491017e-10,True
48000,fir129-p16000-s23520,kaiser-g64,reference,B1,9.107980617747683e-06,1.0611395213864836e-05,9.101575733532515e-06,True,5.460299040491017e-10,True
48000,fir129-p16000-s23520,kaiser-g8,reference,AB,0.0024337717102420756,0.0020767630204967876,0.0020805423464436046,True,9.804615458820917e-09,True
48000,fir129-p16000-s23520,kaiser-g16,reference,AB,3.351553306087944e-05,2.3829481515298532e-05,2.9303982592197952e-05,True,9.804615458820917e-09,True
48000,fir129-p16000-s23520,lagrange-g32,reference,AB,0.0004270647246749878,0.00033076346957691287,0.00034288291892143203,True,9.804615458820917e-09,True
48000,fir129-p16000-s23520,hann-g32,reference,AB,1.871486473867028e-05,1.8470368156341893e-05,1.5447625623890787e-05,True,9.804615458820917e-09,True
48000,fir129-p16000-s23520,kaiser-g32,reference,AB,1.7832576902440862e-05,1.2588554022272376e-05,1.6316201277845063e-05,True,9.804615458820917e-09,True
48000,fir129-p16000-s23520,lagrange-g64,reference,AB,1.966419496462716e-05,1.2738834739142997e-05,1.6223525849370043e-05,True,9.804615458820917e-09,True
48000,fir129-p16000-s23520,hann-g64,reference,AB,3.1056688514063462e-06,2.143101298347577e-06,2.4942853636133805e-06,True,9.804615458820917e-09,True
48000,fir129-p16000-s23520,kaiser-g64,reference,AB,1.0857890241770392e-05,7.447108149599436e-06,1.0323793956451815e-05,True,9.804615458820917e-09,True
48000,fir129-p16000-s23520,kaiser-g8,edge,A1,0.00556348561383888,0.005348111838449589,0.004704186180416458,True,2.4523029748480482e-08,True
48000,fir129-p16000-s23520,kaiser-g16,edge,A1,5.058406707934964e-05,3.873306579194217e-05,4.2370222810456265e-05,True,2.4523029748480482e-08,True
48000,fir129-p16000-s23520,lagrange-g32,edge,A1,0.0009631871954936331,0.0008439809146240508,0.000761802357173635,True,2.4523029748480482e-08,True
48000,fir129-p16000-s23520,hann-g32,edge,A1,4.3242157589952905e-05,4.396538496873017e-05,3.539831881606256e-05,True,2.4523029748480482e-08,True
48000,fir129-p16000-s23520,kaiser-g32,edge,A1,2.5400118826482603e-05,1.9627822481688978e-05,2.2578660849693673e-05,True,2.4523029748480482e-08,True
48000,fir129-p16000-s23520,lagrange-g64,edge,A1,4.360799189846856e-05,3.1579922807742036e-05,3.548441252216652e-05,True,2.4523029748480482e-08,True
48000,fir129-p16000-s23520,hann-g64,edge,A1,6.7308841694935965e-06,5.151479080111863e-06,5.355633232080178e-06,True,2.4523029748480482e-08,True
48000,fir129-p16000-s23520,kaiser-g64,edge,A1,1.373890148522701e-05,1.0755164657553757e-05,1.2430662964492189e-05,True,2.4523029748480482e-08,True
48000,fir129-p16000-s23520,kaiser-g8,edge,B1,0.019980745206984177,0.013090808840707102,0.019597016346263974,True,5.3695218022733605e-08,False
48000,fir129-p16000-s23520,kaiser-g16,edge,B1,8.684080713884062e-05,5.262902652830323e-05,8.511913193912783e-05,True,5.3695218022733605e-08,True
48000,fir129-p16000-s23520,lagrange-g32,edge,B1,0.002935431867769657,0.0018852469428423779,0.0028673744944348,True,5.3695218022733605e-08,True
48000,fir129-p16000-s23520,hann-g32,edge,B1,0.0001306613164748982,7.93486529209113e-05,0.00012838543630685432,True,5.3695218022733605e-08,True
48000,fir129-p16000-s23520,kaiser-g32,edge,B1,4.48870952927514e-05,2.7045086868741766e-05,4.428582461871085e-05,True,5.3695218022733605e-08,True
48000,fir129-p16000-s23520,lagrange-g64,edge,B1,0.0001155789934988731,7.102438601460093e-05,0.00011433657542749128,True,5.3695218022733605e-08,True
48000,fir129-p16000-s23520,hann-g64,edge,B1,1.7238773633603905e-05,9.93298022185846e-06,1.6850335792977533e-05,True,5.3695218022733605e-08,True
48000,fir129-p16000-s23520,kaiser-g64,edge,B1,2.3446701368012725e-05,1.3470178947202652e-05,2.3167878783922584e-05,True,5.3695218022733605e-08,True
48000,fir129-p16000-s23520,kaiser-g8,edge,AB,0.0055634938572779345,0.005348111836877106,0.0047042038082643735,True,2.4523093021601485e-08,True
48000,fir129-p16000-s23520,kaiser-g16,edge,AB,5.0584074050253046e-05,3.873306735010639e-05,4.23695550928932e-05,True,2.4523093021601485e-08,True
48000,fir129-p16000-s23520,lagrange-g32,edge,AB,0.0009631881894295424,0.0008439809130577256,0.0007618021527373328,True,2.4523093021601485e-08,True
48000,fir129-p16000-s23520,hann-g32,edge,AB,4.324219548837558e-05,4.39653833427224e-05,3.539722389345069e-05,True,2.4523093021601485e-08,True
48000,fir129-p16000-s23520,kaiser-g32,edge,AB,2.5400115405400572e-05,1.962782410542876e-05,2.257845618476563e-05,True,2.4523093021601485e-08,True
48000,fir129-p16000-s23520,lagrange-g64,edge,AB,4.360801983005039e-05,3.157992124252742e-05,3.548453497262609e-05,True,2.4523093021601485e-08,True
48000,fir129-p16000-s23520,hann-g64,edge,AB,6.730854585237413e-06,5.1514773872614595e-06,5.3555027492300376e-06,True,2.4523093021601485e-08,True
48000,fir129-p16000-s23520,kaiser-g64,edge,AB,1.3738887533399123e-05,1.0755166348384348e-05,1.2430587938047066e-05,True,2.4523093021601485e-08,True
48000,fir129-p16000-s23520,kaiser-g8,overlap-reference,A1,7.018594561467327e-05,0.00015622096349239803,6.211492910953231e-05,True,4.0121528323247144e-10,True
48000,fir129-p16000-s23520,kaiser-g16,overlap-reference,A1,5.174801205308608e-05,5.06273910855905e-05,5.1342191092807496e-05,True,4.0121528323247144e-10,True
48000,fir129-p16000-s23520,lagrange-g32,overlap-reference,A1,1.2318622795540774e-05,2.381151233151702e-05,1.1116361457548676e-05,True,4.0121528323247144e-10,True
48000,fir129-p16000-s23520,hann-g32,overlap-reference,A1,8.547929220510985e-06,8.180288392410443e-06,8.490174918601076e-06,True,4.0121528323247144e-10,True
48000,fir129-p16000-s23520,kaiser-g32,overlap-reference,A1,3.1041474519575356e-05,2.9922213584021023e-05,3.0904486907676864e-05,True,4.0121528323247144e-10,True
48000,fir129-p16000-s23520,lagrange-g64,overlap-reference,A1,5.844195133822143e-07,1.0002131498017424e-06,5.304730852641492e-07,True,4.0121528323247144e-10,True
48000,fir129-p16000-s23520,hann-g64,overlap-reference,A1,1.031106529079495e-06,9.715093659714806e-07,1.023624993726898e-06,True,4.0121528323247144e-10,True
48000,fir129-p16000-s23520,kaiser-g64,overlap-reference,A1,1.6082139568331287e-05,1.4744197639408415e-05,1.601447980758304e-05,True,4.0121528323247144e-10,True
48000,fir129-p16000-s23520,kaiser-g8,overlap-reference,B1,7.410544247087677e-05,0.0002023288220079932,7.051593389883043e-05,True,5.460292995529867e-10,True
48000,fir129-p16000-s23520,kaiser-g16,overlap-reference,B1,6.371954016304022e-05,6.296084147209696e-05,6.368715774774435e-05,True,5.460292995529867e-10,True
48000,fir129-p16000-s23520,lagrange-g32,overlap-reference,B1,1.2903538214044103e-05,3.188461574733356e-05,1.2635517526760145e-05,True,5.460292995529867e-10,True
48000,fir129-p16000-s23520,hann-g32,overlap-reference,B1,2.1970865997092705e-06,4.123780504744686e-06,2.1848224026731692e-06,True,5.460292995529867e-10,True
48000,fir129-p16000-s23520,kaiser-g32,overlap-reference,B1,8.511756422138126e-06,1.5233479619257661e-05,8.473797671392199e-06,True,5.460292995529867e-10,True
48000,fir129-p16000-s23520,lagrange-g64,overlap-reference,B1,6.263259789724464e-07,1.328549703206249e-06,6.177520924605456e-07,True,5.460292995529867e-10,True
48000,fir129-p16000-s23520,hann-g64,overlap-reference,B1,5.747168138907824e-07,6.939289357948602e-07,5.738824586870628e-07,True,5.460292995529867e-10,True
48000,fir129-p16000-s23520,kaiser-g64,overlap-reference,B1,9.107980633284581e-06,1.0611394515135386e-05,9.101575748189416e-06,True,5.460292995529867e-10,True
48000,fir129-p16000-s23520,kaiser-g8,overlap-reference,AB,7.018595210594064e-05,0.00015622096372837024,6.211374445790787e-05,True,4.0120858909165764e-10,True
48000,fir129-p16000-s23520,kaiser-g16,overlap-reference,AB,5.17480520363502e-05,5.0627390846385416e-05,5.134223172984995e-05,True,4.0120858909165764e-10,True
48000,fir129-p16000-s23520,lagrange-g32,overlap-reference,AB,1.2318623508754696e-05,2.3811512567479833e-05,1.1116225122477424e-05,True,4.0120858909165764e-10,True
48000,fir129-p16000-s23520,hann-g32,overlap-reference,AB,8.547917297692179e-06,8.180288153541968e-06,8.490163324647226e-06,True,4.0120858909165764e-10,True
48000,fir129-p16000-s23520,kaiser-g32,overlap-reference,AB,3.1041431578288186e-05,2.9922213344494305e-05,3.090444480423597e-05,True,4.0120858909165764e-10,True
48000,fir129-p16000-s23520,lagrange-g64,overlap-reference,AB,5.844200926897798e-07,1.0002129144542426e-06,5.304744553361506e-07,True,4.0120858909165764e-10,True
48000,fir129-p16000-s23520,hann-g64,overlap-reference,AB,1.031105606924306e-06,9.715091228596518e-07,1.023623969118954e-06,True,4.0120858909165764e-10,True
48000,fir129-p16000-s23520,kaiser-g64,overlap-reference,AB,1.6082123413307703e-05,1.474419739645659e-05,1.6014464613819415e-05,True,4.0120858909165764e-10,True
48000,fir129-p16000-s23520,kaiser-g8,sustained-edge,A1,0.0033015442301255445,0.0019868097841268216,0.002983384815994163,True,8.528406414237893e-09,True
48000,fir129-p16000-s23520,kaiser-g16,sustained-edge,A1,3.7194276088572634e-05,3.618720822364679e-05,3.486457336521243e-05,True,8.528406414237893e-09,True
48000,fir129-p16000-s23520,lagrange-g32,sustained-edge,A1,0.0005811229020943219,0.0003218834657886791,0.00050923216467454,True,8.528406414237893e-09,True
48000,fir129-p16000-s23520,hann-g32,sustained-edge,A1,2.563541032705757e-05,1.3609244997040421e-05,2.3462876585086575e-05,True,8.528406414237893e-09,True
48000,fir129-p16000-s23520,kaiser-g32,sustained-edge,A1,2.7635960195824898e-05,2.4040044310989306e-05,2.6979425666638517e-05,True,8.528406414237893e-09,True
48000,fir129-p16000-s23520,lagrange-g64,sustained-edge,A1,2.746219741879175e-05,1.317658147573045e-05,2.4258602371127947e-05,True,8.528406414237893e-09,True
48000,fir129-p16000-s23520,hann-g64,sustained-edge,A1,3.7335993795966234e-06,2.118786457998055e-06,3.3383576426567203e-06,True,8.528406414237893e-09,True
48000,fir129-p16000-s23520,kaiser-g64,sustained-edge,A1,1.576888500905845e-05,1.2749362112753128e-05,1.548067409845539e-05,True,8.528406414237893e-09,True
48000,fir129-p16000-s23520,kaiser-g8,sustained-edge,B1,0.01998074500705054,0.01309080809988123,0.019597016150624397,True,5.3695217773723707e-08,False
48000,fir129-p16000-s23520,kaiser-g16,sustained-edge,B1,8.684080687417243e-05,5.26290246063251e-05,8.511913169787801e-05,True,5.3695217773723707e-08,True
48000,fir129-p16000-s23520,lagrange-g32,sustained-edge,B1,0.0029354318398560897,0.0018852468375025692,0.002867374467219107,True,5.3695217773723707e-08,True
48000,fir129-p16000-s23520,hann-g32,sustained-edge,B1,0.0001306613156450587,7.93486504231976e-05,0.00012838543549845507,True,5.3695217773723707e-08,True
48000,fir129-p16000-s23520,kaiser-g32,sustained-edge,B1,4.488709515457018e-05,2.7045086850973786e-05,4.428582450204361e-05,True,5.3695217773723707e-08,True
48000,fir129-p16000-s23520,lagrange-g64,sustained-edge,B1,0.00011557899381289322,7.102438269577885e-05,0.0001143365757470248,True,5.3695217773723707e-08,True
48000,fir129-p16000-s23520,hann-g64,sustained-edge,B1,1.723877335966511e-05,9.932979733636722e-06,1.6850335542577775e-05,True,5.3695217773723707e-08,True
48000,fir129-p16000-s23520,kaiser-g64,sustained-edge,B1,2.3446701186976678e-05,1.347017839244665e-05,2.316787862326247e-05,True,5.3695217773723707e-08,True
48000,fir129-p16000-s23520,kaiser-g8,sustained-edge,AB,0.003301544589472909,0.001986809783706374,0.0029833750104677676,True,8.528376859274227e-09,True
48000,fir129-p16000-s23520,kaiser-g16,sustained-edge,AB,3.719427782343302e-05,3.61872086265108e-05,3.486460562821625e-05,True,8.528376859274227e-09,True
48000,fir129-p16000-s23520,lagrange-g32,sustained-edge,AB,0.0005811229392086366,0.00032188346507316777,0.0005092304227543055,True,8.528376859274227e-09,True
48000,fir129-p16000-s23520,hann-g32,sustained-edge,AB,2.5635415784738434e-05,1.3609244579702423e-05,2.3462961668950046e-05,True,8.528376859274227e-09,True
48000,fir129-p16000-s23520,kaiser-g32,sustained-edge,AB,2.763596177333914e-05,2.40400447138582e-05,2.6979428077183924e-05,True,8.528376859274227e-09,True
48000,fir129-p16000-s23520,lagrange-g64,sustained-edge,AB,2.7462200002459268e-05,1.3176580760343408e-05,2.425856005721091e-05,True,8.528376859274227e-09,True
48000,fir129-p16000-s23520,hann-g64,sustained-edge,AB,3.7336059726277304e-06,2.1187860451942653e-06,3.3383590946634823e-06,True,8.528376859274227e-09,True
48000,fir129-p16000-s23520,kaiser-g64,sustained-edge,AB,1.5768886867785203e-05,1.2749361710276585e-05,1.5480673961776813e-05,True,8.528376859274227e-09,True
48000,iir-p18000-s19000,kaiser-g16,reference,A1,2.989116201622334e-05,2.516824418338533e-05,2.4861808072466584e-05,True,4.038950944732287e-09,True
48000,iir-p18000-s19000,hann-g32,reference,A1,1.556516441061332e-05,9.974367778992106e-06,1.2316962802592507e-05,True,4.038950944732287e-09,True
48000,iir-p18000-s19000,kaiser-g32,reference,A1,1.792628287976069e-05,1.3147447845588035e-05,1.6454711662051184e-05,True,4.038950944732287e-09,True
48000,iir-p18000-s19000,lagrange-g64,reference,A1,2.477860826015161e-07,1.2721919593722995e-07,1.8760052283885442e-07,True,4.038950944732287e-09,True
48000,iir-p18000-s19000,hann-g64,reference,A1,1.9812705102551347e-06,1.2994968093148199e-06,1.6004596630344483e-06,True,4.038950944732287e-09,True
48000,iir-p18000-s19000,kaiser-g64,reference,A1,1.0720030838506813e-05,7.580380197711477e-06,1.0256753959614357e-05,True,4.038950944732287e-09,True
48000,iir-p18000-s19000,kaiser-g16,reference,B1,6.369352527218495e-05,6.220325831253835e-05,6.36602877083358e-05,True,1.3972056658301774e-10,True
48000,iir-p18000-s19000,hann-g32,reference,B1,2.1718032978585925e-06,4.0929980856822115e-06,2.159953841449304e-06,True,1.3972056658301774e-10,True
48000,iir-p18000-s19000,kaiser-g32,reference,B1,8.504505842220641e-06,1.5238513457844937e-05,8.465711186654458e-06,True,1.3972056658301774e-10,True
48000,iir-p18000-s19000,lagrange-g64,reference,B1,6.583539440961904e-09,1.0989676019374185e-08,6.431104950721578e-09,True,1.3972056658301774e-10,True
48000,iir-p18000-s19000,hann-g64,reference,B1,5.700781060711651e-07,6.912414008513207e-07,5.696657625200234e-07,True,1.3972056658301774e-10,True
48000,iir-p18000-s19000,kaiser-g64,reference,B1,9.101869149358558e-06,1.0609988840405933e-05,9.095371986346396e-06,True,1.3972056658301774e-10,True
48000,iir-p18000-s19000,kaiser-g16,reference,AB,3.2974200152187785e-05,2.516824418338533e-05,2.877980554091774e-05,True,3.913314254272758e-09,True
48000,iir-p18000-s19000,hann-g32,reference,AB,1.5090377856102179e-05,9.974367778992412e-06,1.1944681374700236e-05,True,3.913314254272758e-09,True
48000,iir-p18000-s19000,kaiser-g32,reference,AB,1.749554763859383e-05,1.3147447845588035e-05,1.607672706677218e-05,True,3.913314254272758e-09,True
48000,iir-p18000-s19000,lagrange-g64,reference,AB,2.400808779136345e-07,1.2721919593722995e-07,1.8180149380576973e-07,True,3.913314254272758e-09,True
48000,iir-p18000-s19000,hann-g64,reference,AB,1.92479568488223e-06,1.2994968093122527e-06,1.556908146054263e-06,True,3.913314254272758e-09,True
48000,iir-p18000-s19000,kaiser-g64,reference,AB,1.0627975637617562e-05,7.580380197711477e-06,1.0187774868800483e-05,True,3.913314254272758e-09,True
48000,iir-p18000-s19000,kaiser-g16,edge,A1,4.945434265334709e-05,4.0406538065828166e-05,4.147197489170608e-05,True,9.69333071651214e-09,True
48000,iir-p18000-s19000,hann-g32,edge,A1,3.5280292946618163e-05,2.4788987680081544e-05,2.7830752310765753e-05,True,9.69333071651214e-09,True
48000,iir-p18000-s19000,kaiser-g32,edge,A1,2.4436065362237183e-05,1.6255249293597615e-05,2.196126898796462e-05,True,9.69333071651214e-09,True
48000,iir-p18000-s19000,lagrange-g64,edge,A1,6.010944650570732e-07,3.80533107834969e-07,4.4155178747086625e-07,True,9.69333071651214e-09,True
48000,iir-p18000-s19000,hann-g64,edge,A1,4.3363729639510215e-06,3.2180607846707326e-06,3.4454294282121027e-06,True,9.69333071651214e-09,True
48000,iir-p18000-s19000,kaiser-g64,edge,A1,1.2836325061745615e-05,8.130956280486345e-06,1.1847037279197113e-05,True,9.69333071651214e-09,True
48000,iir-p18000-s19000,kaiser-g16,edge,B1,8.323080409553143e-05,7.913317857451149e-05,8.077026714325993e-05,True,4.2189406263602766e-08,True
48000,iir-p18000-s19000,hann-g32,edge,B1,0.00010268673030531642,9.484477789025036e-05,9.987100841881635e-05,True,4.2189406263602766e-08,True
48000,iir-p18000-s19000,kaiser-g32,edge,B1,3.7190409140089383e-05,4.0679229640109135e-05,3.651160430690164e-05,True,4.2189406263602766e-08,True
48000,iir-p18000-s19000,lagrange-g64,edge,B1,4.304060617490242e-06,4.291175950756329e-06,4.20821455360965e-06,True,4.2189406263602766e-08,True
48000,iir-p18000-s19000,hann-g64,edge,B1,1.2312403801255415e-05,8.827043598090753e-06,1.1989146658468401e-05,True,4.2189406263602766e-08,True
48000,iir-p18000-s19000,kaiser-g64,edge,B1,2.0834826268351063e-05,1.7252386245536728e-05,2.0594488245997912e-05,True,4.2189406263602766e-08,True
48000,iir-p18000-s19000,kaiser-g16,edge,AB,4.945435139205309e-05,4.0406538065828166e-05,4.147134914666817e-05,True,9.693346473089193e-09,True
48000,iir-p18000-s19000,hann-g32,edge,AB,3.528031836567013e-05,2.4788987680081544e-05,2.7830711317302226e-05,True,9.693346473089193e-09,True
48000,iir-p18000-s19000,kaiser-g32,edge,AB,2.4436068464005415e-05,1.6255249293597615e-05,2.196116137776924e-05,True,9.693346473089193e-09,True
48000,iir-p18000-s19000,lagrange-g64,edge,AB,6.010973789577967e-07,3.8053310784034787e-07,4.415803567994126e-07,True,9.693346473089193e-09,True
48000,iir-p18000-s19000,hann-g64,edge,AB,4.3363759168966945e-06,3.218060784673648e-06,3.445406789409026e-06,True,9.693346473089193e-09,True
48000,iir-p18000-s19000,kaiser-g64,edge,AB,1.2836327084964947e-05,8.130956280486345e-06,1.1847005789260234e-05,True,9.693346473089193e-09,True
48000,iir-p18000-s19000,kaiser-g16,overlap-reference,A1,5.175851213010965e-05,5.058916015691419e-05,5.135660336408658e-05,True,2.2590662347145931e-10,True
48000,iir-p18000-s19000,hann-g32,overlap-reference,A1,8.551613593865435e-06,8.152505215948887e-06,8.493969254062925e-06,True,2.2590662347145931e-10,True
48000,iir-p18000-s19000,kaiser-g32,overlap-reference,A1,3.1055388328226536e-05,2.991032399545947e-05,3.091736469811819e-05,True,2.2590662347145931e-10,True
48000,iir-p18000-s19000,lagrange-g64,overlap-reference,A1,6.9512428813748615e-09,8.524284232565365e-09,6.081625270464116e-09,True,2.2590662347145931e-10,True
48000,iir-p18000-s19000,hann-g64,overlap-reference,A1,1.030377813568138e-06,9.423436317896296e-07,1.0232464418436325e-06,True,2.2590662347145931e-10,True
48000,iir-p18000-s19000,kaiser-g64,overlap-reference,A1,1.6089358065942288e-05,1.4676342579622195e-05,1.602088558599628e-05,True,2.2590662347145931e-10,True
48000,iir-p18000-s19000,kaiser-g16,overlap-reference,B1,6.369352527907896e-05,6.220325758482527e-05,6.366028771531344e-05,True,1.3972051220173417e-10,True
48000,iir-p18000-s19000,hann-g32,overlap-reference,B1,2.171803265439385e-06,4.092998184165875e-06,2.1599538100717814e-06,True,1.3972051220173417e-10,True
48000,iir-p18000-s19000,kaiser-g32,overlap-reference,B1,8.504505817230101e-06,1.5238513569749982e-05,8.465711161489465e-06,True,1.3972051220173417e-10,True
48000,iir-p18000-s19000,lagrange-g64,overlap-reference,B1,6.583534874654075e-09,1.0989661173500653e-08,6.4311005431873905e-09,True,1.3972051220173417e-10,True
48000,iir-p18000-s19000,hann-g64,overlap-reference,B1,5.700781046126705e-07,6.912413344178338e-07,5.69665761186374e-07,True,1.3972051220173417e-10,True
48000,iir-p18000-s19000,kaiser-g64,overlap-reference,B1,9.101869160693938e-06,1.0609988738729301e-05,9.095371997669153e-06,True,1.3972051220173417e-10,True
48000,iir-p18000-s19000,kaiser-g16,overlap-reference,AB,5.1758551967489213e-05,5.058916015691419e-05,5.1356643843626486e-05,True,2.2590662378739774e-10,True
48000,iir-p18000-s19000,hann-g32,overlap-reference,AB,8.551601629111701e-06,8.152505216110647e-06,8.493957667987881e-06,True,2.2590662378739774e-10,True
48000,iir-p18000-s19000,kaiser-g32,overlap-reference,AB,3.1055345357387504e-05,2.991032399545947e-05,3.0917322592993695e-05,True,2.2590662378739774e-10,True
48000,iir-p18000-s19000,lagrange-g64,overlap-reference,AB,6.951236630796595e-09,8.524284070804886e-09,6.081625647325457e-09,True,2.2590662378739774e-10,True
48000,iir-p18000-s19000,hann-g64,overlap-reference,AB,1.0303767580496754e-06,9.423436317896296e-07,1.0232455146278722e-06,True,2.2590662378739774e-10,True
48000,iir-p18000-s19000,kaiser-g64,overlap-reference,AB,1.608934187899047e-05,1.4676342579622195e-05,1.60208703860134e-05,True,2.2590662378739774e-10,True
48000,iir-p18000-s19000,kaiser-g16,sustained-edge,A1,3.668005364599004e-05,3.5113019171075644e-05,3.453303973907406e-05,True,6.591818006140853e-09,True
48000,iir-p18000-s19000,hann-g32,sustained-edge,A1,2.1295600999394686e-05,7.2673910068717145e-06,1.960179203186525e-05,True,6.591818006140853e-09,True
48000,iir-p18000-s19000,kaiser-g32,sustained-edge,A1,2.741805822441532e-05,2.2397696972209045e-05,2.6842522213420386e-05,True,6.591818006140853e-09,True
48000,iir-p18000-s19000,lagrange-g64,sustained-edge,A1,4.403914832202184e-07,2.2581136861917324e-07,3.7552435812680427e-07,True,6.591818006140853e-09,True
48000,iir-p18000-s19000,hann-g64,sustained-edge,A1,2.7135733238295303e-06,1.1226886406662883e-06,2.508893421250931e-06,True,6.591818006140853e-09,True
48000,iir-p18000-s19000,kaiser-g64,sustained-edge,A1,1.564206347320462e-05,1.2331568722311406e-05,1.5405837055230433e-05,True,6.591818006140853e-09,True
48000,iir-p18000-s19000,kaiser-g16,sustained-edge,B1,8.323080394817062e-05,7.91331796855579e-05,8.077026700571958e-05,True,4.218940596975536e-08,True
48000,iir-p18000-s19000,hann-g32,sustained-edge,B1,0.0001026867299064861,9.484477713897903e-05,9.987100803656267e-05,True,4.218940596975536e-08,True
48000,iir-p18000-s19000,kaiser-g32,sustained-edge,B1,3.719040924647404e-05,4.067922968479366e-05,3.651160441844872e-05,True,4.218940596975536e-08,True
48000,iir-p18000-s19000,lagrange-g64,sustained-edge,B1,4.304060587024384e-06,4.291175906738709e-06,4.208214523846507e-06,True,4.218940596975536e-08,True
48000,iir-p18000-s19000,hann-g64,sustained-edge,B1,1.231240375298292e-05,8.827043510447824e-06,1.1989146611943072e-05,True,4.218940596975536e-08,True
48000,iir-p18000-s19000,kaiser-g64,sustained-edge,B1,2.0834826262475758e-05,1.7252386515721942e-05,2.059448824123232e-05,True,4.218940596975536e-08,True
48000,iir-p18000-s19000,kaiser-g16,sustained-edge,AB,3.668005427946901e-05,3.5113019171075644e-05,3.4533069884706186e-05,True,6.591818670742574e-09,True
48000,iir-p18000-s19000,hann-g32,sustained-edge,AB,2.1295603152488704e-05,7.2673910068717145e-06,1.9601873733390706e-05,True,6.591818670742574e-09,True
48000,iir-p18000-s19000,kaiser-g32,sustained-edge,AB,2.7418058202294994e-05,2.2397696972209045e-05,2.6842525039283075e-05,True,6.591818670742574e-09,True
48000,iir-p18000-s19000,lagrange-g64,sustained-edge,AB,4.403914291939665e-07,2.258113686161593e-07,3.755266914887815e-07,True,6.591818670742574e-09,True
48000,iir-p18000-s19000,hann-g64,sustained-edge,AB,2.713574310081841e-06,1.1226886406662883e-06,2.508902827340439e-06,True,6.591818670742574e-09,True
48000,iir-p18000-s19000,kaiser-g64,sustained-edge,AB,1.5642063656312362e-05,1.2331568722311406e-05,1.5405839060487135e-05,True,6.591818670742574e-09,True
48000,iir-p18000-s20000,kaiser-g16,reference,A1,3.001075648098381e-05,2.508931291164077e-05,2.5057699258030074e-05,True,6.274269574470767e-09,True
48000,iir-p18000-s20000,hann-g32,reference,A1,1.5988958051699453e-05,1.1780982415364688e-05,1.2837551816509974e-05,True,6.274269574470767e-09,True
48000,iir-p18000-s20000,kaiser-g32,reference,A1,1.7964221843439963e-05,1.3160609963004414e-05,1.649314828576521e-05,True,6.274269574470767e-09,True
48000,iir-p18000-s20000,lagrange-g64,reference,A1,8.780228610299747e-07,6.065990917286877e-07,6.734405044432128e-07,True,6.274269574470767e-09,True
48000,iir-p18000-s20000,hann-g64,reference,A1,2.0415161056664723e-06,1.5481027957847147e-06,1.6696056391663093e-06,True,6.274269574470767e-09,True
48000,iir-p18000-s20000,kaiser-g64,reference,A1,1.0710573013567252e-05,7.311661446729527e-06,1.0244939173054456e-05,True,6.274269574470767e-09,True
48000,iir-p18000-s20000,kaiser-g16,reference,B1,6.370771533483662e-05,6.151223493243425e-05,6.367496103181957e-05,True,2.1758117134419174e-10,True
48000,iir-p18000-s20000,hann-g32,reference,B1,2.1747424755516447e-06,4.079750901916144e-06,2.1630124086587295e-06,True,2.1758117134419174e-10,True
48000,iir-p18000-s20000,kaiser-g32,reference,B1,8.50835687429987e-06,1.5048678424116783e-05,8.470054022092713e-06,True,2.1758117134419174e-10,True
48000,iir-p18000-s20000,lagrange-g64,reference,B1,2.32416857622851e-08,5.5011412136096815e-08,2.274889639954253e-08,True,2.1758117134419174e-10,True
48000,iir-p18000-s20000,hann-g64,reference,B1,5.705341798143037e-07,6.764224859129978e-07,5.701222795569309e-07,True,2.1758117134419174e-10,True
48000,iir-p18000-s20000,kaiser-g64,reference,B1,9.105314175204283e-06,1.0477309795178658e-05,9.098883853756954e-06,True,2.1758117134419174e-10,True
48000,iir-p18000-s20000,kaiser-g16,reference,AB,3.307602888110589e-05,2.508931291164077e-05,2.893866206441873e-05,True,6.274269574470767e-09,True
48000,iir-p18000-s20000,hann-g32,reference,AB,1.5501037022709615e-05,1.1780982415364758e-05,1.2448544338914624e-05,True,6.274269574470767e-09,True
48000,iir-p18000-s20000,kaiser-g32,reference,AB,1.753240257050473e-05,1.3160609963004414e-05,1.611394605474003e-05,True,6.274269574470767e-09,True
48000,iir-p18000-s20000,lagrange-g64,reference,AB,8.507353101918288e-07,6.065990917286877e-07,6.525289691041443e-07,True,6.274269574470767e-09,True
48000,iir-p18000-s20000,hann-g64,reference,AB,1.9830558458935596e-06,1.54810279578647e-06,1.623673620063668e-06,True,6.274269574470767e-09,True
48000,iir-p18000-s20000,kaiser-g64,reference,AB,1.0619253659367866e-05,7.311661446729527e-06,1.0176792467630392e-05,True,6.274269574470767e-09,True
48000,iir-p18000-s20000,kaiser-g16,edge,A1,4.959120294296553e-05,3.7073812076608164e-05,4.165869430132228e-05,True,1.4831392077376503e-08,True
48000,iir-p18000-s20000,hann-g32,edge,A1,3.6192440516465504e-05,2.9238469604851675e-05,2.8908365648831537e-05,True,1.4831392077376503e-08,True
48000,iir-p18000-s20000,kaiser-g32,edge,A1,2.4548923265468153e-05,1.6268233950028096e-05,2.2045024282322247e-05,True,1.4831392077376503e-08,True
48000,iir-p18000-s20000,lagrange-g64,edge,A1,2.026414347405784e-06,1.6105670344747327e-06,1.5310660889576002e-06,True,1.4831392077376503e-08,True
48000,iir-p18000-s20000,hann-g64,edge,A1,4.469311419642573e-06,3.798946107348573e-06,3.5941837309093757e-06,True,1.4831392077376503e-08,True
48000,iir-p18000-s20000,kaiser-g64,edge,A1,1.287805862429368e-05,7.963066551158349e-06,1.1872988501416657e-05,True,1.4831392077376503e-08,True
48000,iir-p18000-s20000,kaiser-g16,edge,B1,8.630247721442501e-05,8.387534684860841e-05,8.435548539614273e-05,True,4.6147438753844087e-08,True
48000,iir-p18000-s20000,hann-g32,edge,B1,0.00010657955267613958,7.770689038992251e-05,0.00010428270008029703,True,4.6147438753844087e-08,True
48000,iir-p18000-s20000,kaiser-g32,edge,B1,4.182755943809849e-05,3.133001521993991e-05,4.12393556372178e-05,True,4.6147438753844087e-08,True
48000,iir-p18000-s20000,lagrange-g64,edge,B1,1.1635136333586774e-05,1.1108414874086367e-05,1.138536385301379e-05,True,4.6147438753844087e-08,True
48000,iir-p18000-s20000,hann-g64,edge,B1,1.3670418553975107e-05,9.751957281156317e-06,1.3381658788014488e-05,True,4.6147438753844087e-08,True
48000,iir-p18000-s20000,kaiser-g64,edge,B1,2.2046691794107255e-05,1.39086350950523e-05,2.1844299835350785e-05,True,4.6147438753844087e-08,True
48000,iir-p18000-s20000,kaiser-g16,edge,AB,4.95912136810484e-05,3.7073812076608164e-05,4.165801263748901e-05,True,1.4831392077376503e-08,True
48000,iir-p18000-s20000,hann-g32,edge,AB,3.619247015458351e-05,2.9238469604853664e-05,2.8908045376550907e-05,True,1.4831392077376503e-08,True
48000,iir-p18000-s20000,kaiser-g32,edge,AB,2.4548928252287362e-05,1.6268233950028886e-05,2.2044884079669984e-05,True,1.4831392077376503e-08,True
48000,iir-p18000-s20000,lagrange-g64,edge,AB,2.0264212620416296e-06,1.610567034455184e-06,1.5310871382875361e-06,True,1.4831392077376503e-08,True
48000,iir-p18000-s20000,hann-g64,edge,AB,4.4693154058754225e-06,3.7989461073436275e-06,3.594176693792044e-06,True,1.4831392077376503e-08,True
48000,iir-p18000-s20000,kaiser-g64,edge,AB,1.28780612784094e-05,7.963066551158349e-06,1.187296116559192e-05,True,1.4831392077376503e-08,True
48000,iir-p18000-s20000,kaiser-g16,overlap-reference,A1,5.175285973581679e-05,5.081911965868799e-05,5.134886669212301e-05,True,2.804722027089438e-10,True
48000,iir-p18000-s20000,hann-g32,overlap-reference,A1,8.547051014741308e-06,8.1414225035158e-06,8.489796173761996e-06,True,2.804722027089438e-10,True
48000,iir-p18000-s20000,kaiser-g32,overlap-reference,A1,3.104770441966911e-05,2.9958915440027063e-05,3.0910286805454644e-05,True,2.804722027089438e-10,True
48000,iir-p18000-s20000,lagrange-g64,overlap-reference,A1,2.3776787641028724e-08,4.138322801824441e-08,2.125805580235411e-08,True,2.804722027089438e-10,True
48000,iir-p18000-s20000,hann-g64,overlap-reference,A1,1.0299361304283415e-06,9.711349189459515e-07,1.022849603927648e-06,True,2.804722027089438e-10,True
48000,iir-p18000-s20000,kaiser-g64,overlap-reference,A1,1.6085465853894336e-05,1.4851861003257032e-05,1.601746607753079e-05,True,2.804722027089438e-10,True
48000,iir-p18000-s20000,kaiser-g16,overlap-reference,B1,6.37077153418199e-05,6.151223515495138e-05,6.36749610389091e-05,True,2.175807088729704e-10,True
48000,iir-p18000-s20000,hann-g32,overlap-reference,B1,2.1747424455401396e-06,4.079750025744403e-06,2.1630123793046375e-06,True,2.175807088729704e-10,True
48000,iir-p18000-s20000,kaiser-g32,overlap-reference,B1,8.508356849882559e-06,1.5048677960333478e-05,8.47005399750397e-06,True,2.175807088729704e-10,True
48000,iir-p18000-s20000,lagrange-g64,overlap-reference,B1,2.324170905707428e-08,5.5011438465967954e-08,2.274891918645636e-08,True,2.175807088729704e-10,True
48000,iir-p18000-s20000,hann-g64,overlap-reference,B1,5.705341790666053e-07,6.76422495304546e-07,5.701222788512346e-07,True,2.175807088729704e-10,True
48000,iir-p18000-s20000,kaiser-g64,overlap-reference,B1,9.105314186520698e-06,1.0477309660109652e-05,9.098883865097057e-06,True,2.175807088729704e-10,True
48000,iir-p18000-s20000,kaiser-g16,overlap-reference,AB,5.175289964661747e-05,5.0819119658524716e-05,5.1348907250497944e-05,True,2.8047212108122086e-10,True
48000,iir-p18000-s20000,hann-g32,overlap-reference,AB,8.547039059193767e-06,8.141422503679053e-06,8.48978457414732e-06,True,2.8047212108122086e-10,True
48000,iir-p18000-s20000,kaiser-g32,overlap-reference,AB,3.1047661463862155e-05,2.99589154398638e-05,3.0910244701933874e-05,True,2.8047212108122086e-10,True
48000,iir-p18000-s20000,lagrange-g64,overlap-reference,AB,2.3776785574570608e-08,4.1383228018244395e-08,2.1257820786629648e-08,True,2.8047212108122086e-10,True
48000,iir-p18000-s20000,hann-g64,overlap-reference,AB,1.0299350758301356e-06,9.711349189459513e-07,1.0228486696729906e-06,True,2.8047212108122086e-10,True
48000,iir-p18000-s20000,kaiser-g64,overlap-reference,AB,1.608544968039788e-05,1.4851861003257027e-05,1.6017450884351247e-05,True,2.8047212108122086e-10,True
48000,iir-p18000-s20000,kaiser-g16,sustained-edge,A1,3.677345996419986e-05,3.610380169073236e-05,3.45829086811942e-05,True,6.957706066922836e-09,True
48000,iir-p18000-s20000,hann-g32,sustained-edge,A1,2.1661073116095496e-05,8.887126726864233e-06,1.9915385788857103e-05,True,6.957706066922836e-09,True
48000,iir-p18000-s20000,kaiser-g32,sustained-edge,A1,2.745233285379989e-05,2.3724839667379438e-05,2.6862687763747322e-05,True,6.957706066922836e-09,True
48000,iir-p18000-s20000,lagrange-g64,sustained-edge,A1,1.2797642181054524e-06,7.613822850026842e-07,1.1110051042705823e-06,True,6.957706066922836e-09,True
48000,iir-p18000-s20000,hann-g64,sustained-edge,A1,2.8052171664817196e-06,1.3466544032571747e-06,2.5893570367686758e-06,True,6.957706066922836e-09,True
48000,iir-p18000-s20000,kaiser-g64,sustained-edge,A1,1.563889951975537e-05,1.2259611894943376e-05,1.5398806166092667e-05,True,6.957706066922836e-09,True
48000,iir-p18000-s20000,kaiser-g16,sustained-edge,B1,8.630247705379977e-05,8.387534471835285e-05,8.435548524061264e-05,True,4.6147438586171334e-08,True
48000,iir-p18000-s20000,hann-g32,sustained-edge,B1,0.00010657955225911153,7.770688774432744e-05,0.00010428269967526638,True,4.6147438586171334e-08,True
48000,iir-p18000-s20000,kaiser-g32,sustained-edge,B1,4.1827559467686545e-05,3.133001488941992e-05,4.123935567019189e-05,True,4.6147438586171334e-08,True
48000,iir-p18000-s20000,lagrange-g64,sustained-edge,B1,1.1635136228236653e-05,1.1108414455407318e-05,1.1385363749684968e-05,True,4.6147438586171334e-08,True
48000,iir-p18000-s20000,hann-g64,sustained-edge,B1,1.3670418497246295e-05,9.751956954242236e-06,1.3381658732723248e-05,True,4.6147438586171334e-08,True
48000,iir-p18000-s20000,kaiser-g64,sustained-edge,B1,2.204669177582145e-05,1.3908634574930298e-05,2.1844299817837623e-05,True,4.6147438586171334e-08,True
48000,iir-p18000-s20000,kaiser-g16,sustained-edge,AB,3.67734603356433e-05,3.610380169073236e-05,3.458294250421278e-05,True,6.957706843305925e-09,True
48000,iir-p18000-s20000,hann-g32,sustained-edge,AB,2.1661075561029433e-05,8.887126726867366e-06,1.991547748274697e-05,True,6.957706843305925e-09,True
48000,iir-p18000-s20000,kaiser-g32,sustained-edge,AB,2.745233288044952e-05,2.3724839667379438e-05,2.6862691809349947e-05,True,6.957706843305925e-09,True
48000,iir-p18000-s20000,lagrange-g64,sustained-edge,AB,1.2797645501328643e-06,7.613822849964204e-07,1.1110092097834935e-06,True,6.957706843305925e-09,True
48000,iir-p18000-s20000,hann-g64,sustained-edge,AB,2.8052178939184953e-06,1.346654403250911e-06,2.5893690646251338e-06,True,6.957706843305925e-09,True
48000,iir-p18000-s20000,kaiser-g64,sustained-edge,AB,1.563889961793889e-05,1.2259611894943376e-05,1.5398808106320644e-05,True,6.957706843305925e-09,True
48000,fir129-p18000-s20000,kaiser-g16,reference,A1,3.0227776347770877e-05,2.394932735721072e-05,2.5297824464922804e-05,True,8.419982302632224e-09,True
48000,fir129-p18000-s20000,hann-g32,reference,A1,1.7167463137478885e-05,1.538788133747909e-05,1.4001483660482116e-05,True,8.419982302632224e-09,True
48000,fir129-p18000-s20000,kaiser-g32,reference,A1,1.8101715253072456e-05,1.2588034219578472e-05,1.6592179519542406e-05,True,8.419982302632224e-09,True
48000,fir129-p18000-s20000,lagrange-g64,reference,A1,4.017390842532215e-06,1.945614115220416e-06,3.097580363277578e-06,True,8.419982302632224e-09,True
48000,fir129-p18000-s20000,hann-g64,reference,A1,2.566371512351951e-06,1.932377458529114e-06,2.0734635936633523e-06,True,8.419982302632224e-09,True
48000,fir129-p18000-s20000,kaiser-g64,reference,A1,1.0806043258804599e-05,7.416524322358086e-06,1.029737619178295e-05,True,8.419982302632224e-09,True
48000,fir129-p18000-s20000,kaiser-g16,reference,B1,6.371944952599845e-05,6.279055817816718e-05,6.368707806210054e-05,True,4.176139258404582e-10,True
48000,fir129-p18000-s20000,hann-g32,reference,B1,2.1812061019729126e-06,4.012616930453701e-06,2.1694300934264046e-06,True,4.176139258404582e-10,True
48000,fir129-p18000-s20000,kaiser-g32,reference,B1,8.511414767857167e-06,1.5199426403308289e-05,8.473488402663195e-06,True,4.176139258404582e-10,True
48000,fir129-p18000-s20000,lagrange-g64,reference,B1,1.1094942125745631e-07,1.5438717670908738e-07,1.0876916584947677e-07,True,4.176139258404582e-10,True
48000,fir129-p18000-s20000,hann-g64,reference,B1,5.722673648738552e-07,6.911902754529135e-07,5.716770642187831e-07,True,4.176139258404582e-10,True
48000,fir129-p18000-s20000,kaiser-g64,reference,B1,9.107820235399412e-06,1.0605582446801057e-05,9.101431409763485e-06,True,4.176139258404582e-10,True
48000,fir129-p18000-s20000,kaiser-g16,reference,AB,3.3259234273058555e-05,2.3949331633928707e-05,2.9131748383624727e-05,True,8.420182354968723e-09,True
48000,fir129-p18000-s20000,hann-g32,reference,AB,1.664286566255925e-05,1.538787623107784e-05,1.3574748171574457e-05,True,8.420182354968723e-09,True
48000,fir129-p18000-s20000,kaiser-g32,reference,AB,1.7665219622081325e-05,1.2588038496247872e-05,1.620951625139071e-05,True,8.420182354968723e-09,True
48000,fir129-p18000-s20000,lagrange-g64,reference,AB,3.892621299568969e-06,1.9456091996246005e-06,3.0011409864399533e-06,True,8.420182354968723e-09,True
48000,fir129-p18000-s20000,hann-g64,reference,AB,2.490562740936911e-06,1.9323827562105292e-06,2.01356308354483e-06,True,8.420182354968723e-09,True
48000,fir129-p18000-s20000,kaiser-g64,reference,AB,1.0709877275361947e-05,7.416528599005369e-06,1.0226486604439412e-05,True,8.420182354968723e-09,True
48000,fir129-p18000-s20000,kaiser-g16,edge,A1,4.9943334765519206e-05,3.8137522411708914e-05,4.195104944311701e-05,True,2.034051490888133e-08,True
48000,fir129-p18000-s20000,hann-g32,edge,A1,3.8797864426949395e-05,3.6017535499634596e-05,3.143283414357576e-05,True,2.034051490888133e-08,True
48000,fir129-p18000-s20000,kaiser-g32,edge,A1,2.493950323530728e-05,1.9445708562744595e-05,2.229728788415156e-05,True,2.034051490888133e-08,True
48000,fir129-p18000-s20000,lagrange-g64,edge,A1,8.550231379189682e-06,4.956469807606852e-06,6.527135783339264e-06,True,2.034051490888133e-08,True
48000,fir129-p18000-s20000,hann-g64,edge,A1,5.4813024902126475e-06,4.712814054618775e-06,4.378388511278496e-06,True,2.034051490888133e-08,True
48000,fir129-p18000-s20000,kaiser-g64,edge,A1,1.3244913214559251e-05,9.90204559242816e-06,1.2095509253108748e-05,True,2.034051490888133e-08,True
48000,fir129-p18000-s20000,kaiser-g16,edge,B1,8.641588361037459e-05,5.259152561842701e-05,8.482050219618492e-05,True,5.038497492137754e-08,True
48000,fir129-p18000-s20000,hann-g32,edge,B1,0.00012155012714724499,7.937824708419563e-05,0.00011947681486176131,True,5.038497492137754e-08,True
48000,fir129-p18000-s20000,kaiser-g32,edge,B1,4.4512177411611325e-05,2.67631674525413e-05,4.3993261324197006e-05,True,5.038497492137754e-08,True
48000,fir129-p18000-s20000,lagrange-g64,edge,B1,2.8031409093760163e-05,1.5682603889092934e-05,2.7416323180324675e-05,True,5.038497492137754e-08,True
48000,fir129-p18000-s20000,hann-g64,edge,B1,1.552203396873696e-05,9.700893392787046e-06,1.5212621099034374e-05,True,5.038497492137754e-08,True
48000,fir129-p18000-s20000,kaiser-g64,edge,B1,2.2660598815219517e-05,1.3460038560025102e-05,2.243864519542916e-05,True,5.038497492137754e-08,True
48000,fir129-p18000-s20000,kaiser-g16,edge,AB,4.994334415012244e-05,3.813752334701443e-05,4.195038479785639e-05,True,2.034055728850715e-08,True
48000,fir129-p18000-s20000,hann-g32,edge,AB,3.8797901986194666e-05,3.60175344094997e-05,3.143182683750882e-05,True,2.034055728850715e-08,True
48000,fir129-p18000-s20000,kaiser-g32,edge,AB,2.4939505054147846e-05,1.9445709651359945e-05,2.229710404952544e-05,True,2.034055728850715e-08,True
48000,fir129-p18000-s20000,lagrange-g64,edge,AB,8.550230287215949e-06,4.9564687582598005e-06,6.527233556861193e-06,True,2.034055728850715e-08,True
48000,fir129-p18000-s20000,hann-g64,edge,AB,5.481288159512128e-06,4.712815185529364e-06,4.37829330747746e-06,True,2.034055728850715e-08,True
48000,fir129-p18000-s20000,kaiser-g64,edge,AB,1.324490821304688e-05,9.90204672602947e-06,1.2095463411368207e-05,True,2.034055728850715e-08,True
48000,fir129-p18000-s20000,kaiser-g16,overlap-reference,A1,5.1747914932209514e-05,5.059779065418148e-05,5.134212746112955e-05,True,3.276787401050825e-10,True
48000,fir129-p18000-s20000,hann-g32,overlap-reference,A1,8.54430801860908e-06,8.228602382217256e-06,8.487183353821895e-06,True,3.276787401050825e-10,True
48000,fir129-p18000-s20000,kaiser-g32,overlap-reference,A1,3.104143087564394e-05,2.9863877117446513e-05,3.09044626375475e-05,True,3.276787401050825e-10,True
48000,fir129-p18000-s20000,lagrange-g64,overlap-reference,A1,9.856485078347897e-08,1.1886714668256358e-07,8.570126655552303e-08,True,3.276787401050825e-10,True
48000,fir129-p18000-s20000,hann-g64,overlap-reference,A1,1.0300564431291644e-06,9.493163595145933e-07,1.0228434145112673e-06,True,3.276787401050825e-10,True
48000,fir129-p18000-s20000,kaiser-g64,overlap-reference,A1,1.6082083303627278e-05,1.4730843065303722e-05,1.601443977074708e-05,True,3.276787401050825e-10,True
48000,fir129-p18000-s20000,kaiser-g16,overlap-reference,B1,6.37194495333911e-05,6.279055699678409e-05,6.368707806950355e-05,True,4.176135960619169e-10,True
48000,fir129-p18000-s20000,hann-g32,overlap-reference,B1,2.181206072135429e-06,4.012615991081696e-06,2.169430062628229e-06,True,4.176135960619169e-10,True
48000,fir129-p18000-s20000,kaiser-g32,overlap-reference,B1,8.511414746260702e-06,1.5199426094377477e-05,8.47348838039104e-06,True,4.176135960619169e-10,True
48000,fir129-p18000-s20000,lagrange-g64,overlap-reference,B1,1.109496301286642e-07,1.5438715724936383e-07,1.0876935650453598e-07,True,4.176135960619169e-10,True
48000,fir129-p18000-s20000,hann-g64,overlap-reference,B1,5.722673916957487e-07,6.911903933629225e-07,5.716770853340372e-07,True,4.176135960619169e-10,True
48000,fir129-p18000-s20000,kaiser-g64,overlap-reference,B1,9.10782024862033e-06,1.0605581897303652e-05,9.101431422598661e-06,True,4.176135960619169e-10,True
48000,fir129-p18000-s20000,kaiser-g16,overlap-reference,AB,5.174795491261254e-05,5.0597790494784225e-05,5.1342168106679785e-05,True,3.276740085272036e-10,True
48000,fir129-p18000-s20000,hann-g32,overlap-reference,AB,8.544296078752703e-06,8.228602541950097e-06,8.487171773639133e-06,True,3.276740085272036e-10,True
48000,fir129-p18000-s20000,kaiser-g32,overlap-reference,AB,3.104138792992538e-05,2.9863876957719677e-05,3.0904420535800845e-05,True,3.276740085272036e-10,True
48000,fir129-p18000-s20000,lagrange-g64,overlap-reference,AB,9.856627354239128e-08,1.188669898586414e-07,8.569990118140063e-08,True,3.276740085272036e-10,True
48000,fir129-p18000-s20000,hann-g64,overlap-reference,AB,1.0300554507907936e-06,9.493161974989882e-07,1.0228424543817175e-06,True,3.276740085272036e-10,True
48000,fir129-p18000-s20000,kaiser-g64,overlap-reference,AB,1.608206714320115e-05,1.4730842903127131e-05,1.601442457988939e-05,True,3.276740085272036e-10,True
48000,fir129-p18000-s20000,kaiser-g16,sustained-edge,A1,3.6917651284751226e-05,3.647538861430868e-05,3.4661257687154423e-05,True,7.694565835305707e-09,True
48000,fir129-p18000-s20000,hann-g32,sustained-edge,A1,2.2933421246306455e-05,1.2548514751439533e-05,2.106032441043284e-05,True,7.694565835305707e-09,True
48000,fir129-p18000-s20000,kaiser-g32,sustained-edge,A1,2.752991481806137e-05,2.4434989048998243e-05,2.6909508144586294e-05,True,7.694565835305707e-09,True
48000,fir129-p18000-s20000,lagrange-g64,sustained-edge,A1,4.445245790512948e-06,1.6545992002234507e-06,3.803265543674362e-06,True,7.694565835305707e-09,True
48000,fir129-p18000-s20000,hann-g64,sustained-edge,A1,3.169600491858622e-06,1.897921476439307e-06,2.8726036230182607e-06,True,7.694565835305707e-09,True
48000,fir129-p18000-s20000,kaiser-g64,sustained-edge,A1,1.5680988496408594e-05,1.2701067341423071e-05,1.541956223183169e-05,True,7.694565835305707e-09,True
48000,fir129-p18000-s20000,kaiser-g16,sustained-edge,B1,8.641588340858763e-05,5.259152498039824e-05,8.482050200531043e-05,True,5.038497464779249e-08,True
48000,fir129-p18000-s20000,hann-g32,sustained-edge,B1,0.00012155012654291028,7.937824457582987e-05,0.00011947681427105964,True,5.038497464779249e-08,True
48000,fir129-p18000-s20000,kaiser-g32,sustained-edge,B1,4.45121773390175e-05,2.6763167312528552e-05,4.399326126266839e-05,True,5.038497464779249e-08,True
48000,fir129-p18000-s20000,lagrange-g64,sustained-edge,B1,2.8031408537406754e-05,1.5682603121763903e-05,2.741632263480861e-05,True,5.038497464779249e-08,True
48000,fir129-p18000-s20000,hann-g64,sustained-edge,B1,1.5522033804290914e-05,9.700893065037476e-06,1.5212620947644334e-05,True,5.038497464779249e-08,True
48000,fir129-p18000-s20000,kaiser-g64,sustained-edge,B1,2.2660598720563883e-05,1.3460037983982863e-05,2.243864511124881e-05,True,5.038497464779249e-08,True
48000,fir129-p18000-s20000,kaiser-g16,sustained-edge,AB,3.691765243905089e-05,3.6475388885206995e-05,3.466129423451229e-05,True,7.694551671212667e-09,True
48000,fir129-p18000-s20000,hann-g32,sustained-edge,AB,2.2933422670344026e-05,1.2548514471035905e-05,2.1060431572075706e-05,True,7.694551671212667e-09,True
48000,fir129-p18000-s20000,kaiser-g32,sustained-edge,AB,2.7529915661031742e-05,2.443498931989982e-05,2.6909511890640752e-05,True,7.694551671212667e-09,True
48000,fir129-p18000-s20000,lagrange-g64,sustained-edge,AB,4.445251665531845e-06,1.6545996811491678e-06,3.803239504983307e-06,True,7.694551671212667e-09,True
48000,fir129-p18000-s20000,hann-g64,sustained-edge,AB,3.1696043352686944e-06,1.8979211984500533e-06,2.872612825590682e-06,True,7.694551671212667e-09,True
48000,fir129-p18000-s20000,kaiser-g64,sustained-edge,AB,1.568098936386435e-05,1.2701067070921917e-05,1.5419562859558247e-05,True,7.694551671212667e-09,True
48000,iir-p18000-s23520,kaiser-g16,reference,A1,0.0002969082040682031,0.0002356922070225482,0.00025655883339923584,True,1.3721543482092152e-08,True
48000,iir-p18000-s23520,hann-g32,reference,A1,2.6262245608743633e-05,2.6979042899600014e-05,2.221399758322317e-05,True,1.3721543482092152e-08,True
48000,iir-p18000-s23520,kaiser-g32,reference,A1,2.2359490534909195e-05,1.4093610738917488e-05,2.0135656896858147e-05,True,1.3721543482092152e-08,True
48000,iir-p18000-s23520,lagrange-g64,reference,A1,0.0003739308852811525,0.00033247291139081064,0.00031387655440461986,True,1.3721543482092152e-08,True
48000,iir-p18000-s23520,hann-g64,reference,A1,3.2606338371531376e-06,3.3987296735947617e-06,2.7742216084481627e-06,True,1.3721543482092152e-08,True
48000,iir-p18000-s23520,kaiser-g64,reference,A1,1.077894365425672e-05,7.4710767244138935e-06,1.0297502886124241e-05,True,1.3721543482092152e-08,True
48000,iir-p18000-s23520,kaiser-g16,reference,B1,6.439580943022575e-05,7.258274017980946e-05,6.433824005465898e-05,True,7.637891778528253e-10,True
48000,iir-p18000-s23520,hann-g32,reference,B1,2.2633796120268467e-06,4.091884511905158e-06,2.2493420380002893e-06,True,7.637891778528253e-10,True
48000,iir-p18000-s23520,kaiser-g32,reference,B1,8.520653292819486e-06,1.5249905200778808e-05,8.482372826642955e-06,True,7.637891778528253e-10,True
48000,iir-p18000-s23520,lagrange-g64,reference,B1,1.1727806539867516e-05,3.543163311730707e-05,1.1710068897776883e-05,True,7.637891778528253e-10,True
48000,iir-p18000-s23520,hann-g64,reference,B1,5.756778305991445e-07,6.858727186395016e-07,5.75113072279649e-07,True,7.637891778528253e-10,True
48000,iir-p18000-s23520,kaiser-g64,reference,B1,9.107807229464942e-06,1.0576573510539545e-05,9.101421541660427e-06,True,7.637891778528253e-10,True
48000,iir-p18000-s23520,kaiser-g16,reference,AB,0.00028814815880575523,0.00023569220702248378,0.0002491417060940578,True,1.3721543482092154e-08,True
48000,iir-p18000-s23520,hann-g32,reference,AB,2.5454678980626894e-05,2.697904289960116e-05,2.1533017686444217e-05,True,1.3721543482092154e-08,True
48000,iir-p18000-s23520,kaiser-g32,reference,AB,2.1768680103792516e-05,1.409361073891749e-05,1.9619394406662518e-05,True,1.3721543482092154e-08,True
48000,iir-p18000-s23520,lagrange-g64,reference,AB,0.00036235663189306395,0.0003324729113908107,0.000304180031295369,True,1.3721543482092154e-08,True
48000,iir-p18000-s23520,hann-g64,reference,AB,3.162804603244384e-06,3.3987296735941853e-06,2.6919445001201716e-06,True,1.3721543482092154e-08,True
48000,iir-p18000-s23520,kaiser-g64,reference,AB,1.068448062019043e-05,7.471076724542784e-06,1.0226828355200952e-05,True,1.3721543482092154e-08,True
48000,iir-p18000-s23520,kaiser-g16,edge,A1,0.000599335755824285,0.00048071305752375715,0.0005134161700972687,True,2.750918812504709e-08,True
48000,iir-p18000-s23520,hann-g32,edge,A1,5.673319355043755e-05,5.554263993818452e-05,4.747055139995745e-05,True,2.750918812504709e-08,True
48000,iir-p18000-s23520,kaiser-g32,edge,A1,3.603150745058453e-05,2.2973050999142736e-05,3.160358654761506e-05,True,2.750918812504709e-08,True
48000,iir-p18000-s23520,lagrange-g64,edge,A1,0.000760052747737297,0.000669880002420416,0.0006303303781945296,True,2.750918812504709e-08,True
48000,iir-p18000-s23520,hann-g64,edge,A1,6.941263586337924e-06,6.829327800703364e-06,5.8239575777202366e-06,True,2.750918812504709e-08,True
48000,iir-p18000-s23520,kaiser-g64,edge,A1,1.314665645209856e-05,9.201051876343116e-06,1.208847418918224e-05,True,2.750918812504709e-08,True
48000,iir-p18000-s23520,kaiser-g16,edge,B1,0.00127371268137113,0.0007682493836803705,0.0012462476653944017,True,5.7390520838184206e-08,True
48000,iir-p18000-s23520,hann-g32,edge,B1,0.00016123703452459233,0.00011317695761020268,0.00015825319041585834,True,5.7390520838184206e-08,True
48000,iir-p18000-s23520,kaiser-g32,edge,B1,5.939443329886374e-05,3.284295342694406e-05,5.84837776988501e-05,True,5.7390520838184206e-08,True
48000,iir-p18000-s23520,lagrange-g64,edge,B1,0.0017321287188774306,0.0011498041272064502,0.0017296523289186305,True,5.7390520838184206e-08,True
48000,iir-p18000-s23520,hann-g64,edge,B1,2.0074972038189463e-05,1.4113818564773817e-05,1.9703770839329356e-05,True,5.7390520838184206e-08,True
48000,iir-p18000-s23520,kaiser-g64,edge,B1,2.3037850013876004e-05,1.4136384573353526e-05,2.2835273200245193e-05,True,5.7390520838184206e-08,True
48000,iir-p18000-s23520,kaiser-g16,edge,AB,0.0005993360184912678,0.00048071305752375715,0.0005134185539673162,True,2.750918812504709e-08,True
48000,iir-p18000-s23520,hann-g32,edge,AB,5.6733243590297144e-05,5.5542639938184344e-05,4.746992687431952e-05,True,2.750918812504709e-08,True
48000,iir-p18000-s23520,kaiser-g32,edge,AB,3.6031515162031856e-05,2.2973050999144606e-05,3.16032181276592e-05,True,2.750918812504709e-08,True
48000,iir-p18000-s23520,lagrange-g64,edge,AB,0.0007600531449838035,0.0006698800024203814,0.0006303251642239969,True,2.750918812504709e-08,True
48000,iir-p18000-s23520,hann-g64,edge,AB,6.941269957189073e-06,6.829327800703196e-06,5.823862591175691e-06,True,2.750918812504709e-08,True
48000,iir-p18000-s23520,kaiser-g64,edge,AB,1.314665984509235e-05,9.201051876340379e-06,1.2088431177862107e-05,True,2.750918812504709e-08,True
48000,iir-p18000-s23520,kaiser-g16,overlap-reference,A1,5.241424655204761e-05,5.6321259500607056e-05,5.18937093169797e-05,True,4.750825869428957e-10,True
48000,iir-p18000-s23520,hann-g32,overlap-reference,A1,8.562666025092327e-06,8.973081010634612e-06,8.502723803134183e-06,True,4.750825869428957e-10,True
48000,iir-p18000-s23520,kaiser-g32,overlap-reference,A1,3.1044204147924764e-05,2.9710721115801422e-05,3.0906822722156676e-05,True,4.750825869428957e-10,True
48000,iir-p18000-s23520,lagrange-g64,overlap-reference,A1,1.0525033386944354e-05,2.7484138287971582e-05,9.663426541725176e-06,True,4.750825869428957e-10,True
48000,iir-p18000-s23520,hann-g64,overlap-reference,A1,1.0320861138788875e-06,9.620595627104977e-07,1.024652803504272e-06,True,4.750825869428957e-10,True
48000,iir-p18000-s23520,kaiser-g64,overlap-reference,A1,1.6082674358449778e-05,1.4728173407559943e-05,1.6014987031582077e-05,True,4.750825869428957e-10,True
48000,iir-p18000-s23520,kaiser-g16,overlap-reference,B1,6.439581016178397e-05,7.258273923826472e-05,6.433824076396578e-05,True,7.637892794173172e-10,True
48000,iir-p18000-s23520,hann-g32,overlap-reference,B1,2.2633796264696148e-06,4.091885585680402e-06,2.2493420526486323e-06,True,7.637892794173172e-10,True
48000,iir-p18000-s23520,kaiser-g32,overlap-reference,B1,8.520653267154713e-06,1.5249904340697372e-05,8.482372800827563e-06,True,7.637892794173172e-10,True
48000,iir-p18000-s23520,lagrange-g64,overlap-reference,B1,1.1727815974611004e-05,3.543166047770113e-05,1.1710078310228619e-05,True,7.637892794173172e-10,True
48000,iir-p18000-s23520,hann-g64,overlap-reference,B1,5.756778348263874e-07,6.858729887035421e-07,5.751130764627932e-07,True,7.637892794173172e-10,True
48000,iir-p18000-s23520,kaiser-g64,overlap-reference,B1,9.107807241117717e-06,1.0576574011385443e-05,9.101421553301165e-06,True,7.637892794173172e-10,True
48000,iir-p18000-s23520,kaiser-g16,overlap-reference,AB,5.241428637348588e-05,5.6321259500607056e-05,5.1893747118637626e-05,True,4.750824242091051e-10,True
48000,iir-p18000-s23520,hann-g32,overlap-reference,AB,8.562654108288864e-06,8.973081010797346e-06,8.502712491444893e-06,True,4.750824242091051e-10,True
48000,iir-p18000-s23520,kaiser-g32,overlap-reference,AB,3.104416120709689e-05,2.9710721115801422e-05,3.090678060560717e-05,True,4.750824242091051e-10,True
48000,iir-p18000-s23520,lagrange-g64,overlap-reference,AB,1.0525036124031023e-05,2.7484138287971582e-05,9.663438636773495e-06,True,4.750824242091051e-10,True
48000,iir-p18000-s23520,hann-g64,overlap-reference,AB,1.0320850405260572e-06,9.620595627104977e-07,1.0246518298260206e-06,True,4.750824242091051e-10,True
48000,iir-p18000-s23520,kaiser-g64,overlap-reference,AB,1.608265819453676e-05,1.4728173407559943e-05,1.6014971844129446e-05,True,4.750824242091051e-10,True
48000,iir-p18000-s23520,kaiser-g16,sustained-edge,A1,0.00035465373653692853,0.000153593750018318,0.0003195409056578789,True,9.331629204940564e-09,True
48000,iir-p18000-s23520,hann-g32,sustained-edge,A1,3.3848454436514716e-05,1.8851988393890282e-05,3.101156502367924e-05,True,9.331629204940564e-09,True
48000,iir-p18000-s23520,kaiser-g32,sustained-edge,A1,3.084269504207583e-05,2.1657027254119252e-05,2.9633649696947834e-05,True,9.331629204940564e-09,True
48000,iir-p18000-s23520,lagrange-g64,sustained-edge,A1,0.000452607453781884,0.00021861723878587318,0.0004051553948435777,True,9.331629204940564e-09,True
48000,iir-p18000-s23520,hann-g64,sustained-edge,A1,4.274928066585168e-06,3.12888928744e-06,3.920280174536179e-06,True,9.331629204940564e-09,True
48000,iir-p18000-s23520,kaiser-g64,sustained-edge,A1,1.5695667189390464e-05,1.2056086713828917e-05,1.544066831949813e-05,True,9.331629204940564e-09,True
48000,iir-p18000-s23520,kaiser-g16,sustained-edge,B1,0.001273712626043791,0.0007682493265729276,0.00124624761106687,True,5.7390520789008365e-08,True
48000,iir-p18000-s23520,hann-g32,sustained-edge,B1,0.0001612370340991947,0.00011317695786818474,0.00015825318999975935,True,5.7390520789008365e-08,True
48000,iir-p18000-s23520,kaiser-g32,sustained-edge,B1,5.939443217007353e-05,3.284295306772982e-05,5.8483776599829483e-05,True,5.7390520789008365e-08,True
48000,iir-p18000-s23520,lagrange-g64,sustained-edge,B1,0.0017321286673320168,0.001149804084533666,0.0017296522772682578,True,5.7390520789008365e-08,True
48000,iir-p18000-s23520,hann-g64,sustained-edge,B1,2.0074971986525715e-05,1.411381861534926e-05,1.9703770788696532e-05,True,5.7390520789008365e-08,True
48000,iir-p18000-s23520,kaiser-g64,sustained-edge,B1,2.3037849985011964e-05,1.4136384758564998e-05,2.2835273172367926e-05,True,5.7390520789008365e-08,True
48000,iir-p18000-s23520,kaiser-g16,sustained-edge,AB,0.0003546537432006778,0.000153593750018318,0.0003195402385851808,True,9.331630261838276e-09,True
48000,iir-p18000-s23520,hann-g32,sustained-edge,AB,3.384845387532859e-05,1.8851988393888358e-05,3.101161302656599e-05,True,9.331630261838276e-09,True
48000,iir-p18000-s23520,kaiser-g32,sustained-edge,AB,3.0842695211843355e-05,2.1657027254119252e-05,2.9633652585984036e-05,True,9.331630261838276e-09,True
48000,iir-p18000-s23520,lagrange-g64,sustained-edge,AB,0.0004526074644345477,0.00021861723878587318,0.0004051539031212677,True,9.331630261838276e-09,True
48000,iir-p18000-s23520,hann-g64,sustained-edge,AB,4.274927051401469e-06,3.12888928744e-06,3.9202874624085875e-06,True,9.331630261838276e-09,True
48000,iir-p18000-s23520,kaiser-g64,sustained-edge,AB,1.5695667292351663e-05,1.2056086713828917e-05,1.5440669768881145e-05,True,9.331630261838276e-09,True
48000,fir65-p18000-s23520,kaiser-g16,reference,A1,0.00015958394332526546,0.00010610576164443734,0.00013913875818787055,True,1.1337590592404894e-08,True
48000,fir65-p18000-s23520,hann-g32,reference,A1,2.7807159752636365e-05,2.5844202430222553e-05,2.327376902125577e-05,True,1.1337590592404894e-08,True
48000,fir65-p18000-s23520,kaiser-g32,reference,A1,2.0375584570125027e-05,1.2397639620829532e-05,1.805987523657704e-05,True,1.1337590592404894e-08,True
48000,fir65-p18000-s23520,lagrange-g64,reference,A1,0.0002650700164850933,0.0001949437306938529,0.00022306759934432934,True,1.1337590592404894e-08,True
48000,fir65-p18000-s23520,hann-g64,reference,A1,8.048131901807976e-06,4.7507223131664335e-06,6.267437230024383e-06,True,1.1337590592404894e-08,True
48000,fir65-p18000-s23520,kaiser-g64,reference,A1,1.3205349341015647e-05,7.2313385599771104e-06,1.1818987991719843e-05,True,1.1337590592404894e-08,True
48000,fir65-p18000-s23520,kaiser-g16,reference,B1,6.390019140971467e-05,6.871654382512584e-05,6.386194160882038e-05,True,7.527306761980083e-10,True
48000,fir65-p18000-s23520,hann-g32,reference,B1,2.2744369889008552e-06,4.428244967055339e-06,2.258657301723377e-06,True,7.527306761980083e-10,True
48000,fir65-p18000-s23520,kaiser-g32,reference,B1,8.517170688577122e-06,1.5248402746550977e-05,8.478638808507366e-06,True,7.527306761980083e-10,True
48000,fir65-p18000-s23520,lagrange-g64,reference,B1,8.262648526670444e-06,2.139967521536275e-05,8.232225041549645e-06,True,7.527306761980083e-10,True
48000,fir65-p18000-s23520,hann-g64,reference,B1,6.092674745310061e-07,7.045976431439183e-07,6.040124021688529e-07,True,7.527306761980083e-10,True
48000,fir65-p18000-s23520,kaiser-g64,reference,B1,9.110853501046454e-06,1.0607577614406003e-05,9.104124619064438e-06,True,7.527306761980083e-10,True
48000,fir65-p18000-s23520,kaiser-g16,reference,AB,0.00015544747544380828,0.00010610578417206063,0.00013579278572182647,True,1.1336675595739578e-08,True
48000,fir65-p18000-s23520,hann-g32,reference,AB,2.6952181807100132e-05,2.5844225765293967e-05,2.256020223954292e-05,True,1.1336675595739578e-08,True
48000,fir65-p18000-s23520,kaiser-g32,reference,AB,1.985628992632716e-05,1.2397620077235779e-05,1.7621487672205945e-05,True,1.1336675595739578e-08,True
48000,fir65-p18000-s23520,lagrange-g64,reference,AB,0.00025687462459292814,0.00019494375321974002,0.0002162338914832993,True,1.1336675595739578e-08,True
48000,fir65-p18000-s23520,hann-g64,reference,AB,7.799745405168988e-06,4.7507466087249575e-06,6.072039734410243e-06,True,1.1336675595739578e-08,True
48000,fir65-p18000-s23520,kaiser-g64,reference,AB,1.2992339399868716e-05,7.231359832799981e-06,1.166830759507189e-05,True,1.1336675595739578e-08,True
48000,fir65-p18000-s23520,kaiser-g16,edge,A1,0.0003223025600759331,0.0002397847128828267,0.0002788545981180708,True,3.124254538125067e-08,True
48000,fir65-p18000-s23520,hann-g32,edge,A1,5.978425904985099e-05,6.309320117983372e-05,4.959907809049664e-05,True,3.124254538125067e-08,True
48000,fir65-p18000-s23520,kaiser-g32,edge,A1,3.102514004773543e-05,2.2266656428281482e-05,2.6275354765497183e-05,True,3.124254538125067e-08,True
48000,fir65-p18000-s23520,lagrange-g64,edge,A1,0.0005436908627125739,0.0004746440811941674,0.0004519542391504206,True,3.124254538125067e-08,True
48000,fir65-p18000-s23520,hann-g64,edge,A1,1.6145533286246877e-05,1.1522111910462963e-05,1.247535371720241e-05,True,3.124254538125067e-08,True
48000,fir65-p18000-s23520,kaiser-g64,edge,A1,2.0021644816749048e-05,1.3704402899311544e-05,1.6597690561499094e-05,True,3.124254538125067e-08,True
48000,fir65-p18000-s23520,kaiser-g16,edge,B1,0.0007545438801785495,0.00034970432951134735,0.0007390464790974988,True,6.091893293918021e-08,True
48000,fir65-p18000-s23520,hann-g32,edge,B1,0.0001697405333805673,0.00010105549103712607,0.0001665172478658869,True,6.091893293918021e-08,True
48000,fir65-p18000-s23520,kaiser-g32,edge,B1,5.19990395782033e-05,2.8937257534837112e-05,5.056225279390336e-05,True,6.091893293918021e-08,True
48000,fir65-p18000-s23520,lagrange-g64,edge,B1,0.0013613489815186477,0.0007818656125234092,0.0013570581892575302,True,6.091893293918021e-08,True
48000,fir65-p18000-s23520,hann-g64,edge,B1,2.8039050952361336e-05,1.565553499089798e-05,2.6839879551459353e-05,True,6.091893293918021e-08,True
48000,fir65-p18000-s23520,kaiser-g64,edge,B1,3.0392113370673106e-05,1.7242020322811713e-05,2.928854710474404e-05,True,6.091893293918021e-08,True
48000,fir65-p18000-s23520,kaiser-g16,edge,AB,0.0003223027370194489,0.00023978471785072192,0.00027885880077733994,True,3.124234384606136e-08,True
48000,fir65-p18000-s23520,hann-g32,edge,AB,5.978427112302307e-05,6.309320633220324e-05,4.959852199927554e-05,True,3.124234384606136e-08,True
48000,fir65-p18000-s23520,kaiser-g32,edge,AB,3.102506526994739e-05,2.226666159426337e-05,2.6274870257870896e-05,True,3.124234384606136e-08,True
48000,fir65-p18000-s23520,lagrange-g64,edge,AB,0.0005436912262123336,0.00047464408617038786,0.0004519519584446662,True,3.124234384606136e-08,True
48000,fir65-p18000-s23520,hann-g64,edge,AB,1.6145395978570157e-05,1.152211727457548e-05,1.2474690819516654e-05,True,3.124234384606136e-08,True
48000,fir65-p18000-s23520,kaiser-g64,edge,AB,2.002153112795375e-05,1.370440827604376e-05,1.659714316286912e-05,True,3.124234384606136e-08,True
48000,fir65-p18000-s23520,kaiser-g16,overlap-reference,A1,5.19281320267912e-05,5.07939448688017e-05,5.149308353206523e-05,True,5.076860912133815e-10,True
48000,fir65-p18000-s23520,hann-g32,overlap-reference,A1,8.564445876596044e-06,8.76107601377948e-06,8.5036569557142e-06,True,5.076860912133815e-10,True
48000,fir65-p18000-s23520,kaiser-g32,overlap-reference,A1,3.1042417698578e-05,2.9932877751006048e-05,3.090513941045388e-05,True,5.076860912133815e-10,True
48000,fir65-p18000-s23520,lagrange-g64,overlap-reference,A1,7.459333618501385e-06,1.6219285496317127e-05,6.875816641237954e-06,True,5.076860912133815e-10,True
48000,fir65-p18000-s23520,hann-g64,overlap-reference,A1,1.0451090074815295e-06,1.1188606244833628e-06,1.0332468511116755e-06,True,5.076860912133815e-10,True
48000,fir65-p18000-s23520,kaiser-g64,overlap-reference,A1,1.608307669614722e-05,1.4875900371696624e-05,1.6015110851613192e-05,True,5.076860912133815e-10,True
48000,fir65-p18000-s23520,kaiser-g16,overlap-reference,B1,6.390019214206943e-05,6.871657015123351e-05,6.386194231483868e-05,True,7.527302772933503e-10,True
48000,fir65-p18000-s23520,hann-g32,overlap-reference,B1,2.274437254171794e-06,4.4282483326128815e-06,2.2586575257989245e-06,True,7.527302772933503e-10,True
48000,fir65-p18000-s23520,kaiser-g32,overlap-reference,B1,8.517170719179324e-06,1.5248403870060764e-05,8.478638827818731e-06,True,7.527302772933503e-10,True
48000,fir65-p18000-s23520,lagrange-g64,overlap-reference,B1,8.262660582570908e-06,2.1399705624779106e-05,8.232237076242162e-06,True,7.527302772933503e-10,True
48000,fir65-p18000-s23520,hann-g64,overlap-reference,B1,6.092680960799775e-07,7.04596115592376e-07,6.040129012645306e-07,True,7.527302772933503e-10,True
48000,fir65-p18000-s23520,kaiser-g64,overlap-reference,B1,9.11085355530021e-06,1.0607578336064433e-05,9.104124664454644e-06,True,7.527302772933503e-10,True
48000,fir65-p18000-s23520,kaiser-g16,overlap-reference,AB,5.192817197106641e-05,5.079394561850654e-05,5.149312242314768e-05,True,5.077087859467133e-10,True
48000,fir65-p18000-s23520,hann-g32,overlap-reference,AB,8.564434163794119e-06,8.761076763678813e-06,8.503645432745219e-06,True,5.077087859467133e-10,True
48000,fir65-p18000-s23520,kaiser-g32,overlap-reference,AB,3.104237482617e-05,2.9932878501052927e-05,3.0905097237138144e-05,True,5.077087859467133e-10,True
48000,fir65-p18000-s23520,lagrange-g64,overlap-reference,AB,7.459335634436037e-06,1.6219284756603705e-05,6.87584823919197e-06,True,5.077087859467133e-10,True
48000,fir65-p18000-s23520,hann-g64,overlap-reference,AB,1.0451093246314352e-06,1.1188598678825605e-06,1.0332444912087217e-06,True,5.077087859467133e-10,True
48000,fir65-p18000-s23520,kaiser-g64,overlap-reference,AB,1.6083060635650382e-05,1.4875899609860915e-05,1.6015095561782715e-05,True,5.077087859467133e-10,True
48000,fir65-p18000-s23520,kaiser-g16,sustained-edge,A1,0.00019015593681459127,8.905472420371564e-05,0.00017294535398577787,True,1.0403091171015735e-08,True
48000,fir65-p18000-s23520,hann-g32,sustained-edge,A1,3.519624218131798e-05,1.9094796610437812e-05,3.206309813263522e-05,True,1.0403091171015735e-08,True
48000,fir65-p18000-s23520,kaiser-g32,sustained-edge,A1,2.9039123831949392e-05,2.420180675448473e-05,2.7933023428675427e-05,True,1.0403091171015735e-08,True
48000,fir65-p18000-s23520,lagrange-g64,sustained-edge,A1,0.0003283782736657902,0.00017177189486600457,0.0002941497764588687,True,1.0403091171015735e-08,True
48000,fir65-p18000-s23520,hann-g64,sustained-edge,A1,7.791241342159564e-06,4.086948818022057e-06,6.565147698805774e-06,True,1.0403091171015735e-08,True
48000,fir65-p18000-s23520,kaiser-g64,sustained-edge,A1,1.7096967125675368e-05,1.2745069895174005e-05,1.637216820542941e-05,True,1.0403091171015735e-08,True
48000,fir65-p18000-s23520,kaiser-g16,sustained-edge,B1,0.0007545438480235976,0.00034970432074943753,0.000739046447553912,True,6.091893261095685e-08,True
48000,fir65-p18000-s23520,hann-g32,sustained-edge,B1,0.0001697405333612166,0.0001010554928381548,0.00016651724789281357,True,6.091893261095685e-08,True
48000,fir65-p18000-s23520,kaiser-g32,sustained-edge,B1,5.1999038274407774e-05,2.8937258234839776e-05,5.056225165926307e-05,True,6.091893261095685e-08,True
48000,fir65-p18000-s23520,lagrange-g64,sustained-edge,B1,0.0013613489685453462,0.000781865597094955,0.001357058176093451,True,6.091893261095685e-08,True
48000,fir65-p18000-s23520,hann-g64,sustained-edge,B1,2.803904965851905e-05,1.5655534857262248e-05,2.683987840098491e-05,True,6.091893261095685e-08,True
48000,fir65-p18000-s23520,kaiser-g64,sustained-edge,B1,3.039211202163279e-05,1.7242020017916773e-05,2.928854591298559e-05,True,6.091893261095685e-08,True
48000,fir65-p18000-s23520,kaiser-g16,sustained-edge,AB,0.00019015593991160673,8.90547219918923e-05,0.0001729453973687423,True,1.040284698383158e-08,True
48000,fir65-p18000-s23520,hann-g32,sustained-edge,AB,3.519624833419506e-05,1.9094795302224376e-05,3.206313932488303e-05,True,1.040284698383158e-08,True
48000,fir65-p18000-s23520,kaiser-g32,sustained-edge,AB,2.903913501144672e-05,2.4201805504668857e-05,2.793300939613978e-05,True,1.040284698383158e-08,True
48000,fir65-p18000-s23520,lagrange-g64,sustained-edge,AB,0.00032837828893340974,0.00017177189708128738,0.0002941497099296603,True,1.040284698383158e-08,True
48000,fir65-p18000-s23520,hann-g64,sustained-edge,AB,7.791274311253812e-06,4.086947534807467e-06,6.5651029467799246e-06,True,1.040284698383158e-08,True
48000,fir65-p18000-s23520,kaiser-g64,sustained-edge,AB,1.7096983621231388e-05,1.2745068643730596e-05,1.637214561100035e-05,True,1.040284698383158e-08,True
48000,fir129-p18000-s23520,kaiser-g16,reference,A1,7.619963497188225e-05,4.726912838632336e-05,6.657587926933371e-05,True,1.1584609954943822e-08,True
48000,fir129-p18000-s23520,hann-g32,reference,A1,2.7095376519347524e-05,2.5056138024773646e-05,2.2895766360271738e-05,True,1.1584609954943822e-08,True
48000,fir129-p18000-s23520,kaiser-g32,reference,A1,1.8180771853893627e-05,1.254907132662117e-05,1.6659013986654477e-05,True,1.1584609954943822e-08,True
48000,fir129-p18000-s23520,lagrange-g64,reference,A1,0.00020564892849689166,0.00012894296630590113,0.00017216379492440524,True,1.1584609954943822e-08,True
48000,fir129-p18000-s23520,hann-g64,reference,A1,3.367185787965747e-06,3.3232590499953133e-06,2.859948830477712e-06,True,1.1584609954943822e-08,True
48000,fir129-p18000-s23520,kaiser-g64,reference,A1,1.0796407432077838e-05,7.3827110052185655e-06,1.0310976587508135e-05,True,1.1584609954943822e-08,True
48000,fir129-p18000-s23520,kaiser-g16,reference,B1,6.376557220924194e-05,6.487173735616215e-05,6.373175061958704e-05,True,7.491372736237575e-10,True
48000,fir129-p18000-s23520,hann-g32,reference,B1,2.2612787579998175e-06,4.493826453322108e-06,2.2475464875444667e-06,True,7.491372736237575e-10,True
48000,fir129-p18000-s23520,kaiser-g32,reference,B1,8.51198561358054e-06,1.5269790732380844e-05,8.474069275953621e-06,True,7.491372736237575e-10,True
48000,fir129-p18000-s23520,lagrange-g64,reference,B1,6.4420703799094524e-06,1.4474336838175319e-05,6.406654243442015e-06,True,7.491372736237575e-10,True
48000,fir129-p18000-s23520,hann-g64,reference,B1,5.759637000764033e-07,6.858178613088082e-07,5.754025885192891e-07,True,7.491372736237575e-10,True
48000,fir129-p18000-s23520,kaiser-g64,reference,B1,9.108469126174214e-06,1.0610798376925731e-05,9.102090839957777e-06,True,7.491372736237575e-10,True
48000,fir129-p18000-s23520,kaiser-g16,reference,AB,7.550071539626196e-05,4.7269128199351536e-05,6.640260257315167e-05,True,1.1584602395104027e-08,True
48000,fir129-p18000-s23520,hann-g32,reference,AB,2.6262974340471064e-05,2.5056138216463965e-05,2.2196333692067002e-05,True,1.1584602395104027e-08,True
48000,fir129-p18000-s23520,kaiser-g32,reference,AB,1.7743085403561043e-05,1.2549071166229635e-05,1.6275388548018296e-05,True,1.1584602395104027e-08,True
48000,fir129-p18000-s23520,lagrange-g64,reference,AB,0.00019929247346410977,0.00012894296612269045,0.00016686368990076106,True,1.1584602395104027e-08,True
48000,fir129-p18000-s23520,hann-g64,reference,AB,3.266099988722211e-06,3.3232592495760115e-06,2.775048783450629e-06,True,1.1584602395104027e-08,True
48000,fir129-p18000-s23520,kaiser-g64,reference,AB,1.0701192092033804e-05,7.38271084482786e-06,1.0239701013274693e-05,True,1.1584602395104027e-08,True
48000,fir129-p18000-s23520,kaiser-g16,edge,A1,0.00015243734444328442,0.00011743171052675849,0.00013229825886520495,True,3.168662205130471e-08,True
48000,fir129-p18000-s23520,hann-g32,edge,A1,5.865034023941229e-05,6.120209461242362e-05,4.906289796440865e-05,True,3.168662205130471e-08,True
48000,fir129-p18000-s23520,kaiser-g32,edge,A1,2.511955471474417e-05,2.1829776490875756e-05,2.2442121472446908e-05,True,3.168662205130471e-08,True
48000,fir129-p18000-s23520,lagrange-g64,edge,A1,0.00042591953591417016,0.0003189233505388097,0.0003516037417384145,True,3.168662205130471e-08,True
48000,fir129-p18000-s23520,hann-g64,edge,A1,7.190107232934435e-06,8.148106415206444e-06,6.025505667325712e-06,True,3.168662205130471e-08,True
48000,fir129-p18000-s23520,kaiser-g64,edge,A1,1.3206959353990592e-05,1.0924462055929861e-05,1.2136811727962233e-05,True,3.168662205130471e-08,True
48000,fir129-p18000-s23520,kaiser-g16,edge,B1,0.00030214797197555083,0.00014240607786880136,0.00029613583382145806,True,6.086986722207061e-08,True
48000,fir129-p18000-s23520,hann-g32,edge,B1,0.00017711228024878346,0.00010144337314497538,0.00017395346662047007,True,6.086986722207061e-08,True
48000,fir129-p18000-s23520,kaiser-g32,edge,B1,4.5106904937264526e-05,3.085194785441824e-05,4.4534623744321985e-05,True,6.086986722207061e-08,True
48000,fir129-p18000-s23520,lagrange-g64,edge,B1,0.001157736925626883,0.0005877316237417953,0.00115168074170078,True,6.086986722207061e-08,True
48000,fir129-p18000-s23520,hann-g64,edge,B1,2.1583080260075394e-05,1.2618965109983086e-05,2.1197215208585037e-05,True,6.086986722207061e-08,True
48000,fir129-p18000-s23520,kaiser-g64,edge,B1,2.328910655377512e-05,1.3769110254018028e-05,2.3084139632194914e-05,True,6.086986722207061e-08,True
48000,fir129-p18000-s23520,kaiser-g16,edge,AB,0.00015243740216218493,0.00011743171048555152,0.00013229168199950373,True,3.1686620336812556e-08,True
48000,fir129-p18000-s23520,hann-g32,edge,AB,5.8650401801248736e-05,6.120209465468416e-05,4.906291612198657e-05,True,3.1686620336812556e-08,True
48000,fir129-p18000-s23520,kaiser-g32,edge,AB,2.511956193146887e-05,2.1829776533251794e-05,2.244195659971905e-05,True,3.1686620336812556e-08,True
48000,fir129-p18000-s23520,lagrange-g64,edge,AB,0.00042591988770674717,0.00031892335057955,0.00035158736564623605,True,3.1686620336812556e-08,True
48000,fir129-p18000-s23520,hann-g64,edge,AB,7.1901146553216035e-06,8.148106459205808e-06,6.025412058371973e-06,True,3.1686620336812556e-08,True
48000,fir129-p18000-s23520,kaiser-g64,edge,AB,1.3206962942589336e-05,1.0924462011984354e-05,1.2136762273165893e-05,True,3.1686620336812556e-08,True
48000,fir129-p18000-s23520,kaiser-g16,overlap-reference,A1,5.1793864628272025e-05,5.1824676248391815e-05,5.138090355296936e-05,True,5.112561540909239e-10,True
48000,fir129-p18000-s23520,hann-g32,overlap-reference,A1,8.562034167807801e-06,8.743160735024358e-06,8.502180840208382e-06,True,5.112561540909239e-10,True
48000,fir129-p18000-s23520,kaiser-g32,overlap-reference,A1,3.104123603266111e-05,3.0015289970448728e-05,3.090425867801083e-05,True,5.112561540909239e-10,True
48000,fir129-p18000-s23520,lagrange-g64,overlap-reference,A1,5.855857183438269e-06,1.0993549011497737e-05,5.3918154135994085e-06,True,5.112561540909239e-10,True
48000,fir129-p18000-s23520,hann-g64,overlap-reference,A1,1.0323231414091983e-06,9.911440888236326e-07,1.0248600231190743e-06,True,5.112561540909239e-10,True
48000,fir129-p18000-s23520,kaiser-g64,overlap-reference,A1,1.6082345490007496e-05,1.4747566626053852e-05,1.6014705365678917e-05,True,5.112561540909239e-10,True
48000,fir129-p18000-s23520,kaiser-g16,overlap-reference,B1,6.376557222850813e-05,6.487174260771859e-05,6.373175063920741e-05,True,7.491368056975647e-10,True
48000,fir129-p18000-s23520,hann-g32,overlap-reference,B1,2.2612788049403273e-06,4.4938281288935025e-06,2.2475465341039073e-06,True,7.491368056975647e-10,True
48000,fir129-p18000-s23520,kaiser-g32,overlap-reference,B1,8.511985590527923e-06,1.5269791549644958e-05,8.474069252687032e-06,True,7.491368056975647e-10,True
48000,fir129-p18000-s23520,lagrange-g64,overlap-reference,B1,6.442072272819476e-06,1.4474350503973573e-05,6.406656097326475e-06,True,7.491368056975647e-10,True
48000,fir129-p18000-s23520,hann-g64,overlap-reference,B1,5.75963701565112e-07,6.858175458219467e-07,5.754025900328294e-07,True,7.491368056975647e-10,True
48000,fir129-p18000-s23520,kaiser-g64,overlap-reference,B1,9.108469137781086e-06,1.0610797867919882e-05,9.102090851574507e-06,True,7.491368056975647e-10,True
48000,fir129-p18000-s23520,kaiser-g16,overlap-reference,AB,5.179390458836395e-05,5.182467624234964e-05,5.13809443321923e-05,True,5.112566440229531e-10,True
48000,fir129-p18000-s23520,hann-g32,overlap-reference,AB,8.562022250907705e-06,8.743160741066908e-06,8.502169547572971e-06,True,5.112566440229531e-10,True
48000,fir129-p18000-s23520,kaiser-g32,overlap-reference,AB,3.1041193093955454e-05,3.00152899763281e-05,3.090421658476711e-05,True,5.112566440229531e-10,True
48000,fir129-p18000-s23520,lagrange-g64,overlap-reference,AB,5.8558585019514165e-06,1.0993549005373655e-05,5.391786552133225e-06,True,5.112566440229531e-10,True
48000,fir129-p18000-s23520,hann-g64,overlap-reference,AB,1.0323220498485782e-06,9.911440824545223e-07,1.0248589731587772e-06,True,5.112566440229531e-10,True
48000,fir129-p18000-s23520,kaiser-g64,overlap-reference,AB,1.608232932954309e-05,1.4747566632259749e-05,1.6014690181012757e-05,True,5.112566440229531e-10,True
48000,fir129-p18000-s23520,kaiser-g16,sustained-edge,A1,0.00010035358932287648,5.616557842792037e-05,9.134871538042999e-05,True,1.0204379100859773e-08,True
48000,fir129-p18000-s23520,hann-g32,sustained-edge,A1,3.492335612474382e-05,1.8266253198231056e-05,3.206513629117904e-05,True,1.0204379100859773e-08,True
48000,fir129-p18000-s23520,kaiser-g32,sustained-edge,A1,2.7630966948869808e-05,2.382566338881833e-05,2.6992556753352604e-05,True,1.0204379100859773e-08,True
48000,fir129-p18000-s23520,lagrange-g64,sustained-edge,A1,0.0002681299064409109,0.00013985691950817964,0.0002390720647421326,True,1.0204379100859773e-08,True
48000,fir129-p18000-s23520,hann-g64,sustained-edge,A1,4.498805117472662e-06,2.9855351286881063e-06,4.133825830878801e-06,True,1.0204379100859773e-08,True
48000,fir129-p18000-s23520,kaiser-g64,sustained-edge,A1,1.571038798996058e-05,1.254763149264628e-05,1.5451876740546277e-05,True,1.0204379100859773e-08,True
48000,fir129-p18000-s23520,kaiser-g16,sustained-edge,B1,0.00030214797879868995,0.00014240607529195746,0.00029613584052678717,True,6.08698672588937e-08,True
48000,fir129-p18000-s23520,hann-g32,sustained-edge,B1,0.0001771122812385416,0.00010144337513738533,0.000173953467595324,True,6.08698672588937e-08,True
48000,fir129-p18000-s23520,kaiser-g32,sustained-edge,B1,4.510690498263415e-05,3.085194861756904e-05,4.453462379062587e-05,True,6.08698672588937e-08,True
48000,fir129-p18000-s23520,lagrange-g64,sustained-edge,B1,0.0011577369605101685,0.0005877316466016206,0.0011516807764133299,True,6.08698672588937e-08,True
48000,fir129-p18000-s23520,hann-g64,sustained-edge,B1,2.15830804090913e-05,1.2618965334702457e-05,2.1197215355171786e-05,True,6.08698672588937e-08,True
48000,fir129-p18000-s23520,kaiser-g64,sustained-edge,B1,2.328910655648047e-05,1.3769110661707096e-05,2.3084139635106783e-05,True,6.08698672588937e-08,True
48000,fir129-p18000-s23520,kaiser-g16,sustained-edge,AB,0.00010035357040425364,5.616557841763746e-05,9.134880346222149e-05,True,1.0204380236230908e-08,True
48000,fir129-p18000-s23520,hann-g32,sustained-edge,AB,3.492335039208924e-05,1.8266253187481462e-05,3.2065199368886016e-05,True,1.0204380236230908e-08,True
48000,fir129-p18000-s23520,kaiser-g32,sustained-edge,AB,2.7630967012714324e-05,2.382566337853508e-05,2.6992558250444557e-05,True,1.0204380236230908e-08,True
48000,fir129-p18000-s23520,lagrange-g64,sustained-edge,AB,0.00026812991089181443,0.00013985691952640405,0.00023907194034565655,True,1.0204380236230908e-08,True
48000,fir129-p18000-s23520,hann-g64,sustained-edge,AB,4.498803245522438e-06,2.985535139223678e-06,4.133835238253766e-06,True,1.0204380236230908e-08,True
48000,fir129-p18000-s23520,kaiser-g64,sustained-edge,AB,1.571038812338397e-05,1.2547631502929903e-05,1.545187769526914e-05,True,1.0204380236230908e-08,True
96000,raw-control,hann-g16,reference,A1,0.003962903310388289,0.003097739544636336,0.0023875570097175816,True,1.2658156478757805e-06,True
96000,raw-control,hann-g32,reference,A1,0.00280418022153041,0.0015998357129615637,0.001701262849726327,True,1.2658156478757805e-06,True
96000,raw-control,kaiser-g32,reference,A1,0.003020513046885069,0.0017944313304450227,0.001831674187040363,True,1.2658156478757805e-06,True
96000,raw-control,hann-g64,reference,A1,0.0019868597975975615,0.000858749505901955,0.0012239100301884246,True,1.2658156478757805e-06,True
96000,raw-control,kaiser-g64,reference,A1,0.002140384866390313,0.0009499644299340176,0.0013157668613991349,True,1.2658156478757805e-06,True
96000,raw-control,hann-g16,reference,B1,5.574423565370767e-05,0.00011302468072431574,2.271672252358791e-05,True,2.9841018015049845e-08,True
96000,raw-control,hann-g32,reference,B1,3.885871485674043e-05,5.550508154804443e-05,1.5906544667510783e-05,True,2.9841018015049845e-08,True
96000,raw-control,kaiser-g32,reference,B1,4.625011857274322e-05,7.27596231411614e-05,2.5792004138206626e-05,True,2.9841018015049845e-08,True
96000,raw-control,hann-g64,reference,B1,2.840615502980171e-05,2.8857354836478758e-05,1.4273502703634415e-05,True,2.9841018015049845e-08,True
96000,raw-control,kaiser-g64,reference,B1,3.0357968971503238e-05,3.410140437648169e-05,1.4613542657131611e-05,True,2.9841018015049845e-08,True
96000,raw-control,hann-g16,reference,AB,0.0039215091507178515,0.0030977523366904286,0.002362493607122913,True,1.256381033124373e-06,True
96000,raw-control,hann-g32,reference,AB,0.0027748982026305708,0.0015998488928256297,0.0016833863480413811,True,1.256381033124373e-06,True
96000,raw-control,kaiser-g32,reference,AB,0.0029889707270365448,0.001794444324400463,0.0018124353207730555,True,1.256381033124373e-06,True
96000,raw-control,hann-g64,reference,AB,0.00196612458672591,0.0008587634334341679,0.0012109869312304361,True,1.256381033124373e-06,True
96000,raw-control,kaiser-g64,reference,AB,0.002118043908277099,0.0009499780663165465,0.001301904035258372,True,1.256381033124373e-06,True
96000,raw-control,hann-g16,edge,A1,0.009644964127330185,0.00400031308213973,0.005811390253178064,True,2.971430600016005e-06,False
96000,raw-control,hann-g32,edge,A1,0.006826205022847635,0.0020587407338131546,0.004143328594394042,True,2.971430600016005e-06,True
96000,raw-control,kaiser-g32,edge,A1,0.007353484081522446,0.0022997859101655353,0.004463169422951899,True,2.971430600016005e-06,False
96000,raw-control,hann-g64,edge,A1,0.004835305600898431,0.0010915415584548734,0.002967489807993625,True,2.971430600016005e-06,True
96000,raw-control,kaiser-g64,edge,A1,0.0052083879563220425,0.0012104490048705215,0.003192889766407269,True,2.971430600016005e-06,True
96000,raw-control,hann-g16,edge,B1,0.004740096316540688,0.0026236193561887658,0.0015800837843336917,True,2.6335643593016717e-06,True
96000,raw-control,hann-g32,edge,B1,0.003413046664832251,0.0013354002641082306,0.0013782205063211268,True,2.6335643593016717e-06,True
96000,raw-control,kaiser-g32,edge,B1,0.003658897280479431,0.0015005687194717756,0.0014142922124698394,True,2.6335643593016717e-06,True
96000,raw-control,hann-g64,edge,B1,0.0025036704756849137,0.000701539830144699,0.0012589515325264285,True,2.6335643593016717e-06,True
96000,raw-control,kaiser-g64,edge,B1,0.002671219159531637,0.000780066529571337,0.0012804043633405143,True,2.6335643593016717e-06,True
96000,raw-control,hann-g16,edge,AB,0.009644966996786485,0.004000314773716487,0.005811370991158816,True,2.9723928031687865e-06,False
96000,raw-control,hann-g32,edge,AB,0.006826209432828903,0.0020587424774506026,0.004143312449603186,True,2.9723928031687865e-06,True
96000,raw-control,kaiser-g32,edge,AB,0.007353488130515472,0.0022997876372479486,0.004463154213870646,True,2.9723928031687865e-06,False
96000,raw-control,hann-g64,edge,AB,0.00483531188012941,0.00109154340142133,0.0029674566332636666,True,2.9723928031687865e-06,True
96000,raw-control,kaiser-g64,edge,AB,0.005208393801141997,0.0012104508131396152,0.003192861479857492,True,2.9723928031687865e-06,True
96000,raw-control,hann-g16,overlap-reference,A1,0.001751633765583565,0.001408721136734564,0.001328889349424086,True,2.2940742257733682e-07,True
96000,raw-control,hann-g32,overlap-reference,A1,0.0012430440942383686,0.0007482396582466418,0.0009468713027074509,True,2.2940742257733682e-07,True
96000,raw-control,kaiser-g32,overlap-reference,A1,0.0013380771598026217,0.0008361428296697295,0.001018632593323414,True,2.2940742257733682e-07,True
96000,raw-control,hann-g64,overlap-reference,A1,0.00088169469960361,0.00041815222869620827,0.0006777716263596918,True,2.2940742257733682e-07,True
96000,raw-control,kaiser-g64,overlap-reference,A1,0.0009498506345518051,0.0004645836906716263,0.0007295328314378253,True,2.2940742257733682e-07,True
96000,raw-control,hann-g16,overlap-reference,B1,5.574392020628138e-05,0.0001130248679816895,2.2716506109502456e-05,True,2.984119008951534e-08,True
96000,raw-control,hann-g32,overlap-reference,B1,3.885848465145075e-05,5.550411342441793e-05,1.5906252703630614e-05,True,2.984119008951534e-08,True
96000,raw-control,kaiser-g32,overlap-reference,B1,4.624987026785911e-05,7.275875577422913e-05,2.579181645451658e-05,True,2.984119008951534e-08,True
96000,raw-control,hann-g64,overlap-reference,B1,2.8405988136869963e-05,2.885808388788392e-05,1.4273224244857821e-05,True,2.984119008951534e-08,True
96000,raw-control,kaiser-g64,overlap-reference,B1,3.0357820170438656e-05,3.410198206281006e-05,1.4613267680473895e-05,True,2.984119008951534e-08,True
96000,raw-control,hann-g16,overlap-reference,AB,0.0017515095924085368,0.001408722022941271,0.0013288115752254975,True,2.2970678521835379e-07,True
96000,raw-control,hann-g32,overlap-reference,AB,0.001242958094270183,0.0007482405413684664,0.0009468087108318715,True,2.2970678521835379e-07,True
96000,raw-control,kaiser-g32,overlap-reference,AB,0.0013379839764317703,0.0008361437144407048,0.001018560536157641,True,2.2970678521835379e-07,True
96000,raw-control,hann-g64,overlap-reference,AB,0.0008816366969338016,0.00041815310602743704,0.0006777201269437008,True,2.2970678521835379e-07,True
96000,raw-control,kaiser-g64,overlap-reference,AB,0.0009497872484725533,0.0004645845708812152,0.0007294760817884948,True,2.2970678521835379e-07,True
96000,raw-control,hann-g16,sustained-edge,A1,0.00808730652531447,0.005598797894864584,0.006176829759697996,True,8.663876658585537e-07,False
96000,raw-control,hann-g32,sustained-edge,A1,0.005738374126668355,0.0029413292054557834,0.004398376497021845,True,8.663876658585537e-07,True
96000,raw-control,kaiser-g32,sustained-edge,A1,0.0061765257336259165,0.003296246321632407,0.004731769964284636,True,8.663876658585537e-07,True
96000,raw-control,hann-g64,sustained-edge,A1,0.004069426424858127,0.0016179989336874286,0.003142581117289085,True,8.663876658585537e-07,True
96000,raw-control,kaiser-g64,sustained-edge,A1,0.0043841336083004934,0.001801429503960441,0.0033838735656351888,True,8.663876658585537e-07,True
96000,raw-control,hann-g16,sustained-edge,B1,0.004740094333923084,0.0026236191292036163,0.0015800830181298391,True,2.6335627679256793e-06,True
96000,raw-control,hann-g32,sustained-edge,B1,0.0034130448211150796,0.0013353998914415377,0.0013782197216366955,True,2.6335627679256793e-06,True
96000,raw-control,kaiser-g32,sustained-edge,B1,0.0036588954000733686,0.0015005684427443476,0.0014142914298978326,True,2.6335627679256793e-06,True
96000,raw-control,hann-g64,sustained-edge,B1,0.0025036689460200224,0.0007015394299197128,0.0012589507712842257,True,2.6335627679256793e-06,True
96000,raw-control,kaiser-g64,sustained-edge,B1,0.002671217553020747,0.0007800661334315304,0.001280403593751775,True,2.6335627679256793e-06,True
96000,raw-control,hann-g16,sustained-edge,AB,0.008087307674532414,0.005598798243674054,0.006176837005960074,True,8.665592016073367e-07,False
96000,raw-control,hann-g32,sustained-edge,AB,0.0057383757541705745,0.002941329552834447,0.0043983811469839994,True,8.665592016073367e-07,True
96000,raw-control,kaiser-g32,sustained-edge,AB,0.006176527244608117,0.003296246669511647,0.0047317751428942074,True,8.665592016073367e-07,True
96000,raw-control,hann-g64,sustained-edge,AB,0.004069428723068575,0.0016179992785629615,0.003142585326055197,True,8.665592016073367e-07,True
96000,raw-control,kaiser-g64,sustained-edge,AB,0.004384135741334478,0.0018014298499929439,0.0033838769733185734,True,8.665592016073367e-07,True
96000,iir-p16000-s18000,hann-g8,reference,A1,0.00012970028238266907,0.00019469525954345383,9.039671285066777e-05,True,7.267227281252479e-12,True
96000,iir-p16000-s18000,kaiser-g8,reference,A1,3.3967897185900587e-05,3.7075247627320206e-05,1.590698789726404e-05,True,7.267227281252479e-12,True
96000,iir-p16000-s18000,lagrange-g16,reference,A1,2.8766123358883056e-12,5.556825008553475e-12,1.9917939328136056e-12,True,7.267227281252479e-12,True
96000,iir-p16000-s18000,hann-g16,reference,A1,2.1823863958709947e-05,2.8385365949191943e-05,1.8919257080824747e-05,True,7.267227281252479e-12,True
96000,iir-p16000-s18000,kaiser-g16,reference,A1,2.4984954871976255e-05,2.8090535366144358e-05,2.314059538197246e-05,True,7.267227281252479e-12,True
96000,iir-p16000-s18000,lagrange-g32,reference,A1,2.7482061889951753e-12,5.468380464199067e-12,1.952326049001438e-12,True,7.267227281252479e-12,True
96000,iir-p16000-s18000,hann-g32,reference,A1,3.7428595805465684e-06,4.236839110365944e-06,3.5529178299908105e-06,True,7.267227281252479e-12,True
96000,iir-p16000-s18000,kaiser-g32,reference,A1,1.3456485994522803e-05,1.6251131764578927e-05,1.312783762942813e-05,True,7.267227281252479e-12,True
96000,iir-p16000-s18000,lagrange-g64,reference,A1,2.747982324493842e-12,5.465533973116396e-12,1.9521807089760538e-12,True,7.267227281252479e-12,True
96000,iir-p16000-s18000,hann-g64,reference,A1,5.009634797486706e-07,4.823303744847135e-07,4.773767618503953e-07,True,7.267227281252479e-12,True
96000,iir-p16000-s18000,kaiser-g64,reference,A1,8.220918106458986e-06,8.42404242620882e-06,8.114580954105034e-06,True,7.267227281252479e-12,True
96000,iir-p16000-s18000,hann-g8,reference,B1,3.649945542280196e-05,2.841666991918764e-05,3.5607939955390296e-05,True,8.040157135008583e-14,True
96000,iir-p16000-s18000,kaiser-g8,reference,B1,3.625728947331568e-05,3.3190109446661395e-05,9.825286789582918e-06,True,8.040157135008583e-14,True
96000,iir-p16000-s18000,lagrange-g16,reference,B1,4.348120570425351e-13,6.301560716777662e-13,3.09132870774333e-13,True,8.040157135008583e-14,True
96000,iir-p16000-s18000,hann-g16,reference,B1,1.4777277557017088e-05,1.159623439957136e-05,1.4431189205823199e-05,True,8.040157135008583e-14,True
96000,iir-p16000-s18000,kaiser-g16,reference,B1,2.6503294889763104e-05,2.2467708569874396e-05,2.24149896563968e-05,True,8.040157135008583e-14,True
96000,iir-p16000-s18000,lagrange-g32,reference,B1,4.344670027675278e-13,6.353514297490326e-13,3.0916938519836887e-13,True,8.040157135008583e-14,True
96000,iir-p16000-s18000,hann-g32,reference,B1,3.1039461948286406e-06,2.445210842234828e-06,3.0400252761155873e-06,True,8.040157135008583e-14,True
96000,iir-p16000-s18000,kaiser-g32,reference,B1,2.073905840623839e-05,1.7128305842877353e-05,2.0607349129325772e-05,True,8.040157135008583e-14,True
96000,iir-p16000-s18000,lagrange-g64,reference,B1,4.345141021635883e-13,6.353514297490326e-13,3.092045954581617e-13,True,8.040157135008583e-14,True
96000,iir-p16000-s18000,hann-g64,reference,B1,6.142203531261358e-08,8.112900382746148e-08,5.4370743253058966e-08,True,8.040157135008583e-14,True
96000,iir-p16000-s18000,kaiser-g64,reference,B1,1.808463632661462e-06,2.8020230049957953e-06,1.7656273053963086e-06,True,8.040157135008583e-14,True
96000,iir-p16000-s18000,hann-g8,reference,AB,0.00012844635616268953,0.00019469525954345383,8.959463975230252e-05,True,7.2670917340580664e-12,True
96000,iir-p16000-s18000,kaiser-g8,reference,AB,3.4017315396476964e-05,3.7075247627354094e-05,1.5803499709052428e-05,True,7.2670917340580664e-12,True
96000,iir-p16000-s18000,lagrange-g16,reference,AB,2.8470910128624993e-12,5.556825008553475e-12,1.971285549324615e-12,True,7.2670917340580664e-12,True
96000,iir-p16000-s18000,hann-g16,reference,AB,2.1700031638642206e-05,2.8385365949191943e-05,1.883712135638145e-05,True,7.2670917340580664e-12,True
96000,iir-p16000-s18000,kaiser-g16,reference,AB,2.5017626674753395e-05,2.8090535366076585e-05,2.3125822744529995e-05,True,7.2670917340580664e-12,True
96000,iir-p16000-s18000,lagrange-g32,reference,AB,2.720064516702251e-12,5.468380464199067e-12,1.9322317668004094e-12,True,7.2670917340580664e-12,True
96000,iir-p16000-s18000,hann-g32,reference,AB,3.7306276485874858e-06,4.236839110230397e-06,3.543147783653647e-06,True,7.2670917340580664e-12,True
96000,iir-p16000-s18000,kaiser-g32,reference,AB,1.364848270219696e-05,1.6251131764714473e-05,1.3327717241560313e-05,True,7.2670917340580664e-12,True
96000,iir-p16000-s18000,lagrange-g64,reference,AB,2.7198432191241065e-12,5.465533973116396e-12,1.93209067694629e-12,True,7.2670917340580664e-12,True
96000,iir-p16000-s18000,hann-g64,reference,AB,4.957809896485587e-07,4.823303744847135e-07,4.7242592027652717e-07,True,7.2670917340580664e-12,True
96000,iir-p16000-s18000,kaiser-g64,reference,AB,8.138767293313748e-06,8.42404242620882e-06,8.033371282412212e-06,True,7.2670917340580664e-12,True
96000,iir-p16000-s18000,hann-g8,edge,A1,0.00028747344819501924,0.00030729218725498054,0.00027296581415484083,True,3.773849371367472e-11,True
96000,iir-p16000-s18000,kaiser-g8,edge,A1,5.7487460664671076e-05,6.333332869574366e-05,3.840114610654713e-05,True,3.773849371367472e-11,True
96000,iir-p16000-s18000,lagrange-g16,edge,A1,7.129451624246539e-12,8.634455016178292e-12,4.036492186107077e-12,True,3.773849371367472e-11,True
96000,iir-p16000-s18000,hann-g16,edge,A1,7.868074201899123e-05,7.849628715473985e-05,7.458512521416963e-05,True,3.773849371367472e-11,True
96000,iir-p16000-s18000,kaiser-g16,edge,A1,5.433602973833599e-05,5.5398564734573125e-05,5.330470621155968e-05,True,3.773849371367472e-11,True
96000,iir-p16000-s18000,lagrange-g32,edge,A1,5.1507594008570595e-12,6.574310943716178e-12,3.6196999052441748e-12,True,3.773849371367472e-11,True
96000,iir-p16000-s18000,hann-g32,edge,A1,5.439375463931141e-06,5.0536450143633714e-06,4.830059990308632e-06,True,3.773849371367472e-11,True
96000,iir-p16000-s18000,kaiser-g32,edge,A1,1.7080584466356493e-05,1.806719302344263e-05,1.6541809698492546e-05,True,3.773849371367472e-11,True
96000,iir-p16000-s18000,lagrange-g64,edge,A1,5.15038719650497e-12,6.574198116810899e-12,3.6194793097341357e-12,True,3.773849371367472e-11,True
96000,iir-p16000-s18000,hann-g64,edge,A1,8.592963706560656e-07,5.007222315361815e-07,7.999216836798214e-07,True,3.773849371367472e-11,True
96000,iir-p16000-s18000,kaiser-g64,edge,A1,1.17240171658269e-05,8.42493932303759e-06,1.1606384998263196e-05,True,3.773849371367472e-11,True
96000,iir-p16000-s18000,hann-g8,edge,B1,0.00017915205725585196,0.0001952331100342704,0.00012978225306517474,True,3.062395409619516e-11,True
96000,iir-p16000-s18000,kaiser-g8,edge,B1,4.328535045531212e-05,5.515323557961904e-05,2.9169735189688833e-05,True,3.062395409619516e-11,True
96000,iir-p16000-s18000,lagrange-g16,edge,B1,9.409768573939544e-12,1.3664969741889448e-11,3.0624492222874245e-12,True,3.062395409619516e-11,True
96000,iir-p16000-s18000,hann-g16,edge,B1,2.2376701126788277e-05,3.45225621451787e-05,1.6964733853189495e-05,True,3.062395409619516e-11,True
96000,iir-p16000-s18000,kaiser-g16,edge,B1,2.6174174181709614e-05,3.4758210669871876e-05,2.321591572459918e-05,True,3.062395409619516e-11,True
96000,iir-p16000-s18000,lagrange-g32,edge,B1,4.058328378374724e-12,6.920183754303235e-12,2.9368596256024e-12,True,3.062395409619516e-11,True
96000,iir-p16000-s18000,hann-g32,edge,B1,3.012663088360758e-06,2.936853295414351e-06,2.052343269359723e-06,True,3.062395409619516e-11,True
96000,iir-p16000-s18000,kaiser-g32,edge,B1,1.3369488003192096e-05,1.361059250576795e-05,1.2764542717067445e-05,True,3.062395409619516e-11,True
96000,iir-p16000-s18000,lagrange-g64,edge,B1,4.058855636439684e-12,6.92024680166726e-12,2.93710459344754e-12,True,3.062395409619516e-11,True
96000,iir-p16000-s18000,hann-g64,edge,B1,3.411962017157515e-07,2.8998872561616056e-07,2.1919816675851173e-07,True,3.062395409619516e-11,True
96000,iir-p16000-s18000,kaiser-g64,edge,B1,5.933069974842853e-06,6.217820969373714e-06,5.782193583569701e-06,True,3.062395409619516e-11,True
96000,iir-p16000-s18000,hann-g8,edge,AB,0.00028747344467180904,0.00030729218725498054,0.0002729658499105378,True,3.773849371367473e-11,True
96000,iir-p16000-s18000,kaiser-g8,edge,AB,5.748746016581382e-05,6.333332869574368e-05,3.840114936411954e-05,True,3.773849371367473e-11,True
96000,iir-p16000-s18000,lagrange-g16,edge,AB,7.129454054736993e-12,8.634455016178294e-12,4.036505324356377e-12,True,3.773849371367473e-11,True
96000,iir-p16000-s18000,hann-g16,edge,AB,7.868074056990904e-05,7.849628715473986e-05,7.458511909745619e-05,True,3.773849371367473e-11,True
96000,iir-p16000-s18000,kaiser-g16,edge,AB,5.4336028902198326e-05,5.53985647344227e-05,5.330470556883843e-05,True,3.773849371367473e-11,True
96000,iir-p16000-s18000,lagrange-g32,edge,AB,5.150765226798257e-12,6.574310943716179e-12,3.6197261415164653e-12,True,3.773849371367473e-11,True
96000,iir-p16000-s18000,hann-g32,edge,AB,5.439375388374418e-06,5.053645014363372e-06,4.830060202021081e-06,True,3.773849371367473e-11,True
96000,iir-p16000-s18000,kaiser-g32,edge,AB,1.7080584333786587e-05,1.806719302344263e-05,1.6541813196227292e-05,True,3.773849371367473e-11,True
96000,iir-p16000-s18000,lagrange-g64,edge,AB,5.150393027715243e-12,6.5741981168108995e-12,3.6195054719199873e-12,True,3.773849371367473e-11,True
96000,iir-p16000-s18000,hann-g64,edge,AB,8.592963561513887e-07,5.007222315361816e-07,7.999213350444495e-07,True,3.773849371367473e-11,True
96000,iir-p16000-s18000,kaiser-g64,edge,AB,1.1724016991066314e-05,8.424939323037591e-06,1.1606384219399002e-05,True,3.773849371367473e-11,True
96000,iir-p16000-s18000,hann-g8,overlap-reference,A1,0.0003593969893831163,0.00038319623041349415,0.0003307310390726322,True,5.158089148291771e-12,True
96000,iir-p16000-s18000,kaiser-g8,overlap-reference,A1,3.28635367369155e-05,4.0075731532174935e-05,2.731669590403077e-05,True,5.158089148291771e-12,True
96000,iir-p16000-s18000,lagrange-g16,overlap-reference,A1,2.2646748609235414e-12,3.2101389498950507e-12,1.5678720165164145e-12,True,5.158089148291771e-12,True
96000,iir-p16000-s18000,hann-g16,overlap-reference,A1,4.358175881787142e-05,4.547258672393432e-05,4.017640442592482e-05,True,5.158089148291771e-12,True
96000,iir-p16000-s18000,kaiser-g16,overlap-reference,A1,3.5127238363166584e-05,3.391369215186646e-05,3.3222048026756774e-05,True,5.158089148291771e-12,True
96000,iir-p16000-s18000,lagrange-g32,overlap-reference,A1,2.1493636535345958e-12,3.2078677855207645e-12,1.5162417496870743e-12,True,5.158089148291771e-12,True
96000,iir-p16000-s18000,hann-g32,overlap-reference,A1,5.4263625985882495e-06,5.876361874598493e-06,4.950938678284476e-06,True,5.158089148291771e-12,True
96000,iir-p16000-s18000,kaiser-g32,overlap-reference,A1,2.1822522602496074e-05,2.0852056998374468e-05,2.048281434032486e-05,True,5.158089148291771e-12,True
96000,iir-p16000-s18000,lagrange-g64,overlap-reference,A1,2.1493701309197975e-12,3.2099653577135768e-12,1.5162468654785824e-12,True,5.158089148291771e-12,True
96000,iir-p16000-s18000,hann-g64,overlap-reference,A1,6.786746847635738e-07,6.967080993837226e-07,6.317349769809756e-07,True,5.158089148291771e-12,True
96000,iir-p16000-s18000,kaiser-g64,overlap-reference,A1,1.1207225661701307e-05,1.1027950625139309e-05,1.0714348326029993e-05,True,5.158089148291771e-12,True
96000,iir-p16000-s18000,hann-g8,overlap-reference,B1,3.649945542077723e-05,2.841666877657101e-05,3.56079399527982e-05,True,8.032373254968877e-14,True
96000,iir-p16000-s18000,kaiser-g8,overlap-reference,B1,3.625728946912748e-05,3.3190108969565724e-05,9.82528678897067e-06,True,8.032373254968877e-14,True
96000,iir-p16000-s18000,lagrange-g16,overlap-reference,B1,4.3478991201776184e-13,6.301538647680472e-13,3.0912392515426367e-13,True,8.032373254968877e-14,True
96000,iir-p16000-s18000,hann-g16,overlap-reference,B1,1.477727755034741e-05,1.159623434948999e-05,1.4431189199895283e-05,True,8.032373254968877e-14,True
96000,iir-p16000-s18000,kaiser-g16,overlap-reference,B1,2.6503294883838664e-05,2.2467708329617766e-05,2.2414989651822845e-05,True,8.032373254968877e-14,True
96000,iir-p16000-s18000,lagrange-g32,overlap-reference,B1,4.34495574681438e-13,6.353946250959015e-13,3.092019235928293e-13,True,8.032373254968877e-14,True
96000,iir-p16000-s18000,hann-g32,overlap-reference,B1,3.103946193210554e-06,2.445210840045475e-06,3.04002527463458e-06,True,8.032373254968877e-14,True
96000,iir-p16000-s18000,kaiser-g32,overlap-reference,B1,2.073905839865641e-05,1.7128306008354452e-05,2.0607349122086287e-05,True,8.032373254968877e-14,True
96000,iir-p16000-s18000,lagrange-g64,overlap-reference,B1,4.345079529353023e-13,6.353600326184899e-13,3.092041974195162e-13,True,8.032373254968877e-14,True
96000,iir-p16000-s18000,hann-g64,overlap-reference,B1,6.142203543687042e-08,8.112900363611764e-08,5.4370743390923346e-08,True,8.032373254968877e-14,True
96000,iir-p16000-s18000,kaiser-g64,overlap-reference,B1,1.808463637633448e-06,2.8020230035115072e-06,1.765627310586706e-06,True,8.032373254968877e-14,True
96000,iir-p16000-s18000,hann-g8,overlap-reference,AB,0.00035937108600326857,0.00038319623041349415,0.00033070726972556444,True,5.1580602162615255e-12,True
96000,iir-p16000-s18000,kaiser-g8,overlap-reference,AB,3.286401476341642e-05,4.007541334326124e-05,2.7316497469741105e-05,True,5.1580602162615255e-12,True
96000,iir-p16000-s18000,lagrange-g16,overlap-reference,AB,2.2645153952817964e-12,3.2101534159101736e-12,1.567696837442823e-12,True,5.1580602162615255e-12,True
96000,iir-p16000-s18000,hann-g16,overlap-reference,AB,4.3578950893876994e-05,4.547258672393432e-05,4.0174139054408835e-05,True,5.1580602162615255e-12,True
96000,iir-p16000-s18000,kaiser-g16,overlap-reference,AB,3.5126117833545075e-05,3.391369215186646e-05,3.3221509561331565e-05,True,5.1580602162615255e-12,True
96000,iir-p16000-s18000,lagrange-g32,overlap-reference,AB,2.1492136374223916e-12,3.2078822515358873e-12,1.5160681300814246e-12,True,5.1580602162615255e-12,True
96000,iir-p16000-s18000,hann-g32,overlap-reference,AB,5.426092892351378e-06,5.876361874598493e-06,4.950803325444856e-06,True,5.1580602162615255e-12,True
96000,iir-p16000-s18000,kaiser-g32,overlap-reference,AB,2.1822344549828656e-05,2.0852056998374468e-05,2.048291675608633e-05,True,5.1580602162615255e-12,True
96000,iir-p16000-s18000,lagrange-g64,overlap-reference,AB,2.1492201115660425e-12,3.2099798237286997e-12,1.5160754680110795e-12,True,5.1580602162615255e-12,True
96000,iir-p16000-s18000,hann-g64,overlap-reference,AB,6.786257236848472e-07,6.967080993837226e-07,6.316882386709892e-07,True,5.1580602162615255e-12,True
96000,iir-p16000-s18000,kaiser-g64,overlap-reference,AB,1.1206431163201351e-05,1.1027950625139309e-05,1.0713632207255792e-05,True,5.1580602162615255e-12,True
96000,iir-p16000-s18000,hann-g8,sustained-edge,A1,0.0002410974233335752,0.00020014304229024353,0.00021100735212664653,True,2.8513651520281094e-11,True
96000,iir-p16000-s18000,kaiser-g8,sustained-edge,A1,3.286894476396282e-05,3.154380250150388e-05,2.6731128056318545e-05,True,2.8513651520281094e-11,True
96000,iir-p16000-s18000,lagrange-g16,sustained-edge,A1,7.79272793079446e-12,9.232308245680131e-12,5.0480717199849806e-12,True,2.8513651520281094e-11,True
96000,iir-p16000-s18000,hann-g16,sustained-edge,A1,4.80460357909715e-05,4.411673677422625e-05,4.247749950880921e-05,True,2.8513651520281094e-11,True
96000,iir-p16000-s18000,kaiser-g16,sustained-edge,A1,3.196328761113535e-05,2.7017907120696384e-05,2.9635689692434423e-05,True,2.8513651520281094e-11,True
96000,iir-p16000-s18000,lagrange-g32,sustained-edge,A1,5.7956786831926644e-12,9.211688061887443e-12,4.103036024686132e-12,True,2.8513651520281094e-11,True
96000,iir-p16000-s18000,hann-g32,sustained-edge,A1,6.1014664905344085e-06,5.3758611378863035e-06,5.277480086041169e-06,True,2.8513651520281094e-11,True
96000,iir-p16000-s18000,kaiser-g32,sustained-edge,A1,2.1172924528719688e-05,1.8547270771910956e-05,1.942620233784227e-05,True,2.8513651520281094e-11,True
96000,iir-p16000-s18000,lagrange-g64,sustained-edge,A1,5.7957406297243335e-12,9.216501965089044e-12,4.103075309393187e-12,True,2.8513651520281094e-11,True
96000,iir-p16000-s18000,hann-g64,sustained-edge,A1,6.671287669809659e-07,4.550297190319229e-07,5.930112774568494e-07,True,2.8513651520281094e-11,True
96000,iir-p16000-s18000,kaiser-g64,sustained-edge,A1,9.398841172505159e-06,7.338765541127646e-06,8.823042651860195e-06,True,2.8513651520281094e-11,True
96000,iir-p16000-s18000,hann-g8,sustained-edge,B1,0.0001791520576982326,0.0001952331090125462,0.00012978225341313718,True,3.062424176222853e-11,True
96000,iir-p16000-s18000,kaiser-g8,sustained-edge,B1,4.328535043167456e-05,5.515323398782107e-05,2.916973528726004e-05,True,3.062424176222853e-11,True
96000,iir-p16000-s18000,lagrange-g16,sustained-edge,B1,9.409771361972866e-12,1.3664894178057334e-11,3.0624650984071506e-12,True,3.062424176222853e-11,True
96000,iir-p16000-s18000,hann-g16,sustained-edge,B1,2.2376701096813587e-05,3.452256153742966e-05,1.6964733814945775e-05,True,3.062424176222853e-11,True
96000,iir-p16000-s18000,kaiser-g16,sustained-edge,B1,2.6174174129887115e-05,3.475820982343235e-05,2.321591566349243e-05,True,3.062424176222853e-11,True
96000,iir-p16000-s18000,lagrange-g32,sustained-edge,B1,4.058315521976552e-12,6.920190333650436e-12,2.936852004436282e-12,True,3.062424176222853e-11,True
96000,iir-p16000-s18000,hann-g32,sustained-edge,B1,3.0126630933827808e-06,2.9368532897920394e-06,2.052343271534248e-06,True,3.062424176222853e-11,True
96000,iir-p16000-s18000,kaiser-g32,sustained-edge,B1,1.3369487991425636e-05,1.3610592638766285e-05,1.2764542704334084e-05,True,3.062424176222853e-11,True
96000,iir-p16000-s18000,lagrange-g64,sustained-edge,B1,4.058831387107825e-12,6.920227695049041e-12,2.9370965808098057e-12,True,3.062424176222853e-11,True
96000,iir-p16000-s18000,hann-g64,sustained-edge,B1,3.411962011707875e-07,2.8998871619328325e-07,2.1919816600347744e-07,True,3.062424176222853e-11,True
96000,iir-p16000-s18000,kaiser-g64,sustained-edge,B1,5.9330699561367e-06,6.2178207433992324e-06,5.782193564288383e-06,True,3.062424176222853e-11,True
96000,iir-p16000-s18000,hann-g8,sustained-edge,AB,0.00024109742311391488,0.00020014304229024353,0.00021100750336281286,True,2.8513650397801646e-11,True
96000,iir-p16000-s18000,kaiser-g8,sustained-edge,AB,3.286894478344275e-05,3.154380250150388e-05,2.6731115485527708e-05,True,2.8513650397801646e-11,True
96000,iir-p16000-s18000,lagrange-g16,sustained-edge,AB,7.79272573836975e-12,9.232308245680131e-12,5.0480727581492795e-12,True,2.8513650397801646e-11,True
96000,iir-p16000-s18000,hann-g16,sustained-edge,AB,4.8046035781779775e-05,4.411673677422625e-05,4.247751352056988e-05,True,2.8513650397801646e-11,True
96000,iir-p16000-s18000,kaiser-g16,sustained-edge,AB,3.196328761135178e-05,2.7017907120696384e-05,2.9635691301890573e-05,True,2.8513650397801646e-11,True
96000,iir-p16000-s18000,lagrange-g32,sustained-edge,AB,5.795677091562409e-12,9.211688061887443e-12,4.10303825317144e-12,True,2.8513650397801646e-11,True
96000,iir-p16000-s18000,hann-g32,sustained-edge,AB,6.101466485760751e-06,5.3758611378863035e-06,5.277479621995715e-06,True,2.8513650397801646e-11,True
96000,iir-p16000-s18000,kaiser-g32,sustained-edge,AB,2.1172924519440435e-05,1.8547270771910956e-05,1.9426200509783724e-05,True,2.8513650397801646e-11,True
96000,iir-p16000-s18000,lagrange-g64,sustained-edge,AB,5.795739036800638e-12,9.216501965089044e-12,4.103076488922097e-12,True,2.8513650397801646e-11,True
96000,iir-p16000-s18000,hann-g64,sustained-edge,AB,6.67128762873021e-07,4.550297190319229e-07,5.930116617682483e-07,True,2.8513650397801646e-11,True
96000,iir-p16000-s18000,kaiser-g64,sustained-edge,AB,9.398841148008112e-06,7.338765541127646e-06,8.823045374180775e-06,True,2.8513650397801646e-11,True
96000,iir-p16000-s19000,hann-g8,reference,A1,0.00012990242787305656,0.00017898111953980342,8.988743795691996e-05,True,7.594522252085228e-12,True
96000,iir-p16000-s19000,kaiser-g8,reference,A1,3.439058504942109e-05,3.425071604109991e-05,1.5958324802209158e-05,True,7.594522252085228e-12,True
96000,iir-p16000-s19000,lagrange-g16,reference,A1,3.133113765579661e-12,6.320777725165572e-12,2.107364868880792e-12,True,7.594522252085228e-12,True
96000,iir-p16000-s19000,hann-g16,reference,A1,2.1799289440570404e-05,2.8380078899498218e-05,1.880630309336401e-05,True,7.594522252085228e-12,True
96000,iir-p16000-s19000,kaiser-g16,reference,A1,2.5330571947428352e-05,2.8265940749001826e-05,2.3471487305551166e-05,True,7.594522252085228e-12,True
96000,iir-p16000-s19000,lagrange-g32,reference,A1,2.800427281495268e-12,5.694076859581119e-12,1.999280434601524e-12,True,7.594522252085228e-12,True
96000,iir-p16000-s19000,hann-g32,reference,A1,3.693714187106e-06,3.6761182988152005e-06,3.4924768355647977e-06,True,7.594522252085228e-12,True
96000,iir-p16000-s19000,kaiser-g32,reference,A1,1.3347480950395726e-05,1.4506116287326675e-05,1.300355614056046e-05,True,7.594522252085228e-12,True
96000,iir-p16000-s19000,lagrange-g64,reference,A1,2.800662853705473e-12,5.694061672723522e-12,1.999430416606991e-12,True,7.594522252085228e-12,True
96000,iir-p16000-s19000,hann-g64,reference,A1,4.922875614563212e-07,4.308367600449085e-07,4.670760088455862e-07,True,7.594522252085228e-12,True
96000,iir-p16000-s19000,kaiser-g64,reference,A1,8.14753231116985e-06,7.51480436713831e-06,8.03429916201528e-06,True,7.594522252085228e-12,True
96000,iir-p16000-s19000,hann-g8,reference,B1,3.609971439048058e-05,2.759895980826141e-05,3.5182855895199864e-05,True,5.111907180523755e-14,True
96000,iir-p16000-s19000,kaiser-g8,reference,B1,3.61325583806372e-05,3.2101310971997206e-05,9.769099972195907e-06,True,5.111907180523755e-14,True
96000,iir-p16000-s19000,lagrange-g16,reference,B1,4.503413079145582e-13,7.811609138117654e-13,3.1975397799657324e-13,True,5.111907180523755e-14,True
96000,iir-p16000-s19000,hann-g16,reference,B1,1.4622419902084967e-05,1.1263370598561242e-05,1.4265702253033478e-05,True,5.111907180523755e-14,True
96000,iir-p16000-s19000,kaiser-g16,reference,B1,2.6358838091985274e-05,2.201464365471725e-05,2.227486343446876e-05,True,5.111907180523755e-14,True
96000,iir-p16000-s19000,lagrange-g32,reference,B1,4.499281038472303e-13,7.856962901072676e-13,3.199858566021412e-13,True,5.111907180523755e-14,True
96000,iir-p16000-s19000,hann-g32,reference,B1,3.072035850922396e-06,2.3748581517902854e-06,3.005834142329591e-06,True,5.111907180523755e-14,True
96000,iir-p16000-s19000,kaiser-g32,reference,B1,2.060809675632844e-05,1.6602947212434523e-05,2.0474366320160682e-05,True,5.111907180523755e-14,True
96000,iir-p16000-s19000,lagrange-g64,reference,B1,4.499799214166034e-13,7.854656777532591e-13,3.2001583925898665e-13,True,5.111907180523755e-14,True
96000,iir-p16000-s19000,hann-g64,reference,B1,6.009133203238713e-08,7.6334581735562e-08,5.2824652780659756e-08,True,5.111907180523755e-14,True
96000,iir-p16000-s19000,kaiser-g64,reference,B1,1.7770604825148142e-06,2.723472495252802e-06,1.7344026531391875e-06,True,5.111907180523755e-14,True
96000,iir-p16000-s19000,hann-g8,reference,AB,0.00012864424994529476,0.00017898111953980342,8.908802528365844e-05,True,7.594522252085228e-12,True
96000,iir-p16000-s19000,kaiser-g8,reference,AB,3.442787743172176e-05,3.425071604109991e-05,1.585341915538184e-05,True,7.594522252085228e-12,True
96000,iir-p16000-s19000,lagrange-g16,reference,AB,3.1008981000806085e-12,6.320777725165572e-12,2.083567945616762e-12,True,7.594522252085228e-12,True
96000,iir-p16000-s19000,hann-g16,reference,AB,2.167367834137399e-05,2.8380078899528593e-05,1.8723264523963243e-05,True,7.594522252085228e-12,True
96000,iir-p16000-s19000,kaiser-g16,reference,AB,2.5352479622265983e-05,2.8265940749001826e-05,2.3447215019617567e-05,True,7.594522252085228e-12,True
96000,iir-p16000-s19000,lagrange-g32,reference,AB,2.7717843746788352e-12,5.694076859581119e-12,1.976541824406611e-12,True,7.594522252085228e-12,True
96000,iir-p16000-s19000,hann-g32,reference,AB,3.6818006349221927e-06,3.6761182988152005e-06,3.4831614028158925e-06,True,7.594522252085228e-12,True
96000,iir-p16000-s19000,kaiser-g32,reference,AB,1.3539039661504714e-05,1.450611628720518e-05,1.3203402020754992e-05,True,7.594522252085228e-12,True
96000,iir-p16000-s19000,lagrange-g64,reference,AB,2.7720175842145092e-12,5.694061672723522e-12,1.976683607482433e-12,True,7.594522252085228e-12,True
96000,iir-p16000-s19000,hann-g64,reference,AB,4.871957426459358e-07,4.308367600449085e-07,4.622312959879542e-07,True,7.594522252085228e-12,True
96000,iir-p16000-s19000,kaiser-g64,reference,AB,8.066070003390739e-06,7.51480436713831e-06,7.953828204454993e-06,True,7.594522252085228e-12,True
96000,iir-p16000-s19000,hann-g8,edge,A1,0.00028190394811797585,0.00027288270280362824,0.0002650799316295203,True,3.396529249406399e-11,True
96000,iir-p16000-s19000,kaiser-g8,edge,A1,5.7739423750662486e-05,6.16007673292966e-05,3.791909929606777e-05,True,3.396529249406399e-11,True
96000,iir-p16000-s19000,lagrange-g16,edge,A1,8.49143954386386e-12,1.1562131876923895e-11,4.336399267883561e-12,True,3.396529249406399e-11,True
96000,iir-p16000-s19000,hann-g16,edge,A1,7.547738875771616e-05,6.670754051870073e-05,7.090833480337871e-05,True,3.396529249406399e-11,True
96000,iir-p16000-s19000,kaiser-g16,edge,A1,5.309257737033801e-05,4.934656582611822e-05,5.197057121628402e-05,True,3.396529249406399e-11,True
96000,iir-p16000-s19000,lagrange-g32,edge,A1,5.02466205646354e-12,6.366781978021052e-12,3.734894797527647e-12,True,3.396529249406399e-11,True
96000,iir-p16000-s19000,hann-g32,edge,A1,5.384686321400072e-06,4.494331526325373e-06,4.7291411623880455e-06,True,3.396529249406399e-11,True
96000,iir-p16000-s19000,kaiser-g32,edge,A1,1.693211916338899e-05,1.6835138745739748e-05,1.635736136074217e-05,True,3.396529249406399e-11,True
96000,iir-p16000-s19000,lagrange-g64,edge,A1,5.024727071379066e-12,6.366781978021052e-12,3.7348957437455615e-12,True,3.396529249406399e-11,True
96000,iir-p16000-s19000,hann-g64,edge,A1,8.319365675995225e-07,4.2476139811987823e-07,7.664937334525975e-07,True,3.396529249406399e-11,True
96000,iir-p16000-s19000,kaiser-g64,edge,A1,1.142122898256798e-05,7.784059723646788e-06,1.1287800404989528e-05,True,3.396529249406399e-11,True
96000,iir-p16000-s19000,hann-g8,edge,B1,0.00018905057128221388,0.0002130390472477102,0.0001306099515672168,True,2.084085776523341e-11,True
96000,iir-p16000-s19000,kaiser-g8,edge,B1,4.147654139757093e-05,5.230030334353628e-05,2.963676014132836e-05,True,2.084085776523341e-11,True
96000,iir-p16000-s19000,lagrange-g16,edge,B1,1.5130540373744672e-11,2.145259009686656e-11,4.158085307610372e-12,True,2.084085776523341e-11,True
96000,iir-p16000-s19000,hann-g16,edge,B1,1.9795144214228002e-05,2.9850723558024525e-05,1.4392310781390808e-05,True,2.084085776523341e-11,True
96000,iir-p16000-s19000,kaiser-g16,edge,B1,2.4453331221134407e-05,3.009165173029499e-05,2.09358224932361e-05,True,2.084085776523341e-11,True
96000,iir-p16000-s19000,lagrange-g32,edge,B1,4.082212557442088e-12,6.5118519634455485e-12,3.502459601469991e-12,True,2.084085776523341e-11,True
96000,iir-p16000-s19000,hann-g32,edge,B1,3.06863871356745e-06,2.927086779286048e-06,2.045726647389617e-06,True,2.084085776523341e-11,True
96000,iir-p16000-s19000,kaiser-g32,edge,B1,1.3382983038211209e-05,1.3786419014567435e-05,1.2884256696649421e-05,True,2.084085776523341e-11,True
96000,iir-p16000-s19000,lagrange-g64,edge,B1,4.08375988060505e-12,6.518982595842556e-12,3.5027172449973513e-12,True,2.084085776523341e-11,True
96000,iir-p16000-s19000,hann-g64,edge,B1,3.3102064871367595e-07,2.231762847843506e-07,1.9493183111437847e-07,True,2.084085776523341e-11,True
96000,iir-p16000-s19000,kaiser-g64,edge,B1,5.453507612662109e-06,5.081503845688672e-06,5.286886351073661e-06,True,2.084085776523341e-11,True
96000,iir-p16000-s19000,hann-g8,edge,AB,0.0002819039444987751,0.00027288270280362824,0.00026508017508119754,True,3.396529249406399e-11,True
96000,iir-p16000-s19000,kaiser-g8,edge,AB,5.773942309868301e-05,6.16007673292966e-05,3.791909530190472e-05,True,3.396529249406399e-11,True
96000,iir-p16000-s19000,lagrange-g16,edge,AB,8.491443295902733e-12,1.1562131876923895e-11,4.336387503488776e-12,True,3.396529249406399e-11,True
96000,iir-p16000-s19000,hann-g16,edge,AB,7.54773871178574e-05,6.670754051843245e-05,7.090833310826274e-05,True,3.396529249406399e-11,True
96000,iir-p16000-s19000,kaiser-g16,edge,AB,5.309257639441143e-05,4.934656582611822e-05,5.197057100690084e-05,True,3.396529249406399e-11,True
96000,iir-p16000-s19000,lagrange-g32,edge,AB,5.0246622560784404e-12,6.366781978021052e-12,3.734902985654318e-12,True,3.396529249406399e-11,True
96000,iir-p16000-s19000,hann-g32,edge,AB,5.384686236564437e-06,4.494331526325373e-06,4.7291434781488225e-06,True,3.396529249406399e-11,True
96000,iir-p16000-s19000,kaiser-g32,edge,AB,1.6932119015144494e-05,1.6835138745739748e-05,1.6357367740050826e-05,True,3.396529249406399e-11,True
96000,iir-p16000-s19000,lagrange-g64,edge,AB,5.02472727833373e-12,6.366781978021052e-12,3.734904166180148e-12,True,3.396529249406399e-11,True
96000,iir-p16000-s19000,hann-g64,edge,AB,8.3193655125507e-07,4.2476139811987823e-07,7.664937389179382e-07,True,3.396529249406399e-11,True
96000,iir-p16000-s19000,kaiser-g64,edge,AB,1.1421228776861272e-05,7.784059723646788e-06,1.1287800708015348e-05,True,3.396529249406399e-11,True
96000,iir-p16000-s19000,hann-g8,overlap-reference,A1,0.000356718234203487,0.00036494597650535865,0.0003282027235798267,True,6.123251920922936e-12,True
96000,iir-p16000-s19000,kaiser-g8,overlap-reference,A1,3.330821761817215e-05,4.0182084616354684e-05,2.772207397745468e-05,True,6.123251920922936e-12,True
96000,iir-p16000-s19000,lagrange-g16,overlap-reference,A1,2.3931670255618357e-12,3.763027555330586e-12,1.6275481408092037e-12,True,6.123251920922936e-12,True
96000,iir-p16000-s19000,hann-g16,overlap-reference,A1,4.3143467337216306e-05,4.2805708870883326e-05,3.97786565509072e-05,True,6.123251920922936e-12,True
96000,iir-p16000-s19000,kaiser-g16,overlap-reference,A1,3.5023033566637595e-05,3.414723701666542e-05,3.315454974097904e-05,True,6.123251920922936e-12,True
96000,iir-p16000-s19000,lagrange-g32,overlap-reference,A1,2.186911435370972e-12,3.763420481677197e-12,1.5393662860323063e-12,True,6.123251920922936e-12,True
96000,iir-p16000-s19000,hann-g32,overlap-reference,A1,5.3901831942237364e-06,5.9256988222470296e-06,4.9205198147672745e-06,True,6.123251920922936e-12,True
96000,iir-p16000-s19000,kaiser-g32,overlap-reference,A1,2.174256031796384e-05,2.0925572693581936e-05,2.0433883844394722e-05,True,6.123251920922936e-12,True
96000,iir-p16000-s19000,lagrange-g64,overlap-reference,A1,2.1869090195318364e-12,3.765357047242639e-12,1.5393619477444177e-12,True,6.123251920922936e-12,True
96000,iir-p16000-s19000,hann-g64,overlap-reference,A1,6.726962583074296e-07,6.792139628500299e-07,6.259886448446474e-07,True,6.123251920922936e-12,True
96000,iir-p16000-s19000,kaiser-g64,overlap-reference,A1,1.1146329881641322e-05,1.0803393368119956e-05,1.0662450149789157e-05,True,6.123251920922936e-12,True
96000,iir-p16000-s19000,hann-g8,overlap-reference,B1,3.609971438801316e-05,2.7598958523013978e-05,3.518285589190209e-05,True,5.1110526864654966e-14,True
96000,iir-p16000-s19000,kaiser-g8,overlap-reference,B1,3.6132558375960485e-05,3.210131060222154e-05,9.76909997163328e-06,True,5.1110526864654966e-14,True
96000,iir-p16000-s19000,lagrange-g16,overlap-reference,B1,4.5034926941169777e-13,7.81007115057495e-13,3.1975989043665306e-13,True,5.1110526864654966e-14,True
96000,iir-p16000-s19000,hann-g16,overlap-reference,B1,1.4622419895548742e-05,1.1263370246857662e-05,1.426570224716395e-05,True,5.1110526864654966e-14,True
96000,iir-p16000-s19000,kaiser-g16,overlap-reference,B1,2.635883808586113e-05,2.2014643664175182e-05,2.227486342970918e-05,True,5.1110526864654966e-14,True
96000,iir-p16000-s19000,lagrange-g32,overlap-reference,B1,4.4992366903059817e-13,7.855851970092756e-13,3.19990043514899e-13,True,5.1110526864654966e-14,True
96000,iir-p16000-s19000,hann-g32,overlap-reference,B1,3.072035849372913e-06,2.374858118595038e-06,3.005834140920513e-06,True,5.1110526864654966e-14,True
96000,iir-p16000-s19000,kaiser-g32,overlap-reference,B1,2.0608096748692882e-05,1.6602946998589685e-05,2.0474366312842124e-05,True,5.1110526864654966e-14,True
96000,iir-p16000-s19000,lagrange-g64,overlap-reference,B1,4.4997427277046794e-13,7.853802082651661e-13,3.2001095468116575e-13,True,5.1110526864654966e-14,True
96000,iir-p16000-s19000,hann-g64,overlap-reference,B1,6.009133211610433e-08,7.633458287684814e-08,5.282465288598807e-08,True,5.1110526864654966e-14,True
96000,iir-p16000-s19000,kaiser-g64,overlap-reference,B1,1.7770604873260234e-06,2.7234724819542867e-06,1.7344026581846908e-06,True,5.1110526864654966e-14,True
96000,iir-p16000-s19000,hann-g8,overlap-reference,AB,0.00035669252715954977,0.00036494597650535865,0.00032817903492140735,True,6.123265954006744e-12,True
96000,iir-p16000-s19000,kaiser-g8,overlap-reference,AB,3.3308605727657574e-05,4.0181701518443176e-05,2.772184517160488e-05,True,6.123265954006744e-12,True
96000,iir-p16000-s19000,lagrange-g16,overlap-reference,AB,2.3929958569376963e-12,3.763027555330586e-12,1.6271951997026835e-12,True,6.123265954006744e-12,True
96000,iir-p16000-s19000,hann-g16,overlap-reference,AB,4.314068829604846e-05,4.2805708870883326e-05,3.9776350344300954e-05,True,6.123265954006744e-12,True
96000,iir-p16000-s19000,kaiser-g16,overlap-reference,AB,3.5021909938041076e-05,3.414723701666542e-05,3.3153946127168655e-05,True,6.123265954006744e-12,True
96000,iir-p16000-s19000,lagrange-g32,overlap-reference,AB,2.1867568344017127e-12,3.763420481677197e-12,1.539001749011535e-12,True,6.123265954006744e-12,True
96000,iir-p16000-s19000,hann-g32,overlap-reference,AB,5.389914625747564e-06,5.9256988222470296e-06,4.920368117613065e-06,True,6.123265954006744e-12,True
96000,iir-p16000-s19000,kaiser-g32,overlap-reference,AB,2.174237579528551e-05,2.0925572693581936e-05,2.0433900129271896e-05,True,6.123265954006744e-12,True
96000,iir-p16000-s19000,lagrange-g64,overlap-reference,AB,2.1867522450228844e-12,3.765357047242639e-12,1.5389933433178474e-12,True,6.123265954006744e-12,True
96000,iir-p16000-s19000,hann-g64,overlap-reference,AB,6.726477269484841e-07,6.792139629622946e-07,6.259420110225196e-07,True,6.123265954006744e-12,True
96000,iir-p16000-s19000,kaiser-g64,overlap-reference,AB,1.1145539369166342e-05,1.0803393368007692e-05,1.0661728651337648e-05,True,6.123265954006744e-12,True
96000,iir-p16000-s19000,hann-g8,sustained-edge,A1,0.0002541147743715891,0.00020272556189448882,0.00022383385286473223,True,3.093265150077632e-11,True
96000,iir-p16000-s19000,kaiser-g8,sustained-edge,A1,3.2987894846398106e-05,3.324571984947281e-05,2.6884595319982965e-05,True,3.093265150077632e-11,True
96000,iir-p16000-s19000,lagrange-g16,sustained-edge,A1,1.0274925858133033e-11,1.076146431200832e-11,6.460686075607986e-12,True,3.093265150077632e-11,True
96000,iir-p16000-s19000,hann-g16,sustained-edge,A1,4.738328620137403e-05,4.4891561472719624e-05,4.191670835485583e-05,True,3.093265150077632e-11,True
96000,iir-p16000-s19000,kaiser-g16,sustained-edge,A1,3.175092212519111e-05,2.7254377455459985e-05,2.9487731888614825e-05,True,3.093265150077632e-11,True
96000,iir-p16000-s19000,lagrange-g32,sustained-edge,A1,5.938125742087548e-12,8.740121557213124e-12,4.1974835871834144e-12,True,3.093265150077632e-11,True
96000,iir-p16000-s19000,hann-g32,sustained-edge,A1,6.167102987100328e-06,5.162823938020448e-06,5.34848689813366e-06,True,3.093265150077632e-11,True
96000,iir-p16000-s19000,kaiser-g32,sustained-edge,A1,2.126227472642572e-05,1.7770585750246254e-05,1.9583939550707477e-05,True,3.093265150077632e-11,True
96000,iir-p16000-s19000,lagrange-g64,sustained-edge,A1,5.938202381731849e-12,8.740121557213124e-12,4.197540430217724e-12,True,3.093265150077632e-11,True
96000,iir-p16000-s19000,hann-g64,sustained-edge,A1,6.621451457158899e-07,4.683403350108684e-07,5.88169695148879e-07,True,3.093265150077632e-11,True
96000,iir-p16000-s19000,kaiser-g64,sustained-edge,A1,9.314158107355378e-06,7.403793369090238e-06,8.752946649647282e-06,True,3.093265150077632e-11,True
96000,iir-p16000-s19000,hann-g8,sustained-edge,B1,0.0001890505720920246,0.00021303904849707185,0.00013060995212755156,True,2.0840930141719704e-11,True
96000,iir-p16000-s19000,kaiser-g8,sustained-edge,B1,4.1476541362401475e-05,5.2300303172615956e-05,2.9636760244966195e-05,True,2.0840930141719704e-11,True
96000,iir-p16000-s19000,lagrange-g16,sustained-edge,B1,1.5130587576900442e-11,2.145263860233817e-11,4.158077900355043e-12,True,2.0840930141719704e-11,True
96000,iir-p16000-s19000,hann-g16,sustained-edge,B1,1.9795144172092924e-05,2.9850723775981708e-05,1.439231072625623e-05,True,2.0840930141719704e-11,True
96000,iir-p16000-s19000,kaiser-g16,sustained-edge,B1,2.4453331159723976e-05,3.0091651822655455e-05,2.0935822408019925e-05,True,2.0840930141719704e-11,True
96000,iir-p16000-s19000,lagrange-g32,sustained-edge,B1,4.0821812967114645e-12,6.5118810001768265e-12,3.5024460490524978e-12,True,2.0840930141719704e-11,True
96000,iir-p16000-s19000,hann-g32,sustained-edge,B1,3.0686387210767123e-06,2.9270867743020507e-06,2.045726651809315e-06,True,2.0840930141719704e-11,True
96000,iir-p16000-s19000,kaiser-g32,sustained-edge,B1,1.3382983038990149e-05,1.3786418742392557e-05,1.2884256698383843e-05,True,2.0840930141719704e-11,True
96000,iir-p16000-s19000,lagrange-g64,sustained-edge,B1,4.083719687025635e-12,6.5188062230831854e-12,3.5026950964293675e-12,True,2.0840930141719704e-11,True
96000,iir-p16000-s19000,hann-g64,sustained-edge,B1,3.310206485044493e-07,2.2317628228818925e-07,1.9493183043189782e-07,True,2.0840930141719704e-11,True
96000,iir-p16000-s19000,kaiser-g64,sustained-edge,B1,5.45350759536389e-06,5.081503815389185e-06,5.286886332860023e-06,True,2.0840930141719704e-11,True
96000,iir-p16000-s19000,hann-g8,sustained-edge,AB,0.000254114774288777,0.00020272556189448882,0.00022383396574031652,True,3.0932654048414045e-11,True
96000,iir-p16000-s19000,kaiser-g8,sustained-edge,AB,3.2987894859305784e-05,3.324571984947281e-05,2.6884583646249052e-05,True,3.0932654048414045e-11,True
96000,iir-p16000-s19000,lagrange-g16,sustained-edge,AB,1.0274928336738712e-11,1.0761446336208353e-11,6.460689447927924e-12,True,3.0932654048414045e-11,True
96000,iir-p16000-s19000,hann-g16,sustained-edge,AB,4.7383286179947934e-05,4.4891561472719624e-05,4.1916719777634125e-05,True,3.0932654048414045e-11,True
96000,iir-p16000-s19000,kaiser-g16,sustained-edge,AB,3.1750922118255105e-05,2.7254377455459985e-05,2.9487733943263604e-05,True,3.0932654048414045e-11,True
96000,iir-p16000-s19000,lagrange-g32,sustained-edge,AB,5.938127363779871e-12,8.740121557213124e-12,4.197481970647781e-12,True,3.0932654048414045e-11,True
96000,iir-p16000-s19000,hann-g32,sustained-edge,AB,6.167102983768964e-06,5.162823938020448e-06,5.348486467474545e-06,True,3.0932654048414045e-11,True
96000,iir-p16000-s19000,kaiser-g32,sustained-edge,AB,2.126227471752161e-05,1.777058575010245e-05,1.9583938216982446e-05,True,3.0932654048414045e-11,True
96000,iir-p16000-s19000,lagrange-g64,sustained-edge,AB,5.9382040014537624e-12,8.740121557213124e-12,4.197539678546214e-12,True,3.0932654048414045e-11,True
96000,iir-p16000-s19000,hann-g64,sustained-edge,AB,6.621451427400589e-07,4.683403350108684e-07,5.881700355339676e-07,True,3.0932654048414045e-11,True
96000,iir-p16000-s19000,kaiser-g64,sustained-edge,AB,9.31415808486969e-06,7.403793369090238e-06,8.752948954012216e-06,True,3.0932654048414045e-11,True
96000,fir129-p16000-s19000,hann-g8,reference,A1,0.00013034941065471548,0.0001802388578205867,8.970194315189976e-05,True,1.3160693729519683e-10,True
96000,fir129-p16000-s19000,kaiser-g8,reference,A1,3.515743055519912e-05,3.5143811868360536e-05,1.6073298572731253e-05,True,1.3160693729519683e-10,True
96000,fir129-p16000-s19000,lagrange-g16,reference,A1,4.5107731625240263e-07,5.261874023844932e-07,2.418797953542094e-07,True,1.3160693729519683e-10,True
96000,fir129-p16000-s19000,hann-g16,reference,A1,2.1820900739780866e-05,2.4621408915478417e-05,1.8701079621757154e-05,True,1.3160693729519683e-10,True
96000,fir129-p16000-s19000,kaiser-g16,reference,A1,2.601054349366459e-05,2.4522291865198625e-05,2.4138809473003653e-05,True,1.3160693729519683e-10,True
96000,fir129-p16000-s19000,lagrange-g32,reference,A1,3.7647700146471824e-07,3.689382647974179e-07,2.108021703512703e-07,True,1.3160693729519683e-10,True
96000,fir129-p16000-s19000,hann-g32,reference,A1,3.6013912176331687e-06,4.0644694417156685e-06,3.3727764560745582e-06,True,1.3160693729519683e-10,True
96000,fir129-p16000-s19000,kaiser-g32,reference,A1,1.3116250887587321e-05,1.5064003752943689e-05,1.2738225634186435e-05,True,1.3160693729519683e-10,True
96000,fir129-p16000-s19000,lagrange-g64,reference,A1,3.1594104015904915e-07,2.644557939296483e-07,1.8235997160591332e-07,True,1.3160693729519683e-10,True
96000,fir129-p16000-s19000,hann-g64,reference,A1,5.015078985692813e-07,4.6027774536104617e-07,4.580434640565244e-07,True,1.3160693729519683e-10,True
96000,fir129-p16000-s19000,kaiser-g64,reference,A1,8.009511977136232e-06,7.464205713043461e-06,7.879031193169043e-06,True,1.3160693729519683e-10,True
96000,fir129-p16000-s19000,hann-g8,reference,B1,3.528810863059585e-05,2.70091134933352e-05,3.4311910203362236e-05,True,3.0930102827393273e-12,True
96000,fir129-p16000-s19000,kaiser-g8,reference,B1,3.5858126978998837e-05,3.1641138478565086e-05,9.6610459231633e-06,True,3.0930102827393273e-12,True
96000,fir129-p16000-s19000,lagrange-g16,reference,B1,6.142255312933938e-09,1.5698930053275396e-08,2.010483245928129e-09,True,3.0930102827393273e-12,True
96000,fir129-p16000-s19000,hann-g16,reference,B1,1.4306743069030852e-05,1.1022468497019788e-05,1.3925187941950781e-05,True,3.0930102827393273e-12,True
96000,fir129-p16000-s19000,kaiser-g16,reference,B1,2.605313263676908e-05,2.1369673957370863e-05,2.1979293832879812e-05,True,3.0930102827393273e-12,True
96000,fir129-p16000-s19000,lagrange-g32,reference,B1,5.1376786299465954e-09,1.0971419622489576e-08,1.8571764863738061e-09,True,3.0930102827393273e-12,True
96000,fir129-p16000-s19000,hann-g32,reference,B1,3.0068591693738824e-06,2.324769781912625e-06,2.9353044961449187e-06,True,3.0930102827393273e-12,True
96000,fir129-p16000-s19000,kaiser-g32,reference,B1,2.0333522097494486e-05,1.6253941070638952e-05,2.0193436123257992e-05,True,3.0930102827393273e-12,True
96000,fir129-p16000-s19000,lagrange-g64,reference,B1,4.342469842540576e-09,7.839237098020449e-09,1.7333246520545903e-09,True,3.0930102827393273e-12,True
96000,fir129-p16000-s19000,hann-g64,reference,B1,5.755216059769036e-08,7.074368050609213e-08,4.981924392349941e-08,True,3.0930102827393273e-12,True
96000,fir129-p16000-s19000,kaiser-g64,reference,B1,1.7133007160942881e-06,2.629989831537967e-06,1.670982586074417e-06,True,3.0930102827393273e-12,True
96000,fir129-p16000-s19000,hann-g8,reference,AB,0.00012908236664869145,0.00018023885932140523,8.889762525625632e-05,True,1.3061950141081633e-10,True
96000,fir129-p16000-s19000,kaiser-g8,reference,AB,3.5172201147328884e-05,3.514381043403805e-05,1.5965609081826994e-05,True,1.3061950141081633e-10,True
96000,fir129-p16000-s19000,lagrange-g16,reference,AB,4.4634639424005577e-07,5.261890990384956e-07,2.3933836611625927e-07,True,1.3061950141081633e-10,True
96000,fir129-p16000-s19000,hann-g16,reference,AB,2.1690653761642418e-05,2.462141339473501e-05,1.861377734433362e-05,True,1.3061950141081633e-10,True
96000,fir129-p16000-s19000,kaiser-g16,reference,AB,2.601143332836332e-05,2.4522292388551386e-05,2.4095565992401342e-05,True,1.3061950141081633e-10,True
96000,fir129-p16000-s19000,lagrange-g32,reference,AB,3.7252893362532584e-07,3.689399677318333e-07,2.0858321075023696e-07,True,1.3061950141081633e-10,True
96000,fir129-p16000-s19000,hann-g32,reference,AB,3.5899861854991782e-06,4.064468715525681e-06,3.3642480136386335e-06,True,1.3061950141081633e-10,True
96000,fir129-p16000-s19000,kaiser-g32,reference,AB,1.330698688004514e-05,1.5064008207825365e-05,1.2937891907081514e-05,True,1.3061950141081633e-10,True
96000,fir129-p16000-s19000,lagrange-g64,reference,AB,3.1262831678639327e-07,2.6445750314439876e-07,1.804348263415061e-07,True,1.3061950141081633e-10,True
96000,fir129-p16000-s19000,hann-g64,reference,AB,4.963161720595474e-07,4.602770191763885e-07,4.5328386691724e-07,True,1.3061950141081633e-10,True
96000,fir129-p16000-s19000,kaiser-g64,reference,AB,7.929331905049343e-06,7.4642101981788e-06,7.799957514686633e-06,True,1.3061950141081633e-10,True
96000,fir129-p16000-s19000,hann-g8,edge,A1,0.000273476697160146,0.00021645340072881905,0.00025107679249854707,True,3.1694718440826813e-10,True
96000,fir129-p16000-s19000,kaiser-g8,edge,A1,5.75977449352681e-05,5.915421633080321e-05,3.690032327905312e-05,True,3.1694718440826813e-10,True
96000,fir129-p16000-s19000,lagrange-g16,edge,A1,1.1207296092860698e-06,7.692051317914697e-07,6.006026870369249e-07,True,3.1694718440826813e-10,True
96000,fir129-p16000-s19000,hann-g16,edge,A1,6.964191882299687e-05,4.879222636944968e-05,6.408928707678532e-05,True,3.1694718440826813e-10,True
96000,fir129-p16000-s19000,kaiser-g16,edge,A1,5.0540508254877225e-05,4.2209111741005326e-05,4.923779973343967e-05,True,3.1694718440826813e-10,True
96000,fir129-p16000-s19000,lagrange-g32,edge,A1,9.350285003338646e-07,5.369485605398689e-07,5.231317248882705e-07,True,3.1694718440826813e-10,True
96000,fir129-p16000-s19000,hann-g32,edge,A1,5.216292419877681e-06,3.0824166867820512e-06,4.463502842793049e-06,True,3.1694718440826813e-10,True
96000,fir129-p16000-s19000,kaiser-g32,edge,A1,1.6410672912708628e-05,1.125974942195901e-05,1.5756814700061787e-05,True,3.1694718440826813e-10,True
96000,fir129-p16000-s19000,lagrange-g64,edge,A1,7.847803796604375e-07,3.829265401288831e-07,4.527831712101253e-07,True,3.1694718440826813e-10,True
96000,fir129-p16000-s19000,hann-g64,edge,A1,8.770522047834947e-07,4.3058118526355133e-07,7.47632841349071e-07,True,3.1694718440826813e-10,True
96000,fir129-p16000-s19000,kaiser-g64,edge,A1,1.0903195073074277e-05,7.098723811903494e-06,1.0726414814268225e-05,True,3.1694718440826813e-10,True
96000,fir129-p16000-s19000,hann-g8,edge,B1,0.00020715458541539168,0.0001324239055796814,0.00012769538478717523,True,4.3523785426099415e-10,True
96000,fir129-p16000-s19000,kaiser-g8,edge,B1,3.816068876496934e-05,3.1728979416909064e-05,3.038855496289162e-05,True,4.3523785426099415e-10,True
96000,fir129-p16000-s19000,lagrange-g16,edge,B1,8.53318132624464e-07,4.1794883031899636e-07,2.80311628766549e-07,True,4.3523785426099415e-10,True
96000,fir129-p16000-s19000,hann-g16,edge,B1,1.8183625268724596e-05,1.1794954062348583e-05,9.799003222360423e-06,True,4.3523785426099415e-10,True
96000,fir129-p16000-s19000,kaiser-g16,edge,B1,2.0062079369516454e-05,1.806883427284314e-05,1.5820158205542187e-05,True,4.3523785426099415e-10,True
96000,fir129-p16000-s19000,lagrange-g32,edge,B1,7.173207802256139e-07,2.932539518256563e-07,2.599286542245808e-07,True,4.3523785426099415e-10,True
96000,fir129-p16000-s19000,hann-g32,edge,B1,2.667081816366941e-06,1.4073786004475338e-06,1.6127873794612108e-06,True,4.3523785426099415e-10,True
96000,fir129-p16000-s19000,kaiser-g32,edge,B1,1.155716696160106e-05,9.27692416560125e-06,1.1071790533032339e-05,True,4.3523785426099415e-10,True
96000,fir129-p16000-s19000,lagrange-g64,edge,B1,6.077944306962239e-07,2.0978631535928406e-07,2.430266629609137e-07,True,4.3523785426099415e-10,True
96000,fir129-p16000-s19000,hann-g64,edge,B1,4.6278797826931963e-07,2.2311755404233574e-07,2.7210957885747053e-07,True,4.3523785426099415e-10,True
96000,fir129-p16000-s19000,kaiser-g64,edge,B1,5.328927041070092e-06,4.099661379755863e-06,5.154059736282039e-06,True,4.3523785426099415e-10,True
96000,fir129-p16000-s19000,hann-g8,edge,AB,0.00027347669301439943,0.00021645340095710578,0.00025107721503617744,True,3.170485361840809e-10,True
96000,fir129-p16000-s19000,kaiser-g8,edge,AB,5.759774379191993e-05,5.91542161072196e-05,3.690030974793265e-05,True,3.170485361840809e-10,True
96000,fir129-p16000-s19000,lagrange-g16,edge,AB,1.1207299716860701e-06,7.692053862530784e-07,6.006006824284734e-07,True,3.170485361840809e-10,True
96000,fir129-p16000-s19000,hann-g16,edge,AB,6.964191651933926e-05,4.8792226138900564e-05,6.408930072121807e-05,True,3.170485361840809e-10,True
96000,fir129-p16000-s19000,kaiser-g16,edge,AB,5.054050674725541e-05,4.220911196085343e-05,4.92377957051322e-05,True,3.170485361840809e-10,True
96000,fir129-p16000-s19000,lagrange-g32,edge,AB,9.350289218115077e-07,5.369488159685401e-07,5.23129123764853e-07,True,3.170485361840809e-10,True
96000,fir129-p16000-s19000,hann-g32,edge,AB,5.216292351128069e-06,3.082416796038953e-06,4.463507960383095e-06,True,3.170485361840809e-10,True
96000,fir129-p16000-s19000,kaiser-g32,edge,AB,1.641067264026389e-05,1.1259749202896426e-05,1.575682459758823e-05,True,3.170485361840809e-10,True
96000,fir129-p16000-s19000,lagrange-g64,edge,AB,7.847808694500043e-07,3.8292679652463386e-07,4.527795930823257e-07,True,3.170485361840809e-10,True
96000,fir129-p16000-s19000,hann-g64,edge,AB,8.770525738758506e-07,4.305810760626904e-07,7.47631398439808e-07,True,3.170485361840809e-10,True
96000,fir129-p16000-s19000,kaiser-g64,edge,AB,1.0903194809637753e-05,7.098724033180686e-06,1.0726415154170153e-05,True,3.170485361840809e-10,True
96000,fir129-p16000-s19000,hann-g8,overlap-reference,A1,0.00035135693283909063,0.00036169874133899505,0.0003231215289187134,True,2.416591583121434e-11,True
96000,fir129-p16000-s19000,kaiser-g8,overlap-reference,A1,3.4165078517162006e-05,4.014990325296623e-05,2.848945944548116e-05,True,2.416591583121434e-11,True
96000,fir129-p16000-s19000,lagrange-g16,overlap-reference,A1,1.9981814262681373e-07,1.6635337584462265e-07,1.549063290828134e-07,True,2.416591583121434e-11,True
96000,fir129-p16000-s19000,hann-g16,overlap-reference,A1,4.225638774000136e-05,4.3798631176160345e-05,3.8970946412060064e-05,True,2.416591583121434e-11,True
96000,fir129-p16000-s19000,kaiser-g16,overlap-reference,A1,3.481220981129461e-05,3.524044071045395e-05,3.3010442992196e-05,True,2.416591583121434e-11,True
96000,fir129-p16000-s19000,lagrange-g32,overlap-reference,A1,1.659586292266465e-07,1.1587544027688597e-07,1.2863984026379877e-07,True,2.416591583121434e-11,True
96000,fir129-p16000-s19000,hann-g32,overlap-reference,A1,5.316242675031956e-06,5.9828795315846445e-06,4.857487586641514e-06,True,2.416591583121434e-11,True
96000,fir129-p16000-s19000,kaiser-g32,overlap-reference,A1,2.157875481572979e-05,2.1504769189037428e-05,2.0328506472277447e-05,True,2.416591583121434e-11,True
96000,fir129-p16000-s19000,lagrange-g64,overlap-reference,A1,1.3892112382232092e-07,8.731098382873599e-08,1.0726798851983141e-07,True,2.416591583121434e-11,True
96000,fir129-p16000-s19000,hann-g64,overlap-reference,A1,6.645312801103608e-07,7.09451873222969e-07,6.168357701935338e-07,True,2.416591583121434e-11,True
96000,fir129-p16000-s19000,kaiser-g64,overlap-reference,A1,1.102488477643691e-05,1.1388778689413302e-05,1.0557253256485242e-05,True,2.416591583121434e-11,True
96000,fir129-p16000-s19000,hann-g8,overlap-reference,B1,3.528810862567141e-05,2.7009113088662755e-05,3.4311910198202125e-05,True,3.0930289666436704e-12,True
96000,fir129-p16000-s19000,kaiser-g8,overlap-reference,B1,3.585812697335513e-05,3.16411387611066e-05,9.661045922523096e-06,True,3.0930289666436704e-12,True
96000,fir129-p16000-s19000,lagrange-g16,overlap-reference,B1,6.14216739779305e-09,1.5698763737179737e-08,2.0104455419313863e-09,True,3.0930289666436704e-12,True
96000,fir129-p16000-s19000,hann-g16,overlap-reference,B1,1.430674306282012e-05,1.1022468667234931e-05,1.3925187936284178e-05,True,3.0930289666436704e-12,True
96000,fir129-p16000-s19000,kaiser-g16,overlap-reference,B1,2.6053132630197728e-05,2.136967377410236e-05,2.1979293827697214e-05,True,3.0930289666436704e-12,True
96000,fir129-p16000-s19000,lagrange-g32,overlap-reference,B1,5.137586380277401e-09,1.0971255239554996e-08,1.8571364225413108e-09,True,3.0930289666436704e-12,True
96000,fir129-p16000-s19000,hann-g32,overlap-reference,B1,3.00685916782578e-06,2.3247696660588765e-06,2.9353044947633902e-06,True,3.0930289666436704e-12,True
96000,fir129-p16000-s19000,kaiser-g32,overlap-reference,B1,2.033352208989221e-05,1.6253941036153432e-05,2.0193436115869076e-05,True,3.0930289666436704e-12,True
96000,fir129-p16000-s19000,lagrange-g64,overlap-reference,B1,4.342375047732754e-09,7.839053596752721e-09,1.7332826385733372e-09,True,3.0930289666436704e-12,True
96000,fir129-p16000-s19000,hann-g64,overlap-reference,B1,5.755215883697149e-08,7.074368196405332e-08,4.981924298901251e-08,True,3.0930289666436704e-12,True
96000,fir129-p16000-s19000,kaiser-g64,overlap-reference,B1,1.7133007204735308e-06,2.6299899149457536e-06,1.6709825907259476e-06,True,3.0930289666436704e-12,True
96000,fir129-p16000-s19000,hann-g8,overlap-reference,AB,0.000351331616197375,0.0003616987410898476,0.000323097907512103,True,2.4196413520718424e-11,True
96000,fir129-p16000-s19000,kaiser-g8,overlap-reference,AB,3.4165293806548686e-05,4.01534692481206e-05,2.8489045437957427e-05,True,2.4196413520718424e-11,True
96000,fir129-p16000-s19000,lagrange-g16,overlap-reference,AB,1.9980394250829254e-07,1.6635328449156472e-07,1.5489794952029824e-07,True,2.4196413520718424e-11,True
96000,fir129-p16000-s19000,hann-g16,overlap-reference,AB,4.2253666308153004e-05,4.379863127310372e-05,3.8968557408612875e-05,True,2.4196413520718424e-11,True
96000,fir129-p16000-s19000,kaiser-g16,overlap-reference,AB,3.4811078438803666e-05,3.524044080635515e-05,3.300966141518149e-05,True,2.4196413520718424e-11,True
96000,fir129-p16000-s19000,lagrange-g32,overlap-reference,AB,1.6594694802463073e-07,1.1587553064531957e-07,1.2863304308827516e-07,True,2.4196413520718424e-11,True
96000,fir129-p16000-s19000,hann-g32,overlap-reference,AB,5.315976271089394e-06,5.982879782806532e-06,4.857303895029582e-06,True,2.4196413520718424e-11,True
96000,fir129-p16000-s19000,kaiser-g32,overlap-reference,AB,2.157855601722455e-05,2.1504768937814764e-05,2.0328361345260092e-05,True,2.4196413520718424e-11,True
96000,fir129-p16000-s19000,lagrange-g64,overlap-reference,AB,1.389114756032396e-07,8.731107407636968e-08,1.0726220884558064e-07,True,2.4196413520718424e-11,True
96000,fir129-p16000-s19000,hann-g64,overlap-reference,AB,6.644834153742607e-07,7.094519734106291e-07,6.167893750394011e-07,True,2.4196413520718424e-11,True
96000,fir129-p16000-s19000,kaiser-g64,overlap-reference,AB,1.1024102147416774e-05,1.13887785892253e-05,1.0556518765177403e-05,True,2.4196413520718424e-11,True
96000,fir129-p16000-s19000,hann-g8,sustained-edge,A1,0.0002893806948808334,0.00033990578132417923,0.0002594751598911987,True,9.883911395927164e-11,True
96000,fir129-p16000-s19000,kaiser-g8,sustained-edge,A1,3.3173244632335984e-05,2.7498354478296468e-05,2.7074252846099335e-05,True,9.883911395927164e-11,True
96000,fir129-p16000-s19000,lagrange-g16,sustained-edge,A1,9.604514102956402e-07,6.79852040068266e-07,7.501501613984861e-07,True,9.883911395927164e-11,True
96000,fir129-p16000-s19000,hann-g16,sustained-edge,A1,4.615221442019367e-05,4.683641406574466e-05,4.08799595097283e-05,True,9.883911395927164e-11,True
96000,fir129-p16000-s19000,kaiser-g16,sustained-edge,A1,3.130143163940323e-05,2.9951204981911024e-05,2.9123237146319203e-05,True,9.883911395927164e-11,True
96000,fir129-p16000-s19000,lagrange-g32,sustained-edge,A1,7.970547852654274e-07,4.707007253695624e-07,6.226363729377468e-07,True,9.883911395927164e-11,True
96000,fir129-p16000-s19000,hann-g32,sustained-edge,A1,6.226595044570353e-06,5.356442192979889e-06,5.427918196484092e-06,True,9.883911395927164e-11,True
96000,fir129-p16000-s19000,kaiser-g32,sustained-edge,A1,2.123140567090848e-05,1.8288728576239953e-05,1.966949446432237e-05,True,9.883911395927164e-11,True
96000,fir129-p16000-s19000,lagrange-g64,sustained-edge,A1,6.668441561173253e-07,3.530424107675516e-07,5.187080505580101e-07,True,9.883911395927164e-11,True
96000,fir129-p16000-s19000,hann-g64,sustained-edge,A1,7.486659918236182e-07,5.039393740116675e-07,6.489054255033503e-07,True,9.883911395927164e-11,True
96000,fir129-p16000-s19000,kaiser-g64,sustained-edge,A1,9.347615096874705e-06,7.713155106269443e-06,8.805232952541537e-06,True,9.883911395927164e-11,True
96000,fir129-p16000-s19000,hann-g8,sustained-edge,B1,0.00020715458675557344,0.00013242390830841048,0.0001276953855857874,True,4.3523759405549294e-10,True
96000,fir129-p16000-s19000,kaiser-g8,sustained-edge,B1,3.816068872183176e-05,3.172898001508225e-05,3.038855506973362e-05,True,4.3523759405549294e-10,True
96000,fir129-p16000-s19000,lagrange-g16,sustained-edge,B1,8.533179427803102e-07,4.1794893001673016e-07,2.8031152712400815e-07,True,4.3523759405549294e-10,True
96000,fir129-p16000-s19000,hann-g16,sustained-edge,B1,1.8183625284582662e-05,1.1794954020122634e-05,9.799003138450797e-06,True,4.3523759405549294e-10,True
96000,fir129-p16000-s19000,kaiser-g16,sustained-edge,B1,2.0062079260868697e-05,1.8068834093718028e-05,1.582015805877909e-05,True,4.3523759405549294e-10,True
96000,fir129-p16000-s19000,lagrange-g32,sustained-edge,B1,7.173205603574111e-07,2.932539740628504e-07,2.5992854187243745e-07,True,4.3523759405549294e-10,True
96000,fir129-p16000-s19000,hann-g32,sustained-edge,B1,2.6670817829525373e-06,1.4073786030989708e-06,1.6127873627405638e-06,True,4.3523759405549294e-10,True
96000,fir129-p16000-s19000,kaiser-g32,sustained-edge,B1,1.1557166934159009e-05,9.276924130527745e-06,1.1071790510435455e-05,True,4.3523759405549294e-10,True
96000,fir129-p16000-s19000,lagrange-g64,sustained-edge,B1,6.077941993374817e-07,2.0978629590902491e-07,2.430265446232532e-07,True,4.3523759405549294e-10,True
96000,fir129-p16000-s19000,hann-g64,sustained-edge,B1,4.627878390724212e-07,2.2311755180960864e-07,2.7210949177558103e-07,True,4.3523759405549294e-10,True
96000,fir129-p16000-s19000,kaiser-g64,sustained-edge,B1,5.328927031758268e-06,4.099661379633352e-06,5.154059734737659e-06,True,4.3523759405549294e-10,True
96000,fir129-p16000-s19000,hann-g8,sustained-edge,AB,0.00028938069473587695,0.0003399057813612701,0.00025947530196078017,True,9.885658897392735e-11,True
96000,fir129-p16000-s19000,kaiser-g8,sustained-edge,AB,3.3173244646678074e-05,2.749835422969813e-05,2.7074245922918557e-05,True,9.885658897392735e-11,True
96000,fir129-p16000-s19000,lagrange-g16,sustained-edge,AB,9.604515443505096e-07,6.79852002789093e-07,7.501516515823375e-07,True,9.885658897392735e-11,True
96000,fir129-p16000-s19000,hann-g16,sustained-edge,AB,4.61522143824098e-05,4.6836413818164804e-05,4.087997774867355e-05,True,9.885658897392735e-11,True
96000,fir129-p16000-s19000,kaiser-g16,sustained-edge,AB,3.1301431623878326e-05,2.9951204734752892e-05,2.9123240993986362e-05,True,9.885658897392735e-11,True
96000,fir129-p16000-s19000,lagrange-g32,sustained-edge,AB,7.97054939867562e-07,4.707007616565048e-07,6.226379117391575e-07,True,9.885658897392735e-11,True
96000,fir129-p16000-s19000,hann-g32,sustained-edge,AB,6.2265950567661e-06,5.356442293866295e-06,5.427918648538271e-06,True,9.885658897392735e-11,True
96000,fir129-p16000-s19000,kaiser-g32,sustained-edge,AB,2.123140566042321e-05,1.8288728676002128e-05,1.9669495039599832e-05,True,9.885658897392735e-11,True
96000,fir129-p16000-s19000,lagrange-g64,sustained-edge,AB,6.668443351157984e-07,3.5304244701236967e-07,5.187095627432124e-07,True,9.885658897392735e-11,True
96000,fir129-p16000-s19000,hann-g64,sustained-edge,AB,7.486661380115882e-07,5.039393384625308e-07,6.489062461254104e-07,True,9.885658897392735e-11,True
96000,fir129-p16000-s19000,kaiser-g64,sustained-edge,AB,9.347615091754867e-06,7.713155070860735e-06,8.805235016871477e-06,True,9.885658897392735e-11,True
96000,iir-p16000-s20000,hann-g8,reference,A1,0.00013030709320545943,0.00018862079731688653,9.013059016332243e-05,True,9.0333372694962e-12,True
96000,iir-p16000-s20000,kaiser-g8,reference,A1,3.4591976506784506e-05,3.4539562266557745e-05,1.598493369601401e-05,True,9.0333372694962e-12,True
96000,iir-p16000-s20000,lagrange-g16,reference,A1,3.4860870532054558e-12,5.623327274221713e-12,2.1452687408009114e-12,True,9.0333372694962e-12,True
96000,iir-p16000-s20000,hann-g16,reference,A1,2.1792973068916443e-05,2.833129121915011e-05,1.876099482812572e-05,True,9.0333372694962e-12,True
96000,iir-p16000-s20000,kaiser-g16,reference,A1,2.5502052367673953e-05,2.796273508132383e-05,2.3637549541513035e-05,True,9.0333372694962e-12,True
96000,iir-p16000-s20000,lagrange-g32,reference,A1,2.675046869844417e-12,5.406920434863331e-12,1.88178152071739e-12,True,9.0333372694962e-12,True
96000,iir-p16000-s20000,hann-g32,reference,A1,3.669952276290144e-06,3.999810464953886e-06,3.462742064779552e-06,True,9.0333372694962e-12,True
96000,iir-p16000-s20000,kaiser-g32,reference,A1,1.3291919226837664e-05,1.563917378559699e-05,1.293996351896419e-05,True,9.0333372694962e-12,True
96000,iir-p16000-s20000,lagrange-g64,reference,A1,2.674835488305991e-12,5.407012431535866e-12,1.8816240655807035e-12,True,9.0333372694962e-12,True
96000,iir-p16000-s20000,hann-g64,reference,A1,4.881489288615281e-07,4.3095692882631676e-07,4.6208940292568454e-07,True,9.0333372694962e-12,True
96000,iir-p16000-s20000,kaiser-g64,reference,A1,8.111537506540088e-06,7.263115902579399e-06,7.994479432300409e-06,True,9.0333372694962e-12,True
96000,iir-p16000-s20000,hann-g8,reference,B1,3.5896291405413326e-05,2.73861050355588e-05,3.496548709099376e-05,True,4.2898856804736664e-14,True
96000,iir-p16000-s20000,kaiser-g8,reference,B1,3.6066429390179876e-05,3.209802970133629e-05,9.741328882128612e-06,True,4.2898856804736664e-14,True
96000,iir-p16000-s20000,lagrange-g16,reference,B1,4.456782398341576e-13,7.831347757015233e-13,3.160501870117474e-13,True,4.2898856804736664e-14,True
96000,iir-p16000-s20000,hann-g16,reference,B1,1.4543420697490205e-05,1.1175668548724396e-05,1.4180880896581527e-05,True,4.2898856804736664e-14,True
96000,iir-p16000-s20000,kaiser-g16,reference,B1,2.628375259385274e-05,2.187071512200663e-05,2.220221155943752e-05,True,4.2898856804736664e-14,True
96000,iir-p16000-s20000,lagrange-g32,reference,B1,4.4507991935899397e-13,7.27896731590048e-13,3.159817096676351e-13,True,4.2898856804736664e-14,True
96000,iir-p16000-s20000,hann-g32,reference,B1,3.055740429460346e-06,2.35607011307596e-06,2.9882866703714917e-06,True,4.2898856804736664e-14,True
96000,iir-p16000-s20000,kaiser-g32,reference,B1,2.0540341637125938e-05,1.6491574604029646e-05,2.0405346039781358e-05,True,4.2898856804736664e-14,True
96000,iir-p16000-s20000,lagrange-g64,reference,B1,4.451378805686479e-13,7.27896731590048e-13,3.160106517238436e-13,True,4.2898856804736664e-14,True
96000,iir-p16000-s20000,hann-g64,reference,B1,5.942879827712077e-08,7.505605851135356e-08,5.205225670468874e-08,True,4.2898856804736664e-14,True
96000,iir-p16000-s20000,kaiser-g64,reference,B1,1.7610877066421294e-06,2.6858390988590764e-06,1.7185192955752823e-06,True,4.2898856804736664e-14,True
96000,iir-p16000-s20000,hann-g8,reference,AB,0.00012904351138927833,0.00018862079731688653,8.932655492617434e-05,True,9.033582593956292e-12,True
96000,iir-p16000-s20000,kaiser-g8,reference,AB,3.4623412063471795e-05,3.4539562266557745e-05,1.5879346121826653e-05,True,9.033582593956292e-12,True
96000,iir-p16000-s20000,lagrange-g16,reference,AB,3.4500894748940276e-12,5.623388605336735e-12,2.122492686224637e-12,True,9.033582593956292e-12,True
96000,iir-p16000-s20000,hann-g16,reference,AB,2.1666383241469808e-05,2.833129121915011e-05,1.8677260678028497e-05,True,9.033582593956292e-12,True
96000,iir-p16000-s20000,kaiser-g16,reference,AB,2.5518622800413257e-05,2.796273508132383e-05,2.3608522284690816e-05,True,9.033582593956292e-12,True
96000,iir-p16000-s20000,lagrange-g32,reference,AB,2.647747147268692e-12,5.4068591037483085e-12,1.861739502993784e-12,True,9.033582593956292e-12,True
96000,iir-p16000-s20000,hann-g32,reference,AB,3.6581791706378315e-06,3.999810464953886e-06,3.453630489102703e-06,True,9.033582593956292e-12,True
96000,iir-p16000-s20000,kaiser-g32,reference,AB,1.3483200378685337e-05,1.563917378559699e-05,1.3139710400065163e-05,True,9.033582593956292e-12,True
96000,iir-p16000-s20000,lagrange-g64,reference,AB,2.647538250069765e-12,5.406951100420843e-12,1.861581567625354e-12,True,9.033582593956292e-12,True
96000,iir-p16000-s20000,hann-g64,reference,AB,4.83100947329307e-07,4.309569288569823e-07,4.57296461971256e-07,True,9.033582593956292e-12,True
96000,iir-p16000-s20000,kaiser-g64,reference,AB,8.030420858214446e-06,7.263115902702061e-06,7.91438036531807e-06,True,9.033582593956292e-12,True
96000,iir-p16000-s20000,hann-g8,edge,A1,0.0002814278686529848,0.0002915765768252547,0.00026311897794986357,True,3.8116749720123076e-11,True
96000,iir-p16000-s20000,kaiser-g8,edge,A1,5.773038669921075e-05,6.364821020854587e-05,3.7631152793925386e-05,True,3.8116749720123076e-11,True
96000,iir-p16000-s20000,lagrange-g16,edge,A1,1.096779433900703e-11,1.4495605476567164e-11,5.173098971779622e-12,True,3.8116749720123076e-11,True
96000,iir-p16000-s20000,hann-g16,edge,A1,7.38068923154651e-05,6.355081134140092e-05,6.898781180715044e-05,True,3.8116749720123076e-11,True
96000,iir-p16000-s20000,kaiser-g16,edge,A1,5.23876062703041e-05,4.9991987397484125e-05,5.1215312455152846e-05,True,3.8116749720123076e-11,True
96000,iir-p16000-s20000,lagrange-g32,edge,A1,4.794603551856736e-12,7.0442715082931726e-12,3.867127660990257e-12,True,3.8116749720123076e-11,True
96000,iir-p16000-s20000,hann-g32,edge,A1,5.357421338208219e-06,4.2234938513713716e-06,4.68002097553003e-06,True,3.8116749720123076e-11,True
96000,iir-p16000-s20000,kaiser-g32,edge,A1,1.6847428356554146e-05,1.7804717888375415e-05,1.6255727760547737e-05,True,3.8116749720123076e-11,True
96000,iir-p16000-s20000,lagrange-g64,edge,A1,4.794747340730403e-12,7.044173033381477e-12,3.867058348903949e-12,True,3.8116749720123076e-11,True
96000,iir-p16000-s20000,hann-g64,edge,A1,8.191249793043345e-07,4.203469670455088e-07,7.506104390206484e-07,True,3.8116749720123076e-11,True
96000,iir-p16000-s20000,kaiser-g64,edge,A1,1.1276246938802726e-05,7.625539324525464e-06,1.1133661519528595e-05,True,3.8116749720123076e-11,True
96000,iir-p16000-s20000,hann-g8,edge,B1,0.0002033651452458776,0.00021288155429562074,0.00013582098611571343,True,1.5340286580247482e-11,True
96000,iir-p16000-s20000,kaiser-g8,edge,B1,4.0285584418147134e-05,5.031168974360431e-05,3.0222678942188233e-05,True,1.5340286580247482e-11,True
96000,iir-p16000-s20000,lagrange-g16,edge,B1,3.002714949707786e-11,3.4088510463788235e-11,5.70520006830738e-12,True,1.5340286580247482e-11,True
96000,iir-p16000-s20000,hann-g16,edge,B1,1.8910767311530358e-05,2.788803626630512e-05,1.2690007697871216e-05,True,1.5340286580247482e-11,True
96000,iir-p16000-s20000,kaiser-g16,edge,B1,2.3024855370903348e-05,2.891360670613882e-05,1.904912264017732e-05,True,1.5340286580247482e-11,True
96000,iir-p16000-s20000,lagrange-g32,edge,B1,4.0492385935946944e-12,6.335429573554155e-12,3.4828510774575314e-12,True,1.5340286580247482e-11,True
96000,iir-p16000-s20000,hann-g32,edge,B1,3.003157594531909e-06,2.702350711602712e-06,1.975242851416862e-06,True,1.5340286580247482e-11,True
96000,iir-p16000-s20000,kaiser-g32,edge,B1,1.307249813220437e-05,1.2360935441429833e-05,1.2617503413380942e-05,True,1.5340286580247482e-11,True
96000,iir-p16000-s20000,lagrange-g64,edge,B1,4.049588625442552e-12,6.3353214382777575e-12,3.482645352983493e-12,True,1.5340286580247482e-11,True
96000,iir-p16000-s20000,hann-g64,edge,B1,3.3472676754425234e-07,2.6664388721474125e-07,1.9510802773550663e-07,True,1.5340286580247482e-11,True
96000,iir-p16000-s20000,kaiser-g64,edge,B1,5.449368277349187e-06,4.081533927332916e-06,5.275697112298785e-06,True,1.5340286580247482e-11,True
96000,iir-p16000-s20000,hann-g8,edge,AB,0.0002814278649791953,0.0002915765768252547,0.00026311930027468405,True,3.8116749720123076e-11,True
96000,iir-p16000-s20000,kaiser-g8,edge,AB,5.773038589004249e-05,6.364821020854587e-05,3.763115003493078e-05,True,3.8116749720123076e-11,True
96000,iir-p16000-s20000,lagrange-g16,edge,AB,1.096779947711054e-11,1.4495605476567164e-11,5.17308876784039e-12,True,3.8116749720123076e-11,True
96000,iir-p16000-s20000,hann-g16,edge,AB,7.380689043143288e-05,6.355081134140092e-05,6.89878118095228e-05,True,3.8116749720123076e-11,True
96000,iir-p16000-s20000,kaiser-g16,edge,AB,5.238760511554415e-05,4.9991987397484125e-05,5.121531131996097e-05,True,3.8116749720123076e-11,True
96000,iir-p16000-s20000,lagrange-g32,edge,AB,4.794597487100886e-12,7.0442715082931726e-12,3.867114490952023e-12,True,3.8116749720123076e-11,True
96000,iir-p16000-s20000,hann-g32,edge,AB,5.357421237837832e-06,4.2234938513713716e-06,4.680023605351417e-06,True,3.8116749720123076e-11,True
96000,iir-p16000-s20000,kaiser-g32,edge,AB,1.6847428173400957e-05,1.7804717888375415e-05,1.6255735269252617e-05,True,3.8116749720123076e-11,True
96000,iir-p16000-s20000,lagrange-g64,edge,AB,4.794741264379197e-12,7.044173033381477e-12,3.8670437014218465e-12,True,3.8116749720123076e-11,True
96000,iir-p16000-s20000,hann-g64,edge,AB,8.191249606629126e-07,4.203469670455088e-07,7.506104304856619e-07,True,3.8116749720123076e-11,True
96000,iir-p16000-s20000,kaiser-g64,edge,AB,1.1276246702682693e-05,7.625539324525464e-06,1.113366201538982e-05,True,3.8116749720123076e-11,True
96000,iir-p16000-s20000,hann-g8,overlap-reference,A1,0.00035539595194837873,0.00036489862225302125,0.000326950400624777,True,6.9489714558101344e-12,True
96000,iir-p16000-s20000,kaiser-g8,overlap-reference,A1,3.352855433482098e-05,4.035146034871646e-05,2.792101383896003e-05,True,6.9489714558101344e-12,True
96000,iir-p16000-s20000,lagrange-g16,overlap-reference,A1,2.6516789758292826e-12,3.1416154314259836e-12,1.7764554303534956e-12,True,6.9489714558101344e-12,True
96000,iir-p16000-s20000,hann-g16,overlap-reference,A1,4.2919150543718835e-05,4.147986139476692e-05,3.9574781340132925e-05,True,6.9489714558101344e-12,True
96000,iir-p16000-s20000,kaiser-g16,overlap-reference,A1,3.4969274554062804e-05,3.335730664258288e-05,3.3118607654665406e-05,True,6.9489714558101344e-12,True
96000,iir-p16000-s20000,lagrange-g32,overlap-reference,A1,2.2227261282447742e-12,2.904376800854241e-12,1.573519929770008e-12,True,6.9489714558101344e-12,True
96000,iir-p16000-s20000,hann-g32,overlap-reference,A1,5.371850409234366e-06,5.7878214766413796e-06,4.905028724831533e-06,True,6.9489714558101344e-12,True
96000,iir-p16000-s20000,kaiser-g32,overlap-reference,A1,2.170171381361357e-05,2.050310639425287e-05,2.040836944924038e-05,True,6.9489714558101344e-12,True
96000,iir-p16000-s20000,lagrange-g64,overlap-reference,A1,2.2227827195362837e-12,2.904390639457223e-12,1.5735544843761749e-12,True,6.9489714558101344e-12,True
96000,iir-p16000-s20000,hann-g64,overlap-reference,A1,6.697035978700079e-07,6.824386983585196e-07,6.231041690183585e-07,True,6.9489714558101344e-12,True
96000,iir-p16000-s20000,kaiser-g64,overlap-reference,A1,1.1115590684176975e-05,1.0721604966502191e-05,1.0636062083756392e-05,True,6.9489714558101344e-12,True
96000,iir-p16000-s20000,hann-g8,overlap-reference,B1,3.5896291402151605e-05,2.7386103004933008e-05,3.49654870870992e-05,True,4.277926303635657e-14,True
96000,iir-p16000-s20000,kaiser-g8,overlap-reference,B1,3.606642938526992e-05,3.209802938494276e-05,9.74132888155664e-06,True,4.277926303635657e-14,True
96000,iir-p16000-s20000,lagrange-g16,overlap-reference,B1,4.4568651406720817e-13,7.831987840957246e-13,3.160542944396188e-13,True,4.277926303635657e-14,True
96000,iir-p16000-s20000,hann-g16,overlap-reference,B1,1.4543420691054825e-05,1.1175668096278987e-05,1.4180880890770797e-05,True,4.277926303635657e-14,True
96000,iir-p16000-s20000,kaiser-g16,overlap-reference,B1,2.628375258758268e-05,2.1870715135508377e-05,2.2202211554554187e-05,True,4.277926303635657e-14,True
96000,iir-p16000-s20000,lagrange-g32,overlap-reference,B1,4.4509300810283887e-13,7.279308464269492e-13,3.1598899337691324e-13,True,4.277926303635657e-14,True
96000,iir-p16000-s20000,hann-g32,overlap-reference,B1,3.055740427917464e-06,2.35607008567928e-06,2.988286668938861e-06,True,4.277926303635657e-14,True
96000,iir-p16000-s20000,kaiser-g32,overlap-reference,B1,2.054034162948548e-05,1.6491574745073015e-05,2.0405346032453707e-05,True,4.277926303635657e-14,True
96000,iir-p16000-s20000,lagrange-g64,overlap-reference,B1,4.4514694917026674e-13,7.279308464269492e-13,3.1602064245294073e-13,True,4.277926303635657e-14,True
96000,iir-p16000-s20000,hann-g64,overlap-reference,B1,5.9428798373078736e-08,7.505605831765698e-08,5.205225681870802e-08,True,4.277926303635657e-14,True
96000,iir-p16000-s20000,kaiser-g64,overlap-reference,B1,1.761087711369877e-06,2.6858390787844993e-06,1.7185193005384608e-06,True,4.277926303635657e-14,True
96000,iir-p16000-s20000,hann-g8,overlap-reference,AB,0.0003553703429792029,0.00036489862225302125,0.00032692673108520253,True,6.9489714558101344e-12,True
96000,iir-p16000-s20000,kaiser-g8,overlap-reference,AB,3.352889795079617e-05,4.035243197408099e-05,2.792074786790413e-05,True,6.9489714558101344e-12,True
96000,iir-p16000-s20000,lagrange-g16,overlap-reference,AB,2.6514951687401154e-12,3.141632729679711e-12,1.776381166140273e-12,True,6.9489714558101344e-12,True
96000,iir-p16000-s20000,hann-g16,overlap-reference,AB,4.291638636054863e-05,4.147986139498834e-05,3.95724533280442e-05,True,6.9489714558101344e-12,True
96000,iir-p16000-s20000,kaiser-g16,overlap-reference,AB,3.4968149322871994e-05,3.335730664258288e-05,3.3117963105566776e-05,True,6.9489714558101344e-12,True
96000,iir-p16000-s20000,lagrange-g32,overlap-reference,AB,2.222578217479199e-12,2.904376800854241e-12,1.5734841288722678e-12,True,6.9489714558101344e-12,True
96000,iir-p16000-s20000,hann-g32,overlap-reference,AB,5.3715824011825995e-06,5.7878214766413796e-06,4.904868786308098e-06,True,6.9489714558101344e-12,True
96000,iir-p16000-s20000,kaiser-g32,overlap-reference,AB,2.170152585812656e-05,2.050310639425287e-05,2.0408344250481767e-05,True,6.9489714558101344e-12,True
96000,iir-p16000-s20000,lagrange-g64,overlap-reference,AB,2.2226303399239845e-12,2.904390639457223e-12,1.5735117793065414e-12,True,6.9489714558101344e-12,True
96000,iir-p16000-s20000,hann-g64,overlap-reference,AB,6.696552839809105e-07,6.824386983585196e-07,6.230575806869683e-07,True,6.9489714558101344e-12,True
96000,iir-p16000-s20000,kaiser-g64,overlap-reference,AB,1.1114802221133048e-05,1.0721604966502191e-05,1.0635337530725455e-05,True,6.9489714558101344e-12,True
96000,iir-p16000-s20000,hann-g8,sustained-edge,A1,0.0002672450386532859,0.0002557598220767033,0.00023685432495592943,True,3.228749777281038e-11,True
96000,iir-p16000-s20000,kaiser-g8,sustained-edge,A1,3.301138821158786e-05,3.393562623097827e-05,2.6915023570954056e-05,True,3.228749777281038e-11,True
96000,iir-p16000-s20000,lagrange-g16,sustained-edge,A1,1.5558723013373467e-11,2.6118901156078333e-11,9.052819461597025e-12,True,3.228749777281038e-11,True
96000,iir-p16000-s20000,hann-g16,sustained-edge,A1,4.695426205800337e-05,4.653394222044376e-05,4.155003786496406e-05,True,3.228749777281038e-11,True
96000,iir-p16000-s20000,kaiser-g16,sustained-edge,A1,3.1581097490605854e-05,2.8711974754379816e-05,2.93420008146827e-05,True,3.228749777281038e-11,True
96000,iir-p16000-s20000,lagrange-g32,sustained-edge,A1,5.961446001978322e-12,7.505273989127027e-12,4.21923194373868e-12,True,3.228749777281038e-11,True
96000,iir-p16000-s20000,hann-g32,sustained-edge,A1,6.2125082459675526e-06,5.261695305265001e-06,5.399526056508361e-06,True,3.228749777281038e-11,True
96000,iir-p16000-s20000,kaiser-g32,sustained-edge,A1,2.1302593363985923e-05,1.8680576476830804e-05,1.9660880810366092e-05,True,3.228749777281038e-11,True
96000,iir-p16000-s20000,lagrange-g64,sustained-edge,A1,5.961608628583436e-12,7.51006477487582e-12,4.2193325659148865e-12,True,3.228749777281038e-11,True
96000,iir-p16000-s20000,hann-g64,sustained-edge,A1,6.635397243582213e-07,4.780131905082635e-07,5.897989417684486e-07,True,3.228749777281038e-11,True
96000,iir-p16000-s20000,kaiser-g64,sustained-edge,A1,9.310057847049957e-06,7.529643745153391e-06,8.75592552168131e-06,True,3.228749777281038e-11,True
96000,iir-p16000-s20000,hann-g8,sustained-edge,B1,0.00020336514640501948,0.00021288155358508494,0.0001358209868691564,True,1.534030984985717e-11,True
96000,iir-p16000-s20000,kaiser-g8,sustained-edge,B1,4.0285584374519963e-05,5.0311689926087337e-05,3.022267904992178e-05,True,1.534030984985717e-11,True
96000,iir-p16000-s20000,lagrange-g16,sustained-edge,B1,3.0027110154558934e-11,3.408846672134307e-11,5.7051924610721066e-12,True,1.534030984985717e-11,True
96000,iir-p16000-s20000,hann-g16,sustained-edge,B1,1.8910767283189652e-05,2.7888036114847937e-05,1.2690007625541392e-05,True,1.534030984985717e-11,True
96000,iir-p16000-s20000,kaiser-g16,sustained-edge,B1,2.3024855292625205e-05,2.8913605842006018e-05,1.904912252619832e-05,True,1.534030984985717e-11,True
96000,iir-p16000-s20000,lagrange-g32,sustained-edge,B1,4.0492334786746304e-12,6.335477319613935e-12,3.4828801325731817e-12,True,1.534030984985717e-11,True
96000,iir-p16000-s20000,hann-g32,sustained-edge,B1,3.0031576005492897e-06,2.702350708797525e-06,1.9752428550996097e-06,True,1.534030984985717e-11,True
96000,iir-p16000-s20000,kaiser-g32,sustained-edge,B1,1.3072498130011268e-05,1.2360935434397774e-05,1.2617503412184468e-05,True,1.534030984985717e-11,True
96000,iir-p16000-s20000,lagrange-g64,sustained-edge,B1,4.0496239787508765e-12,6.335429259493474e-12,3.4826525771033218e-12,True,1.534030984985717e-11,True
96000,iir-p16000-s20000,hann-g64,sustained-edge,B1,3.34726767890644e-07,2.6664388733782726e-07,1.951080276794022e-07,True,1.534030984985717e-11,True
96000,iir-p16000-s20000,kaiser-g64,sustained-edge,B1,5.4493682700585666e-06,4.081533967177569e-06,5.27569710405235e-06,True,1.534030984985717e-11,True
96000,iir-p16000-s20000,hann-g8,sustained-edge,AB,0.00026724503856255906,0.0002557598220767033,0.00023685442073223098,True,3.228749580636957e-11,True
96000,iir-p16000-s20000,kaiser-g8,sustained-edge,AB,3.3011388224637855e-05,3.3935626230978274e-05,2.691501221994072e-05,True,3.228749580636957e-11,True
96000,iir-p16000-s20000,lagrange-g16,sustained-edge,AB,1.555872431000692e-11,2.611889208262048e-11,9.052821875571298e-12,True,3.228749580636957e-11,True
96000,iir-p16000-s20000,hann-g16,sustained-edge,AB,4.695426202866783e-05,4.653394222029859e-05,4.155004916454194e-05,True,3.228749580636957e-11,True
96000,iir-p16000-s20000,kaiser-g16,sustained-edge,AB,3.1581097479492165e-05,2.871197475437982e-05,2.9342003292989733e-05,True,3.228749580636957e-11,True
96000,iir-p16000-s20000,lagrange-g32,sustained-edge,AB,5.961444951121903e-12,7.505273989127027e-12,4.219230963979177e-12,True,3.228749580636957e-11,True
96000,iir-p16000-s20000,hann-g32,sustained-edge,AB,6.212508242110977e-06,5.261695305265002e-06,5.3995256077094705e-06,True,3.228749580636957e-11,True
96000,iir-p16000-s20000,kaiser-g32,sustained-edge,AB,2.1302593353613673e-05,1.8680576476830807e-05,1.9660879739091604e-05,True,3.228749580636957e-11,True
96000,iir-p16000-s20000,lagrange-g64,sustained-edge,AB,5.961607574911466e-12,7.510064774875822e-12,4.219330624763748e-12,True,3.228749580636957e-11,True
96000,iir-p16000-s20000,hann-g64,sustained-edge,AB,6.635397219739956e-07,4.780131905082636e-07,5.897992558403472e-07,True,3.228749580636957e-11,True
96000,iir-p16000-s20000,kaiser-g64,sustained-edge,AB,9.310057827647202e-06,7.529643745153392e-06,8.755927622490682e-06,True,3.228749580636957e-11,True
96000,fir129-p16000-s20000,hann-g8,reference,A1,0.00013179955280608402,0.00018454645710802922,9.152345128933529e-05,True,8.512073308122271e-11,True
96000,fir129-p16000-s20000,kaiser-g8,reference,A1,3.515408847405095e-05,3.5286553645671586e-05,1.6073674644407732e-05,True,8.512073308122271e-11,True
96000,fir129-p16000-s20000,lagrange-g16,reference,A1,2.924854108798047e-07,3.3828291501279805e-07,1.569316281332447e-07,True,8.512073308122271e-11,True
96000,fir129-p16000-s20000,hann-g16,reference,A1,2.1831405176176435e-05,2.4067338499027455e-05,1.8707499506294053e-05,True,8.512073308122271e-11,True
96000,fir129-p16000-s20000,kaiser-g16,reference,A1,2.6004273211096667e-05,2.4237291894411177e-05,2.413257465590954e-05,True,8.512073308122271e-11,True
96000,fir129-p16000-s20000,lagrange-g32,reference,A1,2.4346873966794406e-07,2.36379273296435e-07,1.3634392268822422e-07,True,8.512073308122271e-11,True
96000,fir129-p16000-s20000,hann-g32,reference,A1,3.6006448124739342e-06,4.007968328845563e-06,3.3738161556980496e-06,True,8.512073308122271e-11,True
96000,fir129-p16000-s20000,kaiser-g32,reference,A1,1.3118369982410928e-05,1.495084303005285e-05,1.2740917850863037e-05,True,8.512073308122271e-11,True
96000,fir129-p16000-s20000,lagrange-g64,reference,A1,2.0406958877554063e-07,1.6934408030062143e-07,1.1778337664085709e-07,True,8.512073308122271e-11,True
96000,fir129-p16000-s20000,hann-g64,reference,A1,4.877808936524286e-07,4.535864422758958e-07,4.5282215842332197e-07,True,8.512073308122271e-11,True
96000,fir129-p16000-s20000,kaiser-g64,reference,A1,8.013898743519823e-06,7.3984291452013214e-06,7.883948621579352e-06,True,8.512073308122271e-11,True
96000,fir129-p16000-s20000,hann-g8,reference,B1,3.528838733289356e-05,2.6989770621890172e-05,3.43119170865323e-05,True,1.997188211601728e-12,True
96000,fir129-p16000-s20000,kaiser-g8,reference,B1,3.585804280067512e-05,3.16115330907122e-05,9.66106619489196e-06,True,1.997188211601728e-12,True
96000,fir129-p16000-s20000,lagrange-g16,reference,B1,3.985245078892466e-09,1.0242364864522801e-08,1.3006066309451707e-09,True,1.997188211601728e-12,True
96000,fir129-p16000-s20000,hann-g16,reference,B1,1.4306649262497979e-05,1.101366086152829e-05,1.3925097779927812e-05,True,1.997188211601728e-12,True
96000,fir129-p16000-s20000,kaiser-g16,reference,B1,2.6053031084578975e-05,2.136583832926012e-05,2.1979231892380624e-05,True,1.997188211601728e-12,True
96000,fir129-p16000-s20000,lagrange-g32,reference,B1,3.323948600082544e-09,7.110210136592034e-09,1.1991380110449389e-09,True,1.997188211601728e-12,True
96000,fir129-p16000-s20000,hann-g32,reference,B1,3.006828126730386e-06,2.32169394491314e-06,2.935275977146486e-06,True,1.997188211601728e-12,True
96000,fir129-p16000-s20000,kaiser-g32,reference,B1,2.0333354730931607e-05,1.62482342492281e-05,2.0193270761281212e-05,True,1.997188211601728e-12,True
96000,fir129-p16000-s20000,lagrange-g64,reference,B1,2.8060260073174933e-09,5.057009637886155e-09,1.1184512620940435e-09,True,1.997188211601728e-12,True
96000,fir129-p16000-s20000,hann-g64,reference,B1,5.752953028599056e-08,7.076389762229304e-08,4.9812894173476943e-08,True,1.997188211601728e-12,True
96000,fir129-p16000-s20000,kaiser-g64,reference,B1,1.713526806079419e-06,2.6270673540249444e-06,1.671215445561817e-06,True,1.997188211601728e-12,True
96000,fir129-p16000-s20000,hann-g8,reference,AB,0.00013051718661244137,0.00018454645615058652,9.069797957380777e-05,True,8.448154243459039e-11,True
96000,fir129-p16000-s20000,kaiser-g8,reference,AB,3.5168916904884706e-05,3.528655456076301e-05,1.59660661657945e-05,True,8.448154243459039e-11,True
96000,fir129-p16000-s20000,lagrange-g16,reference,AB,2.894201936362769e-07,3.382839953904775e-07,1.5528337729656923e-07,True,8.448154243459039e-11,True
96000,fir129-p16000-s20000,hann-g16,reference,AB,2.170110083552377e-05,2.406733564150718e-05,1.862016310911702e-05,True,8.448154243459039e-11,True
96000,fir129-p16000-s20000,kaiser-g16,reference,AB,2.6005291245068948e-05,2.423729156032281e-05,2.4089482805529923e-05,True,8.448154243459039e-11,True
96000,fir129-p16000-s20000,lagrange-g32,reference,AB,2.4091750085134133e-07,2.3638035775699745e-07,1.3490943472917347e-07,True,8.448154243459039e-11,True
96000,fir129-p16000-s20000,hann-g32,reference,AB,3.589261264244702e-06,4.0079687921695394e-06,3.3652750060682196e-06,True,8.448154243459039e-11,True
96000,fir129-p16000-s20000,kaiser-g32,reference,AB,1.3308879817347717e-05,1.4950840188072443e-05,1.2940328063687988e-05,True,8.448154243459039e-11,True
96000,fir129-p16000-s20000,lagrange-g64,reference,AB,2.0193153423432017e-07,1.693451707725917e-07,1.165406835732832e-07,True,8.448154243459039e-11,True
96000,fir129-p16000-s20000,hann-g64,reference,AB,4.827384636210418e-07,4.535859779918821e-07,4.481235859766103e-07,True,8.448154243459039e-11,True
96000,fir129-p16000-s20000,kaiser-g64,reference,AB,7.933734050539362e-06,7.39842628356728e-06,7.804883879105446e-06,True,8.448154243459039e-11,True
96000,fir129-p16000-s20000,hann-g8,edge,A1,0.0002826611690870203,0.00021942172315118357,0.00025923060273088993,True,2.0582080513611804e-10,True
96000,fir129-p16000-s20000,kaiser-g8,edge,A1,5.7403867088543204e-05,5.715127878835108e-05,3.6768558679736e-05,True,2.0582080513611804e-10,True
96000,fir129-p16000-s20000,lagrange-g16,edge,A1,7.234726508059245e-07,4.871130856695109e-07,3.8797183131338114e-07,True,2.0582080513611804e-10,True
96000,fir129-p16000-s20000,hann-g16,edge,A1,6.9392836268315e-05,4.8136737670955225e-05,6.382236348716241e-05,True,2.0582080513611804e-10,True
96000,fir129-p16000-s20000,kaiser-g16,edge,A1,5.0315241273018764e-05,4.134416660630432e-05,4.900489116344709e-05,True,2.0582080513611804e-10,True
96000,fir129-p16000-s20000,lagrange-g32,edge,A1,6.01990596649334e-07,3.3878436412673907e-07,3.368579540599129e-07,True,2.0582080513611804e-10,True
96000,fir129-p16000-s20000,hann-g32,edge,A1,5.222162537629351e-06,3.001437518295495e-06,4.47808034308087e-06,True,2.0582080513611804e-10,True
96000,fir129-p16000-s20000,kaiser-g32,edge,A1,1.6431102147316222e-05,1.093912855838842e-05,1.5781722424129768e-05,True,2.0582080513611804e-10,True
96000,fir129-p16000-s20000,lagrange-g64,edge,A1,5.046449117077529e-07,2.414158402385973e-07,2.911535069274581e-07,True,2.0582080513611804e-10,True
96000,fir129-p16000-s20000,hann-g64,edge,A1,8.273051659347203e-07,4.2161631398675024e-07,7.275532037507698e-07,True,2.0582080513611804e-10,True
96000,fir129-p16000-s20000,kaiser-g64,edge,A1,1.09146237329838e-05,7.1156186658731465e-06,1.0739799243933595e-05,True,2.0582080513611804e-10,True
96000,fir129-p16000-s20000,hann-g8,edge,B1,0.00023359998152070016,0.0001666443202399265,0.00014192863201001508,True,2.4065442985285163e-10,True
96000,fir129-p16000-s20000,kaiser-g8,edge,B1,3.826733541820663e-05,3.457587448768255e-05,3.126510335698842e-05,True,2.4065442985285163e-10,True
96000,fir129-p16000-s20000,lagrange-g16,edge,B1,4.713505796531122e-07,2.559280842946929e-07,1.5439030838630772e-07,True,2.4065442985285163e-10,True
96000,fir129-p16000-s20000,hann-g16,edge,B1,2.0712840519292043e-05,1.3979053066048066e-05,8.892688009858245e-06,True,2.4065442985285163e-10,True
96000,fir129-p16000-s20000,kaiser-g16,edge,B1,1.798484085564216e-05,1.7864297857713765e-05,1.3548687958731081e-05,True,2.4065442985285163e-10,True
96000,fir129-p16000-s20000,lagrange-g32,edge,B1,3.95182985124951e-07,1.7930809936756867e-07,1.4291747894109005e-07,True,2.4065442985285163e-10,True
96000,fir129-p16000-s20000,hann-g32,edge,B1,2.6772564563912155e-06,1.4012149281253776e-06,1.4718528050592729e-06,True,2.4065442985285163e-10,True
96000,fir129-p16000-s20000,kaiser-g32,edge,B1,1.0631988458354562e-05,9.373681363779723e-06,1.001619849391155e-05,True,2.4065442985285163e-10,True
96000,fir129-p16000-s20000,lagrange-g64,edge,B1,3.344491234480156e-07,1.2843725626490045e-07,1.3354474175725313e-07,True,2.4065442985285163e-10,True
96000,fir129-p16000-s20000,hann-g64,edge,B1,3.8680441503383295e-07,1.9333692785417032e-07,2.1997092485291408e-07,True,2.4065442985285163e-10,True
96000,fir129-p16000-s20000,kaiser-g64,edge,B1,5.384064428397648e-06,4.161536968594572e-06,5.207310918238874e-06,True,2.4065442985285163e-10,True
96000,fir129-p16000-s20000,hann-g8,edge,AB,0.0002826611647337988,0.0002194217230088809,0.00025923096856135053,True,2.0588520054620764e-10,True
96000,fir129-p16000-s20000,kaiser-g8,edge,AB,5.7403865541554796e-05,5.715127892878721e-05,3.6768544746842684e-05,True,2.0588520054620764e-10,True
96000,fir129-p16000-s20000,lagrange-g16,edge,AB,7.234728730255989e-07,4.871132451879814e-07,3.8797048628291315e-07,True,2.0588520054620764e-10,True
96000,fir129-p16000-s20000,hann-g16,edge,AB,6.939283319925104e-05,4.813673781580164e-05,6.382237683968734e-05,True,2.0588520054620764e-10,True
96000,fir129-p16000-s20000,kaiser-g16,edge,AB,5.031523914367283e-05,4.1344166468435413e-05,4.900488649809535e-05,True,2.0588520054620764e-10,True
96000,fir129-p16000-s20000,lagrange-g32,edge,AB,6.019908590206988e-07,3.38784524250129e-07,3.368562171910048e-07,True,2.0588520054620764e-10,True
96000,fir129-p16000-s20000,hann-g32,edge,AB,5.222162378772677e-06,3.001437449739879e-06,4.478085190996732e-06,True,2.0588520054620764e-10,True
96000,fir129-p16000-s20000,kaiser-g32,edge,AB,1.643110169223306e-05,1.0939128695927448e-05,1.5781731883492996e-05,True,2.0588520054620764e-10,True
96000,fir129-p16000-s20000,lagrange-g64,edge,AB,5.04645219559747e-07,2.414160012223013e-07,2.9115115146129494e-07,True,2.0588520054620764e-10,True
96000,fir129-p16000-s20000,hann-g64,edge,AB,8.273053059162564e-07,4.2161638259565934e-07,7.275526083893327e-07,True,2.0588520054620764e-10,True
96000,fir129-p16000-s20000,kaiser-g64,edge,AB,1.0914623344833205e-05,7.1156185269336215e-06,1.0739799089677171e-05,True,2.0588520054620764e-10,True
96000,fir129-p16000-s20000,hann-g8,overlap-reference,A1,0.00035153782912541304,0.0003639693251864626,0.00032328587156835685,True,1.601423508956505e-11,True
96000,fir129-p16000-s20000,kaiser-g8,overlap-reference,A1,3.416466335388969e-05,4.0159189283554847e-05,2.848858915878284e-05,True,1.601423508956505e-11,True
96000,fir129-p16000-s20000,lagrange-g16,overlap-reference,A1,1.2960463771063712e-07,1.0873409953193428e-07,1.0054145066968743e-07,True,1.601423508956505e-11,True
96000,fir129-p16000-s20000,hann-g16,overlap-reference,A1,4.2255764129414035e-05,4.3915468751297295e-05,3.8970052059547944e-05,True,1.601423508956505e-11,True
96000,fir129-p16000-s20000,kaiser-g16,overlap-reference,A1,3.480961503297864e-05,3.5295448216996606e-05,3.300795438529834e-05,True,1.601423508956505e-11,True
96000,fir129-p16000-s20000,lagrange-g32,overlap-reference,A1,1.0734899576648484e-07,7.511901395137144e-08,8.324869329716635e-08,True,1.601423508956505e-11,True
96000,fir129-p16000-s20000,hann-g32,overlap-reference,A1,5.315956233643749e-06,6.018354313791686e-06,4.857340161232381e-06,True,1.601423508956505e-11,True
96000,fir129-p16000-s20000,kaiser-g32,overlap-reference,A1,2.157716548389163e-05,2.1506050159229144e-05,2.0327093575781947e-05,True,1.601423508956505e-11,True
96000,fir129-p16000-s20000,lagrange-g64,overlap-reference,A1,8.97478868945224e-08,5.66456294470433e-08,6.932473750203741e-08,True,1.601423508956505e-11,True
96000,fir129-p16000-s20000,hann-g64,overlap-reference,A1,6.626224613922436e-07,7.210501724163749e-07,6.157179806422079e-07,True,1.601423508956505e-11,True
96000,fir129-p16000-s20000,kaiser-g64,overlap-reference,A1,1.1026498950575122e-05,1.1398084262996435e-05,1.0558881700098831e-05,True,1.601423508956505e-11,True
96000,fir129-p16000-s20000,hann-g8,overlap-reference,B1,3.528838732708442e-05,2.6989770332552167e-05,3.4311917081030715e-05,True,1.997198634920171e-12,True
96000,fir129-p16000-s20000,kaiser-g8,overlap-reference,B1,3.5858042795022735e-05,3.161153348314738e-05,9.66106619419311e-06,True,1.997198634920171e-12,True
96000,fir129-p16000-s20000,lagrange-g16,overlap-reference,B1,3.98518918451588e-09,1.024227501857903e-08,1.3005827260600718e-09,True,1.997198634920171e-12,True
96000,fir129-p16000-s20000,hann-g16,overlap-reference,B1,1.4306649256325338e-05,1.1013661232407376e-05,1.3925097774284152e-05,True,1.997198634920171e-12,True
96000,fir129-p16000-s20000,kaiser-g16,overlap-reference,B1,2.6053031078016672e-05,2.1365838035942104e-05,2.1979231887198883e-05,True,1.997198634920171e-12,True
96000,fir129-p16000-s20000,lagrange-g32,overlap-reference,B1,3.3238891839897095e-09,7.110109926857543e-09,1.199112344535785e-09,True,1.997198634920171e-12,True
96000,fir129-p16000-s20000,hann-g32,overlap-reference,B1,3.006828125249311e-06,2.3216939651708382e-06,2.935275975783879e-06,True,1.997198634920171e-12,True
96000,fir129-p16000-s20000,kaiser-g32,overlap-reference,B1,2.0333354723296004e-05,1.624823393507379e-05,2.019327075385457e-05,True,1.997198634920171e-12,True
96000,fir129-p16000-s20000,lagrange-g64,overlap-reference,B1,2.8059645545742553e-09,5.0569012922730315e-09,1.1184241878367047e-09,True,1.997198634920171e-12,True
96000,fir129-p16000-s20000,hann-g64,overlap-reference,B1,5.7529529592567036e-08,7.076389753874519e-08,4.981289382345913e-08,True,1.997198634920171e-12,True
96000,fir129-p16000-s20000,kaiser-g64,overlap-reference,B1,1.7135268103926938e-06,2.6270674539131407e-06,1.6712154500939185e-06,True,1.997198634920171e-12,True
96000,fir129-p16000-s20000,hann-g8,overlap-reference,AB,0.00035151251390914116,0.00036396932534764597,0.00032326225165883315,True,1.6033340305879006e-11,True
96000,fir129-p16000-s20000,kaiser-g8,overlap-reference,AB,3.416487856805791e-05,4.016275914022091e-05,2.8488175940506022e-05,True,1.6033340305879006e-11,True
96000,fir129-p16000-s20000,lagrange-g16,overlap-reference,AB,1.2959543049957793e-07,1.0873404048246397e-07,1.0053600365905514e-07,True,1.6033340305879006e-11,True
96000,fir129-p16000-s20000,hann-g16,overlap-reference,AB,4.225304432923134e-05,4.391546868886967e-05,3.896766450180186e-05,True,1.6033340305879006e-11,True
96000,fir129-p16000-s20000,kaiser-g16,overlap-reference,AB,3.4808484603590345e-05,3.5295448155032975e-05,3.300717359354406e-05,True,1.6033340305879006e-11,True
96000,fir129-p16000-s20000,lagrange-g32,overlap-reference,AB,1.0734144294068611e-07,7.51190723855549e-08,8.32442607836967e-08,True,1.6033340305879006e-11,True
96000,fir129-p16000-s20000,hann-g32,overlap-reference,AB,5.315690004531958e-06,6.0183541513386405e-06,4.857156568493922e-06,True,1.6033340305879006e-11,True
96000,fir129-p16000-s20000,kaiser-g32,overlap-reference,AB,2.1576966999546143e-05,2.150605032168269e-05,2.0326948680655153e-05,True,1.6033340305879006e-11,True
96000,fir129-p16000-s20000,lagrange-g64,overlap-reference,AB,8.974165651516275e-08,5.66456878291e-08,6.932097290125458e-08,True,1.6033340305879006e-11,True
96000,fir129-p16000-s20000,hann-g64,overlap-reference,AB,6.625747129814759e-07,7.210501076672021e-07,6.156715532922127e-07,True,1.6033340305879006e-11,True
96000,fir129-p16000-s20000,kaiser-g64,overlap-reference,AB,1.1025716658269192e-05,1.139808432774583e-05,1.055814750936645e-05,True,1.6033340305879006e-11,True
96000,fir129-p16000-s20000,hann-g8,sustained-edge,A1,0.0003176919452430039,0.0004148732793521482,0.0002876073470646384,True,7.017561319947492e-11,True
96000,fir129-p16000-s20000,kaiser-g8,sustained-edge,A1,3.317994213116635e-05,2.7039719089008695e-05,2.7064664276112426e-05,True,7.017561319947492e-11,True
96000,fir129-p16000-s20000,lagrange-g16,sustained-edge,A1,6.165187101318919e-07,4.48201477763186e-07,4.819047646939413e-07,True,7.017561319947492e-11,True
96000,fir129-p16000-s20000,hann-g16,sustained-edge,A1,4.598538289338907e-05,4.7458806881616154e-05,4.0743481702000166e-05,True,7.017561319947492e-11,True
96000,fir129-p16000-s20000,kaiser-g16,sustained-edge,A1,3.101242987484279e-05,3.0165312387019308e-05,2.8842531620450172e-05,True,7.017561319947492e-11,True
96000,fir129-p16000-s20000,lagrange-g32,sustained-edge,A1,5.102112644452662e-07,3.0515179929821904e-07,3.9879001159728144e-07,True,7.017561319947492e-11,True
96000,fir129-p16000-s20000,hann-g32,sustained-edge,A1,6.240054796351954e-06,5.4669168203385325e-06,5.450448830634042e-06,True,7.017561319947492e-11,True
96000,fir129-p16000-s20000,kaiser-g32,sustained-edge,A1,2.1155034415883934e-05,1.8346928917489756e-05,1.960998789690084e-05,True,7.017561319947492e-11,True
96000,fir129-p16000-s20000,lagrange-g64,sustained-edge,A1,4.2631325333707936e-07,2.290773429241517e-07,3.317821590324233e-07,True,7.017561319947492e-11,True
96000,fir129-p16000-s20000,hann-g64,sustained-edge,A1,7.168064434145512e-07,5.114805927698625e-07,6.328967917537694e-07,True,7.017561319947492e-11,True
96000,fir129-p16000-s20000,kaiser-g64,sustained-edge,A1,9.443448617979205e-06,7.746862921689474e-06,8.906802906006191e-06,True,7.017561319947492e-11,True
96000,fir129-p16000-s20000,hann-g8,sustained-edge,B1,0.00023359998293234104,0.00016664432347024676,0.0001419286328535657,True,2.4065428943845285e-10,True
96000,fir129-p16000-s20000,kaiser-g8,sustained-edge,B1,3.826733539413134e-05,3.457587505146043e-05,3.126510344855434e-05,True,2.4065428943845285e-10,True
96000,fir129-p16000-s20000,lagrange-g16,sustained-edge,B1,4.7135047429920493e-07,2.5592815224296336e-07,1.543902522273031e-07,True,2.4065428943845285e-10,True
96000,fir129-p16000-s20000,hann-g16,sustained-edge,B1,2.0712840587582732e-05,1.3979053114309644e-05,8.892687928981177e-06,True,2.4065428943845285e-10,True
96000,fir129-p16000-s20000,kaiser-g16,sustained-edge,B1,1.798484072875004e-05,1.7864297738427002e-05,1.3548687789532686e-05,True,2.4065428943845285e-10,True
96000,fir129-p16000-s20000,lagrange-g32,sustained-edge,B1,3.951828629378589e-07,1.7930812027658372e-07,1.4291741676286512e-07,True,2.4065428943845285e-10,True
96000,fir129-p16000-s20000,hann-g32,sustained-edge,B1,2.6772564474592543e-06,1.4012149002149694e-06,1.471852796182467e-06,True,2.4065428943845285e-10,True
96000,fir129-p16000-s20000,kaiser-g32,sustained-edge,B1,1.0631988420244522e-05,9.373681314808749e-06,1.0016198452569592e-05,True,2.4065428943845285e-10,True
96000,fir129-p16000-s20000,lagrange-g64,sustained-edge,B1,3.3444899494324116e-07,1.2843724780517014e-07,1.3354467625231498e-07,True,2.4065428943845285e-10,True
96000,fir129-p16000-s20000,hann-g64,sustained-edge,B1,3.868043650020499e-07,1.933369296019665e-07,2.1997089252262993e-07,True,2.4065428943845285e-10,True
96000,fir129-p16000-s20000,kaiser-g64,sustained-edge,B1,5.384064429784294e-06,4.161536960201328e-06,5.207310921634143e-06,True,2.4065428943845285e-10,True
96000,fir129-p16000-s20000,hann-g8,sustained-edge,AB,0.00031769194503997465,0.00041487327932821763,0.000287607519736687,True,7.018564931160607e-11,True
96000,fir129-p16000-s20000,kaiser-g8,sustained-edge,AB,3.317994214776161e-05,2.7039719249715985e-05,2.7064659194375416e-05,True,7.018564931160607e-11,True
96000,fir129-p16000-s20000,lagrange-g16,sustained-edge,AB,6.165187950581441e-07,4.482014536635051e-07,4.819056727185967e-07,True,7.018564931160607e-11,True
96000,fir129-p16000-s20000,hann-g16,sustained-edge,AB,4.598538284326264e-05,4.7458807041830844e-05,4.074350109333034e-05,True,7.018564931160607e-11,True
96000,fir129-p16000-s20000,kaiser-g16,sustained-edge,AB,3.101242984769457e-05,3.0165312546881903e-05,2.8842535582272802e-05,True,7.018564931160607e-11,True
96000,fir129-p16000-s20000,lagrange-g32,sustained-edge,AB,5.102113627335625e-07,3.051518227656064e-07,3.9879099076000394e-07,True,7.018564931160607e-11,True
96000,fir129-p16000-s20000,hann-g32,sustained-edge,AB,6.24005479639175e-06,5.4669167552251e-06,5.4504492544948965e-06,True,7.018564931160607e-11,True
96000,fir129-p16000-s20000,kaiser-g32,sustained-edge,AB,2.1155034395780576e-05,1.834692885286917e-05,1.9609988464175198e-05,True,7.018564931160607e-11,True
96000,fir129-p16000-s20000,lagrange-g64,sustained-edge,AB,4.263133673381679e-07,2.2907736637758366e-07,3.317831370326594e-07,True,7.018564931160607e-11,True
96000,fir129-p16000-s20000,hann-g64,sustained-edge,AB,7.168065043110996e-07,5.114805698217666e-07,6.328972464868525e-07,True,7.018564931160607e-11,True
96000,fir129-p16000-s20000,kaiser-g64,sustained-edge,AB,9.443448603551597e-06,7.746862944637631e-06,8.906804901281018e-06,True,7.018564931160607e-11,True
96000,iir-p16000-s24000,hann-g8,reference,A1,0.0001320184949335795,0.0001943422813834314,9.197640613333434e-05,True,1.1888736723435513e-11,True
96000,iir-p16000-s24000,kaiser-g8,reference,A1,3.48849015526913e-05,3.386584621676198e-05,1.602845115749225e-05,True,1.1888736723435513e-11,True
96000,iir-p16000-s24000,lagrange-g16,reference,A1,5.016087480746762e-11,1.0909033530362203e-10,2.2039772900017785e-11,True,1.1888736723435513e-11,True
96000,iir-p16000-s24000,hann-g16,reference,A1,2.1808700308256926e-05,2.395326637026969e-05,1.872012069503616e-05,True,1.1888736723435513e-11,True
96000,iir-p16000-s24000,kaiser-g16,reference,A1,2.5754616049158055e-05,2.311548880342431e-05,2.3884644489978987e-05,True,1.1888736723435513e-11,True
96000,iir-p16000-s24000,lagrange-g32,reference,A1,2.6256976619942952e-12,5.339194043313807e-12,1.8689913294353142e-12,True,1.1888736723435513e-11,True
96000,iir-p16000-s24000,hann-g32,reference,A1,3.633771020185377e-06,3.7670339153099048e-06,3.416948460464122e-06,True,1.1888736723435513e-11,True
96000,iir-p16000-s24000,kaiser-g32,reference,A1,1.3202885098984434e-05,1.4240946521084139e-05,1.2838147800464038e-05,True,1.1888736723435513e-11,True
96000,iir-p16000-s24000,lagrange-g64,reference,A1,2.6261269533567802e-12,5.337089800742451e-12,1.8692173092095555e-12,True,1.1888736723435513e-11,True
96000,iir-p16000-s24000,hann-g64,reference,A1,4.826746490117747e-07,4.3584943850018084e-07,4.5526267685915116e-07,True,1.1888736723435513e-11,True
96000,iir-p16000-s24000,kaiser-g64,reference,A1,8.061492578318694e-06,7.4256438460450636e-06,7.938181528183907e-06,True,1.1888736723435513e-11,True
96000,iir-p16000-s24000,hann-g8,reference,B1,3.558787917912229e-05,2.746141717704571e-05,3.463437017794639e-05,True,1.9597007173674968e-13,True
96000,iir-p16000-s24000,kaiser-g8,reference,B1,3.596261652487092e-05,3.214416304438041e-05,9.699983397707572e-06,True,1.9597007173674968e-13,True
96000,iir-p16000-s24000,lagrange-g16,reference,B1,9.592721874156014e-13,5.353876985237119e-12,3.399217356062455e-13,True,1.9597007173674968e-13,True
96000,iir-p16000-s24000,hann-g16,reference,B1,1.4423295846431731e-05,1.1206564576684142e-05,1.4051387919748608e-05,True,1.9597007173674968e-13,True
96000,iir-p16000-s24000,kaiser-g16,reference,B1,2.6167754650601814e-05,2.1749891182163514e-05,2.2090040542425672e-05,True,1.9597007173674968e-13,True
96000,iir-p16000-s24000,lagrange-g32,reference,B1,4.43407196684721e-13,8.524307741919653e-13,3.104186241218919e-13,True,1.9597007173674968e-13,True
96000,iir-p16000-s24000,hann-g32,reference,B1,3.030939750463989e-06,2.362922401674415e-06,2.9614696472138543e-06,True,1.9597007173674968e-13,True
96000,iir-p16000-s24000,kaiser-g32,reference,B1,2.043607813535864e-05,1.652811068791048e-05,2.0298761142711214e-05,True,1.9597007173674968e-13,True
96000,iir-p16000-s24000,lagrange-g64,reference,B1,4.4342780443575013e-13,8.513377140308838e-13,3.104218860427724e-13,True,1.9597007173674968e-13,True
96000,iir-p16000-s24000,hann-g64,reference,B1,5.844180271803086e-08,7.365518141332659e-08,5.089790835177148e-08,True,1.9597007173674968e-13,True
96000,iir-p16000-s24000,kaiser-g64,reference,B1,1.7368422874953421e-06,2.686732074780097e-06,1.694404383271744e-06,True,1.9597007173674968e-13,True
96000,iir-p16000-s24000,hann-g8,reference,AB,0.0001307348983860996,0.0001943422813834314,9.114809717703697e-05,True,1.1888619821070437e-11,True
96000,iir-p16000-s24000,kaiser-g8,reference,AB,3.4907730736321574e-05,3.386584621677659e-05,1.5921864870837245e-05,True,1.1888619821070437e-11,True
96000,iir-p16000-s24000,lagrange-g16,reference,AB,4.963494535317642e-11,1.0909033530362203e-10,2.180894184127686e-11,True,1.1888619821070437e-11,True
96000,iir-p16000-s24000,hann-g16,reference,AB,2.1680302236413528e-05,2.3953266370503494e-05,1.863484844593933e-05,True,1.1888619821070437e-11,True
96000,iir-p16000-s24000,kaiser-g16,reference,AB,2.576330492042382e-05,2.311548880342431e-05,2.3848545256074035e-05,True,1.1888619821070437e-11,True
96000,iir-p16000-s24000,lagrange-g32,reference,AB,2.598947590034647e-12,5.339194043313807e-12,1.8504732616613695e-12,True,1.1888619821070437e-11,True
96000,iir-p16000-s24000,hann-g32,reference,AB,3.6222164989626904e-06,3.7670339153099048e-06,3.40814870093084e-06,True,1.1888619821070437e-11,True
96000,iir-p16000-s24000,kaiser-g32,reference,AB,1.3393789840495805e-05,1.4240946520850334e-05,1.3037762512959582e-05,True,1.1888619821070437e-11,True
96000,iir-p16000-s24000,lagrange-g64,reference,AB,2.5993723325293326e-12,5.337089800742451e-12,1.8507094725304995e-12,True,1.1888619821070437e-11,True
96000,iir-p16000-s24000,hann-g64,reference,AB,4.77686587391224e-07,4.3584943850018084e-07,4.5054211213286775e-07,True,1.1888619821070437e-11,True
96000,iir-p16000-s24000,kaiser-g64,reference,AB,7.980882091763019e-06,7.4256438460450636e-06,7.85862936711624e-06,True,1.1888619821070437e-11,True
96000,iir-p16000-s24000,hann-g8,edge,A1,0.00028733602220919863,0.00027027560300311407,0.00026579633574377463,True,3.973864140632043e-11,True
96000,iir-p16000-s24000,kaiser-g8,edge,A1,5.752079020077123e-05,6.192105061048812e-05,3.709940995596669e-05,True,3.973864140632043e-11,True
96000,iir-p16000-s24000,lagrange-g16,edge,A1,1.4901992496737723e-10,2.122912802070933e-10,6.362108769775722e-11,True,3.973864140632043e-11,True
96000,iir-p16000-s24000,hann-g16,edge,A1,7.125683162465182e-05,5.2346591340569004e-05,6.602219852879426e-05,True,3.973864140632043e-11,True
96000,iir-p16000-s24000,kaiser-g16,edge,A1,5.116799961608326e-05,4.291909705053851e-05,4.991818818532574e-05,True,3.973864140632043e-11,True
96000,iir-p16000-s24000,lagrange-g32,edge,A1,5.00337701374596e-12,6.3802378263640675e-12,3.815893930020039e-12,True,3.973864140632043e-11,True
96000,iir-p16000-s24000,hann-g32,edge,A1,5.2886707138454785e-06,3.1272500376523996e-06,4.577074231845535e-06,True,3.973864140632043e-11,True
96000,iir-p16000-s24000,kaiser-g32,edge,A1,1.6628611307091817e-05,1.2099311183220792e-05,1.6007470364176053e-05,True,3.973864140632043e-11,True
96000,iir-p16000-s24000,lagrange-g64,edge,A1,5.0040535453962006e-12,6.387256141052759e-12,3.815586214030162e-12,True,3.973864140632043e-11,True
96000,iir-p16000-s24000,hann-g64,edge,A1,8.040493910181975e-07,4.260730439740669e-07,7.307786780598325e-07,True,3.973864140632043e-11,True
96000,iir-p16000-s24000,kaiser-g64,edge,A1,1.1090122579476385e-05,7.304618095488971e-06,1.0931869338515287e-05,True,3.973864140632043e-11,True
96000,iir-p16000-s24000,hann-g8,edge,B1,0.00024709117547203264,0.0002504150975642299,0.0001549620610305948,True,1.4578798442178987e-11,True
96000,iir-p16000-s24000,kaiser-g8,edge,B1,3.950803383942563e-05,5.078023438019132e-05,3.134240840480873e-05,True,1.4578798442178987e-11,True
96000,iir-p16000-s24000,lagrange-g16,edge,B1,2.3379630873150593e-10,2.1072021277985284e-10,4.091456336841424e-11,True,1.4578798442178987e-11,True
96000,iir-p16000-s24000,hann-g16,edge,B1,2.2041648144929564e-05,2.1344648909993987e-05,9.768487974750682e-06,True,1.4578798442178987e-11,True
96000,iir-p16000-s24000,kaiser-g16,edge,B1,1.8530733482776588e-05,2.6044541330658908e-05,1.416687273065457e-05,True,1.4578798442178987e-11,True
96000,iir-p16000-s24000,lagrange-g32,edge,B1,4.4103716987157905e-12,6.572293200797153e-12,3.452764901678967e-12,True,1.4578798442178987e-11,True
96000,iir-p16000-s24000,hann-g32,edge,B1,2.8365753750540845e-06,1.95131096682976e-06,1.5773650729340758e-06,True,1.4578798442178987e-11,True
96000,iir-p16000-s24000,kaiser-g32,edge,B1,1.0958223444339472e-05,1.10609348889646e-05,1.0322191993761718e-05,True,1.4578798442178987e-11,True
96000,iir-p16000-s24000,lagrange-g64,edge,B1,4.411699190834594e-12,6.579756021762582e-12,3.4514445101464662e-12,True,1.4578798442178987e-11,True
96000,iir-p16000-s24000,hann-g64,edge,B1,3.601204456106367e-07,2.796015274235369e-07,2.0427548863854147e-07,True,1.4578798442178987e-11,True
96000,iir-p16000-s24000,kaiser-g64,edge,B1,5.562519252645504e-06,4.329893850734899e-06,5.377512175962787e-06,True,1.4578798442178987e-11,True
96000,iir-p16000-s24000,hann-g8,edge,AB,0.000287336018697492,0.00027027560300311407,0.0002657965590556961,True,3.973864140632043e-11,True
96000,iir-p16000-s24000,kaiser-g8,edge,AB,5.752078877527904e-05,6.192105061037018e-05,3.709940090953137e-05,True,3.973864140632043e-11,True
96000,iir-p16000-s24000,lagrange-g16,edge,AB,1.490199301868251e-10,2.122912507183761e-10,6.362094747879244e-11,True,3.973864140632043e-11,True
96000,iir-p16000-s24000,hann-g16,edge,AB,7.125682860152355e-05,5.2346591340569004e-05,6.602220672465473e-05,True,3.973864140632043e-11,True
96000,iir-p16000-s24000,kaiser-g16,edge,AB,5.116799753039006e-05,4.291909705053851e-05,4.991818325607316e-05,True,3.973864140632043e-11,True
96000,iir-p16000-s24000,lagrange-g32,edge,AB,5.0033835058188105e-12,6.3802378263640675e-12,3.815902881309942e-12,True,3.973864140632043e-11,True
96000,iir-p16000-s24000,hann-g32,edge,AB,5.288670537107209e-06,3.127250037593422e-06,4.577077709854039e-06,True,3.973864140632043e-11,True
96000,iir-p16000-s24000,kaiser-g32,edge,AB,1.6628610865754086e-05,1.2099311183279769e-05,1.6007479433892246e-05,True,3.973864140632043e-11,True
96000,iir-p16000-s24000,lagrange-g64,edge,AB,5.00406008462051e-12,6.387256141052759e-12,3.815596401512495e-12,True,3.973864140632043e-11,True
96000,iir-p16000-s24000,hann-g64,edge,AB,8.040493608648044e-07,4.260730439445782e-07,7.307787072968661e-07,True,3.973864140632043e-11,True
96000,iir-p16000-s24000,kaiser-g64,edge,AB,1.1090122190077181e-05,7.304618095488971e-06,1.0931869212634734e-05,True,3.973864140632043e-11,True
96000,iir-p16000-s24000,hann-g8,overlap-reference,A1,0.00035353895744411805,0.0003507438667893834,0.0003251831771973401,True,8.054484224755672e-12,True
96000,iir-p16000-s24000,kaiser-g8,overlap-reference,A1,3.385610754379641e-05,3.9726388002814847e-05,2.821373902672113e-05,True,8.054484224755672e-12,True
96000,iir-p16000-s24000,lagrange-g16,overlap-reference,A1,2.3244294736827215e-11,4.658861042027136e-11,1.608124112498587e-11,True,8.054484224755672e-12,True
96000,iir-p16000-s24000,hann-g16,overlap-reference,A1,4.2577894104813213e-05,4.085743886007993e-05,3.926365093178979e-05,True,8.054484224755672e-12,True
96000,iir-p16000-s24000,kaiser-g16,overlap-reference,A1,3.4885274705641713e-05,3.391604917731119e-05,3.3060357025493024e-05,True,8.054484224755672e-12,True
96000,iir-p16000-s24000,lagrange-g32,overlap-reference,A1,2.223298743768921e-12,2.8995911955407663e-12,1.5702906159785452e-12,True,8.054484224755672e-12,True
96000,iir-p16000-s24000,hann-g32,overlap-reference,A1,5.343575057367126e-06,5.901929808192765e-06,4.881002332115345e-06,True,8.054484224755672e-12,True
96000,iir-p16000-s24000,kaiser-g32,overlap-reference,A1,2.1637928097903742e-05,2.0799700572480367e-05,2.0367142839678508e-05,True,8.054484224755672e-12,True
96000,iir-p16000-s24000,lagrange-g64,overlap-reference,A1,2.2233811764623685e-12,2.901022766143555e-12,1.5703497016890763e-12,True,8.054484224755672e-12,True
96000,iir-p16000-s24000,hann-g64,overlap-reference,A1,6.653531336207578e-07,6.87393007879997e-07,6.18894056583207e-07,True,8.054484224755672e-12,True
96000,iir-p16000-s24000,kaiser-g64,overlap-reference,A1,1.1069930817001776e-05,1.0874558434949844e-05,1.059666215614973e-05,True,8.054484224755672e-12,True
96000,iir-p16000-s24000,hann-g8,overlap-reference,B1,3.558787917393175e-05,2.746142064098188e-05,3.463437017294636e-05,True,1.9640381333766424e-13,True
96000,iir-p16000-s24000,kaiser-g8,overlap-reference,B1,3.596261651960281e-05,3.214416312949557e-05,9.699983397055836e-06,True,1.9640381333766424e-13,True
96000,iir-p16000-s24000,lagrange-g16,overlap-reference,B1,9.592740368564764e-13,5.3538517055114624e-12,3.399244293897706e-13,True,1.9640381333766424e-13,True
96000,iir-p16000-s24000,hann-g16,overlap-reference,B1,1.4423295840087408e-05,1.1206564508824232e-05,1.4051387913976504e-05,True,1.9640381333766424e-13,True
96000,iir-p16000-s24000,kaiser-g16,overlap-reference,B1,2.616775464417782e-05,2.1749891454268413e-05,2.2090040537349932e-05,True,1.9640381333766424e-13,True
96000,iir-p16000-s24000,lagrange-g32,overlap-reference,B1,4.4340826118572056e-13,8.525174710388225e-13,3.104144004388613e-13,True,1.9640381333766424e-13,True
96000,iir-p16000-s24000,hann-g32,overlap-reference,B1,3.03093974898677e-06,2.362922376610754e-06,2.961469645855887e-06,True,1.9640381333766424e-13,True
96000,iir-p16000-s24000,kaiser-g32,overlap-reference,B1,2.0436078127709538e-05,1.6528110542108285e-05,2.0298761135320662e-05,True,1.9640381333766424e-13,True
96000,iir-p16000-s24000,lagrange-g64,overlap-reference,B1,4.43462203608186e-13,8.514070607867367e-13,3.104512860454671e-13,True,1.9640381333766424e-13,True
96000,iir-p16000-s24000,hann-g64,overlap-reference,B1,5.844180282995416e-08,7.365518374348127e-08,5.089790847568709e-08,True,1.9640381333766424e-13,True
96000,iir-p16000-s24000,kaiser-g64,overlap-reference,B1,1.736842292036317e-06,2.686732135534207e-06,1.6944043880428997e-06,True,1.9640381333766424e-13,True
96000,iir-p16000-s24000,hann-g8,overlap-reference,AB,0.00035351348962934305,0.0003507438667894935,0.0003251595148202824,True,8.054497989857623e-12,True
96000,iir-p16000-s24000,kaiser-g8,overlap-reference,AB,3.385638505065746e-05,3.972941065936268e-05,2.821340268094362e-05,True,8.054497989857623e-12,True
96000,iir-p16000-s24000,lagrange-g16,overlap-reference,AB,2.3242603325996893e-11,4.658861042027136e-11,1.6080145190822926e-11,True,8.054497989857623e-12,True
96000,iir-p16000-s24000,hann-g16,overlap-reference,AB,4.257515280770402e-05,4.085743886007993e-05,3.926129154452157e-05,True,8.054497989857623e-12,True
96000,iir-p16000-s24000,kaiser-g16,overlap-reference,AB,3.48841472558436e-05,3.391604917720107e-05,3.3059644505825374e-05,True,8.054497989857623e-12,True
96000,iir-p16000-s24000,lagrange-g32,overlap-reference,AB,2.2231440349102745e-12,2.8995911955407663e-12,1.5702379502613305e-12,True,8.054497989857623e-12,True
96000,iir-p16000-s24000,hann-g32,overlap-reference,AB,5.3433079495874284e-06,5.901929808192765e-06,4.880830185607234e-06,True,8.054497989857623e-12,True
96000,iir-p16000-s24000,kaiser-g32,overlap-reference,AB,2.163773498732258e-05,2.0799700572480367e-05,2.0367055927498577e-05,True,8.054497989857623e-12,True
96000,iir-p16000-s24000,lagrange-g64,overlap-reference,AB,2.223224870198858e-12,2.901022766143555e-12,1.5702949477143723e-12,True,8.054497989857623e-12,True
96000,iir-p16000-s24000,hann-g64,overlap-reference,AB,6.653051422966797e-07,6.87393007879997e-07,6.188475102987605e-07,True,8.054497989857623e-12,True
96000,iir-p16000-s24000,kaiser-g64,overlap-reference,AB,1.1069145496999e-05,1.0874558434949844e-05,1.0595932637837282e-05,True,8.054497989857623e-12,True
96000,iir-p16000-s24000,hann-g8,sustained-edge,A1,0.0003127746059141058,0.0003968645452145715,0.00028268991239171294,True,5.254036615260746e-11,True
96000,iir-p16000-s24000,kaiser-g8,sustained-edge,A1,3.3177194612693823e-05,2.9974726306103755e-05,2.7048260255980526e-05,True,5.254036615260746e-11,True
96000,iir-p16000-s24000,lagrange-g16,sustained-edge,A1,1.7861659097841087e-10,2.51565977058035e-10,1.1778238568205457e-10,True,5.254036615260746e-11,True
96000,iir-p16000-s24000,hann-g16,sustained-edge,A1,4.631706488739411e-05,4.620679493244445e-05,4.102367900985211e-05,True,5.254036615260746e-11,True
96000,iir-p16000-s24000,kaiser-g16,sustained-edge,A1,3.111867782760385e-05,2.947436573608244e-05,2.892321201944944e-05,True,5.254036615260746e-11,True
96000,iir-p16000-s24000,lagrange-g32,sustained-edge,A1,6.199036013711233e-12,1.0143819284682175e-11,4.379274309283098e-12,True,5.254036615260746e-11,True
96000,iir-p16000-s24000,hann-g32,sustained-edge,A1,6.236042247574096e-06,5.419968939545964e-06,5.440503244266663e-06,True,5.254036615260746e-11,True
96000,iir-p16000-s24000,kaiser-g32,sustained-edge,A1,2.117752286596601e-05,1.8516564345920564e-05,1.959752814731467e-05,True,5.254036615260746e-11,True
96000,iir-p16000-s24000,lagrange-g64,sustained-edge,A1,6.1989854760971035e-12,1.014857783743436e-11,4.378812549426188e-12,True,5.254036615260746e-11,True
96000,iir-p16000-s24000,hann-g64,sustained-edge,A1,6.834337011745009e-07,4.7306152500586364e-07,6.106430290662303e-07,True,5.254036615260746e-11,True
96000,iir-p16000-s24000,kaiser-g64,sustained-edge,A1,9.43958610254754e-06,7.580121195107776e-06,8.898471411754969e-06,True,5.254036615260746e-11,True
96000,iir-p16000-s24000,hann-g8,sustained-edge,B1,0.00024709117700529596,0.00025041509562664796,0.00015496206197827532,True,1.4579050191482086e-11,True
96000,iir-p16000-s24000,kaiser-g8,sustained-edge,B1,3.95080338235076e-05,5.078023209033988e-05,3.1342408492674195e-05,True,1.4579050191482086e-11,True
96000,iir-p16000-s24000,lagrange-g16,sustained-edge,B1,2.337963422838911e-10,2.107204832026048e-10,4.091457191251784e-11,True,1.4579050191482086e-11,True
96000,iir-p16000-s24000,hann-g16,sustained-edge,B1,2.2041648219921477e-05,2.1344648734413957e-05,9.768487892624908e-06,True,1.4579050191482086e-11,True
96000,iir-p16000-s24000,kaiser-g16,sustained-edge,B1,1.8530733351926905e-05,2.604454039671718e-05,1.4166872558085863e-05,True,1.4579050191482086e-11,True
96000,iir-p16000-s24000,lagrange-g32,sustained-edge,B1,4.4103991917293815e-12,6.572304613781983e-12,3.4527872407753508e-12,True,1.4579050191482086e-11,True
96000,iir-p16000-s24000,hann-g32,sustained-edge,B1,2.836575378030694e-06,1.951310985530278e-06,1.5773650695224958e-06,True,1.4579050191482086e-11,True
96000,iir-p16000-s24000,kaiser-g32,sustained-edge,B1,1.095822340780046e-05,1.1060934835470178e-05,1.0322191951813357e-05,True,1.4579050191482086e-11,True
96000,iir-p16000-s24000,lagrange-g64,sustained-edge,B1,4.411749308064369e-12,6.5795700051429426e-12,3.451417472805065e-12,True,1.4579050191482086e-11,True
96000,iir-p16000-s24000,hann-g64,sustained-edge,B1,3.601204466121358e-07,2.7960152517321497e-07,2.042754890806675e-07,True,1.4579050191482086e-11,True
96000,iir-p16000-s24000,kaiser-g64,sustained-edge,B1,5.5625192572923386e-06,4.329893854631538e-06,5.377512179941028e-06,True,1.4579050191482086e-11,True
96000,iir-p16000-s24000,hann-g8,sustained-edge,AB,0.00031277460575552266,0.0003968645452145715,0.00028269005508295485,True,5.254043691175619e-11,True
96000,iir-p16000-s24000,kaiser-g8,sustained-edge,AB,3.3177194631376585e-05,2.9974726306103755e-05,2.704825302361918e-05,True,5.254043691175619e-11,True
96000,iir-p16000-s24000,lagrange-g16,sustained-edge,AB,1.7861659112666632e-10,2.515659593682478e-10,1.17782308717012e-10,True,5.254043691175619e-11,True
96000,iir-p16000-s24000,hann-g16,sustained-edge,AB,4.631706483905467e-05,4.620679493251521e-05,4.102369392509627e-05,True,5.254043691175619e-11,True
96000,iir-p16000-s24000,kaiser-g16,sustained-edge,AB,3.11186778005492e-05,2.9474365736011683e-05,2.8923215397702547e-05,True,5.254043691175619e-11,True
96000,iir-p16000-s24000,lagrange-g32,sustained-edge,AB,6.199035589699634e-12,1.0143819284682175e-11,4.379271858178423e-12,True,5.254043691175619e-11,True
96000,iir-p16000-s24000,hann-g32,sustained-edge,AB,6.236042240843291e-06,5.419968939545964e-06,5.440503152174704e-06,True,5.254043691175619e-11,True
96000,iir-p16000-s24000,kaiser-g32,sustained-edge,AB,2.117752284494583e-05,1.8516564345920564e-05,1.9597527747934796e-05,True,5.254043691175619e-11,True
96000,iir-p16000-s24000,lagrange-g64,sustained-edge,AB,6.198985039818021e-12,1.014857783743436e-11,4.378812043801998e-12,True,5.254043691175619e-11,True
96000,iir-p16000-s24000,hann-g64,sustained-edge,AB,6.834336988659773e-07,4.7306152500586364e-07,6.106432622631479e-07,True,5.254043691175619e-11,True
96000,iir-p16000-s24000,kaiser-g64,sustained-edge,AB,9.439586082712615e-06,7.580121195107776e-06,8.898473297141883e-06,True,5.254043691175619e-11,True
96000,fir65-p16000-s24000,hann-g8,reference,A1,0.00013406232830768576,0.0001839479245559809,9.421819483737121e-05,True,2.2300010201222022e-10,True
96000,fir65-p16000-s24000,kaiser-g8,reference,A1,3.5183398020904665e-05,3.660320764067252e-05,1.6088738679325002e-05,True,2.2300010201222022e-10,True
96000,fir65-p16000-s24000,lagrange-g16,reference,A1,7.651952045671055e-07,8.377475006244268e-07,4.0309006354248046e-07,True,2.2300010201222022e-10,True
96000,fir65-p16000-s24000,hann-g16,reference,A1,2.1880870993827586e-05,2.340139032426904e-05,1.8737561548067175e-05,True,2.2300010201222022e-10,True
96000,fir65-p16000-s24000,kaiser-g16,reference,A1,2.601188657722347e-05,2.365259183838528e-05,2.4136219147413338e-05,True,2.2300010201222022e-10,True
96000,fir65-p16000-s24000,lagrange-g32,reference,A1,6.397816313540164e-07,5.934563415005676e-07,3.519370628317883e-07,True,2.2300010201222022e-10,True
96000,fir65-p16000-s24000,hann-g32,reference,A1,3.6225167777988417e-06,3.978240886491457e-06,3.3833896686454076e-06,True,2.2300010201222022e-10,True
96000,fir65-p16000-s24000,kaiser-g32,reference,A1,1.3128081291172497e-05,1.4856764581339643e-05,1.2746775769762988e-05,True,2.2300010201222022e-10,True
96000,fir65-p16000-s24000,lagrange-g64,reference,A1,5.393252496807395e-07,4.3141279829597375e-07,3.052452834852375e-07,True,2.2300010201222022e-10,True
96000,fir65-p16000-s24000,hann-g64,reference,A1,5.654917812020867e-07,4.779881929697631e-07,4.843597805549847e-07,True,2.2300010201222022e-10,True
96000,fir65-p16000-s24000,kaiser-g64,reference,A1,8.02167005171977e-06,7.371380131121166e-06,7.888000937436753e-06,True,2.2300010201222022e-10,True
96000,fir65-p16000-s24000,hann-g8,reference,B1,3.52895016769799e-05,2.700903654544567e-05,3.431233447939235e-05,True,5.246387668144169e-12,True
96000,fir65-p16000-s24000,kaiser-g8,reference,B1,3.585807276571171e-05,3.167374505880381e-05,9.661106548597075e-06,True,5.246387668144169e-12,True
96000,fir65-p16000-s24000,lagrange-g16,reference,B1,1.0438019084544728e-08,2.595670057268201e-08,3.142418482119001e-09,True,5.246387668144169e-12,True
96000,fir65-p16000-s24000,hann-g16,reference,B1,1.4306712901075619e-05,1.1022775820698934e-05,1.3925130897783523e-05,True,5.246387668144169e-12,True
96000,fir65-p16000-s24000,kaiser-g16,reference,B1,2.605305456355706e-05,2.1383905112528805e-05,2.197923169140958e-05,True,5.246387668144169e-12,True
96000,fir65-p16000-s24000,lagrange-g32,reference,B1,8.744589936768201e-09,1.839838982526023e-08,2.955528472419353e-09,True,5.246387668144169e-12,True
96000,fir65-p16000-s24000,hann-g32,reference,B1,3.0068484694589658e-06,2.325286123966686e-06,2.9352902925064033e-06,True,5.246387668144169e-12,True
96000,fir65-p16000-s24000,kaiser-g32,reference,B1,2.033343144147217e-05,1.6253168903815317e-05,2.0193345462190556e-05,True,5.246387668144169e-12,True
96000,fir65-p16000-s24000,lagrange-g64,reference,B1,7.420228895018336e-09,1.3395480318180567e-08,2.7986707527575783e-09,True,5.246387668144169e-12,True
96000,fir65-p16000-s24000,hann-g64,reference,B1,5.767741133967701e-08,7.358713531001907e-08,4.986057067549089e-08,True,5.246387668144169e-12,True
96000,fir65-p16000-s24000,kaiser-g64,reference,B1,1.713395341008761e-06,2.6265239379196026e-06,1.6710758459343308e-06,True,5.246387668144169e-12,True
96000,fir65-p16000-s24000,hann-g8,reference,AB,0.00013275591289671888,0.00018394792701838779,9.336160281697624e-05,True,2.21331195594464e-10,True
96000,fir65-p16000-s24000,kaiser-g8,reference,AB,3.5197589311004315e-05,3.660320528736949e-05,1.5981033091160927e-05,True,2.21331195594464e-10,True
96000,fir65-p16000-s24000,lagrange-g16,reference,AB,7.571843964730962e-07,8.377501096685228e-07,3.9886332403991193e-07,True,2.21331195594464e-10,True
96000,fir65-p16000-s24000,hann-g16,reference,AB,2.1749961950878014e-05,2.3401397672892654e-05,1.864983444500565e-05,True,2.21331195594464e-10,True
96000,fir65-p16000-s24000,kaiser-g16,reference,AB,2.6012745188100273e-05,2.3652592697034708e-05,2.4093101907164166e-05,True,2.21331195594464e-10,True
96000,fir65-p16000-s24000,lagrange-g32,reference,AB,6.330845386315631e-07,5.934589619235938e-07,3.482398019930196e-07,True,2.21331195594464e-10,True
96000,fir65-p16000-s24000,hann-g32,reference,AB,3.6107586743334176e-06,3.978239691749001e-06,3.3746809786746934e-06,True,2.21331195594464e-10,True
96000,fir65-p16000-s24000,kaiser-g32,reference,AB,1.3318061357691653e-05,1.4856771889868534e-05,1.2945774879824918e-05,True,2.21331195594464e-10,True
96000,fir65-p16000-s24000,lagrange-g64,reference,AB,5.336805779316544e-07,4.314154356209806e-07,3.020324951266671e-07,True,2.21331195594464e-10,True
96000,fir65-p16000-s24000,hann-g64,reference,AB,5.59633335879161e-07,4.779961298124506e-07,4.793233069676484e-07,True,2.21331195594464e-10,True
96000,fir65-p16000-s24000,kaiser-g64,reference,AB,7.94150248977921e-06,7.371377704353894e-06,7.808972128704945e-06,True,2.21331195594464e-10,True
96000,fir65-p16000-s24000,hann-g8,edge,A1,0.0002950567231989997,0.00022744734699127773,0.00026998668495146756,True,5.297442290417588e-10,True
96000,fir65-p16000-s24000,kaiser-g8,edge,A1,5.734832352197295e-05,4.919171867692848e-05,3.660270981839987e-05,True,5.297442290417588e-10,True
96000,fir65-p16000-s24000,lagrange-g16,edge,A1,1.880847994022272e-06,1.1410345940172431e-06,9.905729962347636e-07,True,5.297442290417588e-10,True
96000,fir65-p16000-s24000,hann-g16,edge,A1,6.914610003072484e-05,4.7831909852904895e-05,6.350468865526181e-05,True,5.297442290417588e-10,True
96000,fir65-p16000-s24000,kaiser-g16,edge,A1,5.007317840121968e-05,3.888889018787765e-05,4.8741018034537744e-05,True,5.297442290417588e-10,True
96000,fir65-p16000-s24000,lagrange-g32,edge,A1,1.5722266520329416e-06,8.05999812452601e-07,8.64579472822974e-07,True,5.297442290417588e-10,True
96000,fir65-p16000-s24000,hann-g32,edge,A1,5.317825024554777e-06,2.809306107244045e-06,4.522873073998654e-06,True,5.297442290417588e-10,True
96000,fir65-p16000-s24000,kaiser-g32,edge,A1,1.6468974394836527e-05,1.0709127621255039e-05,1.580062089274082e-05,True,5.297442290417588e-10,True
96000,fir65-p16000-s24000,lagrange-g64,edge,A1,1.3254129002192992e-06,5.843636122440128e-07,7.500190372264051e-07,True,5.297442290417588e-10,True
96000,fir65-p16000-s24000,hann-g64,edge,A1,1.0854324743584958e-06,4.350296399475783e-07,8.398270818332458e-07,True,5.297442290417588e-10,True
96000,fir65-p16000-s24000,kaiser-g64,edge,A1,1.093810561197258e-05,7.135152865770689e-06,1.0746156774527491e-05,True,5.297442290417588e-10,True
96000,fir65-p16000-s24000,hann-g8,edge,B1,0.0002603126876087382,0.0002473285341412471,0.00015731383754859305,True,4.944680976532363e-10,True
96000,fir65-p16000-s24000,kaiser-g8,edge,B1,4.106652770288405e-05,4.385038749534073e-05,3.1059389016092074e-05,True,4.944680976532363e-10,True
96000,fir65-p16000-s24000,lagrange-g16,edge,B1,9.705756704135117e-07,6.965651951897273e-07,2.9332137018740024e-07,True,4.944680976532363e-10,True
96000,fir65-p16000-s24000,hann-g16,edge,B1,2.4090304550875907e-05,1.9341472279840043e-05,8.447571580914976e-06,True,4.944680976532363e-10,True
96000,fir65-p16000-s24000,kaiser-g16,edge,B1,1.5742027246772122e-05,1.8528367105987417e-05,1.1503846960847495e-05,True,4.944680976532363e-10,True
96000,fir65-p16000-s24000,lagrange-g32,edge,B1,8.171993201743091e-07,4.944564959757483e-07,2.7688318454711476e-07,True,4.944680976532363e-10,True
96000,fir65-p16000-s24000,hann-g32,edge,B1,2.893988496315276e-06,1.971308983775213e-06,1.3623659626433148e-06,True,4.944680976532363e-10,True
96000,fir65-p16000-s24000,kaiser-g32,edge,B1,9.5281756672014e-06,9.416605676885847e-06,8.74668326290667e-06,True,4.944680976532363e-10,True
96000,fir65-p16000-s24000,lagrange-g64,edge,B1,6.951527327084512e-07,3.597374465947619e-07,2.6263517156390904e-07,True,4.944680976532363e-10,True
96000,fir65-p16000-s24000,hann-g64,edge,B1,5.581940837653737e-07,3.9508170245882864e-07,3.0366557669420757e-07,True,4.944680976532363e-10,True
96000,fir65-p16000-s24000,kaiser-g64,edge,B1,5.404266761200184e-06,4.251501901354558e-06,5.183146615574924e-06,True,4.944680976532363e-10,True
96000,fir65-p16000-s24000,hann-g8,edge,AB,0.0002950567181344532,0.00022744734715758047,0.000269986991835748,True,5.299144132811565e-10,True
96000,fir65-p16000-s24000,kaiser-g8,edge,AB,5.73483213751011e-05,4.919171833625118e-05,3.660269286402947e-05,True,5.299144132811565e-10,True
96000,fir65-p16000-s24000,lagrange-g16,edge,AB,1.8808485374573487e-06,1.1410349573516187e-06,9.905699659539455e-07,True,5.299144132811565e-10,True
96000,fir65-p16000-s24000,hann-g16,edge,AB,6.91460953376885e-05,4.783190950180077e-05,6.350469995388994e-05,True,5.299144132811565e-10,True
96000,fir65-p16000-s24000,kaiser-g16,edge,AB,5.0073174925204184e-05,3.888889052232883e-05,4.874101207039591e-05,True,5.299144132811565e-10,True
96000,fir65-p16000-s24000,lagrange-g32,edge,AB,1.5722273094578457e-06,8.060001774004676e-07,8.645759394552291e-07,True,5.299144132811565e-10,True
96000,fir65-p16000-s24000,hann-g32,edge,AB,5.317824928692195e-06,2.809305796850598e-06,4.522877019505373e-06,True,5.299144132811565e-10,True
96000,fir65-p16000-s24000,kaiser-g32,edge,AB,1.6468973608721705e-05,1.070912795847708e-05,1.5800629713205477e-05,True,5.299144132811565e-10,True
96000,fir65-p16000-s24000,lagrange-g64,edge,AB,1.325413682279485e-06,5.843639795501491e-07,7.500146744113964e-07,True,5.299144132811565e-10,True
96000,fir65-p16000-s24000,hann-g64,edge,AB,1.0854333276484902e-06,4.350307447824425e-07,8.398230978256336e-07,True,5.299144132811565e-10,True
96000,fir65-p16000-s24000,kaiser-g64,edge,AB,1.0938105062932817e-05,7.135153202991525e-06,1.0746156076012628e-05,True,5.299144132811565e-10,True
96000,fir65-p16000-s24000,hann-g8,overlap-reference,A1,0.0003517855027070134,0.00036722825439398324,0.00032350620221154833,True,4.0747830857072156e-11,True
96000,fir65-p16000-s24000,kaiser-g8,overlap-reference,A1,3.417135997635324e-05,4.0383072508117514e-05,2.849172262583339e-05,True,4.0747830857072156e-11,True
96000,fir65-p16000-s24000,lagrange-g16,overlap-reference,A1,3.391490187313138e-07,2.979588052140694e-07,2.6174153010279815e-07,True,4.0747830857072156e-11,True
96000,fir65-p16000-s24000,hann-g16,overlap-reference,A1,4.225693927389183e-05,4.440655272733237e-05,3.896995649131503e-05,True,4.0747830857072156e-11,True
96000,fir65-p16000-s24000,kaiser-g16,overlap-reference,A1,3.4807424081079377e-05,3.5230733425850434e-05,3.300538980301171e-05,True,4.0747830857072156e-11,True
96000,fir65-p16000-s24000,lagrange-g32,overlap-reference,A1,2.821295248954419e-07,2.1057885338015002e-07,2.175531816908774e-07,True,4.0747830857072156e-11,True
96000,fir65-p16000-s24000,hann-g32,overlap-reference,A1,5.31882783091202e-06,6.021227316248245e-06,4.859227733582079e-06,True,4.0747830857072156e-11,True
96000,fir65-p16000-s24000,kaiser-g32,overlap-reference,A1,2.1576413448154827e-05,2.1484417338206253e-05,2.0326163834987004e-05,True,4.0747830857072156e-11,True
96000,fir65-p16000-s24000,lagrange-g64,overlap-reference,A1,2.3728027933355832e-07,1.6106915295239738e-07,1.8238717783150126e-07,True,4.0747830857072156e-11,True
96000,fir65-p16000-s24000,hann-g64,overlap-reference,A1,6.745831503692596e-07,7.235702609083613e-07,6.231397287106528e-07,True,4.0747830857072156e-11,True
96000,fir65-p16000-s24000,kaiser-g64,overlap-reference,A1,1.1026481111518836e-05,1.1451777940434582e-05,1.0558550238354806e-05,True,4.0747830857072156e-11,True
96000,fir65-p16000-s24000,hann-g8,overlap-reference,B1,3.528950167208054e-05,2.7009037118935785e-05,3.431233447420751e-05,True,5.246419326670971e-12,True
96000,fir65-p16000-s24000,kaiser-g8,overlap-reference,B1,3.585807276008967e-05,3.167374521824455e-05,9.661106547923746e-06,True,5.246419326670971e-12,True
96000,fir65-p16000-s24000,lagrange-g16,overlap-reference,B1,1.0438003553095215e-08,2.595740945674262e-08,3.1423796719757528e-09,True,5.246419326670971e-12,True
96000,fir65-p16000-s24000,hann-g16,overlap-reference,B1,1.4306712894871843e-05,1.1022775965228422e-05,1.3925130892088134e-05,True,5.246419326670971e-12,True
96000,fir65-p16000-s24000,kaiser-g16,overlap-reference,B1,2.6053054556996503e-05,2.1383904766713917e-05,2.197923168622377e-05,True,5.246419326670971e-12,True
96000,fir65-p16000-s24000,lagrange-g32,overlap-reference,B1,8.744551144451932e-09,1.8398976270685138e-08,2.9554836480626852e-09,True,5.246419326670971e-12,True
96000,fir65-p16000-s24000,hann-g32,overlap-reference,B1,3.0068484679281515e-06,2.325286089071299e-06,2.935290291135505e-06,True,5.246419326670971e-12,True
96000,fir65-p16000-s24000,kaiser-g32,overlap-reference,B1,2.0333431433851393e-05,1.625316868353994e-05,2.019334545479694e-05,True,5.246419326670971e-12,True
96000,fir65-p16000-s24000,lagrange-g64,overlap-reference,B1,7.420172057395022e-09,1.3395841155933765e-08,2.798619564570077e-09,True,5.246419326670971e-12,True
96000,fir65-p16000-s24000,hann-g64,overlap-reference,B1,5.7677407292088884e-08,7.35872361959186e-08,4.9860568075046464e-08,True,5.246419326670971e-12,True
96000,fir65-p16000-s24000,kaiser-g64,overlap-reference,B1,1.7133953453389433e-06,2.6265239604801197e-06,1.6710758505394878e-06,True,5.246419326670971e-12,True
96000,fir65-p16000-s24000,hann-g8,overlap-reference,AB,0.0003517601734526011,0.0003672282548186604,0.000323482572236061,True,4.0799855851136627e-11,True
96000,fir65-p16000-s24000,kaiser-g8,overlap-reference,AB,3.4171574146915966e-05,4.038378699312821e-05,2.849130928978189e-05,True,4.0799855851136627e-11,True
96000,fir65-p16000-s24000,lagrange-g16,overlap-reference,AB,3.391249287329384e-07,2.979586469505859e-07,2.61726543044472e-07,True,4.0799855851136627e-11,True
96000,fir65-p16000-s24000,hann-g16,overlap-reference,AB,4.22542198261478e-05,4.440655289199119e-05,3.896756949090568e-05,True,4.0799855851136627e-11,True
96000,fir65-p16000-s24000,kaiser-g16,overlap-reference,AB,3.480629408719939e-05,3.5230733588995844e-05,3.300460935608313e-05,True,4.0799855851136627e-11,True
96000,fir65-p16000-s24000,lagrange-g32,overlap-reference,AB,2.82109667967472e-07,2.1057900929685898e-07,2.1754072765039832e-07,True,4.0799855851136627e-11,True
96000,fir65-p16000-s24000,hann-g32,overlap-reference,AB,5.318561398079663e-06,6.021227744261663e-06,4.85904397019204e-06,True,4.0799855851136627e-11,True
96000,fir65-p16000-s24000,kaiser-g32,overlap-reference,AB,2.1576215109969264e-05,2.148441691019151e-05,2.0326019092846575e-05,True,4.0799855851136627e-11,True
96000,fir65-p16000-s24000,lagrange-g64,overlap-reference,AB,2.3726378414669458e-07,1.6106930870807958e-07,1.8237676049045378e-07,True,4.0799855851136627e-11,True
96000,fir65-p16000-s24000,hann-g64,overlap-reference,AB,6.745347423455394e-07,7.235700905412864e-07,6.230928875840234e-07,True,4.0799855851136627e-11,True
96000,fir65-p16000-s24000,kaiser-g64,overlap-reference,AB,1.102569895853883e-05,1.1451777769717638e-05,1.0557816179358796e-05,True,4.0799855851136627e-11,True
96000,fir65-p16000-s24000,hann-g8,sustained-edge,A1,0.0003629901489435691,0.0006047302848986754,0.00033330937248155163,True,1.6211913192153364e-10,True
96000,fir65-p16000-s24000,kaiser-g8,sustained-edge,A1,3.396369060233028e-05,2.9047969251226932e-05,2.776123424875867e-05,True,1.6211913192153364e-10,True
96000,fir65-p16000-s24000,lagrange-g16,sustained-edge,A1,1.587265350791839e-06,1.266938933853474e-06,1.2364422755013102e-06,True,1.6211913192153364e-10,True
96000,fir65-p16000-s24000,hann-g16,sustained-edge,A1,4.612647455473506e-05,4.8891916690298115e-05,4.093823550209735e-05,True,1.6211913192153364e-10,True
96000,fir65-p16000-s24000,kaiser-g16,sustained-edge,A1,3.088729278492266e-05,3.157357330515013e-05,2.8734743447554254e-05,True,1.6211913192153364e-10,True
96000,fir65-p16000-s24000,lagrange-g32,sustained-edge,A1,1.3193844100986887e-06,8.684512536832823e-07,1.026733304296035e-06,True,1.6211913192153364e-10,True
96000,fir65-p16000-s24000,hann-g32,sustained-edge,A1,6.321039938313583e-06,5.625230850941185e-06,5.52956071047236e-06,True,1.6211913192153364e-10,True
96000,fir65-p16000-s24000,kaiser-g32,sustained-edge,A1,2.1087509520593462e-05,1.899660453505526e-05,1.956359888299047e-05,True,1.6211913192153364e-10,True
96000,fir65-p16000-s24000,lagrange-g64,sustained-edge,A1,1.109034613179885e-06,6.607364665673108e-07,8.587329353604176e-07,True,1.6211913192153364e-10,True
96000,fir65-p16000-s24000,hann-g64,sustained-edge,A1,9.44099279840511e-07,5.972587935742663e-07,7.939749559592729e-07,True,1.6211913192153364e-10,True
96000,fir65-p16000-s24000,kaiser-g64,sustained-edge,A1,9.593006072529138e-06,8.066027811702616e-06,9.058279301784205e-06,True,1.6211913192153364e-10,True
96000,fir65-p16000-s24000,hann-g8,sustained-edge,B1,0.0002603126887840126,0.0002473285331384853,0.00015731383826756635,True,4.944677996162833e-10,True
96000,fir65-p16000-s24000,kaiser-g8,sustained-edge,B1,4.1066527723161566e-05,4.385038731551642e-05,3.105938907034464e-05,True,4.944677996162833e-10,True
96000,fir65-p16000-s24000,lagrange-g16,sustained-edge,B1,9.705754308968307e-07,6.965652946647752e-07,2.9332125125162026e-07,True,4.944677996162833e-10,True
96000,fir65-p16000-s24000,hann-g16,sustained-edge,B1,2.4090304613263383e-05,1.9341471988057206e-05,8.447571512985341e-06,True,4.944677996162833e-10,True
96000,fir65-p16000-s24000,kaiser-g16,sustained-edge,B1,1.5742027114807964e-05,1.852836666966316e-05,1.1503846801769166e-05,True,4.944677996162833e-10,True
96000,fir65-p16000-s24000,lagrange-g32,sustained-edge,B1,8.171990486639035e-07,4.944564754622678e-07,2.768830550197519e-07,True,4.944677996162833e-10,True
96000,fir65-p16000-s24000,hann-g32,sustained-edge,B1,2.893988452391479e-06,1.971308924803989e-06,1.3623659353654118e-06,True,4.944677996162833e-10,True
96000,fir65-p16000-s24000,kaiser-g32,sustained-edge,B1,9.528175619547793e-06,9.416605403898937e-06,8.74668321954373e-06,True,4.944677996162833e-10,True
96000,fir65-p16000-s24000,lagrange-g64,sustained-edge,B1,6.951524512271081e-07,3.59737369984514e-07,2.626350368692315e-07,True,4.944677996162833e-10,True
96000,fir65-p16000-s24000,hann-g64,sustained-edge,B1,5.58193893082987e-07,3.950816333235614e-07,3.03665472741686e-07,True,4.944677996162833e-10,True
96000,fir65-p16000-s24000,kaiser-g64,sustained-edge,B1,5.404266743344629e-06,4.25150189618163e-06,5.183146611993034e-06,True,4.944677996162833e-10,True
96000,fir65-p16000-s24000,hann-g8,sustained-edge,AB,0.0003629901485600313,0.000604730284834144,0.0003333095590305171,True,1.6214815907784628e-10,True
96000,fir65-p16000-s24000,kaiser-g8,sustained-edge,AB,3.396369064531691e-05,2.9047969681859936e-05,2.776123762489656e-05,True,1.6214815907784628e-10,True
96000,fir65-p16000-s24000,lagrange-g16,sustained-edge,AB,1.5872655700247142e-06,1.2669388691181526e-06,1.2364444808395313e-06,True,1.6214815907784628e-10,True
96000,fir65-p16000-s24000,hann-g16,sustained-edge,AB,4.612647448807172e-05,4.889191626045479e-05,4.0938256956740045e-05,True,1.6214815907784628e-10,True
96000,fir65-p16000-s24000,kaiser-g16,sustained-edge,AB,3.0887292744735114e-05,3.157357287602642e-05,2.873474781310035e-05,True,1.6214815907784628e-10,True
96000,fir65-p16000-s24000,lagrange-g32,sustained-edge,AB,1.3193846629082824e-06,8.684513174394476e-07,1.0267356357006756e-06,True,1.6214815907784628e-10,True
96000,fir65-p16000-s24000,hann-g32,sustained-edge,AB,6.321039974626147e-06,5.625231025942159e-06,5.5295614965925805e-06,True,1.6214815907784628e-10,True
96000,fir65-p16000-s24000,kaiser-g32,sustained-edge,AB,2.1087509498177626e-05,1.8996604601660314e-05,1.9563599644904487e-05,True,1.6214815907784628e-10,True
96000,fir65-p16000-s24000,lagrange-g64,sustained-edge,AB,1.1090349047198845e-06,6.607365302709693e-07,8.587347225042797e-07,True,1.6214815907784628e-10,True
96000,fir65-p16000-s24000,hann-g64,sustained-edge,AB,9.440995930339764e-07,5.972590911340908e-07,7.939758845963925e-07,True,1.6214815907784628e-10,True
96000,fir65-p16000-s24000,kaiser-g64,sustained-edge,AB,9.593006079738727e-06,8.066027873272918e-06,9.058281372325997e-06,True,1.6214815907784628e-10,True
96000,fir129-p16000-s24000,hann-g8,reference,A1,0.00013442967410647104,0.00018365423531123908,9.465052093695576e-05,True,4.086214222150966e-11,True
96000,fir129-p16000-s24000,kaiser-g8,reference,A1,3.51818605063882e-05,3.672912042789037e-05,1.6084746588260704e-05,True,4.086214222150966e-11,True
96000,fir129-p16000-s24000,lagrange-g16,reference,A1,1.385893685425046e-07,1.5926189263916965e-07,7.486108016588757e-08,True,4.086214222150966e-11,True
96000,fir129-p16000-s24000,hann-g16,reference,A1,2.187366003422624e-05,2.3225497950321742e-05,1.8732599977313538e-05,True,4.086214222150966e-11,True
96000,fir129-p16000-s24000,kaiser-g16,reference,A1,2.600823437901121e-05,2.35921681167724e-05,2.4135127299881924e-05,True,4.086214222150966e-11,True
96000,fir129-p16000-s24000,lagrange-g32,reference,A1,1.1400894034274556e-07,1.091676751950234e-07,6.410451406920904e-08,True,4.086214222150966e-11,True
96000,fir129-p16000-s24000,hann-g32,reference,A1,3.606134356314688e-06,3.967678883336777e-06,3.3783436051348777e-06,True,4.086214222150966e-11,True
96000,fir129-p16000-s24000,kaiser-g32,reference,A1,1.3127665535851813e-05,1.4846185233541077e-05,1.274996798718952e-05,True,4.086214222150966e-11,True
96000,fir129-p16000-s24000,lagrange-g64,reference,A1,9.503638603609738e-08,7.733244714863938e-08,5.4987183105180955e-08,True,4.086214222150966e-11,True
96000,fir129-p16000-s24000,hann-g64,reference,A1,4.803787491945817e-07,4.5601544495521464e-07,4.501571171420883e-07,True,4.086214222150966e-11,True
96000,fir129-p16000-s24000,kaiser-g64,reference,A1,8.015790785430008e-06,7.37866711980897e-06,7.885942387513382e-06,True,4.086214222150966e-11,True
96000,fir129-p16000-s24000,hann-g8,reference,B1,3.5289823236030025e-05,2.700603834271095e-05,3.431251334790726e-05,True,9.340219796914177e-13,True
96000,fir129-p16000-s24000,kaiser-g8,reference,B1,3.585815648830537e-05,3.1668544426288816e-05,9.661107515198023e-06,True,9.340219796914177e-13,True
96000,fir129-p16000-s24000,lagrange-g16,reference,B1,1.8907701235812675e-09,4.948291837854903e-09,6.16200953035329e-10,True,9.340219796914177e-13,True
96000,fir129-p16000-s24000,hann-g16,reference,B1,1.430679565728256e-05,1.1020490942626057e-05,1.3925204677675443e-05,True,9.340219796914177e-13,True
96000,fir129-p16000-s24000,kaiser-g16,reference,B1,2.605314078336162e-05,2.1373620593025364e-05,2.197928029627451e-05,True,9.340219796914177e-13,True
96000,fir129-p16000-s24000,lagrange-g32,reference,B1,1.5567605260655293e-09,3.36397562986561e-09,5.618290246439922e-10,True,9.340219796914177e-13,True
96000,fir129-p16000-s24000,hann-g32,reference,B1,3.0068705709296705e-06,2.3233893912009973e-06,2.9353137669459688e-06,True,9.340219796914177e-13,True
96000,fir129-p16000-s24000,kaiser-g32,reference,B1,2.0333579754245076e-05,1.6256822460244835e-05,2.0193493126940376e-05,True,9.340219796914177e-13,True
96000,fir129-p16000-s24000,lagrange-g64,reference,B1,1.3066751931091601e-09,2.373971632332819e-09,5.214318327151633e-10,True,9.340219796914177e-13,True
96000,fir129-p16000-s24000,hann-g64,reference,B1,5.750854791372858e-08,7.124502353223887e-08,4.9798584995272165e-08,True,9.340219796914177e-13,True
96000,fir129-p16000-s24000,kaiser-g64,reference,B1,1.7131997719952649e-06,2.6276849290741896e-06,1.6708790117602565e-06,True,9.340219796914177e-13,True
96000,fir129-p16000-s24000,hann-g8,reference,AB,0.0001331189361470723,0.0001836542348782226,9.378866912324305e-05,True,4.0547287077364195e-11,True
96000,fir129-p16000-s24000,kaiser-g8,reference,AB,3.5196088441579696e-05,3.672912084172251e-05,1.5977080606824255e-05,True,4.0547287077364195e-11,True
96000,fir129-p16000-s24000,lagrange-g16,reference,AB,1.3713821337610529e-07,1.5926238306747785e-07,7.40769718852604e-08,True,4.0547287077364195e-11,True
96000,fir129-p16000-s24000,hann-g16,reference,AB,2.1742838947925886e-05,2.322549665781143e-05,1.864494122615531e-05,True,4.0547287077364195e-11,True
96000,fir129-p16000-s24000,kaiser-g16,reference,AB,2.6009171109538472e-05,2.3592167965849234e-05,2.4092025282168702e-05,True,4.0547287077364195e-11,True
96000,fir129-p16000-s24000,lagrange-g32,reference,AB,1.1281530397009097e-07,1.0916816746328692e-07,6.343153189888535e-08,True,4.0547287077364195e-11,True
96000,fir129-p16000-s24000,hann-g32,reference,AB,3.5946640685813523e-06,3.967679093562704e-06,3.36972798228499e-06,True,4.0547287077364195e-11,True
96000,fir129-p16000-s24000,kaiser-g32,reference,AB,1.3317694712384826e-05,1.484618394820328e-05,1.294888932654542e-05,True,4.0547287077364195e-11,True
96000,fir129-p16000-s24000,lagrange-g64,reference,AB,9.404154300523656e-08,7.733294206380888e-08,5.4408121619827935e-08,True,4.0547287077364195e-11,True
96000,fir129-p16000-s24000,hann-g64,reference,AB,4.7541896587164186e-07,4.5601523496645787e-07,4.4549196439243267e-07,True,4.0547287077364195e-11,True
96000,fir129-p16000-s24000,kaiser-g64,reference,AB,7.935673745982317e-06,7.378667546730834e-06,7.806923222856252e-06,True,4.0547287077364195e-11,True
96000,fir129-p16000-s24000,hann-g8,edge,A1,0.000296968562117573,0.00023098041247172896,0.00027163594033818297,True,1.0488274934968306e-10,True
96000,fir129-p16000-s24000,kaiser-g8,edge,A1,5.7323746449830806e-05,4.85877702347285e-05,3.655811465036362e-05,True,1.0488274934968306e-10,True
96000,fir129-p16000-s24000,lagrange-g16,edge,A1,3.4019658046580605e-07,2.1620466342385284e-07,1.8360336852283597e-07,True,1.0488274934968306e-10,True
96000,fir129-p16000-s24000,hann-g16,edge,A1,6.905767726128877e-05,4.7362178650419394e-05,6.342038039951123e-05,True,1.0488274934968306e-10,True
96000,fir129-p16000-s24000,kaiser-g16,edge,A1,5.001822361145106e-05,3.861974061856884e-05,4.869155090661297e-05,True,1.0488274934968306e-10,True
96000,fir129-p16000-s24000,lagrange-g32,edge,A1,2.797071675580432e-07,1.4749911927096976e-07,1.5712071466733686e-07,True,1.0488274934968306e-10,True
96000,fir129-p16000-s24000,hann-g32,edge,A1,5.253059713381076e-06,2.8176873758995454e-06,4.502380602619465e-06,True,1.0488274934968306e-10,True
96000,fir129-p16000-s24000,kaiser-g32,edge,A1,1.6473529722134575e-05,1.0875017145466572e-05,1.582252390108673e-05,True,1.0488274934968306e-10,True
96000,fir129-p16000-s24000,lagrange-g64,edge,A1,2.331723163141624e-07,1.0387949184271043e-07,1.348459918344692e-07,True,1.0488274934968306e-10,True
96000,fir129-p16000-s24000,hann-g64,edge,A1,8.004990515018635e-07,4.020338933112934e-07,7.172788972524467e-07,True,1.0488274934968306e-10,True
96000,fir129-p16000-s24000,kaiser-g64,edge,A1,1.091155751129234e-05,7.127599352683541e-06,1.073651651316942e-05,True,1.0488274934968306e-10,True
96000,fir129-p16000-s24000,hann-g8,edge,B1,0.0002626261874482762,0.0002510877538614164,0.000158782420881334,True,9.210983350713923e-11,True
96000,fir129-p16000-s24000,kaiser-g8,edge,B1,4.150835862327222e-05,4.420659558247925e-05,3.096691041499412e-05,True,9.210983350713923e-11,True
96000,fir129-p16000-s24000,lagrange-g16,edge,B1,1.7085578212535448e-07,1.3042505625931114e-07,5.589409047693117e-08,True,9.210983350713923e-11,True
96000,fir129-p16000-s24000,hann-g16,edge,B1,2.4134601558424238e-05,2.0053345725170324e-05,8.280844940947182e-06,True,9.210983350713923e-11,True
96000,fir129-p16000-s24000,kaiser-g16,edge,B1,1.5573328373903774e-05,1.8644551069661437e-05,1.1300218545046882e-05,True,9.210983350713923e-11,True
96000,fir129-p16000-s24000,lagrange-g32,edge,B1,1.415350506220325e-07,8.909014935360452e-08,5.12102010961477e-08,True,9.210983350713923e-11,True
96000,fir129-p16000-s24000,hann-g32,edge,B1,2.8687433589129674e-06,1.9062684708230827e-06,1.3502421020395406e-06,True,9.210983350713923e-11,True
96000,fir129-p16000-s24000,kaiser-g32,edge,B1,9.538012764510261e-06,9.118039184225471e-06,8.757353550162804e-06,True,9.210983350713923e-11,True
96000,fir129-p16000-s24000,lagrange-g64,edge,B1,1.1912452247129764e-07,6.298334203032257e-08,4.7624995876508046e-08,True,9.210983350713923e-11,True
96000,fir129-p16000-s24000,hann-g64,edge,B1,3.8312003008155827e-07,2.8312514261144034e-07,2.0654389157949426e-07,True,9.210983350713923e-11,True
96000,fir129-p16000-s24000,kaiser-g64,edge,B1,5.430636227874184e-06,4.243397191589248e-06,5.219458397063141e-06,True,9.210983350713923e-11,True
96000,fir129-p16000-s24000,hann-g8,edge,AB,0.0002969685568324115,0.00023098041244265939,0.0002716362395777487,True,1.0490943626393351e-10,True
96000,fir129-p16000-s24000,kaiser-g8,edge,AB,5.7323744223399256e-05,4.8587770294619466e-05,3.6558097194250984e-05,True,1.0490943626393351e-10,True
96000,fir129-p16000-s24000,lagrange-g16,edge,AB,3.401966683847709e-07,2.1620473170776858e-07,1.8360298208952775e-07,True,1.0490943626393351e-10,True
96000,fir129-p16000-s24000,hann-g16,edge,AB,6.905767231054696e-05,4.73621787122904e-05,6.342039143828927e-05,True,1.0490943626393351e-10,True
96000,fir129-p16000-s24000,kaiser-g16,edge,AB,5.0018219923010895e-05,3.8619740559365706e-05,4.86915448797057e-05,True,1.0490943626393351e-10,True
96000,fir129-p16000-s24000,lagrange-g32,edge,AB,2.797072771383452e-07,1.474991878286811e-07,1.5711999180450254e-07,True,1.0490943626393351e-10,True
96000,fir129-p16000-s24000,hann-g32,edge,AB,5.253059418198684e-06,2.8176874304751665e-06,4.502385354557885e-06,True,1.0490943626393351e-10,True
96000,fir129-p16000-s24000,kaiser-g32,edge,AB,1.6473528829637104e-05,1.0875017086463072e-05,1.5822532970956646e-05,True,1.0490943626393351e-10,True
96000,fir129-p16000-s24000,lagrange-g64,edge,AB,2.331724489359766e-07,1.038795607763077e-07,1.348449419764812e-07,True,1.0490943626393351e-10,True
96000,fir129-p16000-s24000,hann-g64,edge,AB,8.004990384207417e-07,4.0203392251570446e-07,7.172789030976648e-07,True,1.0490943626393351e-10,True
96000,fir129-p16000-s24000,kaiser-g64,edge,AB,1.0911556843640855e-05,7.1275992936802615e-06,1.0736516167682119e-05,True,1.0490943626393351e-10,True
96000,fir129-p16000-s24000,hann-g8,overlap-reference,A1,0.0003518262922441968,0.0003681361985234502,0.00032354193590045614,True,1.0254380061722482e-11,True
96000,fir129-p16000-s24000,kaiser-g8,overlap-reference,A1,3.4170570565000526e-05,4.037312007986371e-05,2.8490878055567887e-05,True,1.0254380061722482e-11,True
96000,fir129-p16000-s24000,lagrange-g16,overlap-reference,A1,6.142013118835216e-08,5.430029526116998e-08,4.777619078455386e-08,True,1.0254380061722482e-11,True
96000,fir129-p16000-s24000,hann-g16,overlap-reference,A1,4.225347208927956e-05,4.431315728671891e-05,3.896674186453098e-05,True,1.0254380061722482e-11,True
96000,fir129-p16000-s24000,kaiser-g16,overlap-reference,A1,3.4805066036088215e-05,3.524829072822994e-05,3.300323135971637e-05,True,1.0254380061722482e-11,True
96000,fir129-p16000-s24000,lagrange-g32,overlap-reference,A1,5.027679253978744e-08,3.559965247613445e-08,3.902119169210383e-08,True,1.0254380061722482e-11,True
96000,fir129-p16000-s24000,hann-g32,overlap-reference,A1,5.316956653599922e-06,5.9957227715460006e-06,4.858233677137258e-06,True,1.0254380061722482e-11,True
96000,fir129-p16000-s24000,kaiser-g32,overlap-reference,A1,2.157693500660937e-05,2.1522363129384003e-05,2.032687727038491e-05,True,1.0254380061722482e-11,True
96000,fir129-p16000-s24000,lagrange-g64,overlap-reference,A1,4.180169319680685e-08,2.6508039131528663e-08,3.228458408746757e-08,True,1.0254380061722482e-11,True
96000,fir129-p16000-s24000,hann-g64,overlap-reference,A1,6.614751127894053e-07,7.180480523434963e-07,6.150039799873383e-07,True,1.0254380061722482e-11,True
96000,fir129-p16000-s24000,kaiser-g64,overlap-reference,A1,1.1024655796601846e-05,1.1420807984561508e-05,1.0557086424839427e-05,True,1.0254380061722482e-11,True
96000,fir129-p16000-s24000,hann-g8,overlap-reference,B1,3.52898232314174e-05,2.7006039266037425e-05,3.431251334280112e-05,True,9.34028076874174e-13,True
96000,fir129-p16000-s24000,kaiser-g8,overlap-reference,B1,3.585815648267932e-05,3.1668544886714744e-05,9.661107514566773e-06,True,9.34028076874174e-13,True
96000,fir129-p16000-s24000,lagrange-g16,overlap-reference,B1,1.890745255858853e-09,4.948221500036707e-09,6.161897720753035e-10,True,9.34028076874174e-13,True
96000,fir129-p16000-s24000,hann-g16,overlap-reference,B1,1.4306795651099124e-05,1.1020491188710625e-05,1.3925204671969368e-05,True,9.34028076874174e-13,True
96000,fir129-p16000-s24000,kaiser-g16,overlap-reference,B1,2.6053140776810022e-05,2.1373620225892448e-05,2.1979280291081578e-05,True,9.34028076874174e-13,True
96000,fir129-p16000-s24000,lagrange-g32,overlap-reference,B1,1.5567340807502198e-09,3.3639197653950153e-09,5.618171107260928e-10,True,9.34028076874174e-13,True
96000,fir129-p16000-s24000,hann-g32,overlap-reference,B1,3.0068705694664503e-06,2.3233893853337284e-06,2.935313765584757e-06,True,9.34028076874174e-13,True
96000,fir129-p16000-s24000,kaiser-g32,overlap-reference,B1,2.033357974663169e-05,1.6256822211633784e-05,2.019349311956771e-05,True,9.34028076874174e-13,True
96000,fir129-p16000-s24000,lagrange-g64,overlap-reference,B1,1.3066478144040303e-09,2.373915552419366e-09,5.214193400544433e-10,True,9.34028076874174e-13,True
96000,fir129-p16000-s24000,hann-g64,overlap-reference,B1,5.750854781941461e-08,7.124502998564184e-08,4.979858497462842e-08,True,9.34028076874174e-13,True
96000,fir129-p16000-s24000,kaiser-g64,overlap-reference,B1,1.7131997763918258e-06,2.6276850201835115e-06,1.6708790163607974e-06,True,9.34028076874174e-13,True
96000,fir129-p16000-s24000,hann-g8,overlap-reference,AB,0.000351800954172161,0.00036813619844829005,0.00032351829753292475,True,1.0255283187381447e-11,True
96000,fir129-p16000-s24000,kaiser-g8,overlap-reference,AB,3.417078491206506e-05,4.0373838716295194e-05,2.849046449138997e-05,True,1.0255283187381447e-11,True
96000,fir129-p16000-s24000,lagrange-g16,overlap-reference,AB,6.141576334622623e-08,5.4300267764686984e-08,4.77734980799556e-08,True,1.0255283187381447e-11,True
96000,fir129-p16000-s24000,hann-g16,overlap-reference,AB,4.2250752293959065e-05,4.4313157257586206e-05,3.896435468128178e-05,True,1.0255283187381447e-11,True
96000,fir129-p16000-s24000,kaiser-g16,overlap-reference,AB,3.4803936050058366e-05,3.524829069944676e-05,3.300245092305375e-05,True,1.0255283187381447e-11,True
96000,fir129-p16000-s24000,lagrange-g32,overlap-reference,AB,5.0273252965358325e-08,3.5599624997262016e-08,3.90190989572298e-08,True,1.0255283187381447e-11,True
96000,fir129-p16000-s24000,hann-g32,overlap-reference,AB,5.3166903083383484e-06,5.9957226960330955e-06,4.858049980178349e-06,True,1.0255283187381447e-11,True
96000,fir129-p16000-s24000,kaiser-g32,overlap-reference,AB,2.1576736558893858e-05,2.152236320489715e-05,2.0326732420579936e-05,True,1.0255283187381447e-11,True
96000,fir129-p16000-s24000,lagrange-g64,overlap-reference,AB,4.179879043896702e-08,2.650806628720647e-08,3.228286466699206e-08,True,1.0255283187381447e-11,True
96000,fir129-p16000-s24000,hann-g64,overlap-reference,AB,6.614274163253174e-07,7.18048022278158e-07,6.149575250509508e-07,True,1.0255283187381447e-11,True
96000,fir129-p16000-s24000,kaiser-g64,overlap-reference,AB,1.1023873580882892e-05,1.1420808014626952e-05,1.0556352296484406e-05,True,1.0255283187381447e-11,True
96000,fir129-p16000-s24000,hann-g8,sustained-edge,A1,0.00036924600022943837,0.000636954623814563,0.0003395793403325207,True,7.397945960373689e-11,True
96000,fir129-p16000-s24000,kaiser-g8,sustained-edge,A1,3.4105974893973843e-05,2.917990393245887e-05,2.78952164209939e-05,True,7.397945960373689e-11,True
96000,fir129-p16000-s24000,lagrange-g16,sustained-edge,A1,2.8670176855692067e-07,2.184633642331115e-07,2.246579184140359e-07,True,7.397945960373689e-11,True
96000,fir129-p16000-s24000,hann-g16,sustained-edge,A1,4.601364876685625e-05,4.884370080275385e-05,4.083859010930263e-05,True,7.397945960373689e-11,True
96000,fir129-p16000-s24000,kaiser-g16,sustained-edge,A1,3.087813476116828e-05,3.188644216535588e-05,2.873432576581266e-05,True,7.397945960373689e-11,True
96000,fir129-p16000-s24000,lagrange-g32,sustained-edge,A1,2.344795183654692e-07,1.4702527153357913e-07,1.8339028899450841e-07,True,7.397945960373689e-11,True
96000,fir129-p16000-s24000,hann-g32,sustained-edge,A1,6.299800099504032e-06,5.554011915286147e-06,5.526213977602007e-06,True,7.397945960373689e-11,True
96000,fir129-p16000-s24000,kaiser-g32,sustained-edge,A1,2.1117139564035487e-05,1.9030981313591854e-05,1.9603151737063576e-05,True,7.397945960373689e-11,True
96000,fir129-p16000-s24000,lagrange-g64,sustained-edge,A1,1.9485808127720962e-07,1.0906812108153773e-07,1.5156597482217622e-07,True,7.397945960373689e-11,True
96000,fir129-p16000-s24000,hann-g64,sustained-edge,A1,7.187423256507257e-07,5.444022771897264e-07,6.452858441413098e-07,True,7.397945960373689e-11,True
96000,fir129-p16000-s24000,kaiser-g64,sustained-edge,A1,9.598362309908936e-06,8.125128464448947e-06,9.073718102397972e-06,True,7.397945960373689e-11,True
96000,fir129-p16000-s24000,hann-g8,sustained-edge,B1,0.0002626261885774321,0.00025108775270213574,0.00015878242157605187,True,9.21097793310283e-11,True
96000,fir129-p16000-s24000,kaiser-g8,sustained-edge,B1,4.150835865649639e-05,4.4206595388745355e-05,3.0966910464833715e-05,True,9.21097793310283e-11,True
96000,fir129-p16000-s24000,lagrange-g16,sustained-edge,B1,1.7085574557518202e-07,1.3042508731128022e-07,5.5894070817723496e-08,True,9.21097793310283e-11,True
96000,fir129-p16000-s24000,hann-g16,sustained-edge,B1,2.4134601623685477e-05,2.0053345424478845e-05,8.280844877569118e-06,True,9.21097793310283e-11,True
96000,fir129-p16000-s24000,kaiser-g16,sustained-edge,B1,1.557332826070712e-05,1.864455063984444e-05,1.1300218394799661e-05,True,9.21097793310283e-11,True
96000,fir129-p16000-s24000,lagrange-g32,sustained-edge,B1,1.4153500737243187e-07,8.909015619104829e-08,5.1210179001474765e-08,True,9.21097793310283e-11,True
96000,fir129-p16000-s24000,hann-g32,sustained-edge,B1,2.868743362769029e-06,1.906268461396619e-06,1.3502420992365671e-06,True,9.21097793310283e-11,True
96000,fir129-p16000-s24000,kaiser-g32,sustained-edge,B1,9.538012736972924e-06,9.11803890428682e-06,8.757353515709527e-06,True,9.21097793310283e-11,True
96000,fir129-p16000-s24000,lagrange-g64,sustained-edge,B1,1.1912447678483531e-07,6.298333572724882e-08,4.762497250333489e-08,True,9.21097793310283e-11,True
96000,fir129-p16000-s24000,hann-g64,sustained-edge,B1,3.8312002457522737e-07,2.831251413627105e-07,2.0654388770291383e-07,True,9.21097793310283e-11,True
96000,fir129-p16000-s24000,kaiser-g64,sustained-edge,B1,5.430636230852352e-06,4.243397186054712e-06,5.219458399778174e-06,True,9.21097793310283e-11,True
96000,fir129-p16000-s24000,hann-g8,sustained-edge,AB,0.0003692459998115877,0.0006369546238259991,0.0003395795226131492,True,7.397938769251617e-11,True
96000,fir129-p16000-s24000,kaiser-g8,sustained-edge,AB,3.41059749318175e-05,2.917990385644881e-05,2.7895220951649815e-05,True,7.397938769251617e-11,True
96000,fir129-p16000-s24000,lagrange-g16,sustained-edge,AB,2.8670180605989e-07,2.1846335282507123e-07,2.246583643344885e-07,True,7.397938769251617e-11,True
96000,fir129-p16000-s24000,hann-g16,sustained-edge,AB,4.6013648690686665e-05,4.884370087854844e-05,4.083861156479316e-05,True,7.397938769251617e-11,True
96000,fir129-p16000-s24000,kaiser-g16,sustained-edge,AB,3.087813470872174e-05,3.18864422410066e-05,2.873433024526593e-05,True,7.397938769251617e-11,True
96000,fir129-p16000-s24000,lagrange-g32,sustained-edge,AB,2.3447956238542174e-07,1.470252826309417e-07,1.8339072053513492e-07,True,7.397938769251617e-11,True
96000,fir129-p16000-s24000,hann-g32,sustained-edge,AB,6.299800089489831e-06,5.554011884364341e-06,5.526214670237332e-06,True,7.397938769251617e-11,True
96000,fir129-p16000-s24000,kaiser-g32,sustained-edge,AB,2.111713952596952e-05,1.90309813019423e-05,1.960315251227727e-05,True,7.397938769251617e-11,True
96000,fir129-p16000-s24000,lagrange-g64,sustained-edge,AB,1.948581326917278e-07,1.0906813216541685e-07,1.5156638300295097e-07,True,7.397938769251617e-11,True
96000,fir129-p16000-s24000,hann-g64,sustained-edge,AB,7.187423362160009e-07,5.444022886011401e-07,6.452861572162353e-07,True,7.397938769251617e-11,True
96000,fir129-p16000-s24000,kaiser-g64,sustained-edge,AB,9.598362286594457e-06,8.125128453662291e-06,9.073720134910059e-06,True,7.397938769251617e-11,True
96000,iir-p18000-s19000,hann-g8,reference,A1,0.00013716582285389455,0.0001872966900400761,0.00010250871871578491,True,1.091147905178318e-11,True
96000,iir-p18000-s19000,hann-g16,reference,A1,2.1869282099789766e-05,2.688444107464807e-05,1.9171229771017317e-05,True,1.091147905178318e-11,True
96000,iir-p18000-s19000,kaiser-g16,reference,A1,2.4115071167216474e-05,2.447818844553769e-05,2.231335962160197e-05,True,1.091147905178318e-11,True
96000,iir-p18000-s19000,lagrange-g32,reference,A1,2.8146463738473087e-12,4.7818986941802756e-12,1.9933981922509693e-12,True,1.091147905178318e-11,True
96000,iir-p18000-s19000,hann-g32,reference,A1,3.8783431746737824e-06,4.826331156700535e-06,3.708320066789101e-06,True,1.091147905178318e-11,True
96000,iir-p18000-s19000,kaiser-g32,reference,A1,1.3717506757876792e-05,1.7717734723371857e-05,1.3418668448221509e-05,True,1.091147905178318e-11,True
96000,iir-p18000-s19000,lagrange-g64,reference,A1,2.814502877707424e-12,4.7817032647047215e-12,1.9932916431519087e-12,True,1.091147905178318e-11,True
96000,iir-p18000-s19000,hann-g64,reference,A1,5.205826694074934e-07,4.92539706520869e-07,4.999080085985014e-07,True,1.091147905178318e-11,True
96000,iir-p18000-s19000,kaiser-g64,reference,A1,8.365324990344146e-06,8.538939751878136e-06,8.270555545864691e-06,True,1.091147905178318e-11,True
96000,iir-p18000-s19000,hann-g8,reference,B1,3.741798869567606e-05,3.0420594362087132e-05,3.657276557701161e-05,True,2.7820788920341714e-13,True
96000,iir-p18000-s19000,hann-g16,reference,B1,1.5130356334490261e-05,1.2235845969833169e-05,1.480437538524014e-05,True,2.7820788920341714e-13,True
96000,iir-p18000-s19000,kaiser-g16,reference,B1,2.681908196496174e-05,2.413270729544705e-05,2.2722391511876487e-05,True,2.7820788920341714e-13,True
96000,iir-p18000-s19000,lagrange-g32,reference,B1,4.431575822356883e-13,6.693933007047296e-13,3.175249343641701e-13,True,2.7820788920341714e-13,True
96000,iir-p18000-s19000,hann-g32,reference,B1,3.1765358011195555e-06,2.5819047963672204e-06,3.116903099871026e-06,True,2.7820788920341714e-13,True
96000,iir-p18000-s19000,kaiser-g32,reference,B1,2.1028378335226503e-05,1.825131058159286e-05,2.0898208042389694e-05,True,2.7820788920341714e-13,True
96000,iir-p18000-s19000,lagrange-g64,reference,B1,4.43195408434167e-13,6.693340571167391e-13,3.175276976241444e-13,True,2.7820788920341714e-13,True
96000,iir-p18000-s19000,hann-g64,reference,B1,6.462935511426034e-08,8.886119306913113e-08,5.806828507143712e-08,True,2.7820788920341714e-13,True
96000,iir-p18000-s19000,kaiser-g64,reference,B1,1.88076388140502e-06,3.0339856955658154e-06,1.8374913812410306e-06,True,2.7820788920341714e-13,True
96000,iir-p18000-s19000,hann-g8,reference,AB,0.00013583559793201177,0.0001872966900400761,0.00010157043756004776,True,1.091147905178318e-11,True
96000,iir-p18000-s19000,hann-g16,reference,AB,2.175007794169637e-05,2.688444107464807e-05,1.9091069054875988e-05,True,1.091147905178318e-11,True
96000,iir-p18000-s19000,kaiser-g16,reference,AB,2.4174547786483474e-05,2.447818844553769e-05,2.2322076780525887e-05,True,1.091147905178318e-11,True
96000,iir-p18000-s19000,lagrange-g32,reference,AB,2.7858727850136818e-12,4.7818986941802756e-12,1.973845257623597e-12,True,1.091147905178318e-11,True
96000,iir-p18000-s19000,hann-g32,reference,AB,3.865009157314085e-06,4.8263311561793895e-06,3.697134970067261e-06,True,1.091147905178318e-11,True
96000,iir-p18000-s19000,kaiser-g32,reference,AB,1.3909252238719607e-05,1.7717734722850712e-05,1.3617142107049429e-05,True,1.091147905178318e-11,True
96000,iir-p18000-s19000,lagrange-g64,reference,AB,2.78572678417579e-12,4.7817032647047215e-12,1.973737863675523e-12,True,1.091147905178318e-11,True
96000,iir-p18000-s19000,hann-g64,reference,AB,5.152105818416797e-07,4.925397070420143e-07,4.947390171149759e-07,True,1.091147905178318e-11,True
96000,iir-p18000-s19000,kaiser-g64,reference,AB,8.282096065648612e-06,8.538939751878136e-06,8.188169376065455e-06,True,1.091147905178318e-11,True
96000,iir-p18000-s19000,hann-g8,edge,A1,0.00034690633064724376,0.0003667665648749408,0.0003327654651962268,True,5.993469383947731e-11,True
96000,iir-p18000-s19000,hann-g16,edge,A1,8.140650030372282e-05,8.001309272037754e-05,7.791612183171219e-05,True,5.993469383947731e-11,True
96000,iir-p18000-s19000,kaiser-g16,edge,A1,5.474880097764002e-05,5.4169244509705745e-05,5.3783858897839986e-05,True,5.993469383947731e-11,True
96000,iir-p18000-s19000,lagrange-g32,edge,A1,4.958272462998523e-12,6.021946914026697e-12,3.5356173176931706e-12,True,5.993469383947731e-11,True
96000,iir-p18000-s19000,hann-g32,edge,A1,5.884597973032859e-06,5.021266377859727e-06,5.360044455237568e-06,True,5.993469383947731e-11,True
96000,iir-p18000-s19000,kaiser-g32,edge,A1,1.800880264460696e-05,1.6489804490817304e-05,1.7544312453359613e-05,True,5.993469383947731e-11,True
96000,iir-p18000-s19000,lagrange-g64,edge,A1,4.957830302482204e-12,6.021955339830022e-12,3.5352797831083262e-12,True,5.993469383947731e-11,True
96000,iir-p18000-s19000,hann-g64,edge,A1,9.008779866484097e-07,6.02680280289647e-07,8.486859221076425e-07,True,5.993469383947731e-11,True
96000,iir-p18000-s19000,kaiser-g64,edge,A1,1.2074895055075417e-05,1.0282875717527562e-05,1.1973730169145389e-05,True,5.993469383947731e-11,True
96000,iir-p18000-s19000,hann-g8,edge,B1,0.0003557869847338412,0.0003807174661196197,0.00025489318743904526,True,1.2512928332826553e-10,True
96000,iir-p18000-s19000,hann-g16,edge,B1,3.0263988893850173e-05,2.937702789080113e-05,1.3578579822000213e-05,True,1.2512928332826553e-10,True
96000,iir-p18000-s19000,kaiser-g16,edge,B1,1.860854471568636e-05,2.630810807100496e-05,1.3781290568555794e-05,True,1.2512928332826553e-10,True
96000,iir-p18000-s19000,lagrange-g32,edge,B1,4.587361394817928e-12,6.542030400197343e-12,3.300161103809289e-12,True,1.2512928332826553e-10,True
96000,iir-p18000-s19000,hann-g32,edge,B1,3.7769497542837913e-06,5.219311697116929e-06,2.1173989610004788e-06,True,1.2512928332826553e-10,True
96000,iir-p18000-s19000,kaiser-g32,edge,B1,1.1823556563318592e-05,1.7926863024153837e-05,1.0920335479149925e-05,True,1.2512928332826553e-10,True
96000,iir-p18000-s19000,lagrange-g64,edge,B1,4.587868520527489e-12,6.534936082819708e-12,3.3005355597970115e-12,True,1.2512928332826553e-10,True
96000,iir-p18000-s19000,hann-g64,edge,B1,4.6980003097888605e-07,4.7017673371915744e-07,2.832738861165354e-07,True,1.2512928332826553e-10,True
96000,iir-p18000-s19000,kaiser-g64,edge,B1,6.395108529087554e-06,8.295387746736313e-06,6.156711354184205e-06,True,1.2512928332826553e-10,True
96000,iir-p18000-s19000,hann-g8,edge,AB,0.00034690633179873396,0.00036676656487480603,0.0003327655073573072,True,5.993455902662411e-11,True
96000,iir-p18000-s19000,hann-g16,edge,AB,8.140649581301793e-05,8.001309272037755e-05,7.791612410023347e-05,True,5.993455902662411e-11,True
96000,iir-p18000-s19000,kaiser-g16,edge,AB,5.474879787795995e-05,5.416924450970575e-05,5.3783856042656686e-05,True,5.993455902662411e-11,True
96000,iir-p18000-s19000,lagrange-g32,edge,AB,4.9582742755252545e-12,6.0219637656333485e-12,3.5356399854760474e-12,True,5.993455902662411e-11,True
96000,iir-p18000-s19000,hann-g32,edge,AB,5.884597751532389e-06,5.0212663778597274e-06,5.360046052413621e-06,True,5.993455902662411e-11,True
96000,iir-p18000-s19000,kaiser-g32,edge,AB,1.8008801988731035e-05,1.6489804490749897e-05,1.7544318361886007e-05,True,5.993455902662411e-11,True
96000,iir-p18000-s19000,lagrange-g64,edge,AB,4.95783211699982e-12,6.021972191436673e-12,3.5353017655882173e-12,True,5.993455902662411e-11,True
96000,iir-p18000-s19000,hann-g64,edge,AB,9.008779446740777e-07,6.026802801548342e-07,8.486858815520722e-07,True,5.993455902662411e-11,True
96000,iir-p18000-s19000,kaiser-g64,edge,AB,1.2074894498941514e-05,1.0282875717662376e-05,1.1973729702077947e-05,True,5.993455902662411e-11,True
96000,iir-p18000-s19000,hann-g8,overlap-reference,A1,0.0003663165556401047,0.000417445268193038,0.0003371843926197802,True,9.016614145977558e-12,True
96000,iir-p18000-s19000,hann-g16,overlap-reference,A1,4.456583713614515e-05,4.920930671074562e-05,4.1068556966515166e-05,True,9.016614145977558e-12,True
96000,iir-p18000-s19000,kaiser-g16,overlap-reference,A1,3.5347777004206275e-05,3.7834432555647886e-05,3.3349232265872106e-05,True,9.016614145977558e-12,True
96000,iir-p18000-s19000,lagrange-g32,overlap-reference,A1,2.1857775096105036e-12,3.6183564087491304e-12,1.5480170610979521e-12,True,9.016614145977558e-12,True
96000,iir-p18000-s19000,hann-g32,overlap-reference,A1,5.5154694349294576e-06,6.437595429374166e-06,5.025272444839086e-06,True,9.016614145977558e-12,True
96000,iir-p18000-s19000,kaiser-g32,overlap-reference,A1,2.2010804340144353e-05,2.2717879428795123e-05,2.059488751467473e-05,True,9.016614145977558e-12,True
96000,iir-p18000-s19000,lagrange-g64,overlap-reference,A1,2.1857203113724768e-12,3.6161340207001485e-12,1.5479768227605018e-12,True,9.016614145977558e-12,True
96000,iir-p18000-s19000,hann-g64,overlap-reference,A1,6.926806589858983e-07,7.80875598035426e-07,6.451021886870603e-07,True,9.016614145977558e-12,True
96000,iir-p18000-s19000,kaiser-g64,overlap-reference,A1,1.1343298967884125e-05,1.2056035655781793e-05,1.0827925595500214e-05,True,9.016614145977558e-12,True
96000,iir-p18000-s19000,hann-g8,overlap-reference,B1,3.741798873360128e-05,3.0420602651269217e-05,3.657276559711394e-05,True,2.779094553640453e-13,True
96000,iir-p18000-s19000,hann-g16,overlap-reference,B1,1.5130356328342701e-05,1.2235844935376354e-05,1.480437537924893e-05,True,2.779094553640453e-13,True
96000,iir-p18000-s19000,kaiser-g16,overlap-reference,B1,2.681908195935477e-05,2.4132706829293753e-05,2.2722391507680283e-05,True,2.779094553640453e-13,True
96000,iir-p18000-s19000,lagrange-g32,overlap-reference,B1,4.4315381048984344e-13,6.692857323218999e-13,3.1750402114232796e-13,True,2.779094553640453e-13,True
96000,iir-p18000-s19000,hann-g32,overlap-reference,B1,3.1765357994550184e-06,2.5819046812160147e-06,3.11690309830981e-06,True,2.779094553640453e-13,True
96000,iir-p18000-s19000,kaiser-g32,overlap-reference,B1,2.102837832754056e-05,1.8251310621964428e-05,2.0898208035168118e-05,True,2.779094553640453e-13,True
96000,iir-p18000-s19000,lagrange-g64,overlap-reference,B1,4.432086058685101e-13,6.693208396305614e-13,3.1753736828067075e-13,True,2.779094553640453e-13,True
96000,iir-p18000-s19000,hann-g64,overlap-reference,B1,6.462935524967798e-08,8.886119208368519e-08,5.806828519031316e-08,True,2.779094553640453e-13,True
96000,iir-p18000-s19000,kaiser-g64,overlap-reference,B1,1.8807638867242218e-06,3.0339856157454086e-06,1.8374913867724261e-06,True,2.779094553640453e-13,True
96000,iir-p18000-s19000,hann-g8,overlap-reference,AB,0.00036629018276099505,0.00041744526819279107,0.00033716028131419566,True,9.016606429352388e-12,True
96000,iir-p18000-s19000,hann-g16,overlap-reference,AB,4.456296804531654e-05,4.920930671074562e-05,4.106639779173406e-05,True,9.016606429352388e-12,True
96000,iir-p18000-s19000,kaiser-g16,overlap-reference,AB,3.5346665708641705e-05,3.7834432555524416e-05,3.3348780256433465e-05,True,9.016606429352388e-12,True
96000,iir-p18000-s19000,lagrange-g32,overlap-reference,AB,2.1856228345746513e-12,3.6183564087491304e-12,1.5478816443911686e-12,True,9.016606429352388e-12,True
96000,iir-p18000-s19000,hann-g32,overlap-reference,AB,5.515196669779029e-06,6.4375954291889665e-06,5.025174201501323e-06,True,9.016606429352388e-12,True
96000,iir-p18000-s19000,kaiser-g32,overlap-reference,AB,2.201063895323502e-05,2.271787942898032e-05,2.0595186350710523e-05,True,9.016606429352388e-12,True
96000,iir-p18000-s19000,lagrange-g64,overlap-reference,AB,2.1855664070645533e-12,3.6161340207001485e-12,1.5478409931314559e-12,True,9.016606429352388e-12,True
96000,iir-p18000-s19000,hann-g64,overlap-reference,AB,6.926307653864466e-07,7.80875598035426e-07,6.450552493905272e-07,True,9.016606429352388e-12,True
96000,iir-p18000-s19000,kaiser-g64,overlap-reference,AB,1.1342496789182673e-05,1.2056035655781793e-05,1.0827219546518237e-05,True,9.016606429352388e-12,True
96000,iir-p18000-s19000,hann-g8,sustained-edge,A1,0.00034386399796986937,0.0002953333582341773,0.00031110357718508734,True,4.4291444074389195e-11,True
96000,iir-p18000-s19000,hann-g16,sustained-edge,A1,4.772978330043997e-05,4.295166460916847e-05,4.2222579520279655e-05,True,4.4291444074389195e-11,True
96000,iir-p18000-s19000,kaiser-g16,sustained-edge,A1,3.0926845779263576e-05,2.6539268204844643e-05,2.84888937509033e-05,True,4.4291444074389195e-11,True
96000,iir-p18000-s19000,lagrange-g32,sustained-edge,A1,6.078466235482146e-12,7.528527665681844e-12,4.28587014160195e-12,True,4.4291444074389195e-11,True
96000,iir-p18000-s19000,hann-g32,sustained-edge,A1,6.444239237915653e-06,5.401568913743685e-06,5.617122716233346e-06,True,4.4291444074389195e-11,True
96000,iir-p18000-s19000,kaiser-g32,sustained-edge,A1,2.1447107877694174e-05,1.8554015632939986e-05,1.9676832031409854e-05,True,4.4291444074389195e-11,True
96000,iir-p18000-s19000,lagrange-g64,sustained-edge,A1,6.0783178049954954e-12,7.523757633006159e-12,4.2857734704688914e-12,True,4.4291444074389195e-11,True
96000,iir-p18000-s19000,hann-g64,sustained-edge,A1,7.057411714201379e-07,4.758015503868596e-07,6.321948019452471e-07,True,4.4291444074389195e-11,True
96000,iir-p18000-s19000,kaiser-g64,sustained-edge,A1,9.606360463112693e-06,7.084421792060696e-06,9.027075847063529e-06,True,4.4291444074389195e-11,True
96000,iir-p18000-s19000,hann-g8,sustained-edge,B1,0.0003557869862719131,0.00038071746689678456,0.00025489318853045553,True,1.2512928399916632e-10,True
96000,iir-p18000-s19000,hann-g16,sustained-edge,B1,3.026398896003826e-05,2.937702792543438e-05,1.3578579743120926e-05,True,1.2512928399916632e-10,True
96000,iir-p18000-s19000,kaiser-g16,sustained-edge,B1,1.8608544574849247e-05,2.630810766717496e-05,1.3781290381237036e-05,True,1.2512928399916632e-10,True
96000,iir-p18000-s19000,lagrange-g32,sustained-edge,B1,4.5873863301459906e-12,6.54203625101815e-12,3.300174062208927e-12,True,1.2512928399916632e-10,True
96000,iir-p18000-s19000,hann-g32,sustained-edge,B1,3.7769497563458807e-06,5.219311632637089e-06,2.1173989568455734e-06,True,1.2512928399916632e-10,True
96000,iir-p18000-s19000,kaiser-g32,sustained-edge,B1,1.1823556520715106e-05,1.792686274879113e-05,1.0920335427269875e-05,True,1.2512928399916632e-10,True
96000,iir-p18000-s19000,lagrange-g64,sustained-edge,B1,4.587858987214512e-12,6.534929422057094e-12,3.300524926199963e-12,True,1.2512928399916632e-10,True
96000,iir-p18000-s19000,hann-g64,sustained-edge,B1,4.6980003214768797e-07,4.701767316240157e-07,2.8327388698909835e-07,True,1.2512928399916632e-10,True
96000,iir-p18000-s19000,kaiser-g64,sustained-edge,B1,6.395108537460082e-06,8.295387693065983e-06,6.156711361941842e-06,True,1.2512928399916632e-10,True
96000,iir-p18000-s19000,hann-g8,sustained-edge,AB,0.0003438639977582603,0.00029533335823414005,0.00031110348435601744,True,4.429144420812224e-11,True
96000,iir-p18000-s19000,hann-g16,sustained-edge,AB,4.772978325318111e-05,4.295166460916847e-05,4.222257607906751e-05,True,4.429144420812224e-11,True
96000,iir-p18000-s19000,kaiser-g16,sustained-edge,AB,3.0926845756952016e-05,2.6539268204844643e-05,2.848889254678064e-05,True,4.429144420812224e-11,True
96000,iir-p18000-s19000,lagrange-g32,sustained-edge,AB,6.078466290358054e-12,7.528602197442401e-12,4.28586708153237e-12,True,4.429144420812224e-11,True
96000,iir-p18000-s19000,hann-g32,sustained-edge,AB,6.444239232999841e-06,5.401568913818216e-06,5.617120373619991e-06,True,4.429144420812224e-11,True
96000,iir-p18000-s19000,kaiser-g32,sustained-edge,AB,2.1447107861906083e-05,1.8554015632939986e-05,1.96768283111021e-05,True,4.429144420812224e-11,True
96000,iir-p18000-s19000,lagrange-g64,sustained-edge,AB,6.078318454611393e-12,7.523832164766716e-12,4.285770309309084e-12,True,4.429144420812224e-11,True
96000,iir-p18000-s19000,hann-g64,sustained-edge,AB,7.057411692283446e-07,4.758015503798723e-07,6.321949516332129e-07,True,4.429144420812224e-11,True
96000,iir-p18000-s19000,kaiser-g64,sustained-edge,AB,9.606360440060137e-06,7.084421791911633e-06,9.027077146400281e-06,True,4.429144420812224e-11,True
96000,iir-p18000-s20000,hann-g8,reference,A1,0.00013583466878363686,0.00021966515211809884,9.793660782213661e-05,True,9.872769400514467e-12,True
96000,iir-p18000-s20000,hann-g16,reference,A1,2.1816360705227168e-05,2.911206771040526e-05,1.8851702233129823e-05,True,9.872769400514467e-12,True
96000,iir-p18000-s20000,kaiser-g16,reference,A1,2.5052419355966632e-05,2.8482135405259666e-05,2.31975276469124e-05,True,9.872769400514467e-12,True
96000,iir-p18000-s20000,lagrange-g32,reference,A1,2.7191497486517118e-12,5.796469334409978e-12,1.9106421902160307e-12,True,9.872769400514467e-12,True
96000,iir-p18000-s20000,hann-g32,reference,A1,3.739752720722919e-06,4.343278311253635e-06,3.5435724286621864e-06,True,9.872769400514467e-12,True
96000,iir-p18000-s20000,kaiser-g32,reference,A1,1.3434222512310171e-05,1.6252295949745233e-05,1.3099695877973195e-05,True,9.872769400514467e-12,True
96000,iir-p18000-s20000,lagrange-g64,reference,A1,2.7191419724812803e-12,5.796445682752668e-12,1.910707844173437e-12,True,9.872769400514467e-12,True
96000,iir-p18000-s20000,hann-g64,reference,A1,4.988788262086991e-07,4.5628087402501765e-07,4.744505695015742e-07,True,9.872769400514467e-12,True
96000,iir-p18000-s20000,kaiser-g64,reference,A1,8.196179976177534e-06,8.213578429788011e-06,8.087076086370894e-06,True,9.872769400514467e-12,True
96000,iir-p18000-s20000,hann-g8,reference,B1,3.63927819454193e-05,2.797165463943956e-05,3.549329878471123e-05,True,1.6993011742959427e-13,True
96000,iir-p18000-s20000,hann-g16,reference,B1,1.4735203874231928e-05,1.1427573253108271e-05,1.4386298300832929e-05,True,1.6993011742959427e-13,True
96000,iir-p18000-s20000,kaiser-g16,reference,B1,2.6464365036378874e-05,2.2289886372558395e-05,2.2377167019499843e-05,True,1.6993011742959427e-13,True
96000,iir-p18000-s20000,lagrange-g32,reference,B1,4.3704451479688003e-13,8.52269637008627e-13,3.1280530342840345e-13,True,1.6993011742959427e-13,True
96000,iir-p18000-s20000,hann-g32,reference,B1,3.095281443712858e-06,2.4093942050797962e-06,3.030761979210123e-06,True,1.6993011742959427e-13,True
96000,iir-p18000-s20000,kaiser-g32,reference,B1,2.070371035240611e-05,1.6861504228429206e-05,2.0571516554736543e-05,True,1.6993011742959427e-13,True
96000,iir-p18000-s20000,lagrange-g64,reference,B1,4.3707012991608225e-13,8.521926061303725e-13,3.1280850927022706e-13,True,1.6993011742959427e-13,True
96000,iir-p18000-s20000,hann-g64,reference,B1,6.105791319416573e-08,7.898260453287406e-08,5.394655414931223e-08,True,1.6993011742959427e-13,True
96000,iir-p18000-s20000,kaiser-g64,reference,B1,1.7999209726548945e-06,2.7733294282895267e-06,1.7571324773082828e-06,True,1.6993011742959427e-13,True
96000,iir-p18000-s20000,hann-g8,reference,AB,0.0001345137238972448,0.00021966515211809884,9.704507300444214e-05,True,9.872769400514467e-12,True
96000,iir-p18000-s20000,hann-g16,reference,AB,2.1692318051180595e-05,2.911206771040526e-05,1.8770118122539024e-05,True,9.872769400514467e-12,True
96000,iir-p18000-s20000,kaiser-g16,reference,AB,2.5082671885042284e-05,2.848213540538581e-05,2.3180864913807592e-05,True,9.872769400514467e-12,True
96000,iir-p18000-s20000,lagrange-g32,reference,AB,2.691393377093221e-12,5.796469334409978e-12,1.8906247525043323e-12,True,9.872769400514467e-12,True
96000,iir-p18000-s20000,hann-g32,reference,AB,3.7274522156150318e-06,4.343278311253635e-06,3.5338201424743977e-06,True,9.872769400514467e-12,True
96000,iir-p18000-s20000,kaiser-g32,reference,AB,1.3625452159544857e-05,1.6252295949745233e-05,1.3298965411239793e-05,True,9.872769400514467e-12,True
96000,iir-p18000-s20000,lagrange-g64,reference,AB,2.69138576614488e-12,5.796445682752668e-12,1.8906860992175858e-12,True,9.872769400514467e-12,True
96000,iir-p18000-s20000,hann-g64,reference,AB,4.937289766544649e-07,4.5628087405655316e-07,4.695404533332608e-07,True,9.872769400514467e-12,True
96000,iir-p18000-s20000,kaiser-g64,reference,AB,8.114442183059381e-06,8.213578429788011e-06,8.006301388734097e-06,True,9.872769400514467e-12,True
96000,iir-p18000-s20000,hann-g8,edge,A1,0.00032073104872761216,0.00031429332211833737,0.0003018199482410727,True,3.5286261569814295e-11,True
96000,iir-p18000-s20000,hann-g16,edge,A1,7.5378867746654e-05,6.0862234797125794e-05,7.090010838452813e-05,True,3.5286261569814295e-11,True
96000,iir-p18000-s20000,kaiser-g16,edge,A1,5.262288185296329e-05,4.599499645568642e-05,5.149257925340663e-05,True,3.5286261569814295e-11,True
96000,iir-p18000-s20000,lagrange-g32,edge,A1,4.9049758618880245e-12,7.045668304789801e-12,3.4429724651882215e-12,True,3.5286261569814295e-11,True
96000,iir-p18000-s20000,hann-g32,edge,A1,5.555880058324841e-06,4.639088915892219e-06,4.914907228575652e-06,True,3.5286261569814295e-11,True
96000,iir-p18000-s20000,kaiser-g32,edge,A1,1.7239518883835467e-05,1.5550035964514216e-05,1.6684407153245663e-05,True,3.5286261569814295e-11,True
96000,iir-p18000-s20000,lagrange-g64,edge,A1,4.904139732436616e-12,7.041878072419469e-12,3.442320749393439e-12,True,3.5286261569814295e-11,True
96000,iir-p18000-s20000,hann-g64,edge,A1,8.459150833063658e-07,4.4062492002087284e-07,7.812918318290582e-07,True,3.5286261569814295e-11,True
96000,iir-p18000-s20000,kaiser-g64,edge,A1,1.1521913756408873e-05,7.976188293203665e-06,1.1392334532255701e-05,True,3.5286261569814295e-11,True
96000,iir-p18000-s20000,hann-g8,edge,B1,0.0003127865587237862,0.00033293224353634455,0.00020878528293804852,True,7.554233866869996e-11,True
96000,iir-p18000-s20000,hann-g16,edge,B1,2.783072072589149e-05,2.660334156212021e-05,1.0989123667486368e-05,True,7.554233866869996e-11,True
96000,iir-p18000-s20000,kaiser-g16,edge,B1,1.6902707968583387e-05,2.5312914138652654e-05,1.2426604161799408e-05,True,7.554233866869996e-11,True
96000,iir-p18000-s20000,lagrange-g32,edge,B1,4.486111272924675e-12,7.63928854827999e-12,3.196750632253719e-12,True,7.554233866869996e-11,True
96000,iir-p18000-s20000,hann-g32,edge,B1,3.3545143440650557e-06,3.351033331024296e-06,1.6793133148941256e-06,True,7.554233866869996e-11,True
96000,iir-p18000-s20000,kaiser-g32,edge,B1,1.0446984985891119e-05,1.3278867980884144e-05,9.618667711431502e-06,True,7.554233866869996e-11,True
96000,iir-p18000-s20000,lagrange-g64,edge,B1,4.4867896388472824e-12,7.639275757602267e-12,3.1970514073347543e-12,True,7.554233866869996e-11,True
96000,iir-p18000-s20000,hann-g64,edge,B1,4.135794350186882e-07,2.8819633609781404e-07,2.3317747229341257e-07,True,7.554233866869996e-11,True
96000,iir-p18000-s20000,kaiser-g64,edge,B1,5.7964165763195755e-06,5.612153409139678e-06,5.569800415318504e-06,True,7.554233866869996e-11,True
96000,iir-p18000-s20000,hann-g8,edge,AB,0.0003207310476399005,0.00031429332211833737,0.0003018191338671204,True,3.5286261569814295e-11,True
96000,iir-p18000-s20000,hann-g16,edge,AB,7.537886323404219e-05,6.0862234797125794e-05,7.090009567082936e-05,True,3.5286261569814295e-11,True
96000,iir-p18000-s20000,kaiser-g16,edge,AB,5.262287858180865e-05,4.599499645568642e-05,5.14925743343028e-05,True,3.5286261569814295e-11,True
96000,iir-p18000-s20000,lagrange-g32,edge,AB,4.904977823439438e-12,7.045671121410339e-12,3.4429732740278613e-12,True,3.5286261569814295e-11,True
96000,iir-p18000-s20000,hann-g32,edge,AB,5.555879813598544e-06,4.639088915892219e-06,4.914904321595557e-06,True,3.5286261569814295e-11,True
96000,iir-p18000-s20000,kaiser-g32,edge,AB,1.7239518127726696e-05,1.5550035964514216e-05,1.6684412397651203e-05,True,3.5286261569814295e-11,True
96000,iir-p18000-s20000,lagrange-g64,edge,AB,4.904141700242892e-12,7.041880889040006e-12,3.4423209948097207e-12,True,3.5286261569814295e-11,True
96000,iir-p18000-s20000,hann-g64,edge,AB,8.459150386702907e-07,4.4062492002087284e-07,7.812912879021986e-07,True,3.5286261569814295e-11,True
96000,iir-p18000-s20000,kaiser-g64,edge,AB,1.1521913159924599e-05,7.976188293444018e-06,1.139233191019311e-05,True,3.5286261569814295e-11,True
96000,iir-p18000-s20000,hann-g8,overlap-reference,A1,0.00035931567117204586,0.00036970722316542954,0.00033062448847418483,True,9.393036125867076e-12,True
96000,iir-p18000-s20000,hann-g16,overlap-reference,A1,4.344993310559107e-05,4.4053173996113016e-05,4.005659112149462e-05,True,9.393036125867076e-12,True
96000,iir-p18000-s20000,kaiser-g16,overlap-reference,A1,3.508419680321256e-05,3.460849048179347e-05,3.318965966659007e-05,True,9.393036125867076e-12,True
96000,iir-p18000-s20000,lagrange-g32,overlap-reference,A1,2.205181599673846e-12,2.8978605751694176e-12,1.5556995677968083e-12,True,9.393036125867076e-12,True
96000,iir-p18000-s20000,hann-g32,overlap-reference,A1,5.419586850187526e-06,5.933285191823793e-06,4.945391608191519e-06,True,9.393036125867076e-12,True
96000,iir-p18000-s20000,kaiser-g32,overlap-reference,A1,2.1800225226076763e-05,2.1037375424784656e-05,2.0469841338959323e-05,True,9.393036125867076e-12,True
96000,iir-p18000-s20000,lagrange-g64,overlap-reference,A1,2.2052337374946755e-12,2.8961333635134356e-12,1.5557373752954938e-12,True,9.393036125867076e-12,True
96000,iir-p18000-s20000,hann-g64,overlap-reference,A1,6.773495209856572e-07,6.903564881574692e-07,6.304371996031629e-07,True,9.393036125867076e-12,True
96000,iir-p18000-s20000,kaiser-g64,overlap-reference,A1,1.119002901895526e-05,1.0948218038957148e-05,1.0699848180048962e-05,True,9.393036125867076e-12,True
96000,iir-p18000-s20000,hann-g8,overlap-reference,B1,3.6392781940074925e-05,2.7971656472898506e-05,3.549329878040116e-05,True,1.6981028006333236e-13,True
96000,iir-p18000-s20000,hann-g16,overlap-reference,B1,1.473520386757483e-05,1.1427572824014463e-05,1.438629829494388e-05,True,1.6981028006333236e-13,True
96000,iir-p18000-s20000,kaiser-g16,overlap-reference,B1,2.6464365030415592e-05,2.2289886437356748e-05,2.2377167014901007e-05,True,1.6981028006333236e-13,True
96000,iir-p18000-s20000,lagrange-g32,overlap-reference,B1,4.3701360262104156e-13,8.522695790114105e-13,3.127749289041911e-13,True,1.6981028006333236e-13,True
96000,iir-p18000-s20000,hann-g32,overlap-reference,B1,3.095281442111432e-06,2.4093941707370457e-06,3.0307619777739042e-06,True,1.6981028006333236e-13,True
96000,iir-p18000-s20000,kaiser-g32,overlap-reference,B1,2.070371034480519e-05,1.6861504060540245e-05,2.057151654750271e-05,True,1.6981028006333236e-13,True
96000,iir-p18000-s20000,lagrange-g64,overlap-reference,B1,4.3707051454996204e-13,8.520641633500436e-13,3.1281305495954165e-13,True,1.6981028006333236e-13,True
96000,iir-p18000-s20000,hann-g64,overlap-reference,B1,6.10579132858854e-08,7.89826048583676e-08,5.394655424967633e-08,True,1.6981028006333236e-13,True
96000,iir-p18000-s20000,kaiser-g64,overlap-reference,B1,1.7999209775884485e-06,2.773329427056733e-06,1.757132482467044e-06,True,1.6981028006333236e-13,True
96000,iir-p18000-s20000,hann-g8,overlap-reference,AB,0.00035928979947869586,0.00036970722316542954,0.00033060073233687686,True,9.393036125867076e-12,True
96000,iir-p18000-s20000,hann-g16,overlap-reference,AB,4.344713687732567e-05,4.4053173996113016e-05,4.0054319497653946e-05,True,9.393036125867076e-12,True
96000,iir-p18000-s20000,kaiser-g16,overlap-reference,AB,3.5083078258046984e-05,3.460849048167991e-05,3.318910721889841e-05,True,9.393036125867076e-12,True
96000,iir-p18000-s20000,lagrange-g32,overlap-reference,AB,2.2050272820230736e-12,2.8978588007128557e-12,1.555870056248423e-12,True,9.393036125867076e-12,True
96000,iir-p18000-s20000,hann-g32,overlap-reference,AB,5.419317435171208e-06,5.933285191823793e-06,4.945251542462779e-06,True,9.393036125867076e-12,True
96000,iir-p18000-s20000,kaiser-g32,overlap-reference,AB,2.1800045711589947e-05,2.1037375424784656e-05,2.0469919583657814e-05,True,9.393036125867076e-12,True
96000,iir-p18000-s20000,lagrange-g64,overlap-reference,AB,2.2050791386128076e-12,2.8961315890568737e-12,1.5559094005825551e-12,True,9.393036125867076e-12,True
96000,iir-p18000-s20000,hann-g64,overlap-reference,AB,6.773007035247488e-07,6.903564881574692e-07,6.303905348404098e-07,True,9.393036125867076e-12,True
96000,iir-p18000-s20000,kaiser-g64,overlap-reference,AB,1.1189236444136576e-05,1.0948218038843583e-05,1.0699131438637427e-05,True,9.393036125867076e-12,True
96000,iir-p18000-s20000,hann-g8,sustained-edge,A1,0.0003540270872114368,0.0003809441443907085,0.000322891376848495,True,4.695796966504139e-11,True
96000,iir-p18000-s20000,hann-g16,sustained-edge,A1,4.6923435052132555e-05,4.263165303410323e-05,4.157133843184883e-05,True,4.695796966504139e-11,True
96000,iir-p18000-s20000,kaiser-g16,sustained-edge,A1,3.0778662187500657e-05,2.8101216227064117e-05,2.8518520218518494e-05,True,4.695796966504139e-11,True
96000,iir-p18000-s20000,lagrange-g32,sustained-edge,A1,6.109112043742756e-12,8.57982554903886e-12,4.30737289691649e-12,True,4.695796966504139e-11,True
96000,iir-p18000-s20000,hann-g32,sustained-edge,A1,6.33360846176581e-06,5.2113103694717755e-06,5.529649358598329e-06,True,4.695796966504139e-11,True
96000,iir-p18000-s20000,kaiser-g32,sustained-edge,A1,2.118733953034656e-05,1.8312765490478466e-05,1.954623676926566e-05,True,4.695796966504139e-11,True
96000,iir-p18000-s20000,lagrange-g64,sustained-edge,A1,6.109178845355357e-12,8.584818637382448e-12,4.307432357216333e-12,True,4.695796966504139e-11,True
96000,iir-p18000-s20000,hann-g64,sustained-edge,A1,7.008184799626113e-07,4.794569931731407e-07,6.280939598214939e-07,True,4.695796966504139e-11,True
96000,iir-p18000-s20000,kaiser-g64,sustained-edge,A1,9.550728185895539e-06,7.58604466290269e-06,9.002107730037528e-06,True,4.695796966504139e-11,True
96000,iir-p18000-s20000,hann-g8,sustained-edge,B1,0.0003127865602540348,0.00033293225154731556,0.0002087852839736249,True,7.554239191794973e-11,True
96000,iir-p18000-s20000,hann-g16,sustained-edge,B1,2.783072082272209e-05,2.66033422900433e-05,1.0989123601702342e-05,True,7.554239191794973e-11,True
96000,iir-p18000-s20000,kaiser-g16,sustained-edge,B1,1.690270781992422e-05,2.531291435444804e-05,1.2426603975824343e-05,True,7.554239191794973e-11,True
96000,iir-p18000-s20000,lagrange-g32,sustained-edge,B1,4.48617217894737e-12,7.639288303015303e-12,3.1967866499945274e-12,True,7.554239191794973e-11,True
96000,iir-p18000-s20000,hann-g32,sustained-edge,B1,3.3545143488704684e-06,3.351033407622787e-06,1.679313309664474e-06,True,7.554239191794973e-11,True
96000,iir-p18000-s20000,kaiser-g32,sustained-edge,B1,1.04469849338404e-05,1.3278868247640992e-05,9.618667650843133e-06,True,7.554239191794973e-11,True
96000,iir-p18000-s20000,lagrange-g64,sustained-edge,B1,4.486801282698764e-12,7.639299672506245e-12,3.1970596258632477e-12,True,7.554239191794973e-11,True
96000,iir-p18000-s20000,hann-g64,sustained-edge,B1,4.1357943609010397e-07,2.88196347965036e-07,2.3317747281525382e-07,True,7.554239191794973e-11,True
96000,iir-p18000-s20000,kaiser-g64,sustained-edge,B1,5.796416578141254e-06,5.6121535650215395e-06,5.56980041624502e-06,True,7.554239191794973e-11,True
96000,iir-p18000-s20000,hann-g8,sustained-edge,AB,0.00035402708706279716,0.00038094414439070857,0.000322891480654399,True,4.695796858119353e-11,True
96000,iir-p18000-s20000,hann-g16,sustained-edge,AB,4.692343499219335e-05,4.263165303410324e-05,4.157135383414244e-05,True,4.695796858119353e-11,True
96000,iir-p18000-s20000,kaiser-g16,sustained-edge,AB,3.077866214676829e-05,2.8101216227064124e-05,2.8518522393434862e-05,True,4.695796858119353e-11,True
96000,iir-p18000-s20000,lagrange-g32,sustained-edge,AB,6.109112084186851e-12,8.579825549038862e-12,4.307376056509349e-12,True,4.695796858119353e-11,True
96000,iir-p18000-s20000,hann-g32,sustained-edge,AB,6.333608452576293e-06,5.211310369471776e-06,5.5296485576509256e-06,True,4.695796858119353e-11,True
96000,iir-p18000-s20000,kaiser-g32,sustained-edge,AB,2.118733949989812e-05,1.8312765490478466e-05,1.954623512343573e-05,True,4.695796858119353e-11,True
96000,iir-p18000-s20000,lagrange-g64,sustained-edge,AB,6.109178884174428e-12,8.58481863738245e-12,4.307435209359797e-12,True,4.695796858119353e-11,True
96000,iir-p18000-s20000,hann-g64,sustained-edge,AB,7.008184772094883e-07,4.794569931731408e-07,6.280941567062774e-07,True,4.695796858119353e-11,True
96000,iir-p18000-s20000,kaiser-g64,sustained-edge,AB,9.550728162767166e-06,7.586044662902691e-06,9.002109557350069e-06,True,4.695796858119353e-11,True
96000,iir-p18000-s24000,hann-g8,reference,A1,0.00013497083558836187,0.00020312530568114217,9.562705658761281e-05,True,1.55176101607628e-11,True
96000,iir-p18000-s24000,hann-g16,reference,A1,2.18362119738957e-05,2.243425207112455e-05,1.8738543664570552e-05,True,1.55176101607628e-11,True
96000,iir-p18000-s24000,kaiser-g16,reference,A1,2.5694975335287826e-05,2.195133839862222e-05,2.3823715262980872e-05,True,1.55176101607628e-11,True
96000,iir-p18000-s24000,lagrange-g32,reference,A1,2.747452995867229e-12,4.698876731457842e-12,1.92319317802623e-12,True,1.55176101607628e-11,True
96000,iir-p18000-s24000,hann-g32,reference,A1,3.647657255492472e-06,3.6212405609994628e-06,3.43075044242714e-06,True,1.55176101607628e-11,True
96000,iir-p18000-s24000,kaiser-g32,reference,A1,1.32286109619127e-05,1.43611976368006e-05,1.2865693262633379e-05,True,1.55176101607628e-11,True
96000,iir-p18000-s24000,lagrange-g64,reference,A1,2.7474750156374253e-12,4.696309771103855e-12,1.923187490171683e-12,True,1.55176101607628e-11,True
96000,iir-p18000-s24000,hann-g64,reference,A1,4.847141241107071e-07,4.185007831033787e-07,4.573266532938838e-07,True,1.55176101607628e-11,True
96000,iir-p18000-s24000,kaiser-g64,reference,A1,8.074976406170122e-06,7.334612111800124e-06,7.952569950817915e-06,True,1.55176101607628e-11,True
96000,iir-p18000-s24000,hann-g8,reference,B1,3.565589607521627e-05,2.7538808492853876e-05,3.4706522881520027e-05,True,2.4620299209693525e-13,True
96000,iir-p18000-s24000,hann-g16,reference,B1,1.4449292887400251e-05,1.1238204534698102e-05,1.4079437516549516e-05,True,2.4620299209693525e-13,True
96000,iir-p18000-s24000,kaiser-g16,reference,B1,2.619301475087693e-05,2.1843085131359164e-05,2.2114462655490462e-05,True,2.4620299209693525e-13,True
96000,iir-p18000-s24000,lagrange-g32,reference,B1,4.4539316872110285e-13,8.260696582452409e-13,3.0947735808362314e-13,True,2.4620299209693525e-13,True
96000,iir-p18000-s24000,hann-g32,reference,B1,3.0363067844650415e-06,2.369545972029032e-06,2.967282649512066e-06,True,2.4620299209693525e-13,True
96000,iir-p18000-s24000,kaiser-g32,reference,B1,2.045874827965601e-05,1.6587896146052936e-05,2.0321979675146217e-05,True,2.4620299209693525e-13,True
96000,iir-p18000-s24000,lagrange-g64,reference,B1,4.4541552549668523e-13,8.259133388851793e-13,3.094929758781807e-13,True,2.4620299209693525e-13,True
96000,iir-p18000-s24000,hann-g64,reference,B1,5.8654995009102084e-08,7.407111715504623e-08,5.114602410067344e-08,True,2.4620299209693525e-13,True
96000,iir-p18000-s24000,kaiser-g64,reference,B1,1.7420913417944032e-06,2.698471788232672e-06,1.6996251475768066e-06,True,2.4620299209693525e-13,True
96000,iir-p18000-s24000,hann-g8,reference,AB,0.00013365595508260452,0.00020312530568115616,9.475623853281516e-05,True,1.5517386946818977e-11,True
96000,iir-p18000-s24000,hann-g16,reference,AB,2.170790775048253e-05,2.2434252071012947e-05,1.8653569174559476e-05,True,1.5517386946818977e-11,True
96000,iir-p18000-s24000,kaiser-g16,reference,AB,2.5705454767830363e-05,2.1951338398622224e-05,2.3789333098748862e-05,True,1.5517386946818977e-11,True
96000,iir-p18000-s24000,lagrange-g32,reference,AB,2.7194334805106835e-12,4.698848829714864e-12,1.903454584515007e-12,True,1.5517386946818977e-11,True
96000,iir-p18000-s24000,hann-g32,reference,AB,3.635963581499653e-06,3.6212405609994636e-06,3.4218254556050044e-06,True,1.5517386946818977e-11,True
96000,iir-p18000-s24000,kaiser-g32,reference,AB,1.3419125074248005e-05,1.436119763691221e-05,1.306488624963294e-05,True,1.5517386946818977e-11,True
96000,iir-p18000-s24000,lagrange-g64,reference,AB,2.71945534328121e-12,4.6962818693608785e-12,1.9034464096256672e-12,True,1.5517386946818977e-11,True
96000,iir-p18000-s24000,hann-g64,reference,AB,4.797106642545424e-07,4.185007829917718e-07,4.52590534087627e-07,True,1.5517386946818977e-11,True
96000,iir-p18000-s24000,kaiser-g64,reference,AB,7.994334628482116e-06,7.33461211202334e-06,7.872981582367798e-06,True,1.5517386946818977e-11,True
96000,iir-p18000-s24000,hann-g8,edge,A1,0.00030440318716985846,0.00024395895132413485,0.0002811444945667231,True,4.5437553715032366e-11,True
96000,iir-p18000-s24000,hann-g16,edge,A1,7.102075904831001e-05,4.90906836542058e-05,6.575789870866103e-05,True,4.5437553715032366e-11,True
96000,iir-p18000-s24000,kaiser-g16,edge,A1,5.087267093846908e-05,3.840712290705691e-05,4.9611844581167566e-05,True,4.5437553715032366e-11,True
96000,iir-p18000-s24000,lagrange-g32,edge,A1,4.714208704653085e-12,6.378130882923788e-12,3.651356106766328e-12,True,4.5437553715032366e-11,True
96000,iir-p18000-s24000,hann-g32,edge,A1,5.342093642554464e-06,3.1317288442260943e-06,4.625674332028168e-06,True,4.5437553715032366e-11,True
96000,iir-p18000-s24000,kaiser-g32,edge,A1,1.6719688166622415e-05,1.1534876132936593e-05,1.6099977800872727e-05,True,4.5437553715032366e-11,True
96000,iir-p18000-s24000,lagrange-g64,edge,A1,4.713786119525907e-12,6.378170296232147e-12,3.650910027273839e-12,True,4.5437553715032366e-11,True
96000,iir-p18000-s24000,hann-g64,edge,A1,8.095746257186773e-07,4.26706194363152e-07,7.355863288185945e-07,True,4.5437553715032366e-11,True
96000,iir-p18000-s24000,kaiser-g64,edge,A1,1.1114896457950624e-05,7.515610992997475e-06,1.0956450472499536e-05,True,4.5437553715032366e-11,True
96000,iir-p18000-s24000,hann-g8,edge,B1,0.00027859011716919487,0.00028572037222175943,0.00017400500568785286,True,2.8046159886316593e-11,True
96000,iir-p18000-s24000,hann-g16,edge,B1,2.5254513376728135e-05,2.2276585517304835e-05,8.964073836816079e-06,True,2.8046159886316593e-11,True
96000,iir-p18000-s24000,kaiser-g16,edge,B1,1.593963504005011e-05,2.3642819854494466e-05,1.1575034321200563e-05,True,2.8046159886316593e-11,True
96000,iir-p18000-s24000,lagrange-g32,edge,B1,4.951830792686038e-12,8.175464899069702e-12,4.178283326018021e-12,True,2.8046159886316593e-11,True
96000,iir-p18000-s24000,hann-g32,edge,B1,2.9924004093328107e-06,2.1491171826408416e-06,1.4387377285737983e-06,True,2.8046159886316593e-11,True
96000,iir-p18000-s24000,kaiser-g32,edge,B1,9.84623803170835e-06,8.804939542753657e-06,9.045170825923257e-06,True,2.8046159886316593e-11,True
96000,iir-p18000-s24000,lagrange-g64,edge,B1,4.95093629321193e-12,8.17543013609971e-12,4.1772678753558945e-12,True,2.8046159886316593e-11,True
96000,iir-p18000-s24000,hann-g64,edge,B1,3.9395196580321205e-07,3.1014511167484773e-07,2.177189622020297e-07,True,2.8046159886316593e-11,True
96000,iir-p18000-s24000,kaiser-g64,edge,B1,5.646174722246595e-06,4.228820630374944e-06,5.4303221088843605e-06,True,2.8046159886316593e-11,True
96000,iir-p18000-s24000,hann-g8,edge,AB,0.0003044031832885469,0.00024395895132413485,0.0002811446288866456,True,4.5437553715032366e-11,True
96000,iir-p18000-s24000,hann-g16,edge,AB,7.10207541775192e-05,4.90906836542058e-05,6.575790620888892e-05,True,4.5437553715032366e-11,True
96000,iir-p18000-s24000,kaiser-g16,edge,AB,5.087266733656279e-05,3.840712290705691e-05,4.961183821432677e-05,True,4.5437553715032366e-11,True
96000,iir-p18000-s24000,lagrange-g32,edge,AB,4.714209544924198e-12,6.3781243140390616e-12,3.651371281313416e-12,True,4.5437553715032366e-11,True
96000,iir-p18000-s24000,hann-g32,edge,AB,5.342093354744056e-06,3.131728844228727e-06,4.625677272812576e-06,True,4.5437553715032366e-11,True
96000,iir-p18000-s24000,kaiser-g32,edge,AB,1.671968730919992e-05,1.1534876132936593e-05,1.6099986412691982e-05,True,4.5437553715032366e-11,True
96000,iir-p18000-s24000,lagrange-g64,edge,AB,4.713786967703722e-12,6.37816372734742e-12,3.650922669340976e-12,True,4.5437553715032366e-11,True
96000,iir-p18000-s24000,hann-g64,edge,AB,8.095745772083077e-07,4.26706194363152e-07,7.355863503002733e-07,True,4.5437553715032366e-11,True
96000,iir-p18000-s24000,kaiser-g64,edge,AB,1.111489581050189e-05,7.515610992997475e-06,1.0956449678738607e-05,True,4.5437553715032366e-11,True
96000,iir-p18000-s24000,hann-g8,overlap-reference,A1,0.0003543148496180863,0.00034755926411435744,0.00032590095746673644,True,1.1274846980638734e-11,True
96000,iir-p18000-s24000,hann-g16,overlap-reference,A1,4.264931398839875e-05,4.152484136407311e-05,3.932803378484029e-05,True,1.1274846980638734e-11,True
96000,iir-p18000-s24000,kaiser-g16,overlap-reference,A1,3.489735217791648e-05,3.4020280187239745e-05,3.3067115894305905e-05,True,1.1274846980638734e-11,True
96000,iir-p18000-s24000,lagrange-g32,overlap-reference,A1,2.2452388754024133e-12,3.1775969433514344e-12,1.584472742093462e-12,True,1.1274846980638734e-11,True
96000,iir-p18000-s24000,hann-g32,overlap-reference,A1,5.350757830913614e-06,5.897137184396334e-06,4.887106572734868e-06,True,1.1274846980638734e-11,True
96000,iir-p18000-s24000,kaiser-g32,overlap-reference,A1,2.16503734814642e-05,2.0751665654730618e-05,2.037501130978774e-05,True,1.1274846980638734e-11,True
96000,iir-p18000-s24000,lagrange-g64,overlap-reference,A1,2.2452449024383562e-12,3.1791667246488027e-12,1.5844729134493278e-12,True,1.1274846980638734e-11,True
96000,iir-p18000-s24000,hann-g64,overlap-reference,A1,6.665214615975098e-07,6.956298534282857e-07,6.199997983910816e-07,True,1.1274846980638734e-11,True
96000,iir-p18000-s24000,kaiser-g64,overlap-reference,A1,1.1079971760872225e-05,1.0945344395433591e-05,1.0605389510121764e-05,True,1.1274846980638734e-11,True
96000,iir-p18000-s24000,hann-g8,overlap-reference,B1,3.565589607093053e-05,2.7538810349641294e-05,3.470652287689059e-05,True,2.464982468978847e-13,True
96000,iir-p18000-s24000,hann-g16,overlap-reference,B1,1.4449292881056113e-05,1.123820453930704e-05,1.4079437510766833e-05,True,2.464982468978847e-13,True
96000,iir-p18000-s24000,kaiser-g16,overlap-reference,B1,2.6193014744520412e-05,2.184308534625638e-05,2.2114462650520198e-05,True,2.464982468978847e-13,True
96000,iir-p18000-s24000,lagrange-g32,overlap-reference,B1,4.454178485135917e-13,8.259219726950544e-13,3.0949705885380236e-13,True,2.464982468978847e-13,True
96000,iir-p18000-s24000,hann-g32,overlap-reference,B1,3.036306782927235e-06,2.3695459489299847e-06,2.967282648080865e-06,True,2.464982468978847e-13,True
96000,iir-p18000-s24000,kaiser-g32,overlap-reference,B1,2.0458748272060683e-05,1.658789639890481e-05,2.0321979667811142e-05,True,2.464982468978847e-13,True
96000,iir-p18000-s24000,lagrange-g64,overlap-reference,B1,4.454158307307345e-13,8.257830221612901e-13,3.0948767261245883e-13,True,2.464982468978847e-13,True
96000,iir-p18000-s24000,hann-g64,overlap-reference,B1,5.8654995058775934e-08,7.407111873100097e-08,5.114602415068331e-08,True,2.464982468978847e-13,True
96000,iir-p18000-s24000,kaiser-g64,overlap-reference,B1,1.7420913464410193e-06,2.6984718660778113e-06,1.699625152456918e-06,True,2.464982468978847e-13,True
96000,iir-p18000-s24000,hann-g8,overlap-reference,AB,0.0003542893373942479,0.00034755926411435744,0.00032587728534182647,True,1.1274846980638734e-11,True
96000,iir-p18000-s24000,hann-g16,overlap-reference,AB,4.264656940933317e-05,4.152484136396246e-05,3.9325682635867145e-05,True,1.1274846980638734e-11,True
96000,iir-p18000-s24000,kaiser-g16,overlap-reference,AB,3.489622651607017e-05,3.4020280187239745e-05,3.30664195613656e-05,True,1.1274846980638734e-11,True
96000,iir-p18000-s24000,lagrange-g32,overlap-reference,AB,2.245082613538776e-12,3.1775969433514344e-12,1.5843750300484922e-12,True,1.1274846980638734e-11,True
96000,iir-p18000-s24000,hann-g32,overlap-reference,AB,5.350490571574974e-06,5.897137184396334e-06,4.886937028124202e-06,True,1.1274846980638734e-11,True
96000,iir-p18000-s24000,kaiser-g32,overlap-reference,AB,2.1650181791175613e-05,2.0751665654730618e-05,2.03749378655186e-05,True,1.1274846980638734e-11,True
96000,iir-p18000-s24000,lagrange-g64,overlap-reference,AB,2.2450897104823755e-12,3.1791667246488027e-12,1.5843771521032286e-12,True,1.1274846980638734e-11,True
96000,iir-p18000-s24000,hann-g64,overlap-reference,AB,6.664734094804892e-07,6.95629853206995e-07,6.199532550268475e-07,True,1.1274846980638734e-11,True
96000,iir-p18000-s24000,kaiser-g64,overlap-reference,AB,1.107918616800405e-05,1.0945344395654882e-05,1.0604661429778372e-05,True,1.1274846980638734e-11,True
96000,iir-p18000-s24000,hann-g8,sustained-edge,A1,0.00036585202355514,0.0005838455900721814,0.00033579981089316096,True,7.454929056862972e-11,True
96000,iir-p18000-s24000,hann-g16,sustained-edge,A1,4.627107725715652e-05,4.9138706094454454e-05,4.104215788784743e-05,True,7.454929056862972e-11,True
96000,iir-p18000-s24000,kaiser-g16,sustained-edge,A1,3.081254715074306e-05,3.0465925307709784e-05,2.8637020297000212e-05,True,7.454929056862972e-11,True
96000,iir-p18000-s24000,lagrange-g32,sustained-edge,A1,6.35152688874802e-12,8.650633989308009e-12,4.489530641980684e-12,True,7.454929056862972e-11,True
96000,iir-p18000-s24000,hann-g32,sustained-edge,A1,6.296780974949997e-06,5.573594770006371e-06,5.514087007722643e-06,True,7.454929056862972e-11,True
96000,iir-p18000-s24000,kaiser-g32,sustained-edge,A1,2.1130500240147827e-05,1.9016713967687033e-05,1.957751786669629e-05,True,7.454929056862972e-11,True
96000,iir-p18000-s24000,lagrange-g64,sustained-edge,A1,6.351654282627109e-12,8.650777790262e-12,4.4895329685731514e-12,True,7.454929056862972e-11,True
96000,iir-p18000-s24000,hann-g64,sustained-edge,A1,7.109804979926178e-07,5.068557790459544e-07,6.394635689801659e-07,True,7.454929056862972e-11,True
96000,iir-p18000-s24000,kaiser-g64,sustained-edge,A1,9.604629790026936e-06,8.106776945115174e-06,9.073323007922178e-06,True,7.454929056862972e-11,True
96000,iir-p18000-s24000,hann-g8,sustained-edge,B1,0.00027859011839752757,0.0002857203801696497,0.0001740050064694936,True,2.8046168458522816e-11,True
96000,iir-p18000-s24000,hann-g16,sustained-edge,B1,2.5254513450664417e-05,2.227658637559436e-05,8.964073771822556e-06,True,2.8046168458522816e-11,True
96000,iir-p18000-s24000,kaiser-g16,sustained-edge,B1,1.5939634919130083e-05,2.3642820012348986e-05,1.1575034162512583e-05,True,2.8046168458522816e-11,True
96000,iir-p18000-s24000,lagrange-g32,sustained-edge,B1,4.951818012345358e-12,8.175471643108958e-12,4.178249757203592e-12,True,2.8046168458522816e-11,True
96000,iir-p18000-s24000,hann-g32,sustained-edge,B1,2.9924004139430433e-06,2.149117275731384e-06,1.4387377256210725e-06,True,2.8046168458522816e-11,True
96000,iir-p18000-s24000,kaiser-g32,sustained-edge,B1,9.846237998508254e-06,8.804939885238124e-06,9.045170785234684e-06,True,2.8046168458522816e-11,True
96000,iir-p18000-s24000,lagrange-g64,sustained-edge,B1,4.950942816108558e-12,8.175453102858769e-12,4.1772382647613925e-12,True,2.8046168458522816e-11,True
96000,iir-p18000-s24000,hann-g64,sustained-edge,B1,3.939519668433489e-07,3.101451210518878e-07,2.1771896277776321e-07,True,2.8046168458522816e-11,True
96000,iir-p18000-s24000,kaiser-g64,sustained-edge,B1,5.646174726648321e-06,4.228820783050845e-06,5.43032211263383e-06,True,2.8046168458522816e-11,True
96000,iir-p18000-s24000,hann-g8,sustained-edge,AB,0.00036585202321589574,0.0005838455900722533,0.00033579994670599557,True,7.454921866815271e-11,True
96000,iir-p18000-s24000,hann-g16,sustained-edge,AB,4.627107718541169e-05,4.9138706094454454e-05,4.104217459100074e-05,True,7.454921866815271e-11,True
96000,iir-p18000-s24000,kaiser-g16,sustained-edge,AB,3.08125471009159e-05,3.0465925307709784e-05,2.8637024051993812e-05,True,7.454921866815271e-11,True
96000,iir-p18000-s24000,lagrange-g32,sustained-edge,AB,6.351525870106493e-12,8.650633989308009e-12,4.4895298053061775e-12,True,7.454921866815271e-11,True
96000,iir-p18000-s24000,hann-g32,sustained-edge,AB,6.296780964175061e-06,5.573594770006371e-06,5.514087214288886e-06,True,7.454921866815271e-11,True
96000,iir-p18000-s24000,kaiser-g32,sustained-edge,AB,2.1130500203689445e-05,1.9016713967687033e-05,1.9577517679256137e-05,True,7.454921866815271e-11,True
96000,iir-p18000-s24000,lagrange-g64,sustained-edge,AB,6.351653260959637e-12,8.650777790262e-12,4.4895333529654135e-12,True,7.454921866815271e-11,True
96000,iir-p18000-s24000,hann-g64,sustained-edge,AB,7.109804954565269e-07,5.068557790459544e-07,6.394637998084772e-07,True,7.454921866815271e-11,True
96000,iir-p18000-s24000,kaiser-g64,sustained-edge,AB,9.604629765511297e-06,8.106776945115174e-06,9.07332469727757e-06,True,7.454921866815271e-11,True
96000,fir129-p18000-s24000,hann-g8,reference,A1,0.00013467404700155815,0.00018121909655280678,9.495798073239047e-05,True,1.0484808966046137e-10,True
96000,fir129-p18000-s24000,hann-g16,reference,A1,2.1936026402876414e-05,2.376641152443452e-05,1.8788421786600452e-05,True,1.0484808966046137e-10,True
96000,fir129-p18000-s24000,kaiser-g16,reference,A1,2.6026067667049093e-05,2.351622134168724e-05,2.4151850960235555e-05,True,1.0484808966046137e-10,True
96000,fir129-p18000-s24000,lagrange-g32,reference,A1,2.9849113634903053e-07,2.830232845156707e-07,1.6720205468647298e-07,True,1.0484808966046137e-10,True
96000,fir129-p18000-s24000,hann-g32,reference,A1,3.613353117361386e-06,3.974219632838763e-06,3.382778091738579e-06,True,1.0484808966046137e-10,True
96000,fir129-p18000-s24000,kaiser-g32,reference,A1,1.3133472240078635e-05,1.493360352842015e-05,1.2754976378282151e-05,True,1.0484808966046137e-10,True
96000,fir129-p18000-s24000,lagrange-g64,reference,A1,2.500587283676168e-07,2.0251688695037072e-07,1.4434716123981302e-07,True,1.0484808966046137e-10,True
96000,fir129-p18000-s24000,hann-g64,reference,A1,4.943257677001059e-07,4.618193695880119e-07,4.559394464813593e-07,True,1.0484808966046137e-10,True
96000,fir129-p18000-s24000,kaiser-g64,reference,A1,8.019958301496037e-06,7.379254227887927e-06,7.889450762125151e-06,True,1.0484808966046137e-10,True
96000,fir129-p18000-s24000,hann-g8,reference,B1,3.528975507096476e-05,2.7031642532486434e-05,3.43124098074039e-05,True,2.453114237342063e-12,True
96000,fir129-p18000-s24000,hann-g16,reference,B1,1.4306694438355422e-05,1.1030666494118194e-05,1.3925104852589667e-05,True,2.453114237342063e-12,True
96000,fir129-p18000-s24000,kaiser-g16,reference,B1,2.6053033514304527e-05,2.1397271144508588e-05,2.197922833312099e-05,True,2.453114237342063e-12,True
96000,fir129-p18000-s24000,lagrange-g32,reference,B1,4.078184267279945e-09,8.75092084941077e-09,1.4708233782443295e-09,True,2.453114237342063e-12,True
96000,fir129-p18000-s24000,hann-g32,reference,B1,3.0068334507886895e-06,2.32517074693363e-06,2.935278153558293e-06,True,2.453114237342063e-12,True
96000,fir129-p18000-s24000,kaiser-g32,reference,B1,2.033336489679672e-05,1.6273967328808632e-05,2.019328009286671e-05,True,2.453114237342063e-12,True
96000,fir129-p18000-s24000,lagrange-g64,reference,B1,3.4409079085503232e-09,6.214424594031865e-09,1.3713176925771083e-09,True,2.453114237342063e-12,True
96000,fir129-p18000-s24000,hann-g64,reference,B1,5.754160777763483e-08,7.124411989873804e-08,4.981707564184614e-08,True,2.453114237342063e-12,True
96000,fir129-p18000-s24000,kaiser-g64,reference,B1,1.7135063175662796e-06,2.6331193253764167e-06,1.671192794698431e-06,True,2.453114237342063e-12,True
96000,fir129-p18000-s24000,hann-g8,reference,AB,0.0001333613849666643,0.00018121909540907828,9.409300936641892e-05,True,1.0405888407454151e-10,True
96000,fir129-p18000-s24000,hann-g16,reference,AB,2.1804353730350576e-05,2.37664081105184e-05,1.8699910017968033e-05,True,1.0405888407454151e-10,True
96000,fir129-p18000-s24000,kaiser-g16,reference,AB,2.6026629639751915e-05,2.3516220942664686e-05,2.4108454914379536e-05,True,1.0405888407454151e-10,True
96000,fir129-p18000-s24000,lagrange-g32,reference,AB,2.9536799635324436e-07,2.8302457999012057e-07,1.6544555156604906e-07,True,1.0405888407454151e-10,True
96000,fir129-p18000-s24000,hann-g32,reference,AB,3.601761623356587e-06,3.974220187893835e-06,3.3740854633175284e-06,True,1.0405888407454151e-10,True
96000,fir129-p18000-s24000,kaiser-g32,reference,AB,1.3323176405459214e-05,1.4933600133171964e-05,1.2953589153526886e-05,True,1.0405888407454151e-10,True
96000,fir129-p18000-s24000,lagrange-g64,reference,AB,2.474427485007287e-07,2.0251818964552684e-07,1.428264669108586e-07,True,1.0405888407454151e-10,True
96000,fir129-p18000-s24000,hann-g64,reference,AB,4.892216273278045e-07,4.6181881489035426e-07,4.5121416433042103e-07,True,1.0405888407454151e-10,True
96000,fir129-p18000-s24000,kaiser-g64,reference,AB,7.939846647268233e-06,7.379255355500613e-06,7.810443356290362e-06,True,1.0405888407454151e-10,True
96000,fir129-p18000-s24000,hann-g8,edge,A1,0.0002976778888690037,0.00023051654068991724,0.00027229034497436966,True,2.517341306178843e-10,True
96000,fir129-p18000-s24000,hann-g16,edge,A1,6.913800643749871e-05,4.7616565522064324e-05,6.347477565079329e-05,True,2.517341306178843e-10,True
96000,fir129-p18000-s24000,kaiser-g16,edge,A1,5.004290140574229e-05,3.869988452370853e-05,4.870660623707984e-05,True,2.517341306178843e-10,True
96000,fir129-p18000-s24000,lagrange-g32,edge,A1,7.310292228866562e-07,3.7230151798989545e-07,4.0917300610764333e-07,True,2.517341306178843e-10,True
96000,fir129-p18000-s24000,hann-g32,edge,A1,5.288020705794615e-06,2.8901753049189317e-06,4.526541057352022e-06,True,2.517341306178843e-10,True
96000,fir129-p18000-s24000,kaiser-g32,edge,A1,1.650193657558852e-05,1.083156254899545e-05,1.5847737996349618e-05,True,2.517341306178843e-10,True
96000,fir129-p18000-s24000,lagrange-g64,edge,A1,6.124979743716627e-07,2.6497673559666303e-07,3.534264023996919e-07,True,2.517341306178843e-10,True
96000,fir129-p18000-s24000,hann-g64,edge,A1,8.500107723693721e-07,4.213438695771137e-07,7.383616133797683e-07,True,2.517341306178843e-10,True
96000,fir129-p18000-s24000,kaiser-g64,edge,A1,1.0919924842112115e-05,7.138139557849457e-06,1.0741677351522866e-05,True,2.517341306178843e-10,True
96000,fir129-p18000-s24000,hann-g8,edge,B1,0.0002597796950719692,0.00024247171077899248,0.00015761656913607265,True,2.2400670476429686e-10,True
96000,fir129-p18000-s24000,hann-g16,edge,B1,2.4703841105519073e-05,2.0548584238392142e-05,9.124233325593575e-06,True,2.2400670476429686e-10,True
96000,fir129-p18000-s24000,kaiser-g16,edge,B1,1.6435348617871703e-05,1.6693278472026526e-05,1.2286393181521818e-05,True,2.2400670476429686e-10,True
96000,fir129-p18000-s24000,lagrange-g32,edge,B1,3.6433800667751377e-07,2.2367846439504554e-07,1.3172586061444722e-07,True,2.2400670476429686e-10,True
96000,fir129-p18000-s24000,hann-g32,edge,B1,2.895787522645342e-06,1.900128187352075e-06,1.3826675734564384e-06,True,2.2400670476429686e-10,True
96000,fir129-p18000-s24000,kaiser-g32,edge,B1,9.621438555306846e-06,9.072077674387773e-06,8.834465259729835e-06,True,2.2400670476429686e-10,True
96000,fir129-p18000-s24000,lagrange-g64,edge,B1,3.081872620653626e-07,1.600277351536281e-07,1.230410722637854e-07,True,2.2400670476429686e-10,True
96000,fir129-p18000-s24000,hann-g64,edge,B1,4.2085084538168227e-07,2.7897220102700215e-07,2.31885019594118e-07,True,2.2400670476429686e-10,True
96000,fir129-p18000-s24000,kaiser-g64,edge,B1,5.509699585785254e-06,4.467221484199512e-06,5.2947500852455995e-06,True,2.2400670476429686e-10,True
96000,fir129-p18000-s24000,hann-g8,edge,AB,0.0002976778828877406,0.000230516540614708,0.00027229063617873703,True,2.5181160695603115e-10,True
96000,fir129-p18000-s24000,hann-g16,edge,AB,6.913800135722407e-05,4.761656568077399e-05,6.347478612318086e-05,True,2.5181160695603115e-10,True
96000,fir129-p18000-s24000,kaiser-g16,edge,AB,5.0042897647123604e-05,3.869988437133439e-05,4.8706600056544625e-05,True,2.5181160695603115e-10,True
96000,fir129-p18000-s24000,lagrange-g32,edge,AB,7.310295147110051e-07,3.723016935403758e-07,4.091708966700187e-07,True,2.5181160695603115e-10,True
96000,fir129-p18000-s24000,hann-g32,edge,AB,5.288020434692759e-06,2.890175445202609e-06,4.526545512222088e-06,True,2.5181160695603115e-10,True
96000,fir129-p18000-s24000,kaiser-g32,edge,AB,1.6501935670704785e-05,1.0831562396625553e-05,1.5847746929454067e-05,True,2.5181160695603115e-10,True
96000,fir129-p18000-s24000,lagrange-g64,edge,AB,6.124983257631466e-07,2.6497691215717655e-07,3.534235393284742e-07,True,2.5181160695603115e-10,True
96000,fir129-p18000-s24000,hann-g64,edge,AB,8.500109637775176e-07,4.213440451275866e-07,7.383608012810688e-07,True,2.5181160695603115e-10,True
96000,fir129-p18000-s24000,kaiser-g64,edge,AB,1.0919924175305179e-05,7.138139405480122e-06,1.0741676923292869e-05,True,2.5181160695603115e-10,True
96000,fir129-p18000-s24000,hann-g8,overlap-reference,A1,0.00035183832114851456,0.0003680115965794013,0.0003235530987125413,True,2.0086924630037236e-11,True
96000,fir129-p18000-s24000,hann-g16,overlap-reference,A1,4.2262367790754134e-05,4.457091358781539e-05,3.897462966057034e-05,True,2.0086924630037236e-11,True
96000,fir129-p18000-s24000,kaiser-g16,overlap-reference,A1,3.480891078421438e-05,3.5078077275813954e-05,3.3006888854658607e-05,True,2.0086924630037236e-11,True
96000,fir129-p18000-s24000,lagrange-g32,overlap-reference,A1,1.3168177073978445e-07,9.261473937641401e-08,1.021331371451966e-07,True,2.0086924630037236e-11,True
96000,fir129-p18000-s24000,hann-g32,overlap-reference,A1,5.317647324450631e-06,5.994569188497648e-06,4.858716202424006e-06,True,2.0086924630037236e-11,True
96000,fir129-p18000-s24000,kaiser-g32,overlap-reference,A1,2.157626353340586e-05,2.149163938188269e-05,2.032624420168133e-05,True,2.0086924630037236e-11,True
96000,fir129-p18000-s24000,lagrange-g64,overlap-reference,A1,1.1003339205914235e-07,6.974243780078437e-08,8.499945086050324e-08,True,2.0086924630037236e-11,True
96000,fir129-p18000-s24000,hann-g64,overlap-reference,A1,6.63599623880686e-07,7.189712275153069e-07,6.163637402694001e-07,True,2.0086924630037236e-11,True
96000,fir129-p18000-s24000,kaiser-g64,overlap-reference,A1,1.1026351659453841e-05,1.1399198452547993e-05,1.0558679660176251e-05,True,2.0086924630037236e-11,True
96000,fir129-p18000-s24000,hann-g8,overlap-reference,B1,3.52897550662815e-05,2.7031643464844422e-05,3.4312409802321566e-05,True,2.453126694931132e-12,True
96000,fir129-p18000-s24000,hann-g16,overlap-reference,B1,1.4306694432230076e-05,1.1030666711087628e-05,1.3925104846931065e-05,True,2.453126694931132e-12,True
96000,fir129-p18000-s24000,kaiser-g16,overlap-reference,B1,2.6053033507734998e-05,2.1397270740049952e-05,2.1979228327977718e-05,True,2.453126694931132e-12,True
96000,fir129-p18000-s24000,lagrange-g32,overlap-reference,B1,4.078111508050605e-09,8.750796279533698e-09,1.4707919157362664e-09,True,2.453126694931132e-12,True
96000,fir129-p18000-s24000,hann-g32,overlap-reference,B1,3.0068334492762575e-06,2.325170784765981e-06,2.9352781521758237e-06,True,2.453126694931132e-12,True
96000,fir129-p18000-s24000,kaiser-g32,overlap-reference,B1,2.0333364889165863e-05,1.6273967025768958e-05,2.0193280085481515e-05,True,2.453126694931132e-12,True
96000,fir129-p18000-s24000,lagrange-g64,overlap-reference,B1,3.44083258365937e-09,6.214278134319474e-09,1.3712844931046144e-09,True,2.453126694931132e-12,True
96000,fir129-p18000-s24000,hann-g64,overlap-reference,B1,5.754160675324879e-08,7.124412946695561e-08,4.981707510220252e-08,True,2.453126694931132e-12,True
96000,fir129-p18000-s24000,kaiser-g64,overlap-reference,B1,1.7135063220277044e-06,2.633119449777124e-06,1.6711927994246841e-06,True,2.453126694931132e-12,True
96000,fir129-p18000-s24000,hann-g8,overlap-reference,AB,0.00035181299458911583,0.00036801159638108033,0.00032352947039953754,True,2.0109732140684316e-11,True
96000,fir129-p18000-s24000,hann-g16,overlap-reference,AB,4.225964860750486e-05,4.4570913511070054e-05,3.897224257911327e-05,True,2.0109732140684316e-11,True
96000,fir129-p18000-s24000,kaiser-g16,overlap-reference,AB,3.480778091260736e-05,3.507807719965069e-05,3.300610840788376e-05,True,2.0109732140684316e-11,True
96000,fir129-p18000-s24000,lagrange-g32,overlap-reference,AB,1.3167250935340158e-07,9.261481126879917e-08,1.0212770933709181e-07,True,2.0109732140684316e-11,True
96000,fir129-p18000-s24000,hann-g32,overlap-reference,AB,5.317381049175421e-06,5.994568988712712e-06,4.858532532292797e-06,True,2.0109732140684316e-11,True
96000,fir129-p18000-s24000,kaiser-g32,overlap-reference,AB,2.157606525671598e-05,2.1491639581668248e-05,2.032609944778778e-05,True,2.0109732140684316e-11,True
96000,fir129-p18000-s24000,lagrange-g64,overlap-reference,AB,1.1002575649996538e-07,6.974250963084536e-08,8.499484160463564e-08,True,2.0109732140684316e-11,True
96000,fir129-p18000-s24000,hann-g64,overlap-reference,AB,6.635518425528709e-07,7.189711478575037e-07,6.163173328410828e-07,True,2.0109732140684316e-11,True
96000,fir129-p18000-s24000,kaiser-g64,overlap-reference,AB,1.1025569709934465e-05,1.1399198532206071e-05,1.0557945776702984e-05,True,2.0109732140684316e-11,True
96000,fir129-p18000-s24000,hann-g8,sustained-edge,A1,0.00037082623455334587,0.0006396161499989241,0.0003411512274405549,True,9.259078249123514e-11,True
96000,fir129-p18000-s24000,hann-g16,sustained-edge,A1,4.668668307508643e-05,4.990428054246158e-05,4.152949725144557e-05,True,9.259078249123514e-11,True
96000,fir129-p18000-s24000,kaiser-g16,sustained-edge,A1,3.1149074582077726e-05,3.328317113151987e-05,2.9008609191911408e-05,True,9.259078249123514e-11,True
96000,fir129-p18000-s24000,lagrange-g32,sustained-edge,A1,6.125623686324918e-07,3.8787369919689473e-07,4.788539039589076e-07,True,9.259078249123514e-11,True
96000,fir129-p18000-s24000,hann-g32,sustained-edge,A1,6.3462510719109295e-06,5.599567927686439e-06,5.5717134611615164e-06,True,9.259078249123514e-11,True
96000,fir129-p18000-s24000,kaiser-g32,sustained-edge,A1,2.113498577848552e-05,1.9364931941313474e-05,1.9624580466749795e-05,True,9.259078249123514e-11,True
96000,fir129-p18000-s24000,lagrange-g64,sustained-edge,A1,5.115650604380181e-07,2.907694136769581e-07,3.981518039698581e-07,True,9.259078249123514e-11,True
96000,fir129-p18000-s24000,hann-g64,sustained-edge,A1,7.624117733153815e-07,5.641159149785375e-07,6.757545620626825e-07,True,9.259078249123514e-11,True
96000,fir129-p18000-s24000,kaiser-g64,sustained-edge,A1,9.628976037832952e-06,8.397232707480175e-06,9.10391230540637e-06,True,9.259078249123514e-11,True
96000,fir129-p18000-s24000,hann-g8,sustained-edge,B1,0.00025977969624971773,0.00024247171006440893,0.00015761656985339601,True,2.240065677442685e-10,True
96000,fir129-p18000-s24000,hann-g16,sustained-edge,B1,2.4703841159634354e-05,2.0548584128355227e-05,9.124233261647395e-06,True,2.240065677442685e-10,True
96000,fir129-p18000-s24000,kaiser-g16,sustained-edge,B1,1.6435348500090237e-05,1.669327817954536e-05,1.2286393033186077e-05,True,2.240065677442685e-10,True
96000,fir129-p18000-s24000,lagrange-g32,sustained-edge,B1,3.6433789279111667e-07,2.2367848648511085e-07,1.3172580285208785e-07,True,2.240065677442685e-10,True
96000,fir129-p18000-s24000,hann-g32,sustained-edge,B1,2.8957875201343965e-06,1.9001281830152086e-06,1.3826675670331701e-06,True,2.240065677442685e-10,True
96000,fir129-p18000-s24000,kaiser-g32,sustained-edge,B1,9.621438528309274e-06,9.072077390940076e-06,8.834465227543101e-06,True,2.240065677442685e-10,True
96000,fir129-p18000-s24000,lagrange-g64,sustained-edge,B1,3.0818714251574234e-07,1.6002772155220013e-07,1.2304101143997666e-07,True,2.240065677442685e-10,True
96000,fir129-p18000-s24000,hann-g64,sustained-edge,B1,4.208508060379205e-07,2.7897219223022194e-07,2.318849931031059e-07,True,2.240065677442685e-10,True
96000,fir129-p18000-s24000,kaiser-g64,sustained-edge,B1,5.509699583898475e-06,4.467221477317457e-06,5.294750084943013e-06,True,2.240065677442685e-10,True
96000,fir129-p18000-s24000,hann-g8,sustained-edge,AB,0.00037082623410798825,0.00063961615002952,0.0003411514044535447,True,9.26017257846848e-11,True
96000,fir129-p18000-s24000,hann-g16,sustained-edge,AB,4.668668299711027e-05,4.9904280745521315e-05,4.15295181200855e-05,True,9.26017257846848e-11,True
96000,fir129-p18000-s24000,kaiser-g16,sustained-edge,AB,3.1149074531101684e-05,3.328317133428812e-05,2.900861360018721e-05,True,9.26017257846848e-11,True
96000,fir129-p18000-s24000,lagrange-g32,sustained-edge,AB,6.125624858075092e-07,3.8787372897050146e-07,4.788550771674703e-07,True,9.26017257846848e-11,True
96000,fir129-p18000-s24000,hann-g32,sustained-edge,AB,6.346251070234236e-06,5.599567844875017e-06,5.57171410911401e-06,True,9.26017257846848e-11,True
96000,fir129-p18000-s24000,kaiser-g32,sustained-edge,AB,2.11349857419827e-05,1.9364931909849662e-05,1.9624581173706084e-05,True,9.26017257846848e-11,True
96000,fir129-p18000-s24000,lagrange-g64,sustained-edge,AB,5.115651966100896e-07,2.9076944342438944e-07,3.981529760984962e-07,True,9.26017257846848e-11,True
96000,fir129-p18000-s24000,hann-g64,sustained-edge,AB,7.624118561092996e-07,5.641159449191503e-07,6.757551453581017e-07,True,9.26017257846848e-11,True
96000,fir129-p18000-s24000,kaiser-g64,sustained-edge,AB,9.6289760199753e-06,8.397232678492597e-06,9.103914257438155e-06,True,9.26017257846848e-11,True
