rate,conditioner,kernel,profile,source,relative_rms_error,peak_normalized_error,spectral_magnitude_relative_error,finite,reference_convergence,joint_pass,whole_chain_raw_nrms,whole_chain_raw_peak,raw_reference_convergence
44100,raw-control,kaiser-g16,reference,A1,0.007091862248541241,0.006236022192080677,0.005472763656231993,True,1.3154131588992905e-06,True,0.007091862248541241,0.006236022192080677,1.3154131588992905e-06
44100,raw-control,kaiser-g16,reference,B1,0.0008122033249744019,0.00118080608183935,0.0007379390011478707,True,1.9011799702968472e-07,True,0.0008122033249744019,0.00118080608183935,1.9011799702968472e-07
44100,raw-control,kaiser-g16,reference,AB,0.007082750907217666,0.006236052818530136,0.005465963014276439,True,1.3117818550992164e-06,True,0.007082750907217666,0.006236052818530136,1.3117818550992164e-06
44100,raw-control,kaiser-g16,edge,A1,0.051544755118720954,0.028859697908842612,0.03727252259185772,True,9.43373590737657e-06,False,0.051544755118720954,0.028859697908842612,9.43373590737657e-06
44100,raw-control,kaiser-g16,edge,B1,0.09140128779473165,0.035559986658844606,0.08321807064371112,True,2.067375221104483e-05,False,0.09140128779473165,0.035559986658844606,2.067375221104483e-05
44100,raw-control,kaiser-g16,edge,AB,0.05154470742366123,0.028859711940647702,0.0372726748553099,True,9.432558146874356e-06,False,0.05154470742366123,0.028859711940647702,9.432558146874356e-06
44100,raw-control,kaiser-g16,overlap-reference,A1,0.0008682811318603805,0.0009470532967183335,0.0006879102058024191,True,2.779791658770868e-07,True,0.0008682811318603805,0.0009470532967183335,2.779791658770868e-07
44100,raw-control,kaiser-g16,overlap-reference,B1,0.0008122040290682892,0.0011808059544783068,0.0007379396398415226,True,1.901185998491341e-07,True,0.0008122040290682892,0.0011808059544783068,1.901185998491341e-07
44100,raw-control,kaiser-g16,overlap-reference,AB,0.0008681395370849084,0.0009470516998644634,0.0006878057779482942,True,2.778584832692206e-07,True,0.0008681395370849084,0.0009470516998644634,2.778584832692206e-07
44100,raw-control,kaiser-g16,sustained-edge,A1,0.03388647402994882,0.010292846738652857,0.02641848440827414,True,9.794512461887453e-06,False,0.03388647402994882,0.010292846738652857,9.794512461887453e-06
44100,raw-control,kaiser-g16,sustained-edge,B1,0.09140128185319611,0.03555998522958804,0.08321806529654635,True,2.067375070599866e-05,False,0.09140128185319611,0.03555998522958804,2.067375070599866e-05
44100,raw-control,kaiser-g16,sustained-edge,AB,0.033885691227553125,0.010292851871090941,0.02641802284779376,True,9.793826788208503e-06,False,0.033885691227553125,0.010292851871090941,9.793826788208503e-06
44100,raw-control,hann-g32,reference,A1,0.004608504507864552,0.002761861216050906,0.0035854761100440253,True,1.3154131588992905e-06,True,0.004608504507864552,0.002761861216050906,1.3154131588992905e-06
44100,raw-control,hann-g32,reference,B1,0.0005254438279045885,0.0005121761825563914,0.00047790877433087365,True,1.9011799702968472e-07,True,0.0005254438279045885,0.0005121761825563914,1.9011799702968472e-07
44100,raw-control,hann-g32,reference,AB,0.004602538485158618,0.0027618924121857076,0.0035810052156530527,True,1.3117818550992164e-06,True,0.004602538485158618,0.0027618924121857076,1.3117818550992164e-06
44100,raw-control,hann-g32,edge,A1,0.03455628367275837,0.013143123828363721,0.02515033641168194,True,9.43373590737657e-06,False,0.03455628367275837,0.013143123828363721,9.43373590737657e-06
44100,raw-control,hann-g32,edge,B1,0.058385330959220286,0.016161193897350157,0.053187580035161025,True,2.067375221104483e-05,False,0.058385330959220286,0.016161193897350157,2.067375221104483e-05
44100,raw-control,hann-g32,edge,AB,0.03455621633085333,0.013143137837902922,0.025150568973903387,True,9.432558146874356e-06,False,0.03455621633085333,0.013143137837902922,9.432558146874356e-06
44100,raw-control,hann-g32,overlap-reference,A1,0.0005660419187788971,0.00042549473643263607,0.00044645187357091997,True,2.779791658770868e-07,True,0.0005660419187788971,0.00042549473643263607,2.779791658770868e-07
44100,raw-control,hann-g32,overlap-reference,B1,0.0005254442780196669,0.0005121766503675102,0.0004779091822866282,True,1.901185998491341e-07,True,0.0005254442780196669,0.0005121766503675102,1.901185998491341e-07
44100,raw-control,hann-g32,overlap-reference,AB,0.0005658367457240779,0.0004254931400840614,0.0004462672826708015,True,2.778584832692206e-07,True,0.0005658367457240779,0.0004254931400840614,2.778584832692206e-07
44100,raw-control,hann-g32,sustained-edge,A1,0.022333007875423402,0.004682854716730645,0.017344032514146047,True,9.794512461887453e-06,False,0.022333007875423402,0.004682854716730645,9.794512461887453e-06
44100,raw-control,hann-g32,sustained-edge,B1,0.05838532676602323,0.01616119277664089,0.05318757620878504,True,2.067375070599866e-05,False,0.05838532676602323,0.01616119277664089,2.067375070599866e-05
44100,raw-control,hann-g32,sustained-edge,AB,0.022331890778578188,0.004682859861974632,0.017343190954450933,True,9.793826788208503e-06,False,0.022331890778578188,0.004682859861974632,9.793826788208503e-06
44100,raw-control,kaiser-g32,reference,A1,0.0049755259386285115,0.0031077093615109793,0.0038682439565832305,True,1.3154131588992905e-06,True,0.0049755259386285115,0.0031077093615109793,1.3154131588992905e-06
44100,raw-control,kaiser-g32,reference,B1,0.000567848859758034,0.0005912841665141779,0.0005165755523259096,True,1.9011799702968472e-07,True,0.000567848859758034,0.0005912841665141779,1.9011799702968472e-07
44100,raw-control,kaiser-g32,reference,AB,0.004969095528907743,0.0031077403885000168,0.0038634899557119,True,1.3117818550992164e-06,True,0.004969095528907743,0.0031077403885000168,1.3117818550992164e-06
44100,raw-control,kaiser-g32,edge,A1,0.037062796183604405,0.014820674940560599,0.02692895987133807,True,9.43373590737657e-06,False,0.037062796183604405,0.014820674940560599,9.43373590737657e-06
44100,raw-control,kaiser-g32,edge,B1,0.06320693865008584,0.01833926475373942,0.05758929598597088,True,2.067375221104483e-05,False,0.06320693865008584,0.01833926475373942,2.067375221104483e-05
44100,raw-control,kaiser-g32,edge,AB,0.03706273189725477,0.014820688915201372,0.026929197756358676,True,9.432558146874356e-06,False,0.03706273189725477,0.014820688915201372,9.432558146874356e-06
44100,raw-control,kaiser-g32,overlap-reference,A1,0.0006102506681260518,0.00048779376099601776,0.00048189612493219403,True,2.779791658770868e-07,True,0.0006102506681260518,0.00048779376099601776,2.779791658770868e-07
44100,raw-control,kaiser-g32,overlap-reference,B1,0.0005678493828167605,0.0005912851681189342,0.0005165760325941661,True,1.901185998491341e-07,True,0.0005678493828167605,0.0005912851681189342,1.901185998491341e-07
44100,raw-control,kaiser-g32,overlap-reference,AB,0.0006100451234331521,0.00048779216418330657,0.00048171687010585085,True,2.778584832692206e-07,True,0.0006100451234331521,0.00048779216418330657,2.778584832692206e-07
44100,raw-control,kaiser-g32,sustained-edge,A1,0.024005288432954894,0.005288536567617487,0.018671122446245716,True,9.794512461887453e-06,False,0.024005288432954894,0.005288536567617487,9.794512461887453e-06
44100,raw-control,kaiser-g32,sustained-edge,B1,0.06320693411090067,0.01833926340565989,0.05758929184242234,True,2.067375070599866e-05,False,0.06320693411090067,0.01833926340565989,2.067375070599866e-05
44100,raw-control,kaiser-g32,sustained-edge,AB,0.02400416656595762,0.005288541712284895,0.01867030397152826,True,9.793826788208503e-06,False,0.02400416656595762,0.005288541712284895,9.793826788208503e-06
44100,raw-control,lagrange-g64,reference,A1,0.007080061117007574,0.006266745455840878,0.005149363741337962,True,1.3154131588992905e-06,True,0.007080061117007574,0.006266745455840878,1.3154131588992905e-06
44100,raw-control,lagrange-g64,reference,B1,0.0008093986976476843,0.0011967100331030636,0.0006907602689048394,True,1.9011799702968472e-07,True,0.0008093986976476843,0.0011967100331030636,1.9011799702968472e-07
44100,raw-control,lagrange-g64,reference,AB,0.007070984731904761,0.006266715159900159,0.005142928070362534,True,1.3117818550992164e-06,True,0.007070984731904761,0.006266715159900159,1.3117818550992164e-06
44100,raw-control,lagrange-g64,edge,A1,0.05170645154882704,0.029031877768817382,0.03503734452570656,True,9.43373590737657e-06,False,0.05170645154882704,0.029031877768817382,9.43373590737657e-06
44100,raw-control,lagrange-g64,edge,B1,0.09171055849133615,0.036367937333720526,0.07855998048461564,True,2.067375221104483e-05,False,0.09171055849133615,0.036367937333720526,2.067375221104483e-05
44100,raw-control,lagrange-g64,edge,AB,0.051706421768435505,0.029031865072697803,0.03503749599958632,True,9.432558146874356e-06,False,0.051706421768435505,0.029031865072697803,9.432558146874356e-06
44100,raw-control,lagrange-g64,overlap-reference,A1,0.0008663565100815313,0.0008883995981116973,0.0006830792365578053,True,2.779791658770868e-07,True,0.0008663565100815313,0.0008883995981116973,2.779791658770868e-07
44100,raw-control,lagrange-g64,overlap-reference,B1,0.0008093994017643998,0.0011967101544397129,0.0006907608697216283,True,1.901185998491341e-07,True,0.0008093994017643998,0.0011967101544397129,1.901185998491341e-07
44100,raw-control,lagrange-g64,overlap-reference,AB,0.0008662152073587565,0.0008884011981121932,0.0006829753322309418,True,2.778584832692206e-07,True,0.0008662152073587565,0.0008884011981121932,2.778584832692206e-07
44100,raw-control,lagrange-g64,sustained-edge,A1,0.033918599847705615,0.010680800927451531,0.026499771239973054,True,9.794512461887453e-06,False,0.033918599847705615,0.010680800927451531,9.794512461887453e-06
44100,raw-control,lagrange-g64,sustained-edge,B1,0.09171055258404955,0.03636793586391306,0.07855997550342148,True,2.067375070599866e-05,False,0.09171055258404955,0.03636793586391306,2.067375070599866e-05
44100,raw-control,lagrange-g64,sustained-edge,AB,0.03391782049768762,0.010680795742294587,0.026499298481612695,True,9.793826788208503e-06,False,0.03391782049768762,0.010680795742294587,9.793826788208503e-06
44100,raw-control,hann-g64,reference,A1,0.0032090710187000792,0.0014038167405935973,0.0025208330463402104,True,1.3154131588992905e-06,True,0.0032090710187000792,0.0014038167405935973,1.3154131588992905e-06
44100,raw-control,hann-g64,reference,B1,0.000365383742916503,0.00025556679430206405,0.00033369899407058665,True,1.9011799702968472e-07,True,0.000365383742916503,0.00025556679430206405,1.9011799702968472e-07
44100,raw-control,hann-g64,reference,AB,0.0032048846292974664,0.0014038487086401362,0.002517621884056272,True,1.3117818550992164e-06,True,0.0032048846292974664,0.0014038487086401362,1.3117818550992164e-06
44100,raw-control,hann-g64,edge,A1,0.024364893111741278,0.006878565555968284,0.01795380020974465,True,9.43373590737657e-06,False,0.024364893111741278,0.006878565555968284,9.43373590737657e-06
44100,raw-control,hann-g64,edge,B1,0.04004999146318309,0.007774041995887399,0.03658846303699424,True,2.067375221104483e-05,False,0.04004999146318309,0.007774041995887399,2.067375221104483e-05
44100,raw-control,hann-g64,edge,AB,0.024364820717150362,0.006878579811910868,0.017953986608348946,True,9.432558146874356e-06,False,0.024364820717150362,0.006878579811910868,9.432558146874356e-06
44100,raw-control,hann-g64,overlap-reference,A1,0.0004052386771577525,0.0002217683877496225,0.00031983778638255164,True,2.779791658770868e-07,True,0.0004052386771577525,0.0002217683877496225,2.779791658770868e-07
44100,raw-control,hann-g64,overlap-reference,B1,0.0003653841415052015,0.0002555669692299026,0.000333699366553875,True,1.901185998491341e-07,True,0.0003653841415052015,0.0002555669692299026,1.901185998491341e-07
44100,raw-control,hann-g64,overlap-reference,AB,0.0004050832379587795,0.00022176679496890698,0.0003196784886558848,True,2.778584832692206e-07,True,0.0004050832379587795,0.00022176679496890698,2.778584832692206e-07
44100,raw-control,hann-g64,sustained-edge,A1,0.01609393119186035,0.0024451555974964374,0.01249305786019898,True,9.794512461887453e-06,False,0.01609393119186035,0.0024451555974964374,9.794512461887453e-06
44100,raw-control,hann-g64,sustained-edge,B1,0.04004998856940416,0.007774041462333669,0.03658846038844385,True,2.067375070599866e-05,False,0.04004998856940416,0.007774041462333669,2.067375070599866e-05
44100,raw-control,hann-g64,sustained-edge,AB,0.01609309654091804,0.002445160734359629,0.012492316071951807,True,9.793826788208503e-06,False,0.01609309654091804,0.002445160734359629,9.793826788208503e-06
44100,raw-control,kaiser-g64,reference,A1,0.003474061567757656,0.001575985002760098,0.00272575074566011,True,1.3154131588992905e-06,True,0.003474061567757656,0.001575985002760098,1.3154131588992905e-06
44100,raw-control,kaiser-g64,reference,B1,0.0003960052175116034,0.0002999172812240252,0.0003616010344140212,True,1.9011799702968472e-07,True,0.0003960052175116034,0.0002999172812240252,1.9011799702968472e-07
44100,raw-control,kaiser-g64,reference,AB,0.003469536647095648,0.0015760166649349569,0.0027222541515350626,True,1.3117818550992164e-06,True,0.003469536647095648,0.0015760166649349569,1.3117818550992164e-06
44100,raw-control,kaiser-g64,edge,A1,0.026324654277790425,0.007773712587208072,0.01936962841636921,True,9.43373590737657e-06,False,0.026324654277790425,0.007773712587208072,9.43373590737657e-06
44100,raw-control,kaiser-g64,edge,B1,0.043470317301709714,0.00890657739298647,0.039707848189560295,True,2.067375221104483e-05,False,0.043470317301709714,0.00890657739298647,2.067375221104483e-05
44100,raw-control,kaiser-g64,edge,AB,0.026324581462552638,0.007773726734088358,0.019369813891310372,True,9.432558146874356e-06,False,0.026324581462552638,0.007773726734088358,9.432558146874356e-06
44100,raw-control,kaiser-g64,overlap-reference,A1,0.00043512665743371444,0.00025356639135633763,0.00034374044759978887,True,2.779791658770868e-07,True,0.00043512665743371444,0.00025356639135633763,2.779791658770868e-07
44100,raw-control,kaiser-g64,overlap-reference,B1,0.0003960056060997333,0.0002999170535556947,0.00036160139265947787,True,1.901185998491341e-07,True,0.0003960056060997333,0.0002999170535556947,1.901185998491341e-07
44100,raw-control,kaiser-g64,overlap-reference,AB,0.00043495806901970585,0.00025356479621501565,0.0003435670917899974,True,2.778584832692206e-07,True,0.00043495806901970585,0.00025356479621501565,2.778584832692206e-07
44100,raw-control,kaiser-g64,sustained-edge,A1,0.017250693328453293,0.002771426445119458,0.013383058900968183,True,9.794512461887453e-06,False,0.017250693328453293,0.002771426445119458,9.794512461887453e-06
44100,raw-control,kaiser-g64,sustained-edge,B1,0.04347031416664305,0.008906576785322478,0.039707845320998365,True,2.067375070599866e-05,False,0.04347031416664305,0.008906576785322478,2.067375070599866e-05
44100,raw-control,kaiser-g64,sustained-edge,AB,0.017249784197289293,0.002771431587714242,0.01338226257873056,True,9.793826788208503e-06,False,0.017249784197289293,0.002771431587714242,9.793826788208503e-06
44100,butter4-fc18000,kaiser-g16,reference,A1,7.15386823416142e-05,9.44433156752355e-05,6.597730878600399e-05,True,6.156217398091237e-09,True,0.24754978754219784,0.4274954797154493,1.3154131588992905e-06
44100,butter4-fc18000,kaiser-g16,reference,B1,5.9226704006157656e-05,6.374277695980841e-05,5.9144197844505435e-05,True,7.412019264246334e-10,True,0.09135818511285947,0.11309788863700712,1.9011799702968472e-07
44100,butter4-fc18000,kaiser-g16,reference,AB,7.150958445132192e-05,9.444331567527995e-05,6.596186580531904e-05,True,6.1562173536383585e-09,True,0.24727339288897854,0.4274954396644169,1.3117818550992164e-06
44100,butter4-fc18000,kaiser-g16,edge,A1,0.0008151000280937919,0.0006033909821099403,0.0006812530897390782,True,4.2647039864435485e-08,True,1.153114066694021,1.4871783152915656,9.43373590737657e-06
44100,butter4-fc18000,kaiser-g16,edge,B1,0.0016392181788229372,0.0009662679978397423,0.0016037868428138936,True,8.623004341032589e-08,True,1.5716258512873487,1.4277808089166786,2.067375221104483e-05
44100,butter4-fc18000,kaiser-g16,edge,AB,0.0008151001371070258,0.0006033909821099403,0.0006812531329758375,True,4.264703967099738e-08,True,1.1531141324596024,1.4871783218584569,9.432558146874356e-06
44100,butter4-fc18000,kaiser-g16,overlap-reference,A1,5.016762049983897e-05,5.745144968704388e-05,4.828696667599715e-05,True,4.155523212580608e-10,True,0.06046220544898698,0.07414584696479383,2.779791658770868e-07
44100,butter4-fc18000,kaiser-g16,overlap-reference,B1,5.922670459035068e-05,6.374281251017303e-05,5.914419840497943e-05,True,7.412015863568875e-10,True,0.09135818503293633,0.1130978941203981,1.901185998491341e-07
44100,butter4-fc18000,kaiser-g16,overlap-reference,AB,5.016760533322166e-05,5.745144968747143e-05,4.8286943650685985e-05,True,4.1555232960869313e-10,True,0.06046268912531302,0.07414584868199582,2.778584832692206e-07
44100,butter4-fc18000,kaiser-g16,sustained-edge,A1,0.0003615430978949624,0.0002498605755758532,0.0003274867211855609,True,1.4066355925434379e-08,True,0.8662032804276969,0.4447843565429859,9.794512461887453e-06
44100,butter4-fc18000,kaiser-g16,sustained-edge,B1,0.0016392181417957496,0.000966267956443885,0.0016037868064896791,True,8.623004351168854e-08,True,1.571625854526247,1.4277808066086053,2.067375070599866e-05
44100,butter4-fc18000,kaiser-g16,sustained-edge,AB,0.0003615399840249294,0.00024986057557585615,0.0003274815226197198,True,1.4066357044348722e-08,True,0.8662037746893867,0.4447843583596476,9.793826788208503e-06
44100,butter4-fc20000,kaiser-g16,reference,A1,0.000661736306690981,0.0009349480750892758,0.0005795004181234995,True,8.785124888082383e-09,True,0.12817760899373482,0.21904613631340988,1.3154131588992905e-06
44100,butter4-fc20000,kaiser-g16,reference,B1,9.529391221012886e-05,0.00021730016883742575,9.371967348100928e-05,True,1.1898773242452095e-09,True,0.04538506841618959,0.05257967640715465,1.9011799702968472e-07
44100,butter4-fc20000,kaiser-g16,reference,AB,0.0006608984320063496,0.0009349480750892533,0.0005787837479031772,True,8.785124842961062e-09,True,0.12803270253701415,0.2190461010038942,1.3117818550992164e-06
44100,butter4-fc20000,kaiser-g16,edge,A1,0.008425833428743775,0.006576502674247361,0.0069903187234714205,True,6.452964391813936e-08,False,0.7486674859091451,0.9688978300736417,9.43373590737657e-06
44100,butter4-fc20000,kaiser-g16,edge,B1,0.014551163702817217,0.0075942036718445296,0.014233809764440001,True,1.133224724988372e-07,False,1.1871248941452743,1.113869209581533,2.067375221104483e-05
44100,butter4-fc20000,kaiser-g16,edge,AB,0.008425834510325568,0.006576502674247361,0.006990318721625895,True,6.452964391813936e-08,False,0.748667562465225,0.9688978296860549,9.432558146874356e-06
44100,butter4-fc20000,kaiser-g16,overlap-reference,A1,9.620900734642662e-05,0.00018381891590077038,8.714460376122276e-05,True,6.9469003422277e-10,True,0.030376012645501743,0.03310464623217666,2.779791658770868e-07
44100,butter4-fc20000,kaiser-g16,overlap-reference,B1,9.529394835799521e-05,0.00021730030364148462,9.371970885734019e-05,True,1.1898758430154978e-09,True,0.04538506830912523,0.05257967778418229,1.901185998491341e-07
44100,butter4-fc20000,kaiser-g16,overlap-reference,AB,9.621536863320085e-05,0.00018381891590077038,8.71492667957973e-05,True,6.946901409256459e-10,True,0.03037622845100305,0.033104644686420374,2.778584832692206e-07
44100,butter4-fc20000,kaiser-g16,sustained-edge,A1,0.003978983902417638,0.00272957996723272,0.0035755013480909107,True,1.9709160715241588e-08,True,0.4964450166412918,0.32234457963438873,9.794512461887453e-06
44100,butter4-fc20000,kaiser-g16,sustained-edge,B1,0.014551163439335399,0.007594203265484047,0.01423380950617764,True,1.1332247200779107e-07,False,1.1871248928708988,1.1138692196462427,2.067375070599866e-05
44100,butter4-fc20000,kaiser-g16,sustained-edge,AB,0.003979009310166846,0.00272957996723272,0.0035755068561430393,True,1.9709008495131525e-08,True,0.4964448357142016,0.3223445735319476,9.793826788208503e-06
44100,butter4-fc20000,hann-g32,reference,A1,3.036572421470328e-05,4.154570183668073e-05,2.718402491958543e-05,True,8.785124888082383e-09,True,0.12824120563388924,0.2199046895818918,1.3154131588992905e-06
44100,butter4-fc20000,hann-g32,reference,B1,5.374319153812621e-06,9.398491092857344e-06,5.327057175000198e-06,True,1.1898773242452095e-09,True,0.04538855559159894,0.05252375072330159,1.9011799702968472e-07
44100,butter4-fc20000,hann-g32,reference,AB,3.03276917741115e-05,4.1545701836674995e-05,2.7150398775783332e-05,True,8.785124842961062e-09,True,0.1280962098524417,0.21990465425284697,1.3117818550992164e-06
44100,butter4-fc20000,hann-g32,edge,A1,0.0003401797405492132,0.00021737478295183807,0.00028699752359132496,True,6.452964391813936e-08,True,0.7512280734845199,0.972883429766263,9.43373590737657e-06
44100,butter4-fc20000,hann-g32,edge,B1,0.0006426430999665381,0.0003574911374173483,0.0006296748813546246,True,1.133224724988372e-07,True,1.1913819640878989,1.119105219630405,2.067375221104483e-05
44100,butter4-fc20000,hann-g32,edge,AB,0.0003401797971326059,0.00021737478295183598,0.0002869972628749644,True,6.452964391813936e-08,True,0.7512281503325999,0.9728834294322747,9.432558146874356e-06
44100,butter4-fc20000,hann-g32,overlap-reference,A1,6.521931422090279e-06,1.0171661286230474e-05,6.13498024541216e-06,True,6.9469003422277e-10,True,0.03037348609567201,0.0330345729824456,2.779791658770868e-07
44100,butter4-fc20000,hann-g32,overlap-reference,B1,5.374321947910193e-06,9.398489309550074e-06,5.327059877179206e-06,True,1.1898758430154978e-09,True,0.04538855549028986,0.05252375217065645,1.901185998491341e-07
44100,butter4-fc20000,hann-g32,overlap-reference,AB,6.5220717875891e-06,1.0171661286337177e-05,6.1350735934051775e-06,True,6.946901409256459e-10,True,0.03037370087029419,0.0330345714365773,2.778584832692206e-07
44100,butter4-fc20000,hann-g32,sustained-edge,A1,0.00017069567950823823,8.984397935494485e-05,0.0001541976797694118,True,1.9709160715241588e-08,True,0.4972253626015452,0.3237480487484734,9.794512461887453e-06
44100,butter4-fc20000,hann-g32,sustained-edge,B1,0.0006426430879321241,0.0003574911199473852,0.000629674869570478,True,1.1332247200779107e-07,True,1.191381962656833,1.1191052296088777,2.067375070599866e-05
44100,butter4-fc20000,hann-g32,sustained-edge,AB,0.00017069528555748725,8.984397935495292e-05,0.00015419667684821097,True,1.9709008495131525e-08,True,0.4972251614612392,0.32374804264194,9.793826788208503e-06
44100,butter4-fc20000,kaiser-g32,reference,A1,4.997961891730998e-05,4.85818280470672e-05,4.654270681196387e-05,True,8.785124888082383e-09,True,0.1282438125121358,0.21987235709926078,1.3154131588992905e-06
44100,butter4-fc20000,kaiser-g32,reference,B1,1.738086018959478e-05,2.6910170060922604e-05,1.7319784211234302e-05,True,1.1898773242452095e-09,True,0.04538991594881951,0.0525412679340163,1.9011799702968472e-07
44100,butter4-fc20000,kaiser-g32,reference,AB,4.992281475085578e-05,4.85818280470672e-05,4.649067362047744e-05,True,8.785124842961062e-09,True,0.1280988141838722,0.2198723217709514,1.3117818550992164e-06
44100,butter4-fc20000,kaiser-g32,edge,A1,0.00022999041693548197,0.00014019606959832288,0.00019767228279820863,True,6.452964391813936e-08,True,0.7513075586640658,0.9730151255755886,9.43373590737657e-06
44100,butter4-fc20000,kaiser-g32,edge,B1,0.0004598524613216814,0.00024749906438267653,0.000447928861199103,True,1.133224724988372e-07,True,1.1915158197371982,1.1191208682889076,2.067375221104483e-05
44100,butter4-fc20000,kaiser-g32,edge,AB,0.00022999046157887645,0.00014019606959832288,0.00019767089935560225,True,6.452964391813936e-08,True,0.751307635521573,0.9730151252433712,9.432558146874356e-06
44100,butter4-fc20000,kaiser-g32,overlap-reference,A1,2.175598818561501e-05,2.691343196311154e-05,2.0995157114831516e-05,True,6.9469003422277e-10,True,0.030371345499206025,0.033025201824843003,2.779791658770868e-07
44100,butter4-fc20000,kaiser-g32,overlap-reference,B1,1.738085879855238e-05,2.6910165322996183e-05,1.731978285830687e-05,True,1.1898758430154978e-09,True,0.045389915847966665,0.05254126938045969,1.901185998491341e-07
44100,butter4-fc20000,kaiser-g32,overlap-reference,AB,2.1756289444253233e-05,2.691343196321824e-05,2.0995368826568714e-05,True,6.946901409256459e-10,True,0.030371560305257297,0.03302520027895973,2.778584832692206e-07
44100,butter4-fc20000,kaiser-g32,sustained-edge,A1,0.00018042254457509226,6.966640834100357e-05,0.00015663327428234292,True,1.9709160715241588e-08,True,0.4972404625459224,0.3237749186811214,9.794512461887453e-06
44100,butter4-fc20000,kaiser-g32,sustained-edge,B1,0.0004598524363975058,0.0002474990426386306,0.0004479288369220116,True,1.1332247200779107e-07,True,1.1915158182993544,1.1191208782770172,2.067375070599866e-05
44100,butter4-fc20000,kaiser-g32,sustained-edge,AB,0.00018043014415505734,6.966640834101968e-05,0.00015664055766656326,True,1.9709008495131525e-08,True,0.4972402600451833,0.3237749125745097,9.793826788208503e-06
44100,butter6-fc18000,kaiser-g16,reference,A1,4.7018219275008174e-05,6.0986356981600254e-05,4.5708769618895e-05,True,7.096012503707587e-09,True,0.3496367903061538,0.4996750963777281,1.3154131588992905e-06
44100,butter6-fc18000,kaiser-g16,reference,B1,5.891614898810716e-05,5.913585054376104e-05,5.884946577810648e-05,True,6.108688877647837e-10,True,0.13490945802760787,0.16939940272083562,1.9011799702968472e-07
44100,butter6-fc18000,kaiser-g16,reference,AB,4.7052856565888425e-05,6.0986356981600254e-05,4.5748526381339425e-05,True,7.096012643666415e-09,True,0.3492521496114943,0.4996750546848536,1.3117818550992164e-06
44100,butter6-fc18000,kaiser-g16,edge,A1,0.00023798074416651367,0.00022191121722150772,0.00019855962275554926,True,4.819587005813547e-08,True,1.3457919285292523,1.508519860514587,9.43373590737657e-06
44100,butter6-fc18000,kaiser-g16,edge,B1,0.000494346062231019,0.0003880772885103858,0.00048452024722388205,True,8.32050155718978e-08,True,1.4809684241548078,1.517406072370532,2.067375221104483e-05
44100,butter6-fc18000,kaiser-g16,edge,AB,0.0002379807790785063,0.00022191121722150772,0.0001985596379171686,True,4.819587005813547e-08,True,1.3457919467498236,1.5085198673684794,9.432558146874356e-06
44100,butter6-fc18000,kaiser-g16,overlap-reference,A1,4.9709812912948485e-05,5.4945223669006856e-05,4.791213863740944e-05,True,4.220584710075944e-10,True,0.08841690973373524,0.11008013834882945,2.779791658770868e-07
44100,butter6-fc18000,kaiser-g16,overlap-reference,B1,5.891614902570814e-05,5.913585347453952e-05,5.8849465814590613e-05,True,6.108686804860277e-10,True,0.134909458086319,0.16939941001147088,1.901185998491341e-07
44100,butter6-fc18000,kaiser-g16,overlap-reference,AB,4.970985061841757e-05,5.494522366879307e-05,4.791218630994106e-05,True,4.2205848937968406e-10,True,0.08841761026464721,0.11008014012347275,2.778584832692206e-07
44100,butter6-fc18000,kaiser-g16,sustained-edge,A1,0.00011809089574108519,7.446498978935731e-05,0.00010841926572936487,True,1.4028744772280937e-08,True,1.1019604761169555,0.5103976526339232,9.794512461887453e-06
44100,butter6-fc18000,kaiser-g16,sustained-edge,B1,0.0004943460521429143,0.00038807728814648,0.0004845202373028279,True,8.320501563594754e-08,True,1.480968427509768,1.5174060699037022,2.067375070599866e-05
44100,butter6-fc18000,kaiser-g16,sustained-edge,AB,0.0001180888555956609,7.446498978935823e-05,0.00010841697001139502,True,1.4028720165824477e-08,True,1.1019612010282338,0.510397648229917,9.793826788208503e-06
44100,butter6-fc20000,kaiser-g16,reference,A1,0.0005340256681279101,0.0006967416059080366,0.00046840080728061454,True,9.42021491242623e-09,True,0.1847394711786942,0.33579887498437466,1.3154131588992905e-06
44100,butter6-fc20000,kaiser-g16,reference,B1,8.4434898781882e-05,0.00019381820668052134,8.339177295534162e-05,True,1.1443838404326683e-09,True,0.06701125780697621,0.07848180761100682,1.9011799702968472e-07
44100,butter6-fc20000,kaiser-g16,reference,AB,0.0005333524451819235,0.0006967416059080033,0.0004678215486650614,True,9.4202150454553e-09,True,0.1845321018027872,0.3357988370191295,1.3117818550992164e-06
44100,butter6-fc20000,kaiser-g16,edge,A1,0.0077801277851565,0.00580508669042927,0.006393159037764755,True,5.786122845277642e-08,False,0.9814398841951585,1.278249035026857,9.43373590737657e-06
44100,butter6-fc20000,kaiser-g16,edge,B1,0.013153281929657258,0.0076875492689016875,0.012898544765387562,True,1.1329858660943381e-07,False,1.5248642143691398,1.3961197469602054,2.067375221104483e-05
44100,butter6-fc20000,kaiser-g16,edge,AB,0.0077801287242124754,0.00580508669042927,0.0063931600253888665,True,5.7861239098153474e-08,False,0.9814399770409715,1.2782490387840684,9.432558146874356e-06
44100,butter6-fc20000,kaiser-g16,overlap-reference,A1,8.33453849736852e-05,0.00014279057234294363,7.619474020282218e-05,True,6.473433521981281e-10,True,0.044563936660086186,0.05135131456359073,2.779791658770868e-07
44100,butter6-fc20000,kaiser-g16,overlap-reference,B1,8.443495743010636e-05,0.00019381832515098245,8.339182999918563e-05,True,1.1443833403930284e-09,True,0.0670112576232881,0.07848181177018179,1.901185998491341e-07
44100,butter6-fc20000,kaiser-g16,overlap-reference,AB,8.33429625427955e-05,0.00014279057234273064,7.619146429319135e-05,True,6.47343245709142e-10,True,0.04456427407928823,0.05135131624435545,2.778584832692206e-07
44100,butter6-fc20000,kaiser-g16,sustained-edge,A1,0.003470905806258592,0.002678990698225947,0.0031494641233878024,True,1.9861296762617224e-08,True,0.6819222436473434,0.4145935346559894,9.794512461887453e-06
44100,butter6-fc20000,kaiser-g16,sustained-edge,B1,0.013153281647224546,0.007687549043173009,0.012898544487859109,True,1.1329858618756067e-07,False,1.5248642156891346,1.39611975927486,2.067375070599866e-05
44100,butter6-fc20000,kaiser-g16,sustained-edge,AB,0.0034708691805112554,0.0026789906982259467,0.003149427695560955,True,1.986109762132e-08,True,0.6819223548174365,0.41459352828456897,9.793826788208503e-06
44100,butter6-fc20000,hann-g32,reference,A1,2.319466329085581e-05,2.778262421806777e-05,2.0876508841840176e-05,True,9.42021491242623e-09,True,0.18474482074454665,0.3359661307602439,1.3154131588992905e-06
44100,butter6-fc20000,hann-g32,reference,B1,4.882750830149679e-06,6.272439336247641e-06,4.85680113070546e-06,True,1.1443838404326683e-09,True,0.06701204745284402,0.07857111580487215,1.9011799702968472e-07
44100,butter6-fc20000,hann-g32,reference,AB,2.3166002448500175e-05,2.7782624218070848e-05,2.0851048666922703e-05,True,9.4202150454553e-09,True,0.18453744428396163,0.3359660927911942,1.3117818550992164e-06
44100,butter6-fc20000,hann-g32,edge,A1,0.00031546796313319,0.00019102242013333443,0.0002634264178037186,True,5.786122845277642e-08,True,0.9818399396220528,1.27845774569328,9.43373590737657e-06
44100,butter6-fc20000,hann-g32,edge,B1,0.0005922060385984261,0.0003565994750217815,0.000581245841314583,True,1.1329858660943381e-07,True,1.526006346387653,1.3954688607951327,2.067375221104483e-05
44100,butter6-fc20000,hann-g32,edge,AB,0.00031546801485246703,0.00019102242013333443,0.0002634264463147292,True,5.7861239098153474e-08,True,0.9818400326128439,1.2784577494532978,9.432558146874356e-06
44100,butter6-fc20000,hann-g32,overlap-reference,A1,6.060258456859236e-06,8.130520958738244e-06,5.748624264286363e-06,True,6.473433521981281e-10,True,0.04455725463155126,0.05139638785861111,2.779791658770868e-07
44100,butter6-fc20000,hann-g32,overlap-reference,B1,4.882752572442675e-06,6.27244464331985e-06,4.856802823007881e-06,True,1.1443833403930284e-09,True,0.06701204727102998,0.07857111998621134,1.901185998491341e-07
44100,butter6-fc20000,hann-g32,overlap-reference,AB,6.0601545608127115e-06,8.130520958738244e-06,5.748523275987541e-06,True,6.47343245709142e-10,True,0.04455759080959999,0.051396389539447876,2.778584832692206e-07
44100,butter6-fc20000,hann-g32,sustained-edge,A1,0.00014403591722474853,8.803867399116473e-05,0.00013182336271149142,True,1.9861296762617224e-08,True,0.6821575372492964,0.41469867416186756,9.794512461887453e-06
44100,butter6-fc20000,hann-g32,sustained-edge,B1,0.0005922060297313947,0.000356599471394427,0.0005812458325720629,True,1.1329858618756067e-07,True,1.5260063476348467,1.3954688730189162,2.067375070599866e-05
44100,butter6-fc20000,hann-g32,sustained-edge,AB,0.00014403276041053884,8.803867399117296e-05,0.000131823533377028,True,1.986109762132e-08,True,0.6821576246221526,0.41469866779014053,9.793826788208503e-06
44100,butter6-fc20000,kaiser-g32,reference,A1,3.3662126549268044e-05,2.9833674717157014e-05,3.319584842665602e-05,True,9.42021491242623e-09,True,0.18474739926602435,0.33598404836013446,1.3154131588992905e-06
44100,butter6-fc20000,kaiser-g32,reference,B1,1.685324969136481e-05,2.2046579795050202e-05,1.6817134527426557e-05,True,1.1443838404326683e-09,True,0.06701361625550256,0.07857896265576123,1.9011799702968472e-07
44100,butter6-fc20000,kaiser-g32,reference,AB,3.3629516687584895e-05,2.9833674717157014e-05,3.316401617037243e-05,True,9.4202150454553e-09,True,0.18454002050538681,0.3359840103906772,1.3117818550992164e-06
44100,butter6-fc20000,kaiser-g32,edge,A1,7.199139267332529e-05,4.6351187086166495e-05,6.303195172379599e-05,True,5.786122845277642e-08,True,0.9818657264107773,1.2786486696239574,9.43373590737657e-06
44100,butter6-fc20000,kaiser-g32,edge,B1,0.00013556470097112196,8.277300849797167e-05,0.00013247956200008453,True,1.1329858660943381e-07,True,1.5260902726954684,1.3957152152826844,2.067375221104483e-05
44100,butter6-fc20000,kaiser-g32,edge,AB,7.199140457857632e-05,4.6351187086166495e-05,6.303164620393558e-05,True,5.7861239098153474e-08,True,0.9818658194130572,1.278648673386543,9.432558146874356e-06
44100,butter6-fc20000,kaiser-g32,overlap-reference,A1,2.1277672709937173e-05,2.6235444586380326e-05,2.0609489451672655e-05,True,6.473433521981281e-10,True,0.04455526721451473,0.051380287769633014,2.779791658770868e-07
44100,butter6-fc20000,kaiser-g32,overlap-reference,B1,1.6853249538716296e-05,2.204658116758263e-05,1.6817134380631902e-05,True,1.1443833403930284e-09,True,0.06701361607394413,0.07857896684273492,1.901185998491341e-07
44100,butter6-fc20000,kaiser-g32,overlap-reference,AB,2.127768579813408e-05,2.6235444586380326e-05,2.0609494663422788e-05,True,6.47343245709142e-10,True,0.04455560347828944,0.05138028945044405,2.778584832692206e-07
44100,butter6-fc20000,kaiser-g32,sustained-edge,A1,5.8794602914164686e-05,3.5491030219806397e-05,5.267282292078998e-05,True,1.9861296762617224e-08,True,0.6821713497905251,0.41477217247872944,9.794512461887453e-06
44100,butter6-fc20000,kaiser-g32,sustained-edge,B1,0.00013556469777342223,8.277300472657006e-05,0.0001324795588891642,True,1.1329858618756067e-07,True,1.5260902739405113,1.3957152274994562,2.067375070599866e-05
44100,butter6-fc20000,kaiser-g32,sustained-edge,AB,5.87968788350522e-05,3.5491030219674564e-05,5.267485622286316e-05,True,1.986109762132e-08,True,0.6821714373173111,0.4147721661067881,9.793826788208503e-06
44100,bessel4-fc18000,kaiser-g16,reference,A1,0.00020082115721553216,0.00028510002329120874,0.00017740817994807588,True,7.271294865852637e-09,True,0.19784447336455477,0.3424208708148648,1.3154131588992905e-06
44100,bessel4-fc18000,kaiser-g16,reference,B1,6.289431704222593e-05,9.694110993741066e-05,6.262867388490708e-05,True,7.958087391355397e-10,True,0.07389929662394766,0.08778267524934795,1.9011799702968472e-07
44100,bessel4-fc18000,kaiser-g16,reference,AB,0.00020058576552001896,0.00028510002329120874,0.00017721022041866313,True,7.271294865852637e-09,True,0.19762442589803825,0.34242083269899165,1.3117818550992164e-06
44100,bessel4-fc18000,kaiser-g16,edge,A1,0.002816833401904348,0.0020324747778626344,0.0023467185029591685,True,4.117638777606089e-08,True,0.9425595015707862,1.2448818713115672,9.43373590737657e-06
44100,bessel4-fc18000,kaiser-g16,edge,B1,0.005771649238603054,0.0030384031563219205,0.005644177878068514,True,9.600922878384425e-08,True,1.3682658455701013,1.2764363129582241,2.067375221104483e-05
44100,bessel4-fc18000,kaiser-g16,edge,AB,0.002816833797228147,0.0020324747778626344,0.002346718528358204,True,4.117638777606089e-08,True,0.942559571512116,1.244881874620057,9.432558146874356e-06
44100,bessel4-fc18000,kaiser-g16,overlap-reference,A1,5.532584862724012e-05,8.883566430184727e-05,5.250411871830294e-05,True,4.5084668719069895e-10,True,0.048803623064015415,0.05726933663767855,2.779791658770868e-07
44100,bessel4-fc18000,kaiser-g16,overlap-reference,B1,6.289432254895525e-05,9.694113312199049e-05,6.262867919820546e-05,True,7.958078777283287e-10,True,0.07389929652509925,0.08778267964984306,1.901185998491341e-07
44100,bessel4-fc18000,kaiser-g16,overlap-reference,AB,5.5326321969685076e-05,8.883566430184727e-05,5.2504321278320446e-05,True,4.508467405395849e-10,True,0.04880400931985801,0.05726933832790329,2.778584832692206e-07
44100,bessel4-fc18000,kaiser-g16,sustained-edge,A1,0.0012444003896661285,0.0008839068399943856,0.0011206371702264489,True,1.4140888175093964e-08,True,0.6864409369384732,0.3897766480032773,9.794512461887453e-06
44100,bessel4-fc18000,kaiser-g16,sustained-edge,B1,0.005771649119876068,0.0030384030606747455,0.005644177761690762,True,9.60092287038881e-08,True,1.3682658471391025,1.2764363267579888,2.067375070599866e-05
44100,bessel4-fc18000,kaiser-g16,sustained-edge,AB,0.0012444018251679854,0.0008839068399943856,0.0011206310160506725,True,1.4140878614670065e-08,True,0.6864413393786777,0.38977664170421794,9.793826788208503e-06
44100,bessel4-fc20000,kaiser-g16,reference,A1,0.0010551490990241541,0.0015669112807146265,0.0009125566670642149,True,8.945652963988492e-09,True,0.10367431957480289,0.1628539617769055,1.3154131588992905e-06
44100,bessel4-fc20000,kaiser-g16,reference,B1,0.0001338989741553523,0.00033663652860154943,0.00013068323201320084,True,1.2346336907203517e-09,True,0.03672388381905822,0.0442113096641982,1.9011799702968472e-07
44100,bessel4-fc20000,kaiser-g16,reference,AB,0.00105380504500649,0.0015669112807146265,0.0009114153315630412,True,8.945652986864795e-09,True,0.103557128750745,0.16285392774557156,1.3117818550992164e-06
44100,bessel4-fc20000,kaiser-g16,edge,A1,0.010320984176420965,0.008819716134374609,0.008589400696729643,True,6.079957165033703e-08,False,0.5989760739173225,0.759228292344753,9.43373590737657e-06
44100,bessel4-fc20000,kaiser-g16,edge,B1,0.019398665801991597,0.011399504941082151,0.01890454666852718,True,1.1302019555739839e-07,False,0.9381101875607037,0.8745663216893417,2.067375221104483e-05
44100,bessel4-fc20000,kaiser-g16,edge,AB,0.010320985737361356,0.008819716134374635,0.008589391092635588,True,6.079957165033703e-08,False,0.5989761334732231,0.759228289137531,9.432558146874356e-06
44100,bessel4-fc20000,kaiser-g16,overlap-reference,A1,0.00013980934477161728,0.0002652534339687376,0.00012390646184371146,True,7.189781582995478e-10,True,0.024581933863545933,0.028165911404572135,2.779791658770868e-07
44100,bessel4-fc20000,kaiser-g16,overlap-reference,B1,0.00013389892473206642,0.00033663658238517326,0.00013068318445240705,True,1.2346330579278057e-09,True,0.036723883751348115,0.04421131101243885,1.901185998491341e-07
44100,bessel4-fc20000,kaiser-g16,overlap-reference,AB,0.0001398409485408786,0.0002652534339689514,0.00012393293392187489,True,7.189781449360211e-10,True,0.02458212310363178,0.028165909850921236,2.778584832692206e-07
44100,bessel4-fc20000,kaiser-g16,sustained-edge,A1,0.005656480392990983,0.0033164768960460044,0.004960662573597046,True,1.922547798910199e-08,True,0.4001465215468928,0.255125745412858,9.794512461887453e-06
44100,bessel4-fc20000,kaiser-g16,sustained-edge,B1,0.019398665476159146,0.011399504321285444,0.018904546352723872,True,1.1302019513549518e-07,False,0.9381101857612165,0.8745663312919026,2.067375070599866e-05
44100,bessel4-fc20000,kaiser-g16,sustained-edge,AB,0.0056566532498593895,0.0033164768960460044,0.004960817957965312,True,1.9225443007237206e-08,True,0.4001465881765415,0.25512573950641343,9.793826788208503e-06
44100,bessel4-fc20000,hann-g32,reference,A1,7.34895753185454e-05,8.282644479378046e-05,6.46572995582182e-05,True,8.945652963988492e-09,True,0.10383422412859823,0.16356455844216797,1.3154131588992905e-06
44100,bessel4-fc20000,hann-g32,reference,B1,9.429051928301925e-06,1.659095508398215e-05,9.245545687404158e-06,True,1.2346336907203517e-09,True,0.03673087071158223,0.044273435237448,1.9011799702968472e-07
44100,bessel4-fc20000,hann-g32,reference,AB,7.33959980573643e-05,8.282644479377363e-05,6.457502420442445e-05,True,8.945652986864795e-09,True,0.10371680708119381,0.16356452439467034,1.3117818550992164e-06
44100,bessel4-fc20000,hann-g32,edge,A1,0.0005647377037759028,0.0004216007834639079,0.00047861781826633883,True,6.079957165033703e-08,True,0.6028117726077631,0.7648493979914214,9.43373590737657e-06
44100,bessel4-fc20000,hann-g32,edge,B1,0.001151134619487419,0.0006827544820284114,0.001124241657051571,True,1.1302019555739839e-07,True,0.9440061311259711,0.881590395472887,2.067375221104483e-05
44100,bessel4-fc20000,hann-g32,edge,AB,0.0005647378101703089,0.0004216007834639079,0.0004786170068991124,True,6.079957165033703e-08,True,0.6028118324946217,0.7648493948597921,9.432558146874356e-06
44100,bessel4-fc20000,hann-g32,overlap-reference,A1,1.0548332808973976e-05,1.7037646323225652e-05,9.54467454807613e-06,True,7.189781582995478e-10,True,0.024584614899924757,0.028184985586343105,2.779791658770868e-07
44100,bessel4-fc20000,hann-g32,overlap-reference,B1,9.429068020142657e-06,1.659102358285656e-05,9.245561351629883e-06,True,1.2346330579278057e-09,True,0.03673087064219114,0.044273436718349386,1.901185998491341e-07
44100,bessel4-fc20000,hann-g32,overlap-reference,AB,1.0549428860079707e-05,1.7037646323225652e-05,9.545599572892192e-06,True,7.189781449360211e-10,True,0.02458480771077263,0.028184984032722696,2.778584832692206e-07
44100,bessel4-fc20000,hann-g32,sustained-edge,A1,0.0003633332823938207,0.00016323604769950112,0.0003177991767235509,True,1.922547798910199e-08,True,0.4013335489332074,0.2566250774538,9.794512461887453e-06
44100,bessel4-fc20000,hann-g32,sustained-edge,B1,0.0011511345619377215,0.0006827544264112447,0.001124241600910121,True,1.1302019513549518e-07,True,0.9440061291675816,0.8815904051935229,2.067375070599866e-05
44100,bessel4-fc20000,hann-g32,sustained-edge,AB,0.00036334030354012243,0.00016323604769950112,0.0003178058924487161,True,1.9225443007237206e-08,True,0.40133366060995274,0.25662507154298364,9.793826788208503e-06
44100,bessel4-fc20000,kaiser-g32,reference,A1,0.0001381835762928499,0.00013722234906167252,0.00012200724327396219,True,8.945652963988492e-09,True,0.10382774767975418,0.16346738012283796,1.3154131588992905e-06
44100,bessel4-fc20000,kaiser-g32,reference,B1,2.2900317693607523e-05,4.5459191295811514e-05,2.2613012355210335e-05,True,1.2346336907203517e-09,True,0.036731769550159964,0.04429394058595335,1.9011799702968472e-07
44100,bessel4-fc20000,kaiser-g32,reference,AB,0.00013800959108765877,0.00013722234906167252,0.00012185241923781623,True,8.945652986864795e-09,True,0.1037103408750966,0.1634673460775508,1.3117818550992164e-06
44100,bessel4-fc20000,kaiser-g32,edge,A1,0.000837270130999918,0.0005354685173770864,0.0007108461074854215,True,6.079957165033703e-08,True,0.6028471042199414,0.7645408512353667,9.43373590737657e-06
44100,bessel4-fc20000,kaiser-g32,edge,B1,0.0017684816313828823,0.0009004622428088021,0.0017232499080473208,True,1.1302019555739839e-07,True,0.944004176612478,0.8810037612192492,2.067375221104483e-05
44100,bessel4-fc20000,kaiser-g32,edge,AB,0.0008372703040630632,0.0005354685173771126,0.0007108429539010568,True,6.079957165033703e-08,True,0.6028471640980645,0.7645408480995882,9.432558146874356e-06
44100,bessel4-fc20000,kaiser-g32,overlap-reference,A1,2.6910690670840942e-05,4.5246598361806575e-05,2.519439642939273e-05,True,7.189781582995478e-10,True,0.024581797498961444,0.02817837426654722,2.779791658770868e-07
44100,bessel4-fc20000,kaiser-g32,overlap-reference,B1,2.2900312755723725e-05,4.545920891812729e-05,2.2613007361388166e-05,True,1.2346330579278057e-09,True,0.03673176948220574,0.04429394206255305,1.901185998491341e-07
44100,bessel4-fc20000,kaiser-g32,overlap-reference,AB,2.6913284804903522e-05,4.5246598361806575e-05,2.5196381259523397e-05,True,7.189781449360211e-10,True,0.024581989886345697,0.02817837271291624,2.778584832692206e-07
44100,bessel4-fc20000,kaiser-g32,sustained-edge,A1,0.0006307529582439892,0.0002190595944750782,0.0005441732787238187,True,1.922547798910199e-08,True,0.40129508254975726,0.2564952165599359,9.794512461887453e-06
44100,bessel4-fc20000,kaiser-g32,sustained-edge,B1,0.0017684815161693901,0.0009004621669321157,0.0017232497956355477,True,1.1302019513549518e-07,True,0.9440041746519328,0.8810037709512879,2.067375070599866e-05
44100,bessel4-fc20000,kaiser-g32,sustained-edge,AB,0.0006307764113786454,0.0002190595944750782,0.0005441948310274222,True,1.9225443007237206e-08,True,0.4012951874459958,0.25649521064949826,9.793826788208503e-06
44100,fir33-fc18000,kaiser-g16,reference,A1,4.839925951938977e-05,5.295620119189757e-05,4.681419244687464e-05,True,5.721477259004785e-09,True,0.02169289135451248,0.04781232636653577,1.3154131588992905e-06
44100,fir33-fc18000,kaiser-g16,reference,B1,5.892894490911871e-05,5.740856670523959e-05,5.8861072880972786e-05,True,6.055866364453367e-10,True,0.002111686563077952,0.0066267077113486735,1.9011799702968472e-07
44100,fir33-fc18000,kaiser-g16,reference,AB,4.842942950976926e-05,5.295618316649206e-05,4.685026473200623e-05,True,5.721226040087476e-09,True,0.02166512442972633,0.04781235581142771,1.3117818550992164e-06
44100,fir33-fc18000,kaiser-g16,edge,A1,0.00030427270455762705,0.00027521240995550676,0.0002553471829769356,True,4.380792326845922e-08,True,0.2740660114335213,0.28195649041219883,9.43373590737657e-06
44100,fir33-fc18000,kaiser-g16,edge,B1,0.0006773328162399485,0.0003558371301409579,0.0006623391456122588,True,8.027630121679041e-08,True,0.5119229858240237,0.3443823538987449,2.067375221104483e-05
44100,fir33-fc18000,kaiser-g16,edge,AB,0.00030427273873933036,0.00027521239769366077,0.00025534722571974087,True,4.380805432141626e-08,True,0.2740660613243382,0.2819565074024742,9.432558146874356e-06
44100,fir33-fc18000,kaiser-g16,overlap-reference,A1,4.9745013483807846e-05,5.5222583889665785e-05,4.794563845188265e-05,True,3.640500174193978e-10,True,0.0029801473409356467,0.005367006903336509,2.779791658770868e-07
44100,fir33-fc18000,kaiser-g16,overlap-reference,B1,5.892894498064784e-05,5.74085576377787e-05,5.886107294939631e-05,True,6.055862925575555e-10,True,0.0021116864033085023,0.006626707467768947,1.901185998491341e-07
44100,fir33-fc18000,kaiser-g16,overlap-reference,AB,4.9745038436531524e-05,5.522258517806616e-05,4.794567360419264e-05,True,3.640467790271878e-10,True,0.0029801367812443114,0.005367005313307675,2.778584832692206e-07
44100,fir33-fc18000,kaiser-g16,sustained-edge,A1,0.0001402342095653572,8.840766709836092e-05,0.00012807116011970667,True,1.535114104814631e-08,True,0.1415806064554931,0.08555008269639475,9.794512461887453e-06
44100,fir33-fc18000,kaiser-g16,sustained-edge,B1,0.0006773327992026652,0.0003558371277378695,0.0006623391289894543,True,8.027630065632002e-08,True,0.5119229820436791,0.3443823618134683,2.067375070599866e-05
44100,fir33-fc18000,kaiser-g16,sustained-edge,AB,0.00014023142220861252,8.840766290096225e-05,0.00012806791798565312,True,1.5350835893681808e-08,True,0.14158045871232702,0.08555008760528507,9.793826788208503e-06
44100,fir33-fc20000,kaiser-g16,reference,A1,0.0007959808666250499,0.0011237330512017692,0.0006802066688301988,True,4.1043566539899734e-08,True,0.01395585386234891,0.02262303478780047,1.3154131588992905e-06
44100,fir33-fc20000,kaiser-g16,reference,B1,0.0001077406101521952,0.0002563263455766804,0.00010456450192600371,True,5.918007493605225e-09,True,0.0014498186198455079,0.0033389901700088833,1.9011799702968472e-07
44100,fir33-fc20000,kaiser-g16,reference,AB,0.0007949701027193904,0.0011237339982118617,0.0006793543477836324,True,4.093069207944544e-08,True,0.013938021088664942,0.02262306487348031,1.3117818550992164e-06
44100,fir33-fc20000,kaiser-g16,edge,A1,0.0074853608513000625,0.006039136110209207,0.006196763541259265,True,3.0331148040691834e-07,False,0.12450345529617007,0.10247098546785241,9.43373590737657e-06
44100,fir33-fc20000,kaiser-g16,edge,B1,0.013646013368254906,0.007578168915436185,0.013188013639974325,True,6.896585250248073e-07,False,0.1939468169079603,0.11133520673516117,2.067375221104483e-05
44100,fir33-fc20000,kaiser-g16,edge,AB,0.007485361544307774,0.006039135693066555,0.006196757663475414,True,3.032746701562315e-07,False,0.12450347618772444,0.10247100041507617,9.432558146874356e-06
44100,fir33-fc20000,kaiser-g16,overlap-reference,A1,0.00010973922465585508,0.00019006452935058899,9.681526798311976e-05,True,8.648902291854368e-09,True,0.00188922256887797,0.002816463476272077,2.779791658770868e-07
44100,fir33-fc20000,kaiser-g16,overlap-reference,B1,0.00010774061429472945,0.00025632633170753435,0.00010456450448945169,True,5.918026198769391e-09,True,0.0014498193224702304,0.0033389921624980765,1.901185998491341e-07
44100,fir33-fc20000,kaiser-g16,overlap-reference,AB,0.0001097540930555748,0.00019006457899050562,9.682774811200427e-05,True,8.64515347777874e-09,True,0.0018892413096096238,0.0028164618821945055,2.778584832692206e-07
44100,fir33-fc20000,kaiser-g16,sustained-edge,A1,0.004153315287075913,0.002154014673975314,0.003587014364202323,True,3.0686187414466736e-07,True,0.07864025955651226,0.03467893838951755,9.794512461887453e-06
44100,fir33-fc20000,kaiser-g16,sustained-edge,B1,0.013646012994087901,0.0075781688045750036,0.01318801328716293,True,6.896584745433821e-07,False,0.19394680982953064,0.11133520242747176,2.067375070599866e-05
44100,fir33-fc20000,kaiser-g16,sustained-edge,AB,0.004153397838066018,0.0021540145134148025,0.0035870822481746346,True,3.0684046128395916e-07,True,0.07864028925853815,0.034678933135024584,9.793826788208503e-06
44100,fir33-fc20000,hann-g32,reference,A1,0.00019764500015051454,0.00015951229246445928,0.00016110411365063076,True,4.1043566539899734e-08,True,0.0134263218904125,0.02166083199324139,1.3154131588992905e-06
44100,fir33-fc20000,hann-g32,reference,B1,2.296027885622018e-05,3.368587666173332e-05,2.1461658560254175e-05,True,5.918007493605225e-09,True,0.00139657309514176,0.0031661445540252615,1.9011799702968472e-07
44100,fir33-fc20000,hann-g32,reference,AB,0.00019739096989509727,0.00015951325842399592,0.00016090121414657596,True,4.093069207944544e-08,True,0.013409167358782417,0.021660862066942815,1.3117818550992164e-06
44100,fir33-fc20000,hann-g32,edge,A1,0.0014881026678931978,0.000807593698568491,0.001146000755821257,True,3.0331148040691834e-07,True,0.1193659998100222,0.09837067240021186,9.43373590737657e-06
44100,fir33-fc20000,hann-g32,edge,B1,0.0027229988644868613,0.001029292621942422,0.0025463749452640464,True,6.896585250248073e-07,True,0.18376368087363262,0.10572899546685932,2.067375221104483e-05
44100,fir33-fc20000,hann-g32,edge,AB,0.0014881011998345984,0.0008075941311900939,0.0011460072644873358,True,3.032746701562315e-07,True,0.11936602025538443,0.09837068729229463,9.432558146874356e-06
44100,fir33-fc20000,hann-g32,overlap-reference,A1,2.4775535384290835e-05,2.5886621859815912e-05,2.0587642384312842e-05,True,8.648902291854368e-09,True,0.0018384002624058442,0.0026991045903761034,2.779791658770868e-07
44100,fir33-fc20000,hann-g32,overlap-reference,B1,2.2960308601536354e-05,3.368595430565046e-05,2.1461687263002845e-05,True,5.918026198769391e-09,True,0.0013965738228523127,0.0031661464448535974,1.901185998491341e-07
44100,fir33-fc20000,hann-g32,overlap-reference,AB,2.4769534251256312e-05,2.5886572272958675e-05,2.0582432680789035e-05,True,8.64515347777874e-09,True,0.001838398069426219,0.0026991029961109317,2.778584832692206e-07
44100,fir33-fc20000,hann-g32,sustained-edge,A1,0.0009537366422270884,0.00028307047820493486,0.0007739372157822804,True,3.0686187414466736e-07,True,0.07608672130482218,0.03288262699978937,9.794512461887453e-06
44100,fir33-fc20000,hann-g32,sustained-edge,B1,0.0027229986692290284,0.0010292925607539823,0.002546374762904297,True,6.896584745433821e-07,True,0.18376367392709167,0.10572899140371682,2.067375070599866e-05
44100,fir33-fc20000,hann-g32,sustained-edge,AB,0.0009537028529550155,0.00028307063846717806,0.0007739134740063358,True,3.0684046128395916e-07,True,0.07608664440383914,0.03288262175053408,9.793826788208503e-06
44100,fir33-fc20000,kaiser-g32,reference,A1,0.00024255142592450525,0.0002147385245142989,0.00020073812974722764,True,4.1043566539899734e-08,True,0.013478967469084968,0.02171339360217401,1.3154131588992905e-06
44100,fir33-fc20000,kaiser-g32,reference,B1,3.223905358235765e-05,5.541748982127598e-05,3.0795452110675956e-05,True,5.918007493605225e-09,True,0.0013991769732515991,0.003174139581851438,1.9011799702968472e-07
44100,fir33-fc20000,kaiser-g32,reference,AB,0.0002422417423472583,0.0002147394803955257,0.00020048847287995852,True,4.093069207944544e-08,True,0.013461744764952968,0.021713423708545104,1.3117818550992164e-06
44100,fir33-fc20000,kaiser-g32,edge,A1,0.001735928433801888,0.000948097306756829,0.001348836598337111,True,3.0331148040691834e-07,True,0.11952534837136933,0.09843306892353597,9.43373590737657e-06
44100,fir33-fc20000,kaiser-g32,edge,B1,0.003250511068500235,0.0012625690072010588,0.0030531864987368047,True,6.896585250248073e-07,True,0.1841977883453405,0.10592276420461663,2.067375221104483e-05
44100,fir33-fc20000,kaiser-g32,edge,AB,0.0017359272116647844,0.0009480977362577796,0.0013488423665841875,True,3.032746701562315e-07,True,0.1195253688357242,0.09843308381645786,9.432558146874356e-06
44100,fir33-fc20000,kaiser-g32,overlap-reference,A1,3.628315108977493e-05,5.102462527268146e-05,3.196767997872616e-05,True,8.648902291854368e-09,True,0.0018400847596891396,0.002717284774171578,2.779791658770868e-07
44100,fir33-fc20000,kaiser-g32,overlap-reference,B1,3.223908338921882e-05,5.5417508786777996e-05,3.079548030262692e-05,True,5.918026198769391e-09,True,0.001399177696151549,0.0031741414807718157,1.901185998491341e-07
44100,fir33-fc20000,kaiser-g32,overlap-reference,AB,3.627954837723199e-05,5.102467490195852e-05,3.1964778452408025e-05,True,8.64515347777874e-09,True,0.001840085213821789,0.0027172831799354676,2.778584832692206e-07
44100,fir33-fc20000,kaiser-g32,sustained-edge,A1,0.0011477935716372213,0.0003340171095023072,0.0009387805765530817,True,3.0686187414466736e-07,True,0.07627732755035646,0.03285749151551421,9.794512461887453e-06
44100,fir33-fc20000,kaiser-g32,sustained-edge,B1,0.003250510830110528,0.0012625689339563063,0.0030531862745289537,True,6.896584745433821e-07,True,0.18419778136306814,0.10592276010819739,2.067375070599866e-05
44100,fir33-fc20000,kaiser-g32,sustained-edge,AB,0.0011477690867293154,0.00033401726981925145,0.000938767907597408,True,3.0684046128395916e-07,True,0.07627726499159755,0.03285748626633221,9.793826788208503e-06
44100,fir65-fc18000,kaiser-g16,reference,A1,4.4162878480115605e-05,4.2192246430288534e-05,4.341628328770892e-05,True,5.7498907108742215e-09,True,0.022486315459060626,0.047732617370270514,1.3154131588992905e-06
44100,fir65-fc18000,kaiser-g16,reference,B1,5.88879320262652e-05,5.624376898911903e-05,5.88223783234204e-05,True,5.822476474505101e-10,True,0.0021967581760181064,0.006863216271900851,1.9011799702968472e-07
44100,fir65-fc18000,kaiser-g16,reference,AB,4.420727089336623e-05,4.2192251417397005e-05,4.346405794383989e-05,True,5.749821076301715e-09,True,0.022457534281551207,0.04773264681697555,1.3117818550992164e-06
44100,fir65-fc18000,kaiser-g16,edge,A1,5.1837893199366614e-05,6.127024073423885e-05,4.429926431197954e-05,True,4.346702144075831e-08,True,0.281625607240587,0.29713206369241263,9.43373590737657e-06
44100,fir65-fc18000,kaiser-g16,edge,B1,0.00010115830664686485,5.568722789904231e-05,9.808735496287692e-05,True,7.423206706712893e-08,True,0.5488344390547399,0.32332075761844487,2.067375221104483e-05
44100,fir65-fc18000,kaiser-g16,edge,AB,5.183789574563053e-05,6.127023736466062e-05,4.429928104749184e-05,True,4.346698692401008e-08,True,0.2816256640811864,0.29713208088676907,9.432558146874356e-06
44100,fir65-fc18000,kaiser-g16,overlap-reference,A1,4.968355754925385e-05,5.49028524505316e-05,4.789563716575049e-05,True,3.6941872334810875e-10,True,0.003091491589359307,0.005573091820897764,2.779791658770868e-07
44100,fir65-fc18000,kaiser-g16,overlap-reference,B1,5.888793203601296e-05,5.624376999112615e-05,5.882237833325275e-05,True,5.822472024567681e-10,True,0.00219675787267744,0.0068632147846608565,1.901185998491341e-07
44100,fir65-fc18000,kaiser-g16,overlap-reference,AB,4.9683614999319644e-05,5.490285280706524e-05,4.789570575737909e-05,True,3.6941783613995484e-10,True,0.003091478223316225,0.00557309023119836,2.778584832692206e-07
44100,fir65-fc18000,kaiser-g16,sustained-edge,A1,5.6145051061746755e-05,4.529220707483264e-05,5.3520942068437504e-05,True,1.3748759662411206e-08,True,0.1457755295080131,0.08893448157829639,9.794512461887453e-06
44100,fir65-fc18000,kaiser-g16,sustained-edge,B1,0.00010115830637201583,5.568722935290947e-05,9.808735473309447e-05,True,7.423206705663036e-08,True,0.5488344354775186,0.32332076668327314,2.067375070599866e-05
44100,fir65-fc18000,kaiser-g16,sustained-edge,AB,5.6145116205372614e-05,4.529220641893589e-05,5.3520992365021465e-05,True,1.3748654736056555e-08,True,0.1457755848586693,0.08893447616496751,9.793826788208503e-06
44100,fir65-fc20000,kaiser-g16,reference,A1,0.00042784419596485364,0.00061654999488866,0.00037898820591048953,True,7.869507812939555e-09,True,0.0146803231599689,0.02262609039509065,1.3154131588992905e-06
44100,fir65-fc20000,kaiser-g16,reference,B1,7.58222271624617e-05,0.00015715166462731414,7.495024079638037e-05,True,1.1741182408748375e-09,True,0.0014904266552070232,0.003386421555185749,1.9011799702968472e-07
44100,fir65-fc20000,kaiser-g16,reference,AB,0.00042730834596159216,0.0006165499752617266,0.00037852473477243494,True,7.86930218761386e-09,True,0.014661555515233054,0.022626120480700982,1.3117818550992164e-06
44100,fir65-fc20000,kaiser-g16,edge,A1,0.00600193718644843,0.005102488057752266,0.005045883528086645,True,5.4687115396418704e-08,True,0.12496636722639133,0.10427908111877174,9.43373590737657e-06
44100,fir65-fc20000,kaiser-g16,edge,B1,0.009947542076672979,0.00502778938449626,0.009717569023651758,True,1.1074819695996739e-07,False,0.1937340716743622,0.10647773600026063,2.067375221104483e-05
44100,fir65-fc20000,kaiser-g16,edge,AB,0.0060019378630707726,0.00510248806649191,0.005045883972926808,True,5.468702325757803e-08,True,0.12496638894155358,0.10427909609031076,9.432558146874356e-06
44100,fir65-fc20000,kaiser-g16,overlap-reference,A1,7.260424982116652e-05,0.00010951619819056795,6.703935750872902e-05,True,6.578810849701664e-10,True,0.0019734918068666537,0.0028081152674154525,2.779791658770868e-07
44100,fir65-fc20000,kaiser-g16,overlap-reference,B1,7.582225954246117e-05,0.0001571517696892735,7.495027205085491e-05,True,1.1741180176965429e-09,True,0.0014904272473114754,0.0033864238482363192,1.901185998491341e-07
44100,fir65-fc20000,kaiser-g16,overlap-reference,AB,7.260373216525847e-05,0.00010951619923035236,6.703820843645639e-05,True,6.578508406523721e-10,True,0.001973570662900932,0.0028081136733575564,2.778584832692206e-07
44100,fir65-fc20000,kaiser-g16,sustained-edge,A1,0.0026801841095950084,0.001843224383947527,0.00242690711736173,True,1.9771068372729775e-08,True,0.08231174881093967,0.029135116932515807,9.794512461887453e-06
44100,fir65-fc20000,kaiser-g16,sustained-edge,B1,0.00994754186750906,0.005027789310800372,0.009717568818698109,True,1.1074819659533178e-07,False,0.19373406443238572,0.10647773151981577,2.067375070599866e-05
44100,fir65-fc20000,kaiser-g16,sustained-edge,AB,0.0026801711872094375,0.001843224387299688,0.002426871496096843,True,1.9770813890292315e-08,True,0.08231211102458233,0.029135111685353196,9.793826788208503e-06
44100,fir65-fc20000,hann-g32,reference,A1,2.0534166492067258e-05,3.214956118081572e-05,1.8623629165747263e-05,True,7.869507812939555e-09,True,0.014475498919934942,0.022015784875060673,1.3154131588992905e-06
44100,fir65-fc20000,hann-g32,reference,B1,4.714202118911264e-06,7.583185411705278e-06,4.690837079632587e-06,True,1.1741182408748375e-09,True,0.0014637218913055642,0.0032760932528235654,1.9011799702968472e-07
44100,fir65-fc20000,hann-g32,reference,AB,2.0509006493869973e-05,3.2149580124452355e-05,1.860117177832237e-05,True,7.86930218761386e-09,True,0.014456991963796479,0.02201581497455339,1.3117818550992164e-06
44100,fir65-fc20000,hann-g32,edge,A1,0.00025794716996705856,0.00020270290986796423,0.00021934976611090605,True,5.4687115396418704e-08,True,0.12144738160250762,0.1013943413362333,9.43373590737657e-06
44100,fir65-fc20000,hann-g32,edge,B1,0.0005049192239811994,0.00027096440038933334,0.0004941490413325123,True,1.1074819695996739e-07,True,0.18723126165027093,0.10292761466033856,2.067375221104483e-05
44100,fir65-fc20000,hann-g32,edge,AB,0.00025794721300305087,0.00020270290086490768,0.00021934979502999415,True,5.468702325757803e-08,True,0.12144740307129955,0.10139435626897837,9.432558146874356e-06
44100,fir65-fc20000,hann-g32,overlap-reference,A1,5.8970205153620935e-06,9.418390307370386e-06,5.61152608067774e-06,True,6.578810849701664e-10,True,0.0019498598018449723,0.0027025142382907496,2.779791658770868e-07
44100,fir65-fc20000,hann-g32,overlap-reference,B1,4.7142030114869556e-06,7.5831884643784486e-06,4.690837939868353e-06,True,1.1741180176965429e-09,True,0.0014637224751564135,0.0032760951763698976,1.901185998491341e-07
44100,fir65-fc20000,hann-g32,overlap-reference,AB,5.8969682446263386e-06,9.418389268990797e-06,5.611472697401674e-06,True,6.578508406523721e-10,True,0.001949933430502289,0.0027025126440640493,2.778584832692206e-07
44100,fir65-fc20000,hann-g32,sustained-edge,A1,0.00012047482214531083,7.059624247103671e-05,0.00010993330292290107,True,1.9771068372729775e-08,True,0.0810685830460549,0.028922454428017108,9.794512461887453e-06
44100,fir65-fc20000,hann-g32,sustained-edge,B1,0.0005049192181841308,0.0002709644042493823,0.0004941490356528894,True,1.1074819659533178e-07,True,0.18723125436128915,0.10292761017929992,2.067375070599866e-05
44100,fir65-fc20000,hann-g32,sustained-edge,AB,0.00012047304760568485,7.059623913139439e-05,0.00010993083075953465,True,1.9770813890292315e-08,True,0.08106892107557868,0.028922454451246884,9.793826788208503e-06
44100,fir65-fc20000,kaiser-g32,reference,A1,3.392798123147059e-05,3.1008283595971514e-05,3.341777172019277e-05,True,7.869507812939555e-09,True,0.014481863736678565,0.022026571050660818,1.3154131588992905e-06
44100,fir65-fc20000,kaiser-g32,reference,B1,1.6858654356459903e-05,2.2355134658970083e-05,1.6821611032637343e-05,True,1.1741182408748375e-09,True,0.0014644552244448296,0.003281353682731579,1.9011799702968472e-07
44100,fir65-fc20000,kaiser-g32,reference,AB,3.389494205047477e-05,3.100826885300088e-05,3.3385600534443855e-05,True,7.86930218761386e-09,True,0.014463348653827675,0.022026601149908186,1.3117818550992164e-06
44100,fir65-fc20000,kaiser-g32,edge,A1,7.579249761945983e-05,6.469830360096483e-05,6.612044340421573e-05,True,5.4687115396418704e-08,True,0.12140740456522267,0.10126487213250376,9.43373590737657e-06
44100,fir65-fc20000,kaiser-g32,edge,B1,0.0001413880477294721,8.542879724156909e-05,0.00013720286184758476,True,1.1074819695996739e-07,True,0.18719089202791772,0.10289304990052552,2.067375221104483e-05
44100,fir65-fc20000,kaiser-g32,edge,AB,7.579249527260079e-05,6.469829446454083e-05,6.612024474857999e-05,True,5.468702325757803e-08,True,0.12140742603776329,0.10126488706350772,9.432558146874356e-06
44100,fir65-fc20000,kaiser-g32,overlap-reference,A1,2.1286846080566996e-05,2.641923233676362e-05,2.0617633123359623e-05,True,6.578810849701664e-10,True,0.0019504161162714022,0.002697501116145245,2.779791658770868e-07
44100,fir65-fc20000,kaiser-g32,overlap-reference,B1,1.6858654182018106e-05,2.2355128337314983e-05,1.6821610865012193e-05,True,1.1741180176965429e-09,True,0.0014644558036326582,0.0032813555986079264,1.901185998491341e-07
44100,fir65-fc20000,kaiser-g32,overlap-reference,AB,2.12868613327762e-05,2.6419233376141345e-05,2.061764053040236e-05,True,6.578508406523721e-10,True,0.0019504905381228478,0.0026974995219482406,2.778584832692206e-07
44100,fir65-fc20000,kaiser-g32,sustained-edge,A1,6.185297328246714e-05,3.0167311691132642e-05,5.504680811799638e-05,True,1.9771068372729775e-08,True,0.08108293230544573,0.028922431278015734,9.794512461887453e-06
44100,fir65-fc20000,kaiser-g32,sustained-edge,B1,0.00014138804431100357,8.542879591722013e-05,0.0001372028586010221,True,1.1074819659533178e-07,True,0.18719088474295265,0.10289304541772414,2.067375070599866e-05
44100,fir65-fc20000,kaiser-g32,sustained-edge,AB,6.185519787450428e-05,3.0167313587473454e-05,5.5048871391213756e-05,True,1.9770813890292315e-08,True,0.08108327567177968,0.028922431301245576,9.793826788208503e-06
48000,raw-control,kaiser-g8,reference,A1,0.03128036623277518,0.018732668274506606,0.024319715257441747,True,5.298144520316694e-06,False,0.03128036623277518,0.018732668274506606,5.298144520316694e-06
48000,raw-control,kaiser-g8,reference,B1,0.001002338413391986,0.0021196209472317384,0.0009344492687074926,True,1.9311829882401199e-07,True,0.001002338413391986,0.0021196209472317384,1.9311829882401199e-07
48000,raw-control,kaiser-g8,reference,AB,0.03031797131961787,0.018732696787508198,0.023560381384231503,True,5.174103795946747e-06,False,0.03031797131961787,0.018732696787508198,5.174103795946747e-06
48000,raw-control,kaiser-g8,edge,A1,0.061852829946876506,0.04356661016690924,0.04753909927170675,True,1.07124338740753e-05,False,0.061852829946876506,0.04356661016690924,1.07124338740753e-05
48000,raw-control,kaiser-g8,edge,B1,0.10830183403788561,0.05722433530708786,0.10196175084623849,True,1.7697499091914918e-05,False,0.10830183403788561,0.05722433530708786,1.7697499091914918e-05
48000,raw-control,kaiser-g8,edge,AB,0.06185276977800021,0.04356661616415252,0.04753668770457356,True,1.07197871378137e-05,False,0.06185276977800021,0.04356661616415252,1.07197871378137e-05
48000,raw-control,kaiser-g8,overlap-reference,A1,0.0008841295310358014,0.001682731631821983,0.000712822364071827,True,1.378628967933255e-07,True,0.0008841295310358014,0.001682731631821983,1.378628967933255e-07
48000,raw-control,kaiser-g8,overlap-reference,B1,0.0010023398256402295,0.0021196266689204432,0.0009344504809473726,True,1.931218293646079e-07,True,0.0010023398256402295,0.0021196266689204432,1.931218293646079e-07
48000,raw-control,kaiser-g8,overlap-reference,AB,0.0008841333865437855,0.0016827306423534917,0.0007128108012738426,True,1.3766248447915615e-07,True,0.0008841333865437855,0.0016827306423534917,1.3766248447915615e-07
48000,raw-control,kaiser-g8,sustained-edge,A1,0.03483298404235146,0.014076940018128889,0.02794442422069415,True,4.1217403218039434e-06,False,0.03483298404235146,0.014076940018128889,4.1217403218039434e-06
48000,raw-control,kaiser-g8,sustained-edge,B1,0.10830182798821311,0.057224334743849754,0.10196174542415659,True,1.769749724566728e-05,False,0.10830182798821311,0.057224334743849754,1.769749724566728e-05
48000,raw-control,kaiser-g8,sustained-edge,AB,0.034833002946217516,0.01407693833429504,0.027944419939200858,True,4.120635976921166e-06,False,0.034833002946217516,0.01407693833429504,4.120635976921166e-06
48000,raw-control,kaiser-g16,reference,A1,0.021985169974291924,0.009372949595165924,0.017044380187209288,True,5.298144520316694e-06,False,0.021985169974291924,0.009372949595165924,5.298144520316694e-06
48000,raw-control,kaiser-g16,reference,B1,0.0007036868444907062,0.001064558625779805,0.0006563496277932752,True,1.9311829882401199e-07,True,0.0007036868444907062,0.001064558625779805,1.9311829882401199e-07
48000,raw-control,kaiser-g16,reference,AB,0.021308468901363255,0.009372978555472856,0.016508856705999508,True,5.174103795946747e-06,False,0.021308468901363255,0.009372978555472856,5.174103795946747e-06
48000,raw-control,kaiser-g16,edge,A1,0.04320095270204478,0.02163821414323954,0.03306040508808299,True,1.07124338740753e-05,False,0.04320095270204478,0.02163821414323954,1.07124338740753e-05
48000,raw-control,kaiser-g16,edge,B1,0.067038821744438,0.026788792271146198,0.06261294996547404,True,1.7697499091914918e-05,False,0.067038821744438,0.026788792271146198,1.7697499091914918e-05
48000,raw-control,kaiser-g16,edge,AB,0.04320085255793452,0.021638220304626525,0.03305792413153013,True,1.07197871378137e-05,False,0.04320085255793452,0.021638220304626525,1.07197871378137e-05
48000,raw-control,kaiser-g16,overlap-reference,A1,0.0006170589953231902,0.0008757842312474354,0.0004976551333670828,True,1.378628967933255e-07,True,0.0006170589953231902,0.0008757842312474354,1.378628967933255e-07
48000,raw-control,kaiser-g16,overlap-reference,B1,0.0007036885754924752,0.0010645549170274378,0.0006563511318317573,True,1.931218293646079e-07,True,0.0007036885754924752,0.0010645549170274378,1.931218293646079e-07
48000,raw-control,kaiser-g16,overlap-reference,AB,0.0006170641838581164,0.0008757832382234541,0.0004976378614030541,True,1.3766248447915615e-07,True,0.0006170641838581164,0.0008757832382234541,1.3766248447915615e-07
48000,raw-control,kaiser-g16,sustained-edge,A1,0.023581494550847494,0.006979681566301097,0.018800397260428783,True,4.1217403218039434e-06,False,0.023581494550847494,0.006979681566301097,4.1217403218039434e-06
48000,raw-control,kaiser-g16,sustained-edge,B1,0.06703881591595771,0.026788791056775844,0.06261294462370999,True,1.769749724566728e-05,False,0.06703881591595771,0.026788791056775844,1.769749724566728e-05
48000,raw-control,kaiser-g16,sustained-edge,AB,0.023581520756514065,0.006979679872430986,0.018800359882118832,True,4.120635976921166e-06,False,0.023581520756514065,0.006979679872430986,4.120635976921166e-06
48000,raw-control,lagrange-g32,reference,A1,0.026095397166274983,0.012338050384098556,0.019828164274949926,True,5.298144520316694e-06,False,0.026095397166274983,0.012338050384098556,5.298144520316694e-06
48000,raw-control,lagrange-g32,reference,B1,0.0008390288055304806,0.0015880886406634306,0.000831217062239689,True,1.9311829882401199e-07,True,0.0008390288055304806,0.0015880886406634306,1.9311829882401199e-07
48000,raw-control,lagrange-g32,reference,AB,0.02529253251733986,0.012338079142933953,0.01921016265519794,True,5.174103795946747e-06,False,0.02529253251733986,0.012338079142933953,5.174103795946747e-06
48000,raw-control,lagrange-g32,edge,A1,0.051360030510896056,0.028594723970478072,0.03841364919504361,True,1.07124338740753e-05,False,0.051360030510896056,0.028594723970478072,1.07124338740753e-05
48000,raw-control,lagrange-g32,edge,B1,0.08307813971990673,0.04132759514588091,0.08238193870666245,True,1.7697499091914918e-05,False,0.08307813971990673,0.04132759514588091,1.7697499091914918e-05
48000,raw-control,lagrange-g32,edge,AB,0.05135997736220075,0.028594730066960086,0.0384118581216849,True,1.07197871378137e-05,False,0.05135997736220075,0.028594730066960086,1.07197871378137e-05
48000,raw-control,lagrange-g32,overlap-reference,A1,0.0007376293667472774,0.001282862845868194,0.0006088202373205998,True,1.378628967933255e-07,True,0.0007376293667472774,0.001282862845868194,1.378628967933255e-07
48000,raw-control,lagrange-g32,overlap-reference,B1,0.0008390303625212163,0.0015880849218134691,0.0008312185719662959,True,1.931218293646079e-07,True,0.0008390303625212163,0.0015880849218134691,1.931218293646079e-07
48000,raw-control,lagrange-g32,overlap-reference,AB,0.0007376338139101806,0.0012828618555362793,0.0006088066337793169,True,1.3766248447915615e-07,True,0.0007376338139101806,0.0012828618555362793,1.3766248447915615e-07
48000,raw-control,lagrange-g32,sustained-edge,A1,0.0285101297146557,0.009554152785854452,0.022863602479308305,True,4.1217403218039434e-06,False,0.0285101297146557,0.009554152785854452,4.1217403218039434e-06
48000,raw-control,lagrange-g32,sustained-edge,B1,0.08307813353862305,0.041327593373399925,0.08238193261947224,True,1.769749724566728e-05,False,0.08307813353862305,0.041327593373399925,1.769749724566728e-05
48000,raw-control,lagrange-g32,sustained-edge,AB,0.02851015188874025,0.009554151159069433,0.022863581740354626,True,4.120635976921166e-06,False,0.02851015188874025,0.009554151159069433,4.120635976921166e-06
48000,raw-control,hann-g32,reference,A1,0.01520475927243752,0.004472030769993948,0.011761499467327644,True,5.298144520316694e-06,False,0.01520475927243752,0.004472030769993948,5.298144520316694e-06
48000,raw-control,hann-g32,reference,B1,0.0004562331139123428,0.00045875909248623497,0.00042549741692402167,True,1.9311829882401199e-07,True,0.0004562331139123428,0.00045875909248623497,1.9311829882401199e-07
48000,raw-control,hann-g32,reference,AB,0.014736303241496843,0.004472060434876591,0.0113896244577642,True,5.174103795946747e-06,False,0.014736303241496843,0.004472060434876591,5.174103795946747e-06
48000,raw-control,hann-g32,edge,A1,0.02985199816213777,0.010308773682275172,0.02278498229445443,True,1.07124338740753e-05,False,0.02985199816213777,0.010308773682275172,1.07124338740753e-05
48000,raw-control,hann-g32,edge,B1,0.042825745657913535,0.011925862724007197,0.04001919557531429,True,1.7697499091914918e-05,False,0.042825745657913535,0.011925862724007197,1.7697499091914918e-05
48000,raw-control,hann-g32,edge,AB,0.029851853422497392,0.010308780029932471,0.02278283379129418,True,1.07197871378137e-05,False,0.029851853422497392,0.010308780029932471,1.07197871378137e-05
48000,raw-control,hann-g32,overlap-reference,A1,0.0003991304786152066,0.0004029256292890129,0.00032309701449187997,True,1.378628967933255e-07,True,0.0003991304786152066,0.0004029256292890129,1.378628967933255e-07
48000,raw-control,hann-g32,overlap-reference,B1,0.00045623521445450275,0.00045876200289914326,0.000425499250241265,True,1.931218293646079e-07,True,0.00045623521445450275,0.00045876200289914326,1.931218293646079e-07
48000,raw-control,hann-g32,overlap-reference,AB,0.00039913775028360834,0.0004029246297434102,0.0003230736874935869,True,1.3766248447915615e-07,True,0.00039913775028360834,0.0004029246297434102,1.3766248447915615e-07
48000,raw-control,hann-g32,sustained-edge,A1,0.015280373571613295,0.003478764858709871,0.012284198895892657,True,4.1217403218039434e-06,False,0.015280373571613295,0.003478764858709871,4.1217403218039434e-06
48000,raw-control,hann-g32,sustained-edge,B1,0.04282574128770783,0.011925861538653987,0.04001919151010088,True,1.769749724566728e-05,False,0.04282574128770783,0.011925861538653987,1.769749724566728e-05
48000,raw-control,hann-g32,sustained-edge,AB,0.015280410024235188,0.0034787631643468995,0.012284132165030456,True,4.120635976921166e-06,False,0.015280410024235188,0.0034787631643468995,4.120635976921166e-06
48000,raw-control,kaiser-g32,reference,A1,0.016143230250836953,0.004985018428438474,0.012483002400281027,True,5.298144520316694e-06,False,0.016143230250836953,0.004985018428438474,5.298144520316694e-06
48000,raw-control,kaiser-g32,reference,B1,0.0004924724353538171,0.0005228513240000167,0.00045941838713966105,True,1.9311829882401199e-07,True,0.0004924724353538171,0.0005228513240000167,1.9311829882401199e-07
48000,raw-control,kaiser-g32,reference,AB,0.015645962199908898,0.0049850478749100405,0.012088526984652912,True,5.174103795946747e-06,False,0.015645962199908898,0.0049850478749100405,5.174103795946747e-06
48000,raw-control,kaiser-g32,edge,A1,0.031697249345491355,0.01150459781335873,0.024186139299513756,True,1.07124338740753e-05,False,0.031697249345491355,0.01150459781335873,1.07124338740753e-05
48000,raw-control,kaiser-g32,edge,B1,0.046379663094056736,0.01343990110476922,0.043352755735623985,True,1.7697499091914918e-05,False,0.046379663094056736,0.01343990110476922,1.7697499091914918e-05
48000,raw-control,kaiser-g32,edge,AB,0.031697112248496966,0.011504604110356519,0.024183900468644354,True,1.07197871378137e-05,False,0.031697112248496966,0.011504604110356519,1.07197871378137e-05
48000,raw-control,kaiser-g32,overlap-reference,A1,0.0004321515033782721,0.0004556791682828458,0.00034998469800215175,True,1.378628967933255e-07,True,0.0004321515033782721,0.0004556791682828458,1.378628967933255e-07
48000,raw-control,kaiser-g32,overlap-reference,B1,0.000492474487424924,0.0005228497973956576,0.0004594201820010876,True,1.931218293646079e-07,True,0.000492474487424924,0.0005228497973956576,1.931218293646079e-07
48000,raw-control,kaiser-g32,overlap-reference,AB,0.00043215835510762297,0.0004556781713199668,0.0003499627967573253,True,1.3766248447915615e-07,True,0.00043215835510762297,0.0004556781713199668,1.3766248447915615e-07
48000,raw-control,kaiser-g32,sustained-edge,A1,0.016496454662640405,0.0038182699233019297,0.013242803779137469,True,4.1217403218039434e-06,False,0.016496454662640405,0.0038182699233019297,4.1217403218039434e-06
48000,raw-control,kaiser-g32,sustained-edge,B1,0.046379658423137946,0.013439899809966595,0.04335275139459356,True,1.769749724566728e-05,False,0.046379658423137946,0.013439899809966595,1.769749724566728e-05
48000,raw-control,kaiser-g32,sustained-edge,AB,0.016496489217533696,0.0038182682280288277,0.0132427448012687,True,4.120635976921166e-06,False,0.016496489217533696,0.0038182682280288277,4.120635976921166e-06
48000,raw-control,lagrange-g64,reference,A1,0.02196635093285398,0.008978984160045823,0.016814662589503288,True,5.298144520316694e-06,False,0.02196635093285398,0.008978984160045823,5.298144520316694e-06
48000,raw-control,lagrange-g64,reference,B1,0.0007010692551887919,0.001087923334764461,0.0006866974205176607,True,1.9311829882401199e-07,True,0.0007010692551887919,0.001087923334764461,1.9311829882401199e-07
48000,raw-control,lagrange-g64,reference,AB,0.021290348090812063,0.008979013130257864,0.016288744069064526,True,5.174103795946747e-06,False,0.021290348090812063,0.008979013130257864,5.174103795946747e-06
48000,raw-control,lagrange-g64,edge,A1,0.04315988187819304,0.020741672438592006,0.032530633024941746,True,1.07124338740753e-05,False,0.04315988187819304,0.020741672438592006,1.07124338740753e-05
48000,raw-control,lagrange-g64,edge,B1,0.06715785888966866,0.028086515734418876,0.06585656918042003,True,1.7697499091914918e-05,False,0.06715785888966866,0.028086515734418876,1.7697499091914918e-05
48000,raw-control,lagrange-g64,edge,AB,0.04315980525406286,0.020741678604826248,0.03252868109645063,True,1.07197871378137e-05,False,0.04315980525406286,0.020741678604826248,1.07197871378137e-05
48000,raw-control,lagrange-g64,overlap-reference,A1,0.0006152202678276789,0.0008907702501852791,0.0005062989435034388,True,1.378628967933255e-07,True,0.0006152202678276789,0.0008907702501852791,1.378628967933255e-07
48000,raw-control,lagrange-g64,overlap-reference,B1,0.0007010709997677789,0.0010879200646100214,0.0006866990668173949,True,1.931218293646079e-07,True,0.0007010709997677789,0.0010879200646100214,1.931218293646079e-07
48000,raw-control,lagrange-g64,overlap-reference,AB,0.0006152254403742091,0.0008907692580830183,0.0005062812753627102,True,1.3766248447915615e-07,True,0.0006152254403742091,0.0008907692580830183,1.3766248447915615e-07
48000,raw-control,lagrange-g64,sustained-edge,A1,0.02359375304516102,0.006751456749400253,0.0189380328152486,True,4.1217403218039434e-06,False,0.02359375304516102,0.006751456749400253,4.1217403218039434e-06
48000,raw-control,lagrange-g64,sustained-edge,B1,0.06715785306760827,0.028086514297068963,0.06585656352108603,True,1.769749724566728e-05,False,0.06715785306760827,0.028086514297068963,1.769749724566728e-05
48000,raw-control,lagrange-g64,sustained-edge,AB,0.023593779082731966,0.006751455115734112,0.018938004755457098,True,4.120635976921166e-06,False,0.023593779082731966,0.006751455115734112,4.120635976921166e-06
48000,raw-control,hann-g64,reference,A1,0.011411258659936842,0.0024751423768422,0.008904906619439094,True,5.298144520316694e-06,False,0.011411258659936842,0.0024751423768422,5.298144520316694e-06
48000,raw-control,hann-g64,reference,B1,0.00031931753783922336,0.00022900150258442888,0.0002984092175422427,True,1.9311829882401199e-07,True,0.00031931753783922336,0.00022900150258442888,1.9311829882401199e-07
48000,raw-control,hann-g64,reference,AB,0.011059269389870667,0.0024751730051679136,0.008624304329817568,True,5.174103795946747e-06,False,0.011059269389870667,0.0024751730051679136,5.174103795946747e-06
48000,raw-control,hann-g64,edge,A1,0.0223953755101863,0.005692263100200699,0.01728936604905682,True,1.07124338740753e-05,False,0.0223953755101863,0.005692263100200699,1.07124338740753e-05
48000,raw-control,hann-g64,edge,B1,0.029499388376900044,0.005649243601902398,0.02759928952979686,True,1.7697499091914918e-05,False,0.029499388376900044,0.005649243601902398,1.7697499091914918e-05
48000,raw-control,hann-g64,edge,AB,0.02239519709636547,0.005692269669202558,0.01728803246139578,True,1.07197871378137e-05,False,0.02239519709636547,0.005692269669202558,1.07197871378137e-05
48000,raw-control,hann-g64,overlap-reference,A1,0.00027384944232317066,0.00023639551784772063,0.00022627326639856915,True,1.378628967933255e-07,True,0.00027384944232317066,0.00023639551784772063,1.378628967933255e-07
48000,raw-control,hann-g64,overlap-reference,B1,0.00031931983403523577,0.00022900357864646102,0.00029841119574438793,True,1.931218293646079e-07,True,0.00031931983403523577,0.00022900357864646102,1.931218293646079e-07
48000,raw-control,hann-g64,overlap-reference,AB,0.0002738585192109607,0.00023639450718539125,0.00022625693290140878,True,1.3766248447915615e-07,True,0.0002738585192109607,0.00023639450718539125,1.3766248447915615e-07
48000,raw-control,hann-g64,sustained-edge,A1,0.010562921464946957,0.0023229623047586567,0.008625229072261537,True,4.1217403218039434e-06,False,0.010562921464946957,0.0023229623047586567,4.1217403218039434e-06
48000,raw-control,hann-g64,sustained-edge,B1,0.029499385308081338,0.005649243012608734,0.027599286666593625,True,1.769749724566728e-05,False,0.029499385308081338,0.005649243012608734,1.769749724566728e-05
48000,raw-control,hann-g64,sustained-edge,AB,0.010562965049671016,0.0023229606240810614,0.008625145478319267,True,4.120635976921166e-06,False,0.010562965049671016,0.0023229606240810614,4.120635976921166e-06
48000,raw-control,kaiser-g64,reference,A1,0.012165382492968658,0.0027581728357253163,0.00948522479418216,True,5.298144520316694e-06,False,0.012165382492968658,0.0027581728357253163,5.298144520316694e-06
48000,raw-control,kaiser-g64,reference,B1,0.00034518360171838176,0.0002653463127846299,0.00032259179759658546,True,1.9311829882401199e-07,True,0.00034518360171838176,0.0002653463127846299,1.9311829882401199e-07
48000,raw-control,kaiser-g64,reference,AB,0.011790240919126747,0.002758203066541232,0.009185711910038143,True,5.174103795946747e-06,False,0.011790240919126747,0.002758203066541232,5.174103795946747e-06
48000,raw-control,kaiser-g64,edge,A1,0.02387758477584691,0.006344321969034127,0.018403099172990354,True,1.07124338740753e-05,False,0.02387758477584691,0.006344321969034127,1.07124338740753e-05
48000,raw-control,kaiser-g64,edge,B1,0.03197068776029661,0.006481043443930864,0.029916218074924193,True,1.7697499091914918e-05,False,0.03197068776029661,0.006481043443930864,1.7697499091914918e-05
48000,raw-control,kaiser-g64,edge,AB,0.023877413584606367,0.0063443284505592685,0.018401572563131945,True,1.07197871378137e-05,False,0.023877413584606367,0.0063443284505592685,1.07197871378137e-05
48000,raw-control,kaiser-g64,overlap-reference,A1,0.00029852402281884755,0.0002662809461952407,0.00024574986738641657,True,1.378628967933255e-07,True,0.00029852402281884755,0.0002662809461952407,1.378628967933255e-07
48000,raw-control,kaiser-g64,overlap-reference,B1,0.00034518584431397325,0.00026534528619640387,0.000322593731736767,True,1.931218293646079e-07,True,0.00034518584431397325,0.00026534528619640387,1.931218293646079e-07
48000,raw-control,kaiser-g64,overlap-reference,AB,0.0002985326969105039,0.0002662799405907814,0.00024572934793098657,True,1.3766248447915615e-07,True,0.0002985326969105039,0.0002662799405907814,1.3766248447915615e-07
48000,raw-control,kaiser-g64,sustained-edge,A1,0.011470824489948973,0.0023986475350755362,0.009343020681551918,True,4.1217403218039434e-06,False,0.011470824489948973,0.0023986475350755362,4.1217403218039434e-06
48000,raw-control,kaiser-g64,sustained-edge,B1,0.03197068444128512,0.006481042762714721,0.029916214978376567,True,1.769749724566728e-05,False,0.03197068444128512,0.006481042762714721,1.769749724566728e-05
48000,raw-control,kaiser-g64,sustained-edge,AB,0.011470866760799819,0.0023986458474920995,0.00934293093489362,True,4.120635976921166e-06,False,0.011470866760799819,0.0023986458474920995,4.120635976921166e-06
48000,butter4-fc18000,kaiser-g8,reference,A1,0.0013185389767764715,0.001515868114223005,0.0011223147350951919,True,8.737275786947404e-09,True,0.9149215638622008,0.6883244994487766,5.298144520316694e-06
48000,butter4-fc18000,kaiser-g8,reference,B1,4.38882403116072e-05,0.00014784193370194238,3.900088215883636e-05,True,3.8553333876419346e-10,True,0.11691877087999376,0.15162611019712122,1.9311829882401199e-07
48000,butter4-fc18000,kaiser-g8,reference,AB,0.0012773148911108287,0.001515868114223005,0.0010871573034928062,True,8.737275786947404e-09,True,0.8872223047640873,0.6883244569326853,5.174103795946747e-06
48000,butter4-fc18000,kaiser-g8,edge,A1,0.002990747164648347,0.003426799321441768,0.0025170887417372565,True,1.7697487454817368e-08,True,1.448929197931329,1.333744397256009,1.07124338740753e-05
48000,butter4-fc18000,kaiser-g8,edge,B1,0.014286116208450878,0.01057614851637879,0.01399845057216371,True,4.512923690621694e-08,False,1.605563043451744,1.4880331644770997,1.7697499091914918e-05
48000,butter4-fc18000,kaiser-g8,edge,AB,0.002990752624728805,0.003426799321441768,0.0025170643523854956,True,1.769748759769867e-08,True,1.4489292397358404,1.3337443838860854,1.07197871378137e-05
48000,butter4-fc18000,kaiser-g8,overlap-reference,A1,3.950299408170499e-05,0.00011956269744664896,3.3357539396219014e-05,True,3.2296382299680044e-10,True,0.0740715521563096,0.0989062821078427,1.378628967933255e-07
48000,butter4-fc18000,kaiser-g8,overlap-reference,B1,4.38882567018284e-05,0.00014784199312278638,3.900089984974104e-05,True,3.855331381971893e-10,True,0.11691877080185738,0.1516260904451824,1.931218293646079e-07
48000,butter4-fc18000,kaiser-g8,overlap-reference,AB,3.950300526530174e-05,0.00011956269744664896,3.3357131468085705e-05,True,3.229639861080712e-10,True,0.07407171703959745,0.09890628121646122,1.3766248447915615e-07
48000,butter4-fc18000,kaiser-g8,sustained-edge,A1,0.0017776614366050395,0.0012480374713184925,0.001611607801739209,True,6.557817793161439e-09,True,0.8373929090068067,0.4948550621769063,4.1217403218039434e-06
48000,butter4-fc18000,kaiser-g8,sustained-edge,B1,0.014286116113152296,0.01057614801248374,0.01399845047879112,True,4.512923665393597e-08,False,1.6055630468324689,1.4880331705201781,1.769749724566728e-05
48000,butter4-fc18000,kaiser-g8,sustained-edge,AB,0.0017776616583592261,0.0012480374713184925,0.0016116072439836492,True,6.5578183965404e-09,True,0.837392916539953,0.4948550613488044,4.120635976921166e-06
48000,butter4-fc18000,kaiser-g16,reference,A1,5.4795445253948735e-05,4.4149631293801794e-05,4.6953605903175955e-05,True,8.737275786947404e-09,True,0.9150002786241598,0.6881164251189575,5.298144520316694e-06
48000,butter4-fc18000,kaiser-g16,reference,B1,6.373310424519508e-05,6.376553710619315e-05,6.370006520324291e-05,True,3.8553333876419346e-10,True,0.1169420344531694,0.15173945184728102,1.9311829882401199e-07
48000,butter4-fc18000,kaiser-g16,reference,AB,5.538790322102469e-05,4.4149631293801794e-05,4.815441926288279e-05,True,8.737275786947404e-09,True,0.8872987419316719,0.6881163826080976,5.174103795946747e-06
48000,butter4-fc18000,kaiser-g16,edge,A1,0.00010758951682887834,8.78734611170793e-05,9.1935930045172e-05,True,1.7697487454817368e-08,True,1.4492699223483254,1.3342894257768263,1.07124338740753e-05
48000,butter4-fc18000,kaiser-g16,edge,B1,0.0002612237184019712,0.0001922979795693169,0.00025574358925419303,True,4.512923690621694e-08,True,1.6124997764874995,1.4905815603682697,1.7697499091914918e-05
48000,butter4-fc18000,kaiser-g16,edge,AB,0.00010758956089837647,8.78734611170793e-05,9.193608590476236e-05,True,1.769748759769867e-08,True,1.4492699660843413,1.334289412403956,1.07197871378137e-05
48000,butter4-fc18000,kaiser-g16,overlap-reference,A1,5.17650673795979e-05,5.0668668878949715e-05,5.135692060137209e-05,True,3.2296382299680044e-10,True,0.0740826042612023,0.09901185140697896,1.378628967933255e-07
48000,butter4-fc18000,kaiser-g16,overlap-reference,B1,6.373310427078872e-05,6.37655328973657e-05,6.37000652283475e-05,True,3.855331381971893e-10,True,0.11694203437482192,0.15173943213878674,1.931218293646079e-07
48000,butter4-fc18000,kaiser-g16,overlap-reference,AB,5.176510733486188e-05,5.0668668878949715e-05,5.1356961150088624e-05,True,3.229639861080712e-10,True,0.07408276919658903,0.09901185051570244,1.3766248447915615e-07
48000,butter4-fc18000,kaiser-g16,sustained-edge,A1,6.595104312769275e-05,4.5141368301773736e-05,6.020649570069691e-05,True,6.557817793161439e-09,True,0.8376691925749583,0.4955246176180979,4.1217403218039434e-06
48000,butter4-fc18000,kaiser-g16,sustained-edge,B1,0.0002612237075470382,0.00019229796062133093,0.0002557435785938099,True,4.512923665393597e-08,True,1.612499779796804,1.4905815663831645,1.769749724566728e-05
48000,butter4-fc18000,kaiser-g16,sustained-edge,AB,6.5951044202453e-05,4.514136830186668e-05,6.020642933902407e-05,True,6.5578183965404e-09,True,0.8376692001927907,0.4955246167910937,4.120635976921166e-06
48000,butter4-fc20000,kaiser-g8,reference,A1,0.004401985960162103,0.004661503293138494,0.003739214012197092,True,1.3203081014145378e-08,True,0.6249185676916931,0.5224116278420291,5.298144520316694e-06
48000,butter4-fc20000,kaiser-g8,reference,B1,0.00013103011944445075,0.00044248054933509806,0.0001270517957081385,True,7.235919362983642e-10,True,0.07570471153775246,0.09933063144680963,1.9311829882401199e-07
48000,butter4-fc20000,kaiser-g8,reference,AB,0.00426567387929355,0.004661503293138494,0.003623627454929061,True,1.3203081206826763e-08,True,0.6059668312996801,0.5224115860672454,5.174103795946747e-06
48000,butter4-fc20000,kaiser-g8,edge,A1,0.009354673268662923,0.009950267685132335,0.007863204200939824,True,2.7097903483969957e-08,False,1.0396473138539446,1.0962306806175872,1.07124338740753e-05
48000,butter4-fc20000,kaiser-g8,edge,B1,0.02956996359463112,0.020898128161516892,0.028899103434028038,True,5.662643882281102e-08,False,1.4326060020332843,1.2469713301029581,1.7697499091914918e-05
48000,butter4-fc20000,kaiser-g8,edge,AB,0.009354683662076221,0.009950267685132196,0.00786326374259314,True,2.7097903483969957e-08,False,1.0396474369994015,1.0962306685411303,1.07197871378137e-05
48000,butter4-fc20000,kaiser-g8,overlap-reference,A1,0.00012143746016942487,0.0003529887022307528,0.0001084643487296519,True,4.808688412293292e-10,True,0.04812280746026714,0.06777103575634735,1.378628967933255e-07
48000,butter4-fc20000,kaiser-g8,overlap-reference,B1,0.0001310302303923815,0.00044248079195470443,0.00012705190523213595,True,7.235919880360114e-10,True,0.07570471150781251,0.09933061340789145,1.931218293646079e-07
48000,butter4-fc20000,kaiser-g8,overlap-reference,AB,0.00012143747896023452,0.0003529887022307529,0.00010846360890173784,True,4.808688412293294e-10,True,0.048122913377259616,0.0677710348340067,1.3766248447915615e-07
48000,butter4-fc20000,kaiser-g8,sustained-edge,A1,0.005671402281930013,0.003316500738038638,0.0051043480529663725,True,9.131137660565377e-09,True,0.5897901204074496,0.32659230766149183,4.1217403218039434e-06
48000,butter4-fc20000,kaiser-g8,sustained-edge,B1,0.029569963694254645,0.020898128419972913,0.02889910353219883,True,5.662643858357575e-08,False,1.4326060015412831,1.2469713248098,1.769749724566728e-05
48000,butter4-fc20000,kaiser-g8,sustained-edge,AB,0.005671402721592595,0.003316500738038638,0.0051043474691598095,True,9.131138705351308e-09,True,0.5897901302220938,0.32659230655755095,4.120635976921166e-06
48000,butter4-fc20000,kaiser-g16,reference,A1,0.00026013757368679,0.0002052105297939665,0.0002247940795167073,True,1.3203081014145378e-08,True,0.6255528811351947,0.5262029477791543,5.298144520316694e-06
48000,butter4-fc20000,kaiser-g16,reference,B1,6.423693454863908e-05,7.079961473459156e-05,6.418529533349735e-05,True,7.235919362983642e-10,True,0.0757304106553884,0.09957348302351894,1.9311829882401199e-07
48000,butter4-fc20000,kaiser-g16,reference,AB,0.00025257388912544256,0.0002052105297939665,0.000218425052822688,True,1.3203081206826763e-08,True,0.6065815208479234,0.5262029059090491,5.174103795946747e-06
48000,butter4-fc20000,kaiser-g16,edge,A1,0.0005252279841904114,0.00042612531539501156,0.0004499755793393031,True,2.7097903483969957e-08,True,1.0415286788431422,1.1030396897793413,1.07124338740753e-05
48000,butter4-fc20000,kaiser-g16,edge,B1,0.001121292676140579,0.0006857043629372889,0.001097179610019721,True,5.662643882281102e-08,True,1.4471418532851799,1.2628696228902552,1.7697499091914918e-05
48000,butter4-fc20000,kaiser-g16,edge,AB,0.0005252282150750917,0.00042612531539501156,0.0004499776939711401,True,2.7097903483969957e-08,True,1.041528806565524,1.1030396776660707,1.07197871378137e-05
48000,butter4-fc20000,kaiser-g16,overlap-reference,A1,5.225843707348663e-05,5.358783201082025e-05,5.1764743846986984e-05,True,4.808688412293292e-10,True,0.04813807256666857,0.0679907717255769,1.378628967933255e-07
48000,butter4-fc20000,kaiser-g16,overlap-reference,B1,6.423693511810132e-05,7.079961177033952e-05,6.41852958856914e-05,True,7.235919880360114e-10,True,0.07573041063092446,0.09957346488696465,1.931218293646079e-07
48000,butter4-fc20000,kaiser-g16,overlap-reference,AB,5.225847692742128e-05,5.358783201114571e-05,5.17647823009447e-05,True,4.808688412293294e-10,True,0.04813817852438942,0.06799077080345474,1.3766248447915615e-07
48000,butter4-fc20000,kaiser-g16,sustained-edge,A1,0.0003107778110203508,0.00013780030653439353,0.0002800589226890186,True,9.131137660565377e-09,True,0.5909565360875251,0.32807139554010206,4.1217403218039434e-06
48000,butter4-fc20000,kaiser-g16,sustained-edge,B1,0.0011212926275875716,0.0006857043278916487,0.0010971795623419339,True,5.662643858357575e-08,True,1.4471418528365476,1.2628696174964518,1.769749724566728e-05
48000,butter4-fc20000,kaiser-g16,sustained-edge,AB,0.0003107778168720541,0.00013780030653448306,0.00028005822661651377,True,9.131138705351308e-09,True,0.5909565461090112,0.3280713944385859,4.120635976921166e-06
48000,butter6-fc18000,kaiser-g8,reference,A1,0.0008587466233687705,0.0009065758080570299,0.0007302090335800214,True,8.220704040810346e-09,True,1.2201127027080012,1.0365626538562929,5.298144520316694e-06
48000,butter6-fc18000,kaiser-g8,reference,B1,3.3308176246716955e-05,8.079358756573977e-05,2.7106938896086994e-05,True,3.34431130402876e-10,True,0.17264557002062236,0.208680709511885,1.9311829882401199e-07
48000,butter6-fc18000,kaiser-g8,reference,AB,0.0008319981067910466,0.0009065758080570299,0.0007073724281686592,True,8.220704040810346e-09,True,1.1833145587175786,1.0365626025847698,5.174103795946747e-06
48000,butter6-fc18000,kaiser-g8,edge,A1,0.0020078686887403255,0.0022143871781851606,0.0016860987687842362,True,1.757957477214682e-08,True,1.7558974686393498,1.6152487290628295,1.07124338740753e-05
48000,butter6-fc18000,kaiser-g8,edge,B1,0.011242702531609859,0.008349484055253709,0.011021322642779293,True,4.318301618915462e-08,False,1.4687237435084723,1.4706286927161434,1.7697499091914918e-05
48000,butter6-fc18000,kaiser-g8,edge,AB,0.002007873802604,0.0022143871781851606,0.0016860491571459152,True,1.757957477214682e-08,True,1.7558973962604973,1.615248714901203,1.07197871378137e-05
48000,butter6-fc18000,kaiser-g8,overlap-reference,A1,2.8971669720772706e-05,7.157032881353122e-05,2.2984603527025917e-05,True,3.000234401056995e-10,True,0.10881319547067483,0.13022841571027585,1.378628967933255e-07
48000,butter6-fc18000,kaiser-g8,overlap-reference,B1,3.3308178776621396e-05,8.079353476692914e-05,2.7106941859007918e-05,True,3.344310895808234e-10,True,0.17264556997417077,0.20868068839494014,1.931218293646079e-07
48000,butter6-fc18000,kaiser-g8,overlap-reference,AB,2.8971682313956455e-05,7.157032881353122e-05,2.298431895570721e-05,True,3.000235216916278e-10,True,0.10881344190371091,0.13022841485003936,1.3766248447915615e-07
48000,butter6-fc18000,kaiser-g8,sustained-edge,A1,0.0012317764607858706,0.0009860186873473639,0.001124518442608329,True,6.501937399275741e-09,True,1.071300961640661,0.6670532097007198,4.1217403218039434e-06
48000,butter6-fc18000,kaiser-g8,sustained-edge,B1,0.011242702428219389,0.008349483764285808,0.011021322541467607,True,4.318301593625802e-08,False,1.4687237531723178,1.4706287174735537,1.769749724566728e-05
48000,butter6-fc18000,kaiser-g8,sustained-edge,AB,0.001231776665009754,0.0009860186873473639,0.0011245199776629784,True,6.5019379571539825e-09,True,1.071300964764883,0.6670532091549085,4.120635976921166e-06
48000,butter6-fc18000,kaiser-g16,reference,A1,3.060629369861298e-05,2.559071062221456e-05,2.5646117795373287e-05,True,8.220704040810346e-09,True,1.2200990583361409,1.036956512186356,5.298144520316694e-06
48000,butter6-fc18000,kaiser-g16,reference,B1,6.371590363204341e-05,6.27060949892514e-05,6.368340497699863e-05,True,3.34431130402876e-10,True,0.17266954626351033,0.20865810939974935,1.9311829882401199e-07
48000,butter6-fc18000,kaiser-g16,reference,AB,3.359396432255364e-05,2.559071062221456e-05,2.943066212100589e-05,True,8.220704040810346e-09,True,1.1833015550178563,1.0369564609049304,5.174103795946747e-06
48000,butter6-fc18000,kaiser-g16,edge,A1,5.11820278257005e-05,3.867098578055704e-05,4.314272543593501e-05,True,1.757957477214682e-08,True,1.7559225956190911,1.6161458361504781,1.07124338740753e-05
48000,butter6-fc18000,kaiser-g16,edge,B1,8.670275201809505e-05,6.405016616778859e-05,8.487267439846669e-05,True,4.318301618915462e-08,True,1.47088036164138,1.4677114868833927,1.7697499091914918e-05
48000,butter6-fc18000,kaiser-g16,edge,AB,5.118203585544604e-05,3.867098578055704e-05,4.314216782187821e-05,True,1.757957477214682e-08,True,1.7559225237110252,1.6161458219840017,1.07197871378137e-05
48000,butter6-fc18000,kaiser-g16,overlap-reference,A1,5.1749866386067925e-05,5.0554007256659904e-05,5.134463019404869e-05,True,3.000234401056995e-10,True,0.10882412687849068,0.1302286384605252,1.378628967933255e-07
48000,butter6-fc18000,kaiser-g16,overlap-reference,B1,6.371590364000655e-05,6.27060954606741e-05,6.368340498499598e-05,True,3.344310895808234e-10,True,0.1726695462165144,0.2086580883242248,1.931218293646079e-07
48000,butter6-fc18000,kaiser-g16,overlap-reference,AB,5.1749906338356933e-05,5.0554007256659904e-05,5.134467080411369e-05,True,3.000235216916278e-10,True,0.10882437336792822,0.13022863760028894,1.3766248447915615e-07
48000,butter6-fc18000,kaiser-g16,sustained-edge,A1,3.723250478934276e-05,3.6946966337786464e-05,3.495988870892495e-05,True,6.501937399275741e-09,True,1.0713653179695952,0.6669551614555763,4.1217403218039434e-06
48000,butter6-fc18000,kaiser-g16,sustained-edge,B1,8.670275121604137e-05,6.40501632039968e-05,8.487267361430928e-05,True,4.318301593625802e-08,True,1.470880371280664,1.4677115116565507,1.769749724566728e-05
48000,butter6-fc18000,kaiser-g16,sustained-edge,AB,3.723250505981156e-05,3.6946966337786464e-05,3.495991050800491e-05,True,6.5019379571539825e-09,True,1.0713653211129177,0.6669551609096042,4.120635976921166e-06
48000,butter6-fc20000,kaiser-g8,reference,A1,0.003908973423643292,0.0038461671640978926,0.0033256880638648013,True,1.1430528646416031e-08,True,0.8732480384170108,0.6821150766343911,5.298144520316694e-06
48000,butter6-fc20000,kaiser-g8,reference,B1,0.00011475469026409334,0.00036504881248098736,0.00011096145380883167,True,6.011989332409613e-10,True,0.11182793006598538,0.14559194607969342,1.9311829882401199e-07
48000,butter6-fc20000,kaiser-g8,reference,AB,0.003787967494992593,0.0038461671640978926,0.003222803243999853,True,1.1430528709995997e-08,True,0.84681232302653,0.6821150308443304,5.174103795946747e-06
48000,butter6-fc20000,kaiser-g8,edge,A1,0.008390552282792781,0.007988816751291518,0.007061377990770451,True,2.590351115973804e-08,False,1.3938243438662365,1.33785995585116,1.07124338740753e-05
48000,butter6-fc20000,kaiser-g8,edge,B1,0.02755028617866682,0.01899756777848606,0.026928590016816415,True,5.632324527497127e-08,False,1.7433734673277874,1.515726894487418,1.7697499091914918e-05
48000,butter6-fc20000,kaiser-g8,edge,AB,0.00839056258821522,0.007988816751291516,0.007061425092152107,True,2.5903511026532736e-08,False,1.393824446119882,1.337859942458985,1.07197871378137e-05
48000,butter6-fc20000,kaiser-g8,overlap-reference,A1,0.00010750321457617474,0.00029248310973185697,9.62243236749143e-05,True,4.569757662425517e-10,True,0.07084594025209162,0.09574757249771239,1.378628967933255e-07
48000,butter6-fc20000,kaiser-g8,overlap-reference,B1,0.00011475477511780456,0.00036504899055933083,0.00011096153782305928,True,6.011985287824473e-10,True,0.11182792998262141,0.14559192633558274,1.931218293646079e-07
48000,butter6-fc20000,kaiser-g8,overlap-reference,AB,0.00010750322757967748,0.00029248310973185697,9.622345093650731e-05,True,4.569758476674247e-10,True,0.07084609795590442,0.09574757160319006,1.3766248447915615e-07
48000,butter6-fc20000,kaiser-g8,sustained-edge,A1,0.005099353636648011,0.0029995048276325854,0.004607748609455191,True,9.020651043707087e-09,True,0.8061661791760212,0.4769191802604465,4.1217403218039434e-06
48000,butter6-fc20000,kaiser-g8,sustained-edge,B1,0.027550286290703982,0.01899756731506244,0.02692859012584033,True,5.632324500405562e-08,False,1.7433734676039445,1.5157268971693025,1.769749724566728e-05
48000,butter6-fc20000,kaiser-g8,sustained-edge,AB,0.005099354083605235,0.0029995048276325854,0.004607744681841805,True,9.02065210543086e-09,True,0.8061661891335242,0.47691917940294176,4.120635976921166e-06
48000,butter6-fc20000,kaiser-g16,reference,A1,9.681839867064574e-05,7.808511106927905e-05,8.385131210098708e-05,True,1.1430528646416031e-08,True,0.8734907343644108,0.6818410671534116,5.298144520316694e-06
48000,butter6-fc20000,kaiser-g16,reference,B1,6.378080441476057e-05,6.589893502833824e-05,6.374606631753848e-05,True,6.011989332409613e-10,True,0.11185211716595858,0.14577534154957972,1.9311829882401199e-07
48000,butter6-fc20000,kaiser-g16,reference,AB,9.513209267773115e-05,7.808511106927905e-05,8.278008731485794e-05,True,1.1430528709995997e-08,True,0.8470476166915133,0.6818410213702402,5.174103795946747e-06
48000,butter6-fc20000,kaiser-g16,edge,A1,0.00019344363554944625,0.00015061266637179835,0.00016642965819262565,True,2.590351115973804e-08,True,1.3946878858327654,1.3376754915901765,1.07124338740753e-05
48000,butter6-fc20000,kaiser-g16,edge,B1,0.0004349904626332328,0.0002786650253927655,0.00042548959469930036,True,5.632324527497127e-08,True,1.7563585852175851,1.5185037131722874,1.7697499091914918e-05
48000,butter6-fc20000,kaiser-g16,edge,AB,0.0001934437340833037,0.00015061266637179832,0.00016643044476383358,True,2.5903511026532736e-08,True,1.394687992091597,1.337675478198999,1.07197871378137e-05
48000,butter6-fc20000,kaiser-g16,overlap-reference,A1,5.181276872334344e-05,5.119509536232434e-05,5.139692328766174e-05,True,4.569757662425517e-10,True,0.07085852845243087,0.0959028432261084,1.378628967933255e-07
48000,butter6-fc20000,kaiser-g16,overlap-reference,B1,6.378080458300897e-05,6.589894638145504e-05,6.37460664800089e-05,True,6.011985287824473e-10,True,0.11185211708284222,0.14577532190239775,1.931218293646079e-07
48000,butter6-fc20000,kaiser-g16,overlap-reference,AB,5.1812808665086816e-05,5.119509536232434e-05,5.1396963364611046e-05,True,4.569758476674247e-10,True,0.07085868620442513,0.09590284233174046,1.3766248447915615e-07
48000,butter6-fc20000,kaiser-g16,sustained-edge,A1,0.00011702940976182864,6.609760289916989e-05,0.00010653943638238371,True,9.020651043707087e-09,True,0.8067929344777194,0.4779548392054066,4.1217403218039434e-06
48000,butter6-fc20000,kaiser-g16,sustained-edge,B1,0.00043499044576759244,0.00027866500577418857,0.0004254895781593552,True,5.632324500405562e-08,True,1.7563585853598418,1.5185037157949206,1.769749724566728e-05
48000,butter6-fc20000,kaiser-g16,sustained-edge,AB,0.00011702941083806334,6.609760289916989e-05,0.0001065389990751214,True,9.02065210543086e-09,True,0.8067929446124497,0.4779548383495996,4.120635976921166e-06
48000,bessel4-fc18000,kaiser-g8,reference,A1,0.0028303291174564802,0.003063101312057675,0.0024020968760780684,True,9.800070489241247e-09,True,0.7204251261231288,0.5657329273102045,5.298144520316694e-06
48000,bessel4-fc18000,kaiser-g8,reference,B1,8.32113897960578e-05,0.0002932957820158315,7.94373829620204e-05,True,5.233574779918692e-10,True,0.09454811540901009,0.12127281926951275,1.9311829882401199e-07
48000,bessel4-fc18000,kaiser-g8,reference,AB,0.0027352957440846533,0.0030631013120577416,0.002321542577818839,True,9.800070489241247e-09,True,0.6986343659772369,0.5657328844462332,5.174103795946747e-06
48000,bessel4-fc18000,kaiser-g8,edge,A1,0.006542810203258159,0.0071660957156892535,0.005495529753436008,True,2.303517809348862e-08,True,1.1290687926553744,1.1434644850036613,1.07124338740753e-05
48000,bessel4-fc18000,kaiser-g8,edge,B1,0.02415387753408699,0.016475529063100274,0.0236136970494709,True,5.127925552957596e-08,False,1.3842865056752844,1.3103254726475273,1.7697499091914918e-05
48000,bessel4-fc18000,kaiser-g8,edge,AB,0.006542817823758434,0.0071660957156891745,0.00549556069458695,True,2.303517809348862e-08,True,1.129068867066803,1.1434644842353223,1.07197871378137e-05
48000,bessel4-fc18000,kaiser-g8,overlap-reference,A1,7.621340091501994e-05,0.00022426574888570035,6.726236355539452e-05,True,3.4982728030064433e-10,True,0.05982109502580958,0.08046501512444475,1.378628967933255e-07
48000,bessel4-fc18000,kaiser-g8,overlap-reference,B1,8.321145651488225e-05,0.00029329599302231976,7.94374498426548e-05,True,5.233575311729588e-10,True,0.09454811537448249,0.1212728005975273,1.931218293646079e-07
48000,bessel4-fc18000,kaiser-g8,overlap-reference,AB,7.621341609454849e-05,0.00022426574888561896,6.726193934462147e-05,True,3.4982736175529525e-10,True,0.05982122877197185,0.0804650142147263,1.3766248447915615e-07
48000,bessel4-fc18000,kaiser-g8,sustained-edge,A1,0.0036196110777640678,0.0022092613684238354,0.0032534625213285397,True,6.889981657506113e-09,True,0.6601363867263581,0.3956654390843605,4.1217403218039434e-06
48000,bessel4-fc18000,kaiser-g8,sustained-edge,B1,0.024153877530369086,0.016475529313081928,0.023613697046859138,True,5.12792552226288e-08,False,1.3842865064876526,1.3103254729222227,1.769749724566728e-05
48000,bessel4-fc18000,kaiser-g8,sustained-edge,AB,0.003619611363351006,0.0022092613684238354,0.003253462829632421,True,6.889982367072259e-09,True,0.6601363943395285,0.3956654380936537,4.120635976921166e-06
48000,bessel4-fc18000,kaiser-g16,reference,A1,0.00020819872095404713,0.00015946467711111875,0.00017962214086989628,True,9.800070489241247e-09,True,0.7207292522718464,0.5682250121014699,5.298144520316694e-06
48000,bessel4-fc18000,kaiser-g16,reference,B1,6.402556661824238e-05,6.969284117617602e-05,6.398150367569109e-05,True,5.233574779918692e-10,True,0.09457176009678399,0.12144490416104664,1.9311829882401199e-07
48000,bessel4-fc18000,kaiser-g16,reference,AB,0.00020187398868400062,0.00015946467711111875,0.00017437476346156665,True,9.800070489241247e-09,True,0.698929159727181,0.5682249691748424,5.174103795946747e-06
48000,bessel4-fc18000,kaiser-g16,edge,A1,0.0004560551997708944,0.00036635381739517654,0.0003901251466596713,True,2.303517809348862e-08,True,1.1300640393249335,1.1468776705232335,1.07124338740753e-05
48000,bessel4-fc18000,kaiser-g16,edge,B1,0.0011013045472667358,0.0006799156568210434,0.0010775375057401736,True,5.127925552957596e-08,True,1.393333220610353,1.3211464993517124,1.7697499091914918e-05
48000,bessel4-fc18000,kaiser-g16,edge,AB,0.00045605540299249714,0.00036635381739517654,0.00039012675414410055,True,2.303517809348862e-08,True,1.1300641163383038,1.146877669736441,1.07197871378137e-05
48000,bessel4-fc18000,kaiser-g16,overlap-reference,A1,5.2050406757810666e-05,5.150337462704403e-05,5.159221662392726e-05,True,3.4982728030064433e-10,True,0.05983334916344077,0.08062584350103398,1.378628967933255e-07
48000,bessel4-fc18000,kaiser-g16,overlap-reference,B1,6.40255668588206e-05,6.96928421983082e-05,6.398150390998473e-05,True,5.233575311729588e-10,True,0.09457176006464492,0.12144488542429105,1.931218293646079e-07
48000,bessel4-fc18000,kaiser-g16,overlap-reference,AB,5.205044662741565e-05,5.150337462720695e-05,5.1592256418902526e-05,True,3.4982736175529525e-10,True,0.059833482956943615,0.08062584259147544,1.3766248447915615e-07
48000,bessel4-fc18000,kaiser-g16,sustained-edge,A1,0.0002469352722411338,0.00011166347336810741,0.00022216290906353726,True,6.889981657506113e-09,True,0.6607424412067957,0.3967231194840297,4.1217403218039434e-06
48000,bessel4-fc18000,kaiser-g16,sustained-edge,B1,0.0011013044988404175,0.0006799156321729082,0.00107753745818387,True,5.12792552226288e-08,True,1.393333221410317,1.321146499571279,1.769749724566728e-05
48000,bessel4-fc18000,kaiser-g16,sustained-edge,AB,0.0002469352782974895,0.00011166347336810741,0.00022216289884963598,True,6.889982367072259e-09,True,0.6607424489333233,0.39672311849505676,4.120635976921166e-06
48000,bessel4-fc20000,kaiser-g8,reference,A1,0.006136353706685445,0.007094663641167678,0.005171399814611782,True,1.3238794677623956e-08,True,0.4995626323110288,0.3969408658535345,5.298144520316694e-06
48000,bessel4-fc20000,kaiser-g8,reference,B1,0.00018429307098603466,0.0006588723058257324,0.00017908107563625693,True,7.988586619640147e-10,True,0.061236380445111684,0.07846040579146242,1.9311829882401199e-07
48000,bessel4-fc20000,kaiser-g8,reference,AB,0.005939877282134447,0.00709466364116768,0.005006121646461648,True,1.3238794744526224e-08,True,0.48441800397326895,0.3969408272333467,5.174103795946747e-06
48000,bessel4-fc20000,kaiser-g8,edge,A1,0.01317692768233683,0.014459050978146773,0.010993593708386028,True,2.972024560582194e-08,False,0.8232334001202527,0.9048882803860149,1.07124338740753e-05
48000,bessel4-fc20000,kaiser-g8,edge,B1,0.03820737115569819,0.028401271812806633,0.03725370071194391,True,5.8725249962963125e-08,False,1.1204424010194884,1.0399568502606213,1.7697499091914918e-05
48000,bessel4-fc20000,kaiser-g8,edge,AB,0.01317693870749097,0.014459050978146773,0.010993600621310483,True,2.972024560582194e-08,False,0.823233493648419,0.904888269344073,1.07197871378137e-05
48000,bessel4-fc20000,kaiser-g8,overlap-reference,A1,0.00016785438356264182,0.0005008857930512134,0.00014884385434796782,True,5.22558772910143e-10,True,0.03889983518958917,0.0540861966993927,1.378628967933255e-07
48000,bessel4-fc20000,kaiser-g8,overlap-reference,B1,0.0001842932460899276,0.0006588726794210653,0.00017908124775713172,True,7.988584870844963e-10,True,0.061236380465951284,0.07846038909784543,1.931218293646079e-07
48000,bessel4-fc20000,kaiser-g8,overlap-reference,AB,0.00016785441896884174,0.0005008857930512134,0.0001488438955065826,True,5.22558772910143e-10,True,0.03889992100550316,0.05408619576344461,1.3766248447915615e-07
48000,bessel4-fc20000,kaiser-g8,sustained-edge,A1,0.0076644354403468205,0.004746296333073904,0.0068163673211072895,True,9.224229933097813e-09,False,0.4694239483806204,0.25728748954227026,4.1217403218039434e-06
48000,bessel4-fc20000,kaiser-g8,sustained-edge,B1,0.038207370921961664,0.028401270613327076,0.037253700489938174,True,5.8725249743258886e-08,False,1.1204424004727038,1.039956864639848,1.769749724566728e-05
48000,bessel4-fc20000,kaiser-g8,sustained-edge,AB,0.007664435826792925,0.004746296333073903,0.0068163786361544,True,9.224230865452533e-09,False,0.46942395594319103,0.25728748832237447,4.120635976921166e-06
48000,bessel4-fc20000,kaiser-g16,reference,A1,0.000814522842639362,0.000625635724303247,0.0007004660506888416,True,1.3238794677623956e-08,True,0.5005205674770898,0.40182066568767233,5.298144520316694e-06
48000,bessel4-fc20000,kaiser-g16,reference,B1,6.873339834862162e-05,0.00010365044077890847,6.850511580267392e-05,True,7.988586619640147e-10,True,0.06126296082466348,0.07846024594154613,1.9311829882401199e-07
48000,bessel4-fc20000,kaiser-g16,reference,AB,0.0007886080975729722,0.0006256357243032554,0.0006782258394643075,True,1.3238794744526224e-08,True,0.4853462028769161,0.4018206269447962,5.174103795946747e-06
48000,bessel4-fc20000,kaiser-g16,edge,A1,0.0016971196295471347,0.0012470859534203338,0.0014462495566135893,True,2.972024560582194e-08,True,0.825904193862574,0.9186571259804591,1.07124338740753e-05
48000,bessel4-fc20000,kaiser-g16,edge,B1,0.003527371616952527,0.0021369610166436484,0.003448700687144024,True,5.8725249962963125e-08,True,1.1326180290031858,1.0616452540538888,1.7697499091914918e-05
48000,bessel4-fc20000,kaiser-g16,edge,AB,0.0016971202659650274,0.0012470859534203338,0.0014462526859847352,True,2.972024560582194e-08,True,0.8259042907556707,0.9186571148640743,1.07197871378137e-05
48000,bessel4-fc20000,kaiser-g16,overlap-reference,A1,5.660899909602123e-05,9.09732717860945e-05,5.5360522272908134e-05,True,5.22558772910143e-10,True,0.03891655866962129,0.05413204473321334,1.378628967933255e-07
48000,bessel4-fc20000,kaiser-g16,overlap-reference,B1,6.873339905619844e-05,0.00010365047368232063,6.85051165302458e-05,True,7.988584870844963e-10,True,0.061262960855466814,0.07846022888974767,1.931218293646079e-07
48000,bessel4-fc20000,kaiser-g16,overlap-reference,AB,5.660903829688059e-05,9.09732717860945e-05,5.536056800418921e-05,True,5.22558772910143e-10,True,0.03891664452246788,0.05413204379731085,1.3766248447915615e-07
48000,bessel4-fc20000,kaiser-g16,sustained-edge,A1,0.000962967546383122,0.0003914712119115518,0.0008610522232703628,True,9.224229933097813e-09,True,0.4708764573990861,0.2606588673165944,4.1217403218039434e-06
48000,bessel4-fc20000,kaiser-g16,sustained-edge,B1,0.0035273714654357434,0.0021369608318313584,0.0034487005383891708,True,5.8725249743258886e-08,True,1.1326180283844354,1.0616452684546154,1.769749724566728e-05
48000,bessel4-fc20000,kaiser-g16,sustained-edge,AB,0.0009629675817063022,0.0003914712119115575,0.0008610515048526655,True,9.224230865452533e-09,True,0.47087646509770453,0.26065886610222544,4.120635976921166e-06
48000,fir33-fc18000,kaiser-g8,reference,A1,0.0005651777365539844,0.0005361109375231722,0.0004812204988457534,True,6.713707084523098e-09,True,0.10330885970591588,0.11647653099110807,5.298144520316694e-06
48000,fir33-fc18000,kaiser-g8,reference,B1,2.860074977164794e-05,5.474831767450342e-05,2.1333863958247646e-05,True,3.021720045763966e-10,True,0.002249496443556567,0.008664385220226277,1.9311829882401199e-07
48000,fir33-fc18000,kaiser-g8,reference,AB,0.0005475209843262685,0.0005361109409434682,0.000466133408395427,True,6.713567668158352e-09,True,0.10013002597040378,0.11647655691837877,5.174103795946747e-06
48000,fir33-fc18000,kaiser-g8,edge,A1,0.0013622028589845392,0.001477984012901456,0.0011461300293009171,True,1.642064999420258e-08,True,0.2209029860618037,0.28638736553941524,1.07124338740753e-05
48000,fir33-fc18000,kaiser-g8,edge,B1,0.00898670901897921,0.005102798441375697,0.008824297813727133,True,3.8631887079412765e-08,False,0.514605051937947,0.40001466991672396,1.7697499091914918e-05
48000,fir33-fc18000,kaiser-g8,edge,AB,0.0013622065338055578,0.0014779840121609397,0.001146085287505199,True,1.6420680225748077e-08,True,0.220903125194016,0.28638737019624116,1.07197871378137e-05
48000,fir33-fc18000,kaiser-g8,overlap-reference,A1,2.3419205218998534e-05,4.5613905444648855e-05,1.6992989378991948e-05,True,2.5710087099880836e-10,True,0.002509908183491341,0.007260860587034282,1.378628967933255e-07
48000,fir33-fc18000,kaiser-g8,overlap-reference,B1,2.860074949370554e-05,5.474830621138088e-05,2.1333863582293712e-05,True,3.0217164346087795e-10,True,0.002249497984576865,0.00866438277788625,1.931218293646079e-07
48000,fir33-fc18000,kaiser-g8,overlap-reference,AB,2.341922176584211e-05,4.5613905337152006e-05,1.6992815684032087e-05,True,2.570976074866709e-10,True,0.0025099076718906165,0.007260859604051758,1.3766248447915615e-07
48000,fir33-fc18000,kaiser-g8,sustained-edge,A1,0.0008249864208100401,0.0006416947754662516,0.000754438997356035,True,5.830185280596018e-09,True,0.11712412586529708,0.07978492084787381,4.1217403218039434e-06
48000,fir33-fc18000,kaiser-g8,sustained-edge,B1,0.008986708912745674,0.005102798595731884,0.008824297709478308,True,3.8631887057195237e-08,False,0.5146050482287474,0.4000146729904731,1.769749724566728e-05
48000,fir33-fc18000,kaiser-g8,sustained-edge,AB,0.0008249865647613836,0.0006416947751351356,0.0007544415515577914,True,5.830176176244067e-09,True,0.11712413430617197,0.07978492268740162,4.120635976921166e-06
48000,fir33-fc18000,kaiser-g16,reference,A1,2.97971655242942e-05,2.3737459898379687e-05,2.494552243761326e-05,True,6.713707084523098e-09,True,0.1030542727549473,0.11603238416970506,5.298144520316694e-06
48000,fir33-fc18000,kaiser-g16,reference,B1,6.371951450434607e-05,6.253709839849388e-05,6.368714856476126e-05,True,3.021720045763966e-10,True,0.0022481885520628077,0.008639921912900108,1.9311829882401199e-07
48000,fir33-fc18000,kaiser-g16,reference,AB,3.291637765248901e-05,2.3737456921222145e-05,2.8874778656679453e-05,True,6.713567668158352e-09,True,0.09988327878472296,0.11603241010814255,5.174103795946747e-06
48000,fir33-fc18000,kaiser-g16,edge,A1,4.928946938703173e-05,3.928002853973149e-05,4.160343012651006e-05,True,1.642064999420258e-08,True,0.22027890367207692,0.28513146276523493,1.07124338740753e-05
48000,fir33-fc18000,kaiser-g16,edge,B1,7.283212924306381e-05,4.6422310861190424e-05,7.128571351643549e-05,True,3.8631887079412765e-08,True,0.509604172993166,0.3964967082307805,1.7697499091914918e-05
48000,fir33-fc18000,kaiser-g16,edge,AB,4.928947185033349e-05,3.928002787389545e-05,4.160286234835282e-05,True,1.6420680225748077e-08,True,0.22027904029760936,0.28513146742885104,1.07197871378137e-05
48000,fir33-fc18000,kaiser-g16,overlap-reference,A1,5.174819359156956e-05,5.0605189627624144e-05,5.134245185163031e-05,True,2.5710087099880836e-10,True,0.0025070078296493947,0.007218683174804247,1.378628967933255e-07
48000,fir33-fc18000,kaiser-g16,overlap-reference,B1,6.37195145117159e-05,6.2537096657547e-05,6.368714857216816e-05,True,3.0217164346087795e-10,True,0.0022481900930583533,0.008639919480375326,1.931218293646079e-07
48000,fir33-fc18000,kaiser-g16,overlap-reference,AB,5.174823356792523e-05,5.060518951878055e-05,5.134249249602457e-05,True,2.570976074866709e-10,True,0.0025070073237418605,0.007218682191779784,1.3766248447915615e-07
48000,fir33-fc18000,kaiser-g16,sustained-edge,A1,3.611743520044725e-05,3.743172157941551e-05,3.3977274282788576e-05,True,5.830185280596018e-09,True,0.11666566208419896,0.0792381022742484,4.1217403218039434e-06
48000,fir33-fc18000,kaiser-g16,sustained-edge,B1,7.283212917664769e-05,4.642231208296534e-05,7.12857134676374e-05,True,3.8631887057195237e-08,True,0.5096041692960692,0.39649671131256314,1.769749724566728e-05
48000,fir33-fc18000,kaiser-g16,sustained-edge,AB,3.611743556413254e-05,3.7431721392844835e-05,3.397729338345372e-05,True,5.830176176244067e-09,True,0.11666567041479885,0.07923810411287978,4.120635976921166e-06
48000,fir33-fc20000,kaiser-g8,reference,A1,0.0032213162332603573,0.0032813528745022497,0.0027434973827189834,True,9.985517970096302e-09,True,0.07493818236726238,0.06917831787964282,5.298144520316694e-06
48000,fir33-fc20000,kaiser-g8,reference,B1,9.587157509051383e-05,0.00032778947578633556,9.229376406477656e-05,True,6.113769710423274e-10,True,0.0017623133375874428,0.005439400324396691,1.9311829882401199e-07
48000,fir33-fc20000,kaiser-g8,reference,AB,0.0031214339370032873,0.0032813528368847455,0.0026584803455278186,True,9.983978571741782e-09,True,0.07263254438040294,0.06917834503892492,5.174103795946747e-06
48000,fir33-fc20000,kaiser-g8,edge,A1,0.006926156765547169,0.008340520473323714,0.005837118631320138,True,2.633096429518609e-08,False,0.1510147995578523,0.16351397696392486,1.07124338740753e-05
48000,fir33-fc20000,kaiser-g8,edge,B1,0.023710013048415975,0.01593741094645483,0.02321755094797153,True,5.83123933425486e-08,False,0.24172920895812886,0.16074768040637788,1.7697499091914918e-05
48000,fir33-fc20000,kaiser-g8,edge,AB,0.006926165550265539,0.008340520465205795,0.005837123158521904,True,2.6330628995378463e-08,False,0.15101484577468374,0.16351398229429162,1.07197871378137e-05
48000,fir33-fc20000,kaiser-g8,overlap-reference,A1,8.885326350016561e-05,0.00025072836547445737,7.895251837727246e-05,True,4.2522847653157414e-10,True,0.001861517363151571,0.0047775067463500685,1.378628967933255e-07
48000,fir33-fc20000,kaiser-g8,overlap-reference,B1,9.58716468732409e-05,0.0003277896543475656,9.229383566443134e-05,True,6.113765872827698e-10,True,0.001762314919512166,0.005439399444465494,1.931218293646079e-07
48000,fir33-fc20000,kaiser-g8,overlap-reference,AB,8.885327757344262e-05,0.0002507283642456956,7.895176173189056e-05,True,4.2526536356257914e-10,True,0.0018615174625887065,0.004777505760427114,1.3766248447915615e-07
48000,fir33-fc20000,kaiser-g8,sustained-edge,A1,0.004172200393112387,0.0028806947893977993,0.003761651893717626,True,9.891666468139367e-09,True,0.07869656878121983,0.03899233487961295,4.1217403218039434e-06
48000,fir33-fc20000,kaiser-g8,sustained-edge,B1,0.023710013058747138,0.01593741127225293,0.02321755095840505,True,5.8312392148656134e-08,False,0.24172920365197792,0.16074768006944376,1.769749724566728e-05
48000,fir33-fc20000,kaiser-g8,sustained-edge,AB,0.0041722007664868315,0.0028806947931215915,0.0037616497960839632,True,9.890952114575604e-09,True,0.07869657298190465,0.03899233665256188,4.120635976921166e-06
48000,fir33-fc20000,kaiser-g16,reference,A1,0.00014999810368697956,0.00010939402854989355,0.000129839182251078,True,9.985517970096302e-09,True,0.07364645815532493,0.06616448756274962,5.298144520316694e-06
48000,fir33-fc20000,kaiser-g16,reference,B1,6.38823223369038e-05,6.433715968517875e-05,6.38441522335779e-05,True,6.113769710423274e-10,True,0.0017195423895974959,0.005252289204854433,1.9311829882401199e-07
48000,fir33-fc20000,kaiser-g16,reference,AB,0.00014619819551886336,0.0001093940664488309,0.00012680348670693825,True,9.983978571741782e-09,True,0.07138054765630743,0.06616451479780568,5.174103795946747e-06
48000,fir33-fc20000,kaiser-g16,edge,A1,0.0003025717902279904,0.00024068241760781032,0.00025980466213243767,True,2.633096429518609e-08,True,0.14824214211964737,0.15597343868153887,1.07124338740753e-05
48000,fir33-fc20000,kaiser-g16,edge,B1,0.0006815741228518729,0.0003809973872328672,0.0006674480061156708,True,5.83123933425486e-08,True,0.22695278698561375,0.1488882275561813,1.7697499091914918e-05
48000,fir33-fc20000,kaiser-g16,edge,AB,0.0003025719115690243,0.0002406824094690391,0.0002598065180459927,True,2.6330628995378463e-08,True,0.14824218378774331,0.1559734440526745,1.07197871378137e-05
48000,fir33-fc20000,kaiser-g16,overlap-reference,A1,5.1908152828129124e-05,5.115459776918964e-05,5.147458799857777e-05,True,4.2522847653157414e-10,True,0.0018269560642496351,0.004560519646390322,1.378628967933255e-07
48000,fir33-fc20000,kaiser-g16,overlap-reference,B1,6.388232264412346e-05,6.43371736333125e-05,6.384415252725906e-05,True,6.113765872827698e-10,True,0.0017195439161121085,0.005252288590141189,1.931218293646079e-07
48000,fir33-fc20000,kaiser-g16,overlap-reference,AB,5.190819285830803e-05,5.11545965231283e-05,5.147462631949797e-05,True,4.2526536356257914e-10,True,0.0018269561555819597,0.004560518660251608,1.3766248447915615e-07
48000,fir33-fc20000,kaiser-g16,sustained-edge,A1,0.0001798367584958144,9.256050572271702e-05,0.00016269656934847474,True,9.891666468139367e-09,True,0.07670679073848746,0.036396691335397975,4.1217403218039434e-06
48000,fir33-fc20000,kaiser-g16,sustained-edge,B1,0.0006815740927038067,0.00038099737068048544,0.000667447976538295,True,5.8312392148656134e-08,True,0.22695278126368418,0.14888822694254517,1.769749724566728e-05
48000,fir33-fc20000,kaiser-g16,sustained-edge,AB,0.00017983676539962923,9.256050362649638e-05,0.0001626965305630815,True,9.890952114575604e-09,True,0.07670679478506216,0.03639669310409178,4.120635976921166e-06
48000,fir65-fc18000,kaiser-g8,reference,A1,0.0004030047620332032,0.000303045164712938,0.0003414202862249713,True,6.835679492885217e-09,True,0.10600271911225274,0.11288241663541831,5.298144520316694e-06
48000,fir65-fc18000,kaiser-g8,reference,B1,2.6469818900761803e-05,3.2595730543139704e-05,1.8484331001525032e-05,True,2.869294918541177e-10,True,0.00229727336423572,0.008570729366025827,1.9311829882401199e-07
48000,fir65-fc18000,kaiser-g8,reference,AB,0.0003904867012409417,0.00030304515302218514,0.00033076090758036664,True,6.8361561454327695e-09,True,0.10274097682776673,0.11288244265305254,5.174103795946747e-06
48000,fir65-fc18000,kaiser-g8,edge,A1,0.0010134485020287444,0.0009281331132218771,0.0008475238343338474,True,1.6912823685261004e-08,True,0.2244798077970285,0.27848915700689203,1.07124338740753e-05
48000,fir65-fc18000,kaiser-g8,edge,B1,0.006504008232761387,0.0037329528966140654,0.0063904386117032445,True,3.8443318883062716e-08,True,0.5432890839027474,0.3888740994736992,1.7697499091914918e-05
48000,fir65-fc18000,kaiser-g8,edge,AB,0.0010134514091115403,0.0009281331157631464,0.0008474940688744161,True,1.691292630539883e-08,True,0.22447996159147104,0.27848916170642046,1.07197871378137e-05
48000,fir65-fc18000,kaiser-g8,overlap-reference,A1,2.0958063069493403e-05,3.0451608309466235e-05,1.4119072402659063e-05,True,2.7035305819119995e-10,True,0.002565977362099852,0.007412100493172957,1.378628967933255e-07
48000,fir65-fc18000,kaiser-g8,overlap-reference,B1,2.646981439469179e-05,3.259570533876022e-05,1.8484324751359736e-05,True,2.8692916225097154e-10,True,0.0022972751078531826,0.008570728494073417,1.931218293646079e-07
48000,fir65-fc18000,kaiser-g8,overlap-reference,AB,2.0958081445622068e-05,3.0451608679174463e-05,1.4118996509285524e-05,True,2.7034172110446213e-10,True,0.0025659768134506976,0.0074120995103408175,1.3766248447915615e-07
48000,fir65-fc18000,kaiser-g8,sustained-edge,A1,0.000647594849214592,0.0005199419196616974,0.0005966293486480233,True,6.394313982668244e-09,True,0.11884479586768198,0.07257861255833117,4.1217403218039434e-06
48000,fir65-fc18000,kaiser-g8,sustained-edge,B1,0.006504008171903672,0.0037329530228932526,0.006390438551928104,True,3.844331842533918e-08,True,0.5432890797523637,0.3888741028994819,1.769749724566728e-05
48000,fir65-fc18000,kaiser-g8,sustained-edge,AB,0.0006475949604135478,0.000519941918523165,0.0005966359488339984,True,6.3942132218242516e-09,True,0.11884480502774578,0.07257861438604543,4.120635976921166e-06
48000,fir65-fc20000,kaiser-g8,reference,A1,0.0030007945176512263,0.0027622253706609066,0.002563293577192847,True,1.0274359176047313e-08,True,0.07749046020868265,0.06854267292345315,5.298144520316694e-06
48000,fir65-fc20000,kaiser-g8,reference,B1,8.747218380659907e-05,0.00026735221244585247,8.398229629647096e-05,True,5.954687516263626e-10,True,0.001798160969973154,0.005604545591911265,1.9311829882401199e-07
48000,fir65-fc20000,kaiser-g8,reference,AB,0.0029078423229220284,0.002762225388913694,0.0024837375185580634,True,1.0275106442757146e-08,True,0.07510625530352974,0.06854270009871667,5.174103795946747e-06
48000,fir65-fc20000,kaiser-g8,edge,A1,0.006548286633779932,0.0070951862507976715,0.005533892801011434,True,2.6437836044729913e-08,True,0.15595129512469205,0.16176366292099684,1.07124338740753e-05
48000,fir65-fc20000,kaiser-g8,edge,B1,0.02286428757118022,0.016528074977721196,0.022408632446549382,True,5.558376704387153e-08,False,0.24444137239410557,0.16340179274841843,1.7697499091914918e-05
48000,fir65-fc20000,kaiser-g8,edge,AB,0.0065482957894638675,0.007095186254711878,0.005533878691328484,True,2.6437997162769273e-08,True,0.1559513397728196,0.16176366826082691,1.07197871378137e-05
48000,fir65-fc20000,kaiser-g8,overlap-reference,A1,8.23221634037849e-05,0.00020682017355204456,7.325434337260051e-05,True,4.3093147922750467e-10,True,0.0019228125235933112,0.005009430413080431,1.378628967933255e-07
48000,fir65-fc20000,kaiser-g8,overlap-reference,B1,8.747222937895321e-05,0.00026735226078018754,8.398234202223353e-05,True,5.954684212434674e-10,True,0.0017981626694720519,0.005604544517267581,1.931218293646079e-07
48000,fir65-fc20000,kaiser-g8,overlap-reference,AB,8.232217243075175e-05,0.00020682017414872908,7.325329153955939e-05,True,4.309136786736412e-10,True,0.0019228125295119062,0.005009429427388088,1.3766248447915615e-07
48000,fir65-fc20000,kaiser-g8,sustained-edge,A1,0.003924910657323216,0.0028130374907502902,0.003550673532208518,True,9.024385817133408e-09,True,0.08122700279137246,0.03812159881453307,4.1217403218039434e-06
48000,fir65-fc20000,kaiser-g8,sustained-edge,B1,0.022864287519368198,0.016528074322644356,0.02240863239572999,True,5.558376663646364e-08,False,0.24444136739183175,0.16340179191001733,1.769749724566728e-05
48000,fir65-fc20000,kaiser-g8,sustained-edge,AB,0.003924911057328331,0.0028130374889430167,0.003550665335032884,True,9.024202149422409e-09,True,0.08122700683435179,0.03812160058605458,4.120635976921166e-06
48000,fir65-fc20000,kaiser-g16,reference,A1,3.4405415017330364e-05,2.1670327895362068e-05,2.8812991328895377e-05,True,1.0274359176047313e-08,True,0.07685106149605693,0.06593031292070292,5.298144520316694e-06
48000,fir65-fc20000,kaiser-g16,reference,B1,6.372185806914088e-05,6.341702213433564e-05,6.36893440128641e-05,True,5.954687516263626e-10,True,0.0017739710870116679,0.0053448991475383125,1.9311829882401199e-07
48000,fir65-fc20000,kaiser-g16,reference,AB,3.686911647130988e-05,2.167034385612181e-05,3.2044082858734685e-05,True,1.0275106442757146e-08,True,0.07448651724127522,0.06593034016164662,5.174103795946747e-06
48000,fir65-fc20000,kaiser-g16,edge,A1,6.0054459493453206e-05,4.7594114853790566e-05,5.030144001401078e-05,True,2.6437836044729913e-08,True,0.15455784753522042,0.15515218352343213,1.07124338740753e-05
48000,fir65-fc20000,kaiser-g16,edge,B1,0.00011054581611357077,6.882576494124788e-05,0.00010802097847222674,True,5.558376704387153e-08,True,0.23648615178839044,0.15381797098981484,1.7697499091914918e-05
48000,fir65-fc20000,kaiser-g16,edge,AB,6.005444848932162e-05,4.759411887459957e-05,5.030055263901825e-05,True,2.6437997162769273e-08,True,0.1545578896945815,0.15515218889900795,1.07197871378137e-05
48000,fir65-fc20000,kaiser-g16,overlap-reference,A1,5.1750365011054196e-05,5.057390030665433e-05,5.134411298975954e-05,True,4.3093147922750467e-10,True,0.0018994902905519178,0.004845039934729987,1.378628967933255e-07
48000,fir65-fc20000,kaiser-g16,overlap-reference,B1,6.372185808087111e-05,6.341702233262102e-05,6.368934402357283e-05,True,5.954684212434674e-10,True,0.0017739727669536726,0.005344897783741103,1.931218293646079e-07
48000,fir65-fc20000,kaiser-g16,overlap-reference,AB,5.175040501827019e-05,5.057390091184284e-05,5.134415358176408e-05,True,4.309136786736412e-10,True,0.0018994903023461143,0.0048450389488741835,1.3766248447915615e-07
48000,fir65-fc20000,kaiser-g16,sustained-edge,A1,4.210318008322587e-05,3.953900951147165e-05,3.8991380884469e-05,True,9.024385817133408e-09,True,0.08019856062943113,0.03593047150563877,4.1217403218039434e-06
48000,fir65-fc20000,kaiser-g16,sustained-edge,B1,0.00011054581642115607,6.882576326059853e-05,0.00010802097886216229,True,5.558376663646364e-08,True,0.23648614635068907,0.15381796984916116,1.769749724566728e-05
48000,fir65-fc20000,kaiser-g16,sustained-edge,AB,4.2103185520538486e-05,3.953901052750881e-05,3.8991408816114445e-05,True,9.024202149422409e-09,True,0.08019856456962168,0.03593047327356828,4.120635976921166e-06
96000,raw-control,hann-g8,reference,A1,0.005630956165606034,0.006094255325845734,0.00338806083508449,True,1.2658156478757805e-06,True,0.005630956165606034,0.006094255325845734,1.2658156478757805e-06
96000,raw-control,hann-g8,reference,B1,8.407602070916165e-05,0.0002157256181509607,4.0774832352790695e-05,True,2.9841018015049845e-08,True,8.407602070916165e-05,0.0002157256181509607,2.9841018015049845e-08
96000,raw-control,hann-g8,reference,AB,0.005572130590003407,0.0060942678613931205,0.0033526315192815392,True,1.256381033124373e-06,True,0.005572130590003407,0.0060942678613931205,1.256381033124373e-06
96000,raw-control,hann-g8,edge,A1,0.013701481970890574,0.007924800599934015,0.008238687619751389,True,2.971430600016005e-06,False,0.013701481970890574,0.007924800599934015,2.971430600016005e-06
96000,raw-control,hann-g8,edge,B1,0.006684861172910459,0.005209701623901734,0.0019344583391040268,True,2.6335643593016717e-06,True,0.006684861172910459,0.005209701623901734,2.6335643593016717e-06
96000,raw-control,hann-g8,edge,AB,0.013701483557744306,0.007924802260191608,0.00823867601078624,True,2.9723928031687865e-06,False,0.013701483557744306,0.007924802260191608,2.9723928031687865e-06
96000,raw-control,hann-g8,overlap-reference,A1,0.002510883466717693,0.002779131460688975,0.0019147768563697448,True,2.2940742257733682e-07,True,0.002510883466717693,0.002779131460688975,2.2940742257733682e-07
96000,raw-control,hann-g8,overlap-reference,B1,8.407592831364275e-05,0.00021572772590122593,4.077473639227998e-05,True,2.984119008951534e-08,True,8.407592831364275e-05,0.00021572772590122593,2.984119008951534e-08
96000,raw-control,hann-g8,overlap-reference,AB,0.0025107032267440723,0.002779132348254449,0.0019146600023385208,True,2.2970678521835379e-07,True,0.0025107032267440723,0.002779132348254449,2.2970678521835379e-07
96000,raw-control,hann-g8,sustained-edge,A1,0.011499350718506796,0.011126608789297943,0.008795262332810803,True,8.663876658585537e-07,False,0.011499350718506796,0.011126608789297943,8.663876658585537e-07
96000,raw-control,hann-g8,sustained-edge,B1,0.006684859364950308,0.005209700270625948,0.001934457691180705,True,2.6335627679256793e-06,True,0.006684859364950308,0.005209700270625948,2.6335627679256793e-06
96000,raw-control,hann-g8,sustained-edge,AB,0.011499351517662786,0.011126609139095784,0.008795275479033617,True,8.665592016073367e-07,False,0.011499351517662786,0.011126609139095784,8.665592016073367e-07
96000,raw-control,kaiser-g8,reference,A1,0.0060814921074146995,0.007002051862712828,0.0036656168361003847,True,1.2658156478757805e-06,True,0.0060814921074146995,0.007002051862712828,1.2658156478757805e-06
96000,raw-control,kaiser-g8,reference,B1,9.007913957472167e-05,0.000258441747108527,2.5247447594049092e-05,True,2.9841018015049845e-08,True,9.007913957472167e-05,0.000258441747108527,2.9841018015049845e-08
96000,raw-control,kaiser-g8,reference,AB,0.006017958202563003,0.007002064355417689,0.0036272884293182504,True,1.256381033124373e-06,True,0.006017958202563003,0.007002064355417689,1.256381033124373e-06
96000,raw-control,kaiser-g8,edge,A1,0.014801792216930364,0.009033023087875439,0.008914402684804184,True,2.971430600016005e-06,False,0.014801792216930364,0.009033023087875439,2.971430600016005e-06
96000,raw-control,kaiser-g8,edge,B1,0.007214216941463119,0.005911865709422572,0.0020355935816640564,True,2.6335643593016717e-06,True,0.007214216941463119,0.005911865709422572,2.6335643593016717e-06
96000,raw-control,kaiser-g8,edge,AB,0.014801793549224274,0.009033024737968054,0.008914388452844424,True,2.9723928031687865e-06,False,0.014801793549224274,0.009033024737968054,2.9723928031687865e-06
96000,raw-control,kaiser-g8,overlap-reference,A1,0.002686555629833151,0.0031023500056630024,0.0020416997011339115,True,2.2940742257733682e-07,True,0.002686555629833151,0.0031023500056630024,2.2940742257733682e-07
96000,raw-control,kaiser-g8,overlap-reference,B1,9.007909034669622e-05,0.00025844418341321103,2.5247299530833975e-05,True,2.984119008951534e-08,True,9.007909034669622e-05,0.00025844418341321103,2.984119008951534e-08
96000,raw-control,kaiser-g8,overlap-reference,AB,0.002686362486346574,0.0031023508936895198,0.002041569503478044,True,2.2970678521835379e-07,True,0.002686362486346574,0.0031023508936895198,2.2970678521835379e-07
96000,raw-control,kaiser-g8,sustained-edge,A1,0.012423302296228978,0.012422528250840916,0.009509056524039902,True,8.663876658585537e-07,False,0.012423302296228978,0.012422528250840916,8.663876658585537e-07
96000,raw-control,kaiser-g8,sustained-edge,B1,0.0072142152693611735,0.005911867258270543,0.00203559298582061,True,2.6335627679256793e-06,True,0.0072142152693611735,0.005911867258270543,2.6335627679256793e-06
96000,raw-control,kaiser-g8,sustained-edge,AB,0.01242330303301596,0.01242252860092627,0.009509070079965883,True,8.665592016073367e-07,False,0.01242330303301596,0.01242252860092627,8.665592016073367e-07
96000,raw-control,lagrange-g16,reference,A1,0.006068675223075387,0.007160739623275203,0.0031629088929363844,True,1.2658156478757805e-06,True,0.006068675223075387,0.007160739623275203,1.2658156478757805e-06
96000,raw-control,lagrange-g16,reference,B1,8.217671062288887e-05,0.00024857244037751626,2.0501350840421536e-05,True,2.9841018015049845e-08,True,8.217671062288887e-05,0.00024857244037751626,2.9841018015049845e-08
96000,raw-control,lagrange-g16,reference,AB,0.0060052744201037865,0.007160752082439928,0.0031298353720651774,True,1.256381033124373e-06,True,0.0060052744201037865,0.007160752082439928,1.256381033124373e-06
96000,raw-control,lagrange-g16,edge,A1,0.014771473055234952,0.009287421482002022,0.007696672680122799,True,2.971430600016005e-06,False,0.014771473055234952,0.009287421482002022,2.971430600016005e-06
96000,raw-control,lagrange-g16,edge,B1,0.007173441603833912,0.005941577430984429,0.0017921419963248207,True,2.6335643593016717e-06,True,0.007173441603833912,0.005941577430984429,2.6335643593016717e-06
96000,raw-control,lagrange-g16,edge,AB,0.014771474732030923,0.009287423127497458,0.007696659480651606,True,2.9723928031687865e-06,False,0.014771474732030923,0.009287423127497458,2.9723928031687865e-06
96000,raw-control,lagrange-g16,overlap-reference,A1,0.002701582171916686,0.003133886328445231,0.002085572288120955,True,2.2940742257733682e-07,True,0.002701582171916686,0.003133886328445231,2.2940742257733682e-07
96000,raw-control,lagrange-g16,overlap-reference,B1,8.217664960360144e-05,0.00024857466496771755,2.0501157264491488e-05,True,2.984119008951534e-08,True,8.217664960360144e-05,0.00024857466496771755,2.984119008951534e-08
96000,raw-control,lagrange-g16,overlap-reference,AB,0.0027013881930272187,0.003133885440752367,0.002085455366053685,True,2.2970678521835379e-07,True,0.0027013881930272187,0.003133885440752367,2.2970678521835379e-07
96000,raw-control,lagrange-g16,sustained-edge,A1,0.012493345434778355,0.012746658082066232,0.009722139255456513,True,8.663876658585537e-07,False,0.012493345434778355,0.012746658082066232,8.663876658585537e-07
96000,raw-control,lagrange-g16,sustained-edge,B1,0.0071734399240877345,0.005941579232525226,0.001792141384504491,True,2.6335627679256793e-06,True,0.0071734399240877345,0.005941579232525226,2.6335627679256793e-06
96000,raw-control,lagrange-g16,sustained-edge,AB,0.012493346302254491,0.01274665773418092,0.009722159233096118,True,8.665592016073367e-07,False,0.012493346302254491,0.01274665773418092,8.665592016073367e-07
96000,raw-control,hann-g16,reference,A1,0.003962903310388289,0.003097739544636336,0.0023875570097175816,True,1.2658156478757805e-06,True,0.003962903310388289,0.003097739544636336,1.2658156478757805e-06
96000,raw-control,hann-g16,reference,B1,5.574423565370767e-05,0.00011302468072431574,2.271672252358791e-05,True,2.9841018015049845e-08,True,5.574423565370767e-05,0.00011302468072431574,2.9841018015049845e-08
96000,raw-control,hann-g16,reference,AB,0.0039215091507178515,0.0030977523366904286,0.002362493607122913,True,1.256381033124373e-06,True,0.0039215091507178515,0.0030977523366904286,1.256381033124373e-06
96000,raw-control,hann-g16,edge,A1,0.009644964127330185,0.00400031308213973,0.005811390253178064,True,2.971430600016005e-06,False,0.009644964127330185,0.00400031308213973,2.971430600016005e-06
96000,raw-control,hann-g16,edge,B1,0.004740096316540688,0.0026236193561887658,0.0015800837843336917,True,2.6335643593016717e-06,True,0.004740096316540688,0.0026236193561887658,2.6335643593016717e-06
96000,raw-control,hann-g16,edge,AB,0.009644966996786485,0.004000314773716487,0.005811370991158816,True,2.9723928031687865e-06,False,0.009644966996786485,0.004000314773716487,2.9723928031687865e-06
96000,raw-control,hann-g16,overlap-reference,A1,0.001751633765583565,0.001408721136734564,0.001328889349424086,True,2.2940742257733682e-07,True,0.001751633765583565,0.001408721136734564,2.2940742257733682e-07
96000,raw-control,hann-g16,overlap-reference,B1,5.574392020628138e-05,0.0001130248679816895,2.2716506109502456e-05,True,2.984119008951534e-08,True,5.574392020628138e-05,0.0001130248679816895,2.984119008951534e-08
96000,raw-control,hann-g16,overlap-reference,AB,0.0017515095924085368,0.001408722022941271,0.0013288115752254975,True,2.2970678521835379e-07,True,0.0017515095924085368,0.001408722022941271,2.2970678521835379e-07
96000,raw-control,hann-g16,sustained-edge,A1,0.00808730652531447,0.005598797894864584,0.006176829759697996,True,8.663876658585537e-07,False,0.00808730652531447,0.005598797894864584,8.663876658585537e-07
96000,raw-control,hann-g16,sustained-edge,B1,0.004740094333923084,0.0026236191292036163,0.0015800830181298391,True,2.6335627679256793e-06,True,0.004740094333923084,0.0026236191292036163,2.6335627679256793e-06
96000,raw-control,hann-g16,sustained-edge,AB,0.008087307674532414,0.005598798243674054,0.006176837005960074,True,8.665592016073367e-07,False,0.008087307674532414,0.005598798243674054,8.665592016073367e-07
96000,raw-control,kaiser-g16,reference,A1,0.004272209019471431,0.003479150417554439,0.0025765427531657067,True,1.2658156478757805e-06,True,0.004272209019471431,0.003479150417554439,1.2658156478757805e-06
96000,raw-control,kaiser-g16,reference,B1,6.356816883249219e-05,0.00013161987453655147,2.88364010763514e-05,True,2.9841018015049845e-08,True,6.356816883249219e-05,0.00013161987453655147,2.9841018015049845e-08
96000,raw-control,kaiser-g16,reference,AB,0.00422758313091981,0.0034791631112699763,0.0025495203017724855,True,1.256381033124373e-06,True,0.00422758313091981,0.0034791631112699763,1.256381033124373e-06
96000,raw-control,kaiser-g16,edge,A1,0.010396031114021355,0.004511067087253999,0.006267824804640151,True,2.971430600016005e-06,False,0.010396031114021355,0.004511067087253999,2.971430600016005e-06
96000,raw-control,kaiser-g16,edge,B1,0.005097945633007842,0.0029496030754042734,0.0016421850024220834,True,2.6335643593016717e-06,True,0.005097945633007842,0.0029496030754042734,2.6335643593016717e-06
96000,raw-control,kaiser-g16,edge,AB,0.010396033688598481,0.0045110687614590365,0.006267809867916777,True,2.9723928031687865e-06,False,0.010396033688598481,0.0045110687614590365,2.9723928031687865e-06
96000,raw-control,kaiser-g16,overlap-reference,A1,0.0018873601448960837,0.0015782399660310216,0.0014332816947698265,True,2.2940742257733682e-07,True,0.0018873601448960837,0.0015782399660310216,2.2940742257733682e-07
96000,raw-control,kaiser-g16,overlap-reference,B1,6.356790626054565e-05,0.00013162060384561017,2.883623744190824e-05,True,2.984119008951534e-08,True,6.356790626054565e-05,0.00013162060384561017,2.984119008951534e-08
96000,raw-control,kaiser-g16,overlap-reference,AB,0.0018872259084435584,0.0015782408526868223,0.0014332003794654436,True,2.2970678521835379e-07,True,0.0018872259084435584,0.0015782408526868223,2.2970678521835379e-07
96000,raw-control,kaiser-g16,sustained-edge,A1,0.00871663808650858,0.006285204320903728,0.006665305946487656,True,8.663876658585537e-07,False,0.00871663808650858,0.006285204320903728,8.663876658585537e-07
96000,raw-control,kaiser-g16,sustained-edge,B1,0.005097943654099055,0.0029496029475108714,0.0016421842500083793,True,2.6335627679256793e-06,True,0.005097943654099055,0.0029496029475108714,2.6335627679256793e-06
96000,raw-control,kaiser-g16,sustained-edge,AB,0.008716639150873002,0.006285204669946199,0.006665315138383751,True,8.665592016073367e-07,False,0.008716639150873002,0.006285204669946199,8.665592016073367e-07
96000,raw-control,lagrange-g32,reference,A1,0.005081646107281156,0.005006205632865579,0.0027735784482055747,True,1.2658156478757805e-06,True,0.005081646107281156,0.005006205632865579,1.2658156478757805e-06
96000,raw-control,lagrange-g32,reference,B1,6.874274088308008e-05,0.00017266597178839066,1.9118083615728083e-05,True,2.9841018015049845e-08,True,6.874274088308008e-05,0.00017266597178839066,2.9841018015049845e-08
96000,raw-control,lagrange-g32,reference,AB,0.005028560094620376,0.0050062181819975965,0.002744542551629343,True,1.256381033124373e-06,True,0.005028560094620376,0.0050062181819975965,1.256381033124373e-06
96000,raw-control,lagrange-g32,edge,A1,0.012364904858469418,0.006479889066866417,0.006746602492125189,True,2.971430600016005e-06,False,0.012364904858469418,0.006479889066866417,2.971430600016005e-06
96000,raw-control,lagrange-g32,edge,B1,0.006028926092482233,0.004170096977617029,0.0016785518734555376,True,2.6335643593016717e-06,True,0.006028926092482233,0.004170096977617029,2.6335643593016717e-06
96000,raw-control,lagrange-g32,edge,AB,0.012364907084528788,0.006479890725348162,0.006746589778144902,True,2.9723928031687865e-06,False,0.012364907084528788,0.006479890725348162,2.9723928031687865e-06
96000,raw-control,lagrange-g32,overlap-reference,A1,0.0022522358935829455,0.002093628317636266,0.0017388501397857235,True,2.2940742257733682e-07,True,0.0022522358935829455,0.002093628317636266,2.2940742257733682e-07
96000,raw-control,lagrange-g32,overlap-reference,B1,6.874256377797842e-05,0.00017266782510688924,1.911786069443928e-05,True,2.984119008951534e-08,True,6.874256377797842e-05,0.00017266782510688924,2.984119008951534e-08
96000,raw-control,lagrange-g32,overlap-reference,AB,0.0022520749174361697,0.00209362742934787,0.001738754994287963,True,2.2970678521835379e-07,True,0.0022520749174361697,0.00209362742934787,2.2970678521835379e-07
96000,raw-control,lagrange-g32,sustained-edge,A1,0.010408110000889977,0.008543672588844559,0.008099241410778323,True,8.663876658585537e-07,False,0.010408110000889977,0.008543672588844559,8.663876658585537e-07
96000,raw-control,lagrange-g32,sustained-edge,B1,0.006028924190756953,0.004170097637196594,0.0016785511813301073,True,2.6335627679256793e-06,True,0.006028924190756953,0.004170097637196594,2.6335627679256793e-06
96000,raw-control,lagrange-g32,sustained-edge,AB,0.01040811100222248,0.008543672240379422,0.008099260472554057,True,8.665592016073367e-07,False,0.01040811100222248,0.008543672240379422,8.665592016073367e-07
96000,raw-control,hann-g32,reference,A1,0.00280418022153041,0.0015998357129615637,0.001701262849726327,True,1.2658156478757805e-06,True,0.00280418022153041,0.0015998357129615637,1.2658156478757805e-06
96000,raw-control,hann-g32,reference,B1,3.885871485674043e-05,5.550508154804443e-05,1.5906544667510783e-05,True,2.9841018015049845e-08,True,3.885871485674043e-05,5.550508154804443e-05,2.9841018015049845e-08
96000,raw-control,hann-g32,reference,AB,0.0027748982026305708,0.0015998488928256297,0.0016833863480413811,True,1.256381033124373e-06,True,0.0027748982026305708,0.0015998488928256297,1.256381033124373e-06
96000,raw-control,hann-g32,edge,A1,0.006826205022847635,0.0020587407338131546,0.004143328594394042,True,2.971430600016005e-06,True,0.006826205022847635,0.0020587407338131546,2.971430600016005e-06
96000,raw-control,hann-g32,edge,B1,0.003413046664832251,0.0013354002641082306,0.0013782205063211268,True,2.6335643593016717e-06,True,0.003413046664832251,0.0013354002641082306,2.6335643593016717e-06
96000,raw-control,hann-g32,edge,AB,0.006826209432828903,0.0020587424774506026,0.004143312449603186,True,2.9723928031687865e-06,True,0.006826209432828903,0.0020587424774506026,2.9723928031687865e-06
96000,raw-control,hann-g32,overlap-reference,A1,0.0012430440942383686,0.0007482396582466418,0.0009468713027074509,True,2.2940742257733682e-07,True,0.0012430440942383686,0.0007482396582466418,2.2940742257733682e-07
96000,raw-control,hann-g32,overlap-reference,B1,3.885848465145075e-05,5.550411342441793e-05,1.5906252703630614e-05,True,2.984119008951534e-08,True,3.885848465145075e-05,5.550411342441793e-05,2.984119008951534e-08
96000,raw-control,hann-g32,overlap-reference,AB,0.001242958094270183,0.0007482405413684664,0.0009468087108318715,True,2.2970678521835379e-07,True,0.001242958094270183,0.0007482405413684664,2.2970678521835379e-07
96000,raw-control,hann-g32,sustained-edge,A1,0.005738374126668355,0.0029413292054557834,0.004398376497021845,True,8.663876658585537e-07,True,0.005738374126668355,0.0029413292054557834,8.663876658585537e-07
96000,raw-control,hann-g32,sustained-edge,B1,0.0034130448211150796,0.0013353998914415377,0.0013782197216366955,True,2.6335627679256793e-06,True,0.0034130448211150796,0.0013353998914415377,2.6335627679256793e-06
96000,raw-control,hann-g32,sustained-edge,AB,0.0057383757541705745,0.002941329552834447,0.0043983811469839994,True,8.665592016073367e-07,True,0.0057383757541705745,0.002941329552834447,8.665592016073367e-07
96000,raw-control,kaiser-g32,reference,A1,0.003020513046885069,0.0017944313304450227,0.001831674187040363,True,1.2658156478757805e-06,True,0.003020513046885069,0.0017944313304450227,1.2658156478757805e-06
96000,raw-control,kaiser-g32,reference,B1,4.625011857274322e-05,7.27596231411614e-05,2.5792004138206626e-05,True,2.9841018015049845e-08,True,4.625011857274322e-05,7.27596231411614e-05,2.9841018015049845e-08
96000,raw-control,kaiser-g32,reference,AB,0.0029889707270365448,0.001794444324400463,0.0018124353207730555,True,1.256381033124373e-06,True,0.0029889707270365448,0.001794444324400463,1.256381033124373e-06
96000,raw-control,kaiser-g32,edge,A1,0.007353484081522446,0.0022997859101655353,0.004463169422951899,True,2.971430600016005e-06,False,0.007353484081522446,0.0022997859101655353,2.971430600016005e-06
96000,raw-control,kaiser-g32,edge,B1,0.003658897280479431,0.0015005687194717756,0.0014142922124698394,True,2.6335643593016717e-06,True,0.003658897280479431,0.0015005687194717756,2.6335643593016717e-06
96000,raw-control,kaiser-g32,edge,AB,0.007353488130515472,0.0022997876372479486,0.004463154213870646,True,2.9723928031687865e-06,False,0.007353488130515472,0.0022997876372479486,2.9723928031687865e-06
96000,raw-control,kaiser-g32,overlap-reference,A1,0.0013380771598026217,0.0008361428296697295,0.001018632593323414,True,2.2940742257733682e-07,True,0.0013380771598026217,0.0008361428296697295,2.2940742257733682e-07
96000,raw-control,kaiser-g32,overlap-reference,B1,4.624987026785911e-05,7.275875577422913e-05,2.579181645451658e-05,True,2.984119008951534e-08,True,4.624987026785911e-05,7.275875577422913e-05,2.984119008951534e-08
96000,raw-control,kaiser-g32,overlap-reference,AB,0.0013379839764317703,0.0008361437144407048,0.001018560536157641,True,2.2970678521835379e-07,True,0.0013379839764317703,0.0008361437144407048,2.2970678521835379e-07
96000,raw-control,kaiser-g32,sustained-edge,A1,0.0061765257336259165,0.003296246321632407,0.004731769964284636,True,8.663876658585537e-07,True,0.0061765257336259165,0.003296246321632407,8.663876658585537e-07
96000,raw-control,kaiser-g32,sustained-edge,B1,0.0036588954000733686,0.0015005684427443476,0.0014142914298978326,True,2.6335627679256793e-06,True,0.0036588954000733686,0.0015005684427443476,2.6335627679256793e-06
96000,raw-control,kaiser-g32,sustained-edge,AB,0.006176527244608117,0.003296246669511647,0.0047317751428942074,True,8.665592016073367e-07,True,0.006176527244608117,0.003296246669511647,8.665592016073367e-07
96000,raw-control,lagrange-g64,reference,A1,0.00426524031226154,0.003526311318654899,0.0024046417265094224,True,1.2658156478757805e-06,True,0.00426524031226154,0.003526311318654899,1.2658156478757805e-06
96000,raw-control,lagrange-g64,reference,B1,5.784636953480294e-05,0.00012115278475545015,1.7846282183035075e-05,True,2.9841018015049845e-08,True,5.784636953480294e-05,0.00012115278475545015,2.9841018015049845e-08
96000,raw-control,lagrange-g64,reference,AB,0.004220686624042992,0.003526323980481194,0.002379411958660206,True,1.256381033124373e-06,True,0.004220686624042992,0.003526323980481194,1.256381033124373e-06
96000,raw-control,lagrange-g64,edge,A1,0.010379470793945229,0.004557161800591104,0.005852084106810028,True,2.971430600016005e-06,False,0.010379470793945229,0.004557161800591104,2.971430600016005e-06
96000,raw-control,lagrange-g64,edge,B1,0.005085472489881153,0.0029440880359848016,0.0015703779628767538,True,2.6335643593016717e-06,True,0.005085472489881153,0.0029440880359848016,2.6335643593016717e-06
96000,raw-control,lagrange-g64,edge,AB,0.010379473617559396,0.004557163474719972,0.005852068327160778,True,2.9723928031687865e-06,False,0.010379473617559396,0.004557163474719972,2.9723928031687865e-06
96000,raw-control,lagrange-g64,overlap-reference,A1,0.001887147437212114,0.001487916683937255,0.0014534187279776599,True,2.2940742257733682e-07,True,0.001887147437212114,0.001487916683937255,2.2940742257733682e-07
96000,raw-control,lagrange-g64,overlap-reference,B1,5.7846083572784525e-05,0.00012115382236474703,1.7846020906191713e-05,True,2.984119008951534e-08,True,5.7846083572784525e-05,0.00012115382236474703,2.984119008951534e-08
96000,raw-control,lagrange-g64,overlap-reference,AB,0.001887013409001598,0.0014879175705683925,0.0014533366931663758,True,2.2970678521835379e-07,True,0.001887013409001598,0.0014879175705683925,2.2970678521835379e-07
96000,raw-control,lagrange-g64,sustained-edge,A1,0.008716484572141872,0.005913075143099913,0.006765351046714659,True,8.663876658585537e-07,False,0.008716484572141872,0.005913075143099913,8.663876658585537e-07
96000,raw-control,lagrange-g64,sustained-edge,B1,0.005085470517055856,0.0029440880004593223,0.0015703772214564133,True,2.6335627679256793e-06,True,0.005085470517055856,0.0029440880004593223,2.6335627679256793e-06
96000,raw-control,lagrange-g64,sustained-edge,AB,0.00871648573354735,0.005913075492101901,0.006765367120835993,True,8.665592016073367e-07,False,0.00871648573354735,0.005913075492101901,8.665592016073367e-07
96000,raw-control,hann-g64,reference,A1,0.0019868597975975615,0.000858749505901955,0.0012239100301884246,True,1.2658156478757805e-06,True,0.0019868597975975615,0.000858749505901955,1.2658156478757805e-06
96000,raw-control,hann-g64,reference,B1,2.840615502980171e-05,2.8857354836478758e-05,1.4273502703634415e-05,True,2.9841018015049845e-08,True,2.840615502980171e-05,2.8857354836478758e-05,2.9841018015049845e-08
96000,raw-control,hann-g64,reference,AB,0.00196612458672591,0.0008587634334341679,0.0012109869312304361,True,1.256381033124373e-06,True,0.00196612458672591,0.0008587634334341679,1.256381033124373e-06
96000,raw-control,hann-g64,edge,A1,0.004835305600898431,0.0010915415584548734,0.002967489807993625,True,2.971430600016005e-06,True,0.004835305600898431,0.0010915415584548734,2.971430600016005e-06
96000,raw-control,hann-g64,edge,B1,0.0025036704756849137,0.000701539830144699,0.0012589515325264285,True,2.6335643593016717e-06,True,0.0025036704756849137,0.000701539830144699,2.6335643593016717e-06
96000,raw-control,hann-g64,edge,AB,0.00483531188012941,0.00109154340142133,0.0029674566332636666,True,2.9723928031687865e-06,True,0.00483531188012941,0.00109154340142133,2.9723928031687865e-06
96000,raw-control,hann-g64,overlap-reference,A1,0.00088169469960361,0.00041815222869620827,0.0006777716263596918,True,2.2940742257733682e-07,True,0.00088169469960361,0.00041815222869620827,2.2940742257733682e-07
96000,raw-control,hann-g64,overlap-reference,B1,2.8405988136869963e-05,2.885808388788392e-05,1.4273224244857821e-05,True,2.984119008951534e-08,True,2.8405988136869963e-05,2.885808388788392e-05,2.984119008951534e-08
96000,raw-control,hann-g64,overlap-reference,AB,0.0008816366969338016,0.00041815310602743704,0.0006777201269437008,True,2.2970678521835379e-07,True,0.0008816366969338016,0.00041815310602743704,2.2970678521835379e-07
96000,raw-control,hann-g64,sustained-edge,A1,0.004069426424858127,0.0016179989336874286,0.003142581117289085,True,8.663876658585537e-07,True,0.004069426424858127,0.0016179989336874286,8.663876658585537e-07
96000,raw-control,hann-g64,sustained-edge,B1,0.0025036689460200224,0.0007015394299197128,0.0012589507712842257,True,2.6335627679256793e-06,True,0.0025036689460200224,0.0007015394299197128,2.6335627679256793e-06
96000,raw-control,hann-g64,sustained-edge,AB,0.004069428723068575,0.0016179992785629615,0.003142585326055197,True,8.665592016073367e-07,True,0.004069428723068575,0.0016179992785629615,8.665592016073367e-07
96000,raw-control,kaiser-g64,reference,A1,0.002140384866390313,0.0009499644299340176,0.0013157668613991349,True,1.2658156478757805e-06,True,0.002140384866390313,0.0009499644299340176,1.2658156478757805e-06
96000,raw-control,kaiser-g64,reference,B1,3.0357968971503238e-05,3.410140437648169e-05,1.4613542657131611e-05,True,2.9841018015049845e-08,True,3.0357968971503238e-05,3.410140437648169e-05,2.9841018015049845e-08
96000,raw-control,kaiser-g64,reference,AB,0.002118043908277099,0.0009499780663165465,0.001301904035258372,True,1.256381033124373e-06,True,0.002118043908277099,0.0009499780663165465,1.256381033124373e-06
96000,raw-control,kaiser-g64,edge,A1,0.0052083879563220425,0.0012104490048705215,0.003192889766407269,True,2.971430600016005e-06,True,0.0052083879563220425,0.0012104490048705215,2.971430600016005e-06
96000,raw-control,kaiser-g64,edge,B1,0.002671219159531637,0.000780066529571337,0.0012804043633405143,True,2.6335643593016717e-06,True,0.002671219159531637,0.000780066529571337,2.6335643593016717e-06
96000,raw-control,kaiser-g64,edge,AB,0.005208393801141997,0.0012104508131396152,0.003192861479857492,True,2.9723928031687865e-06,True,0.005208393801141997,0.0012104508131396152,2.9723928031687865e-06
96000,raw-control,kaiser-g64,overlap-reference,A1,0.0009498506345518051,0.0004645836906716263,0.0007295328314378253,True,2.2940742257733682e-07,True,0.0009498506345518051,0.0004645836906716263,2.2940742257733682e-07
96000,raw-control,kaiser-g64,overlap-reference,B1,3.0357820170438656e-05,3.410198206281006e-05,1.4613267680473895e-05,True,2.984119008951534e-08,True,3.0357820170438656e-05,3.410198206281006e-05,2.984119008951534e-08
96000,raw-control,kaiser-g64,overlap-reference,AB,0.0009497872484725533,0.0004645845708812152,0.0007294760817884948,True,2.2970678521835379e-07,True,0.0009497872484725533,0.0004645845708812152,2.2970678521835379e-07
96000,raw-control,kaiser-g64,sustained-edge,A1,0.0043841336083004934,0.001801429503960441,0.0033838735656351888,True,8.663876658585537e-07,True,0.0043841336083004934,0.001801429503960441,8.663876658585537e-07
96000,raw-control,kaiser-g64,sustained-edge,B1,0.002671217553020747,0.0007800661334315304,0.001280403593751775,True,2.6335627679256793e-06,True,0.002671217553020747,0.0007800661334315304,2.6335627679256793e-06
96000,raw-control,kaiser-g64,sustained-edge,AB,0.004384135741334478,0.0018014298499929439,0.0033838769733185734,True,8.665592016073367e-07,True,0.004384135741334478,0.0018014298499929439,8.665592016073367e-07
96000,butter4-fc20000,hann-g8,reference,A1,0.00013322438243961102,0.00018652518998078427,9.321633698340247e-05,True,7.991390698641983e-11,True,0.8377235396736831,1.2620619742028034,1.2658156478757805e-06
96000,butter4-fc20000,hann-g8,reference,B1,3.535485800381595e-05,2.705208162093809e-05,3.438266662770778e-05,True,2.5936329227226597e-12,True,0.1830583542379579,0.19902720964460835,2.9841018015049845e-08
96000,butter4-fc20000,hann-g8,reference,AB,0.00013192443812279643,0.0001865251899808422,9.237006096463774e-05,True,7.991390698641983e-11,True,0.8293887856689295,1.2620619710257044,1.256381033124373e-06
96000,butter4-fc20000,hann-g8,edge,A1,0.00029114168926536556,0.00020438737329550447,0.00026646846317811285,True,1.1825728563310762e-10,True,1.5767403591283837,1.3974671679652924,2.971430600016005e-06
96000,butter4-fc20000,hann-g8,edge,B1,0.00025777936105916057,0.0002610614179544029,0.00015657666931495363,True,7.992279430237015e-11,True,1.7357103847693958,1.7725895047729168,2.6335643593016717e-06
96000,butter4-fc20000,hann-g8,edge,AB,0.00029114168478507773,0.00020438737329550447,0.0002664687509647964,True,1.1825728563310762e-10,True,1.5767403878972786,1.3974671673335306,2.9723928031687865e-06
96000,butter4-fc20000,hann-g8,overlap-reference,A1,0.00035209345266509637,0.0003706780093919388,0.00032380128215230724,True,3.254734959116516e-11,True,0.5250517213101833,0.4490511534380811,2.2940742257733682e-07
96000,butter4-fc20000,hann-g8,overlap-reference,B1,3.5354857998644653e-05,2.70520806386132e-05,3.438266662260399e-05,True,2.593652167759627e-12,True,0.18305835425402378,0.1990272164403581,2.984119008951534e-08
96000,butter4-fc20000,hann-g8,overlap-reference,AB,0.0003520680812448914,0.0003706780093919388,0.00032377763415634124,True,3.254734959116516e-11,True,0.5250181624950739,0.44905115383651395,2.2970678521835379e-07
96000,butter4-fc20000,hann-g8,sustained-edge,A1,0.0003471797526918708,0.0005865591727138826,0.00031793372910980905,True,1.4605251951441813e-10,True,1.4260892454935106,1.1415977672470998,8.663876658585537e-07
96000,butter4-fc20000,hann-g8,sustained-edge,B1,0.00025777936233507766,0.0002610614182791004,0.0001565766701127804,True,7.992288585089541e-11,True,1.7357103865068417,1.7725894446772386,2.6335627679256793e-06
96000,butter4-fc20000,hann-g8,sustained-edge,AB,0.00034717975238341705,0.0005865591727138826,0.0003179338934967775,True,1.4605251951441813e-10,True,1.4260892471349738,1.1415977674786284,8.665592016073367e-07
96000,butter4-fc20000,kaiser-g8,reference,A1,3.521239366033411e-05,3.7333834780596736e-05,1.617135168390518e-05,True,7.991390698641983e-11,True,0.8376662359624493,1.2620680240912994,1.2658156478757805e-06
96000,butter4-fc20000,kaiser-g8,reference,B1,3.588124341015068e-05,3.169805764107168e-05,9.669463121356963e-06,True,2.5936329227226597e-12,True,0.18309997563204503,0.199069603896496,2.9841018015049845e-08
96000,butter4-fc20000,kaiser-g8,reference,AB,3.522649660087428e-05,3.7333834780595496e-05,1.6062279800453707e-05,True,7.991390698641983e-11,True,0.8293323006001243,1.2620680209141248,1.256381033124373e-06
96000,butter4-fc20000,kaiser-g8,edge,A1,5.772250905050848e-05,4.8032263359465004e-05,3.691821660981377e-05,True,1.1825728563310762e-10,True,1.5769614983106275,1.3976313966129155,2.971430600016005e-06
96000,butter4-fc20000,kaiser-g8,edge,B1,4.147809055926062e-05,4.715134860239514e-05,3.063710102534249e-05,True,7.992279430237015e-11,True,1.7359063084506674,1.7727307767091494,2.6335643593016717e-06
96000,butter4-fc20000,kaiser-g8,edge,AB,5.7722507062054604e-05,4.8032263359465004e-05,3.691820169842897e-05,True,1.1825728563310762e-10,True,1.576961527074539,1.3976313959808822,2.9723928031687865e-06
96000,butter4-fc20000,kaiser-g8,overlap-reference,A1,3.411751109876782e-05,4.050901135270629e-05,2.8442995628855127e-05,True,3.254734959116516e-11,True,0.5251247701140432,0.44906989066167863,2.2940742257733682e-07
96000,butter4-fc20000,kaiser-g8,overlap-reference,B1,3.5881243404582464e-05,3.169805752891533e-05,9.669463120669029e-06,True,2.593652167759627e-12,True,0.18309997564812125,0.1990696106935422,2.984119008951534e-08
96000,butter4-fc20000,kaiser-g8,overlap-reference,AB,3.411773693547358e-05,4.0511755162472396e-05,2.844259844743198e-05,True,3.254734959116516e-11,True,0.5250912075640023,0.4490698910601166,2.2970678521835379e-07
96000,butter4-fc20000,kaiser-g8,sustained-edge,A1,3.417730439784853e-05,2.9316402177020147e-05,2.793708907745751e-05,True,1.4605251951441813e-10,True,1.426247527159811,1.141571645392247,8.663876658585537e-07
96000,butter4-fc20000,kaiser-g8,sustained-edge,B1,4.1478090598358424e-05,4.715134787311135e-05,3.063710109266495e-05,True,7.992288585089541e-11,True,1.735906310189023,1.7727307166129265,2.6335627679256793e-06
96000,butter4-fc20000,kaiser-g8,sustained-edge,AB,3.417730442984864e-05,2.9316402177020147e-05,2.793709133524307e-05,True,1.4605251951441813e-10,True,1.4262475288014722,1.1415716456237728,8.665592016073367e-07
