rate,conditioner,kernel,profile,block,mean_us,p95_us,p99_us,max_us,state_bytes,observed_allocations,reset_partition_exact,measured_blocks,total_latency_samples,scope
44100,iir-p16000-s18000,kaiser-g16,reference,32,5.48,5.6,5.6,5.6,1088040,0,true,5,16,candidate only; not complete A1+B1/plugin callback
44100,iir-p16000-s18000,kaiser-g16,reference,64,10.72,10.8,10.8,10.8,1088040,0,true,5,16,candidate only; not complete A1+B1/plugin callback
44100,iir-p16000-s18000,kaiser-g16,reference,128,19.1,21.5,21.5,21.5,1088040,0,true,5,16,candidate only; not complete A1+B1/plugin callback
44100,iir-p16000-s18000,kaiser-g16,reference,256,34.44,34.6,34.6,34.6,1088040,0,true,5,16,candidate only; not complete A1+B1/plugin callback
44100,iir-p16000-s18000,kaiser-g16,reference,257,34.64,34.8,34.8,34.8,1088040,0,true,5,16,candidate only; not complete A1+B1/plugin callback
44100,iir-p16000-s18000,kaiser-g16,reference,512,77.8,89.7,89.7,89.7,1088040,0,true,5,16,candidate only; not complete A1+B1/plugin callback
44100,iir-p16000-s18000,kaiser-g16,reference,1024,169.78,200,200,200,1088040,0,true,5,16,candidate only; not complete A1+B1/plugin callback
44100,iir-p16000-s18000,kaiser-g16,edge,32,9.66,9.7,9.7,9.7,1088040,0,true,5,16,candidate only; not complete A1+B1/plugin callback
44100,iir-p16000-s18000,kaiser-g16,edge,64,18.94,19.3,19.3,19.3,1088040,0,true,5,16,candidate only; not complete A1+B1/plugin callback
44100,iir-p16000-s18000,kaiser-g16,edge,128,18.64,20.4,20.4,20.4,1088040,0,true,5,16,candidate only; not complete A1+B1/plugin callback
44100,iir-p16000-s18000,kaiser-g16,edge,256,36.18,40.4,40.4,40.4,1088040,0,true,5,16,candidate only; not complete A1+B1/plugin callback
44100,iir-p16000-s18000,kaiser-g16,edge,257,36.34,40.2,40.2,40.2,1088040,0,true,5,16,candidate only; not complete A1+B1/plugin callback
44100,iir-p16000-s18000,kaiser-g16,edge,512,84.02,93.1,93.1,93.1,1088040,0,true,5,16,candidate only; not complete A1+B1/plugin callback
44100,iir-p16000-s18000,kaiser-g16,edge,1024,160.8,172.5,172.5,172.5,1088040,0,true,5,16,candidate only; not complete A1+B1/plugin callback
44100,iir-p16000-s18000,kaiser-g16,overlap-reference,32,4.6464,5.1,5.4,29.4,1088040,0,true,500,16,candidate only; not complete A1+B1/plugin callback
44100,iir-p16000-s18000,kaiser-g16,overlap-reference,64,9.549,11.4,12,40.4,1088040,0,true,500,16,candidate only; not complete A1+B1/plugin callback
44100,iir-p16000-s18000,kaiser-g16,overlap-reference,128,19.4482,23.5,50.6,77,1088040,0,true,500,16,candidate only; not complete A1+B1/plugin callback
44100,iir-p16000-s18000,kaiser-g16,overlap-reference,256,51.3068,69.7,90.9,106.6,1088040,0,true,500,16,candidate only; not complete A1+B1/plugin callback
44100,iir-p16000-s18000,kaiser-g16,overlap-reference,257,38.3516,45.5,72.7,94.1,1088040,0,true,500,16,candidate only; not complete A1+B1/plugin callback
44100,iir-p16000-s18000,kaiser-g16,overlap-reference,512,80.3072,107.1,117.6,204.9,1088040,0,true,500,16,candidate only; not complete A1+B1/plugin callback
44100,iir-p16000-s18000,kaiser-g16,overlap-reference,1024,158.747,210.1,233.2,270.4,1088040,0,true,500,16,candidate only; not complete A1+B1/plugin callback
44100,iir-p16000-s18000,kaiser-g16,sustained-edge,32,5.08,5.1,5.1,5.1,1088040,0,true,5,16,candidate only; not complete A1+B1/plugin callback
44100,iir-p16000-s18000,kaiser-g16,sustained-edge,64,10.12,10.2,10.2,10.2,1088040,0,true,5,16,candidate only; not complete A1+B1/plugin callback
44100,iir-p16000-s18000,kaiser-g16,sustained-edge,128,17.94,20.2,20.2,20.2,1088040,0,true,5,16,candidate only; not complete A1+B1/plugin callback
44100,iir-p16000-s18000,kaiser-g16,sustained-edge,256,34.42,34.6,34.6,34.6,1088040,0,true,5,16,candidate only; not complete A1+B1/plugin callback
44100,iir-p16000-s18000,kaiser-g16,sustained-edge,257,34.58,34.7,34.7,34.7,1088040,0,true,5,16,candidate only; not complete A1+B1/plugin callback
44100,iir-p16000-s18000,kaiser-g16,sustained-edge,512,71.08,78.5,78.5,78.5,1088040,0,true,5,16,candidate only; not complete A1+B1/plugin callback
44100,iir-p16000-s18000,kaiser-g16,sustained-edge,1024,142.66,152,152,152,1088040,0,true,5,16,candidate only; not complete A1+B1/plugin callback
44100,fir129-p16000-s18000,kaiser-g16,reference,32,14.7,34.4,34.4,34.4,1088192,0,true,5,80,candidate only; not complete A1+B1/plugin callback
44100,fir129-p16000-s18000,kaiser-g16,reference,64,17.32,17.4,17.4,17.4,1088192,0,true,5,80,candidate only; not complete A1+B1/plugin callback
44100,fir129-p16000-s18000,kaiser-g16,reference,128,41.78,70.7,70.7,70.7,1088192,0,true,5,80,candidate only; not complete A1+B1/plugin callback
44100,fir129-p16000-s18000,kaiser-g16,reference,256,69.24,69.4,69.4,69.4,1088192,0,true,5,80,candidate only; not complete A1+B1/plugin callback
44100,fir129-p16000-s18000,kaiser-g16,reference,257,69.66,70.5,70.5,70.5,1088192,0,true,5,80,candidate only; not complete A1+B1/plugin callback
44100,fir129-p16000-s18000,kaiser-g16,reference,512,147.5,170.4,170.4,170.4,1088192,0,true,5,80,candidate only; not complete A1+B1/plugin callback
44100,fir129-p16000-s18000,kaiser-g16,reference,1024,300.08,352.7,352.7,352.7,1088192,0,true,5,80,candidate only; not complete A1+B1/plugin callback
44100,fir129-p16000-s18000,kaiser-g16,edge,32,8.68,8.8,8.8,8.8,1088192,0,true,5,80,candidate only; not complete A1+B1/plugin callback
44100,fir129-p16000-s18000,kaiser-g16,edge,64,17.3,17.3,17.3,17.3,1088192,0,true,5,80,candidate only; not complete A1+B1/plugin callback
44100,fir129-p16000-s18000,kaiser-g16,edge,128,34.6,34.7,34.7,34.7,1088192,0,true,5,80,candidate only; not complete A1+B1/plugin callback
44100,fir129-p16000-s18000,kaiser-g16,edge,256,84.52,122.6,122.6,122.6,1088192,0,true,5,80,candidate only; not complete A1+B1/plugin callback
44100,fir129-p16000-s18000,kaiser-g16,edge,257,69.5,69.7,69.7,69.7,1088192,0,true,5,80,candidate only; not complete A1+B1/plugin callback
44100,fir129-p16000-s18000,kaiser-g16,edge,512,140.68,148,148,148,1088192,0,true,5,80,candidate only; not complete A1+B1/plugin callback
44100,fir129-p16000-s18000,kaiser-g16,edge,1024,286.4,298.4,298.4,298.4,1088192,0,true,5,80,candidate only; not complete A1+B1/plugin callback
44100,fir129-p16000-s18000,kaiser-g16,overlap-reference,32,9.165,9.8,15.7,32,1088192,0,true,500,80,candidate only; not complete A1+B1/plugin callback
44100,fir129-p16000-s18000,kaiser-g16,overlap-reference,64,18.081,19.2,30.6,38.3,1088192,0,true,500,80,candidate only; not complete A1+B1/plugin callback
44100,fir129-p16000-s18000,kaiser-g16,overlap-reference,128,37.4076,53.4,60.1,92.7,1088192,0,true,500,80,candidate only; not complete A1+B1/plugin callback
44100,fir129-p16000-s18000,kaiser-g16,overlap-reference,256,71.9706,82.4,102,116.4,1088192,0,true,500,80,candidate only; not complete A1+B1/plugin callback
44100,fir129-p16000-s18000,kaiser-g16,overlap-reference,257,72.221,83.9,92.9,106.1,1088192,0,true,500,80,candidate only; not complete A1+B1/plugin callback
44100,fir129-p16000-s18000,kaiser-g16,overlap-reference,512,154.14,260.7,278.1,296.2,1088192,0,true,500,80,candidate only; not complete A1+B1/plugin callback
44100,fir129-p16000-s18000,kaiser-g16,overlap-reference,1024,317.441,530,561,572.8,1088192,0,true,500,80,candidate only; not complete A1+B1/plugin callback
44100,fir129-p16000-s18000,kaiser-g16,sustained-edge,32,8.7,8.7,8.7,8.7,1088192,0,true,5,80,candidate only; not complete A1+B1/plugin callback
44100,fir129-p16000-s18000,kaiser-g16,sustained-edge,64,17.34,17.4,17.4,17.4,1088192,0,true,5,80,candidate only; not complete A1+B1/plugin callback
44100,fir129-p16000-s18000,kaiser-g16,sustained-edge,128,34.6,34.7,34.7,34.7,1088192,0,true,5,80,candidate only; not complete A1+B1/plugin callback
44100,fir129-p16000-s18000,kaiser-g16,sustained-edge,256,69.2,69.4,69.4,69.4,1088192,0,true,5,80,candidate only; not complete A1+B1/plugin callback
44100,fir129-p16000-s18000,kaiser-g16,sustained-edge,257,69.56,70,70,70,1088192,0,true,5,80,candidate only; not complete A1+B1/plugin callback
44100,fir129-p16000-s18000,kaiser-g16,sustained-edge,512,143.88,154.7,154.7,154.7,1088192,0,true,5,80,candidate only; not complete A1+B1/plugin callback
44100,fir129-p16000-s18000,kaiser-g16,sustained-edge,1024,287.9,305.7,305.7,305.7,1088192,0,true,5,80,candidate only; not complete A1+B1/plugin callback
44100,iir-p16000-s19000,kaiser-g16,reference,32,8.44,8.5,8.5,8.5,1087640,0,true,5,16,candidate only; not complete A1+B1/plugin callback
44100,iir-p16000-s19000,kaiser-g16,reference,64,21.68,42,42,42,1087640,0,true,5,16,candidate only; not complete A1+B1/plugin callback
44100,iir-p16000-s19000,kaiser-g16,reference,128,23.44,33.4,33.4,33.4,1087640,0,true,5,16,candidate only; not complete A1+B1/plugin callback
44100,iir-p16000-s19000,kaiser-g16,reference,256,36.22,58.5,58.5,58.5,1087640,0,true,5,16,candidate only; not complete A1+B1/plugin callback
44100,iir-p16000-s19000,kaiser-g16,reference,257,30.86,31,31,31,1087640,0,true,5,16,candidate only; not complete A1+B1/plugin callback
44100,iir-p16000-s19000,kaiser-g16,reference,512,70.78,84.1,84.1,84.1,1087640,0,true,5,16,candidate only; not complete A1+B1/plugin callback
44100,iir-p16000-s19000,kaiser-g16,reference,1024,154.16,182.9,182.9,182.9,1087640,0,true,5,16,candidate only; not complete A1+B1/plugin callback
44100,iir-p16000-s19000,kaiser-g16,edge,32,5.26,5.3,5.3,5.3,1087640,0,true,5,16,candidate only; not complete A1+B1/plugin callback
44100,iir-p16000-s19000,kaiser-g16,edge,64,10.4,10.5,10.5,10.5,1087640,0,true,5,16,candidate only; not complete A1+B1/plugin callback
44100,iir-p16000-s19000,kaiser-g16,edge,128,17.94,20.9,20.9,20.9,1087640,0,true,5,16,candidate only; not complete A1+B1/plugin callback
44100,iir-p16000-s19000,kaiser-g16,edge,256,32.64,37.6,37.6,37.6,1087640,0,true,5,16,candidate only; not complete A1+B1/plugin callback
44100,iir-p16000-s19000,kaiser-g16,edge,257,32.72,37.5,37.5,37.5,1087640,0,true,5,16,candidate only; not complete A1+B1/plugin callback
44100,iir-p16000-s19000,kaiser-g16,edge,512,77.1,86.9,86.9,86.9,1087640,0,true,5,16,candidate only; not complete A1+B1/plugin callback
44100,iir-p16000-s19000,kaiser-g16,edge,1024,144.82,159.2,159.2,159.2,1087640,0,true,5,16,candidate only; not complete A1+B1/plugin callback
44100,iir-p16000-s19000,kaiser-g16,overlap-reference,32,4.371,5,7.8,55.9,1087640,0,true,500,16,candidate only; not complete A1+B1/plugin callback
44100,iir-p16000-s19000,kaiser-g16,overlap-reference,64,8.7892,10.7,14.3,28.8,1087640,0,true,500,16,candidate only; not complete A1+B1/plugin callback
44100,iir-p16000-s19000,kaiser-g16,overlap-reference,128,17.4448,21.1,28.3,38.3,1087640,0,true,500,16,candidate only; not complete A1+B1/plugin callback
44100,iir-p16000-s19000,kaiser-g16,overlap-reference,256,34.9854,43.7,58.7,79.3,1087640,0,true,500,16,candidate only; not complete A1+B1/plugin callback
44100,iir-p16000-s19000,kaiser-g16,overlap-reference,257,34.4512,43.2,51.8,60.8,1087640,0,true,500,16,candidate only; not complete A1+B1/plugin callback
44100,iir-p16000-s19000,kaiser-g16,overlap-reference,512,68.7896,85.9,99,116.8,1087640,0,true,500,16,candidate only; not complete A1+B1/plugin callback
44100,iir-p16000-s19000,kaiser-g16,overlap-reference,1024,137.73,166,185.8,190.5,1087640,0,true,500,16,candidate only; not complete A1+B1/plugin callback
44100,iir-p16000-s19000,kaiser-g16,sustained-edge,32,4.7,4.7,4.7,4.7,1087640,0,true,5,16,candidate only; not complete A1+B1/plugin callback
44100,iir-p16000-s19000,kaiser-g16,sustained-edge,64,9.34,9.4,9.4,9.4,1087640,0,true,5,16,candidate only; not complete A1+B1/plugin callback
44100,iir-p16000-s19000,kaiser-g16,sustained-edge,128,19.06,24.3,24.3,24.3,1087640,0,true,5,16,candidate only; not complete A1+B1/plugin callback
44100,iir-p16000-s19000,kaiser-g16,sustained-edge,256,36.18,49.1,49.1,49.1,1087640,0,true,5,16,candidate only; not complete A1+B1/plugin callback
44100,iir-p16000-s19000,kaiser-g16,sustained-edge,257,30.9,31.2,31.2,31.2,1087640,0,true,5,16,candidate only; not complete A1+B1/plugin callback
44100,iir-p16000-s19000,kaiser-g16,sustained-edge,512,63.74,70.7,70.7,70.7,1087640,0,true,5,16,candidate only; not complete A1+B1/plugin callback
44100,iir-p16000-s19000,kaiser-g16,sustained-edge,1024,129.16,138.7,138.7,138.7,1087640,0,true,5,16,candidate only; not complete A1+B1/plugin callback
44100,fir65-p16000-s19000,kaiser-g16,reference,32,5.96,6,6,6,1087680,0,true,5,48,candidate only; not complete A1+B1/plugin callback
44100,fir65-p16000-s19000,kaiser-g16,reference,64,11.86,11.9,11.9,11.9,1087680,0,true,5,48,candidate only; not complete A1+B1/plugin callback
44100,fir65-p16000-s19000,kaiser-g16,reference,128,23.82,23.9,23.9,23.9,1087680,0,true,5,48,candidate only; not complete A1+B1/plugin callback
44100,fir65-p16000-s19000,kaiser-g16,reference,256,47.56,47.9,47.9,47.9,1087680,0,true,5,48,candidate only; not complete A1+B1/plugin callback
44100,fir65-p16000-s19000,kaiser-g16,reference,257,47.86,48,48,48,1087680,0,true,5,48,candidate only; not complete A1+B1/plugin callback
44100,fir65-p16000-s19000,kaiser-g16,reference,512,97.48,104.6,104.6,104.6,1087680,0,true,5,48,candidate only; not complete A1+B1/plugin callback
44100,fir65-p16000-s19000,kaiser-g16,reference,1024,201.2,225.2,225.2,225.2,1087680,0,true,5,48,candidate only; not complete A1+B1/plugin callback
44100,fir65-p16000-s19000,kaiser-g16,edge,32,6.02,6.1,6.1,6.1,1087680,0,true,5,48,candidate only; not complete A1+B1/plugin callback
44100,fir65-p16000-s19000,kaiser-g16,edge,64,12.02,12.1,12.1,12.1,1087680,0,true,5,48,candidate only; not complete A1+B1/plugin callback
44100,fir65-p16000-s19000,kaiser-g16,edge,128,24,24.1,24.1,24.1,1087680,0,true,5,48,candidate only; not complete A1+B1/plugin callback
44100,fir65-p16000-s19000,kaiser-g16,edge,256,48.18,49,49,49,1087680,0,true,5,48,candidate only; not complete A1+B1/plugin callback
44100,fir65-p16000-s19000,kaiser-g16,edge,257,48.3,48.5,48.5,48.5,1087680,0,true,5,48,candidate only; not complete A1+B1/plugin callback
44100,fir65-p16000-s19000,kaiser-g16,edge,512,97.42,104.6,104.6,104.6,1087680,0,true,5,48,candidate only; not complete A1+B1/plugin callback
44100,fir65-p16000-s19000,kaiser-g16,edge,1024,199.92,218.9,218.9,218.9,1087680,0,true,5,48,candidate only; not complete A1+B1/plugin callback
44100,fir65-p16000-s19000,kaiser-g16,overlap-reference,32,6.309,6.7,12,21.2,1087680,0,true,500,48,candidate only; not complete A1+B1/plugin callback
44100,fir65-p16000-s19000,kaiser-g16,overlap-reference,64,12.4838,13.6,22.1,27.8,1087680,0,true,500,48,candidate only; not complete A1+B1/plugin callback
44100,fir65-p16000-s19000,kaiser-g16,overlap-reference,128,24.9646,27,39.1,44.2,1087680,0,true,500,48,candidate only; not complete A1+B1/plugin callback
44100,fir65-p16000-s19000,kaiser-g16,overlap-reference,256,50.7476,61.9,80.9,127.2,1087680,0,true,500,48,candidate only; not complete A1+B1/plugin callback
44100,fir65-p16000-s19000,kaiser-g16,overlap-reference,257,50.8482,64.4,82.3,133.6,1087680,0,true,500,48,candidate only; not complete A1+B1/plugin callback
44100,fir65-p16000-s19000,kaiser-g16,overlap-reference,512,100.384,116.4,125.9,278.9,1087680,0,true,500,48,candidate only; not complete A1+B1/plugin callback
44100,fir65-p16000-s19000,kaiser-g16,overlap-reference,1024,200.987,231.1,256.7,371.2,1087680,0,true,500,48,candidate only; not complete A1+B1/plugin callback
44100,fir65-p16000-s19000,kaiser-g16,sustained-edge,32,6.04,6.1,6.1,6.1,1087680,0,true,5,48,candidate only; not complete A1+B1/plugin callback
44100,fir65-p16000-s19000,kaiser-g16,sustained-edge,64,12.12,12.8,12.8,12.8,1087680,0,true,5,48,candidate only; not complete A1+B1/plugin callback
44100,fir65-p16000-s19000,kaiser-g16,sustained-edge,128,29.06,49.6,49.6,49.6,1087680,0,true,5,48,candidate only; not complete A1+B1/plugin callback
44100,fir65-p16000-s19000,kaiser-g16,sustained-edge,256,48,48.2,48.2,48.2,1087680,0,true,5,48,candidate only; not complete A1+B1/plugin callback
44100,fir65-p16000-s19000,kaiser-g16,sustained-edge,257,47.7,47.9,47.9,47.9,1087680,0,true,5,48,candidate only; not complete A1+B1/plugin callback
44100,fir65-p16000-s19000,kaiser-g16,sustained-edge,512,100.54,117.3,117.3,117.3,1087680,0,true,5,48,candidate only; not complete A1+B1/plugin callback
44100,fir65-p16000-s19000,kaiser-g16,sustained-edge,1024,206.78,247.3,247.3,247.3,1087680,0,true,5,48,candidate only; not complete A1+B1/plugin callback
44100,fir129-p16000-s19000,kaiser-g16,reference,32,8.72,8.8,8.8,8.8,1088192,0,true,5,80,candidate only; not complete A1+B1/plugin callback
44100,fir129-p16000-s19000,kaiser-g16,reference,64,23,35.4,35.4,35.4,1088192,0,true,5,80,candidate only; not complete A1+B1/plugin callback
44100,fir129-p16000-s19000,kaiser-g16,reference,128,34.64,34.8,34.8,34.8,1088192,0,true,5,80,candidate only; not complete A1+B1/plugin callback
44100,fir129-p16000-s19000,kaiser-g16,reference,256,72,83.4,83.4,83.4,1088192,0,true,5,80,candidate only; not complete A1+B1/plugin callback
44100,fir129-p16000-s19000,kaiser-g16,reference,257,70.04,72.6,72.6,72.6,1088192,0,true,5,80,candidate only; not complete A1+B1/plugin callback
44100,fir129-p16000-s19000,kaiser-g16,reference,512,147.96,153.2,153.2,153.2,1088192,0,true,5,80,candidate only; not complete A1+B1/plugin callback
44100,fir129-p16000-s19000,kaiser-g16,reference,1024,281.84,291,291,291,1088192,0,true,5,80,candidate only; not complete A1+B1/plugin callback
44100,fir129-p16000-s19000,kaiser-g16,edge,32,8.72,8.8,8.8,8.8,1088192,0,true,5,80,candidate only; not complete A1+B1/plugin callback
44100,fir129-p16000-s19000,kaiser-g16,edge,64,17.32,17.4,17.4,17.4,1088192,0,true,5,80,candidate only; not complete A1+B1/plugin callback
44100,fir129-p16000-s19000,kaiser-g16,edge,128,34.7,34.9,34.9,34.9,1088192,0,true,5,80,candidate only; not complete A1+B1/plugin callback
44100,fir129-p16000-s19000,kaiser-g16,edge,256,69.3,69.6,69.6,69.6,1088192,0,true,5,80,candidate only; not complete A1+B1/plugin callback
44100,fir129-p16000-s19000,kaiser-g16,edge,257,72.3,83.5,83.5,83.5,1088192,0,true,5,80,candidate only; not complete A1+B1/plugin callback
44100,fir129-p16000-s19000,kaiser-g16,edge,512,141.7,148.6,148.6,148.6,1088192,0,true,5,80,candidate only; not complete A1+B1/plugin callback
44100,fir129-p16000-s19000,kaiser-g16,edge,1024,293.18,318.2,318.2,318.2,1088192,0,true,5,80,candidate only; not complete A1+B1/plugin callback
44100,fir129-p16000-s19000,kaiser-g16,overlap-reference,32,8.9986,9.4,9.7,39.7,1088192,0,true,500,80,candidate only; not complete A1+B1/plugin callback
44100,fir129-p16000-s19000,kaiser-g16,overlap-reference,64,17.9732,18.9,20.3,47,1088192,0,true,500,80,candidate only; not complete A1+B1/plugin callback
44100,fir129-p16000-s19000,kaiser-g16,overlap-reference,128,35.815,37.6,62.4,69.9,1088192,0,true,500,80,candidate only; not complete A1+B1/plugin callback
44100,fir129-p16000-s19000,kaiser-g16,overlap-reference,256,72.3538,76.4,107.5,235.3,1088192,0,true,500,80,candidate only; not complete A1+B1/plugin callback
44100,fir129-p16000-s19000,kaiser-g16,overlap-reference,257,72.5556,76.8,102,167.3,1088192,0,true,500,80,candidate only; not complete A1+B1/plugin callback
44100,fir129-p16000-s19000,kaiser-g16,overlap-reference,512,143.26,166.1,175,184,1088192,0,true,500,80,candidate only; not complete A1+B1/plugin callback
44100,fir129-p16000-s19000,kaiser-g16,overlap-reference,1024,288.928,318,351.3,501.8,1088192,0,true,500,80,candidate only; not complete A1+B1/plugin callback
44100,fir129-p16000-s19000,kaiser-g16,sustained-edge,32,8.72,8.8,8.8,8.8,1088192,0,true,5,80,candidate only; not complete A1+B1/plugin callback
44100,fir129-p16000-s19000,kaiser-g16,sustained-edge,64,18.3,22.2,22.2,22.2,1088192,0,true,5,80,candidate only; not complete A1+B1/plugin callback
44100,fir129-p16000-s19000,kaiser-g16,sustained-edge,128,34.56,34.7,34.7,34.7,1088192,0,true,5,80,candidate only; not complete A1+B1/plugin callback
44100,fir129-p16000-s19000,kaiser-g16,sustained-edge,256,72.1,83.5,83.5,83.5,1088192,0,true,5,80,candidate only; not complete A1+B1/plugin callback
44100,fir129-p16000-s19000,kaiser-g16,sustained-edge,257,69.5,69.7,69.7,69.7,1088192,0,true,5,80,candidate only; not complete A1+B1/plugin callback
44100,fir129-p16000-s19000,kaiser-g16,sustained-edge,512,148.6,157.4,157.4,157.4,1088192,0,true,5,80,candidate only; not complete A1+B1/plugin callback
44100,fir129-p16000-s19000,kaiser-g16,sustained-edge,1024,285.92,305.9,305.9,305.9,1088192,0,true,5,80,candidate only; not complete A1+B1/plugin callback
44100,iir-p16000-s20000,kaiser-g16,reference,32,4.66,4.7,4.7,4.7,1087480,0,true,5,16,candidate only; not complete A1+B1/plugin callback
44100,iir-p16000-s20000,kaiser-g16,reference,64,9.28,9.4,9.4,9.4,1087480,0,true,5,16,candidate only; not complete A1+B1/plugin callback
44100,iir-p16000-s20000,kaiser-g16,reference,128,17.74,22.2,22.2,22.2,1087480,0,true,5,16,candidate only; not complete A1+B1/plugin callback
44100,iir-p16000-s20000,kaiser-g16,reference,256,29.22,29.5,29.5,29.5,1087480,0,true,5,16,candidate only; not complete A1+B1/plugin callback
44100,iir-p16000-s20000,kaiser-g16,reference,257,29.3,29.6,29.6,29.6,1087480,0,true,5,16,candidate only; not complete A1+B1/plugin callback
44100,iir-p16000-s20000,kaiser-g16,reference,512,67.28,80.5,80.5,80.5,1087480,0,true,5,16,candidate only; not complete A1+B1/plugin callback
44100,iir-p16000-s20000,kaiser-g16,reference,1024,143.28,161.1,161.1,161.1,1087480,0,true,5,16,candidate only; not complete A1+B1/plugin callback
44100,iir-p16000-s20000,kaiser-g16,edge,32,4.58,4.7,4.7,4.7,1087480,0,true,5,16,candidate only; not complete A1+B1/plugin callback
44100,iir-p16000-s20000,kaiser-g16,edge,64,9,9.1,9.1,9.1,1087480,0,true,5,16,candidate only; not complete A1+B1/plugin callback
44100,iir-p16000-s20000,kaiser-g16,edge,128,16.24,18.1,18.1,18.1,1087480,0,true,5,16,candidate only; not complete A1+B1/plugin callback
44100,iir-p16000-s20000,kaiser-g16,edge,256,30.66,36,36,36,1087480,0,true,5,16,candidate only; not complete A1+B1/plugin callback
44100,iir-p16000-s20000,kaiser-g16,edge,257,30.76,36,36,36,1087480,0,true,5,16,candidate only; not complete A1+B1/plugin callback
44100,iir-p16000-s20000,kaiser-g16,edge,512,81.2,91.7,91.7,91.7,1087480,0,true,5,16,candidate only; not complete A1+B1/plugin callback
44100,iir-p16000-s20000,kaiser-g16,edge,1024,141.52,153.7,153.7,153.7,1087480,0,true,5,16,candidate only; not complete A1+B1/plugin callback
44100,iir-p16000-s20000,kaiser-g16,overlap-reference,32,3.9524,4.5,4.7,30.1,1087480,0,true,500,16,candidate only; not complete A1+B1/plugin callback
44100,iir-p16000-s20000,kaiser-g16,overlap-reference,64,8.6544,11,32.3,46.3,1087480,0,true,500,16,candidate only; not complete A1+B1/plugin callback
44100,iir-p16000-s20000,kaiser-g16,overlap-reference,128,16.6412,19,37.6,91.1,1087480,0,true,500,16,candidate only; not complete A1+B1/plugin callback
44100,iir-p16000-s20000,kaiser-g16,overlap-reference,256,32.731,43.6,50.4,70,1087480,0,true,500,16,candidate only; not complete A1+B1/plugin callback
44100,iir-p16000-s20000,kaiser-g16,overlap-reference,257,33.0108,43.6,48.3,71,1087480,0,true,500,16,candidate only; not complete A1+B1/plugin callback
44100,iir-p16000-s20000,kaiser-g16,overlap-reference,512,65.6566,82.4,91.3,113.3,1087480,0,true,500,16,candidate only; not complete A1+B1/plugin callback
44100,iir-p16000-s20000,kaiser-g16,overlap-reference,1024,131.244,162.3,178.8,253.7,1087480,0,true,500,16,candidate only; not complete A1+B1/plugin callback
44100,iir-p16000-s20000,kaiser-g16,sustained-edge,32,8.26,8.4,8.4,8.4,1087480,0,true,5,16,candidate only; not complete A1+B1/plugin callback
44100,iir-p16000-s20000,kaiser-g16,sustained-edge,64,16.84,17,17,17,1087480,0,true,5,16,candidate only; not complete A1+B1/plugin callback
44100,iir-p16000-s20000,kaiser-g16,sustained-edge,128,19.56,33.8,33.8,33.8,1087480,0,true,5,16,candidate only; not complete A1+B1/plugin callback
44100,iir-p16000-s20000,kaiser-g16,sustained-edge,256,29.14,29.4,29.4,29.4,1087480,0,true,5,16,candidate only; not complete A1+B1/plugin callback
44100,iir-p16000-s20000,kaiser-g16,sustained-edge,257,29.26,29.4,29.4,29.4,1087480,0,true,5,16,candidate only; not complete A1+B1/plugin callback
44100,iir-p16000-s20000,kaiser-g16,sustained-edge,512,60.6,68.3,68.3,68.3,1087480,0,true,5,16,candidate only; not complete A1+B1/plugin callback
44100,iir-p16000-s20000,kaiser-g16,sustained-edge,1024,121.5,130.3,130.3,130.3,1087480,0,true,5,16,candidate only; not complete A1+B1/plugin callback
44100,fir65-p16000-s20000,kaiser-g16,reference,32,5.96,6,6,6,1087680,0,true,5,48,candidate only; not complete A1+B1/plugin callback
44100,fir65-p16000-s20000,kaiser-g16,reference,64,11.9,12,12,12,1087680,0,true,5,48,candidate only; not complete A1+B1/plugin callback
44100,fir65-p16000-s20000,kaiser-g16,reference,128,23.84,24,24,24,1087680,0,true,5,48,candidate only; not complete A1+B1/plugin callback
44100,fir65-p16000-s20000,kaiser-g16,reference,256,47.62,48,48,48,1087680,0,true,5,48,candidate only; not complete A1+B1/plugin callback
44100,fir65-p16000-s20000,kaiser-g16,reference,257,47.86,48.1,48.1,48.1,1087680,0,true,5,48,candidate only; not complete A1+B1/plugin callback
44100,fir65-p16000-s20000,kaiser-g16,reference,512,97.54,104.5,104.5,104.5,1087680,0,true,5,48,candidate only; not complete A1+B1/plugin callback
44100,fir65-p16000-s20000,kaiser-g16,reference,1024,198.5,216.8,216.8,216.8,1087680,0,true,5,48,candidate only; not complete A1+B1/plugin callback
44100,fir65-p16000-s20000,kaiser-g16,edge,32,6.02,6.1,6.1,6.1,1087680,0,true,5,48,candidate only; not complete A1+B1/plugin callback
44100,fir65-p16000-s20000,kaiser-g16,edge,64,12.02,12.1,12.1,12.1,1087680,0,true,5,48,candidate only; not complete A1+B1/plugin callback
44100,fir65-p16000-s20000,kaiser-g16,edge,128,23.98,24.2,24.2,24.2,1087680,0,true,5,48,candidate only; not complete A1+B1/plugin callback
44100,fir65-p16000-s20000,kaiser-g16,edge,256,48.72,53.6,53.6,53.6,1087680,0,true,5,48,candidate only; not complete A1+B1/plugin callback
44100,fir65-p16000-s20000,kaiser-g16,edge,257,47.72,47.9,47.9,47.9,1087680,0,true,5,48,candidate only; not complete A1+B1/plugin callback
44100,fir65-p16000-s20000,kaiser-g16,edge,512,106.32,117.8,117.8,117.8,1087680,0,true,5,48,candidate only; not complete A1+B1/plugin callback
44100,fir65-p16000-s20000,kaiser-g16,edge,1024,200.04,226.7,226.7,226.7,1087680,0,true,5,48,candidate only; not complete A1+B1/plugin callback
44100,fir65-p16000-s20000,kaiser-g16,overlap-reference,32,6.3088,7.2,10.3,28.9,1087680,0,true,500,48,candidate only; not complete A1+B1/plugin callback
44100,fir65-p16000-s20000,kaiser-g16,overlap-reference,64,12.5806,13.7,17,49,1087680,0,true,500,48,candidate only; not complete A1+B1/plugin callback
44100,fir65-p16000-s20000,kaiser-g16,overlap-reference,128,25.2798,27.5,51.5,93.5,1087680,0,true,500,48,candidate only; not complete A1+B1/plugin callback
44100,fir65-p16000-s20000,kaiser-g16,overlap-reference,256,50.0738,54.8,84.3,91.3,1087680,0,true,500,48,candidate only; not complete A1+B1/plugin callback
44100,fir65-p16000-s20000,kaiser-g16,overlap-reference,257,50.3298,56.1,74,124.9,1087680,0,true,500,48,candidate only; not complete A1+B1/plugin callback
44100,fir65-p16000-s20000,kaiser-g16,overlap-reference,512,100.55,116.2,124.6,158,1087680,0,true,500,48,candidate only; not complete A1+B1/plugin callback
44100,fir65-p16000-s20000,kaiser-g16,overlap-reference,1024,201.063,227.8,243.7,482.4,1087680,0,true,500,48,candidate only; not complete A1+B1/plugin callback
44100,fir65-p16000-s20000,kaiser-g16,sustained-edge,32,5.98,6,6,6,1087680,0,true,5,48,candidate only; not complete A1+B1/plugin callback
44100,fir65-p16000-s20000,kaiser-g16,sustained-edge,64,11.92,12,12,12,1087680,0,true,5,48,candidate only; not complete A1+B1/plugin callback
44100,fir65-p16000-s20000,kaiser-g16,sustained-edge,128,23.76,23.8,23.8,23.8,1087680,0,true,5,48,candidate only; not complete A1+B1/plugin callback
44100,fir65-p16000-s20000,kaiser-g16,sustained-edge,256,50.48,62.5,62.5,62.5,1087680,0,true,5,48,candidate only; not complete A1+B1/plugin callback
44100,fir65-p16000-s20000,kaiser-g16,sustained-edge,257,47.76,48.3,48.3,48.3,1087680,0,true,5,48,candidate only; not complete A1+B1/plugin callback
44100,fir65-p16000-s20000,kaiser-g16,sustained-edge,512,97.18,103.5,103.5,103.5,1087680,0,true,5,48,candidate only; not complete A1+B1/plugin callback
44100,fir65-p16000-s20000,kaiser-g16,sustained-edge,1024,200.16,227.6,227.6,227.6,1087680,0,true,5,48,candidate only; not complete A1+B1/plugin callback
44100,fir129-p16000-s20000,kaiser-g16,reference,32,8.68,8.7,8.7,8.7,1088192,0,true,5,80,candidate only; not complete A1+B1/plugin callback
44100,fir129-p16000-s20000,kaiser-g16,reference,64,17.42,17.6,17.6,17.6,1088192,0,true,5,80,candidate only; not complete A1+B1/plugin callback
44100,fir129-p16000-s20000,kaiser-g16,reference,128,34.6,34.8,34.8,34.8,1088192,0,true,5,80,candidate only; not complete A1+B1/plugin callback
44100,fir129-p16000-s20000,kaiser-g16,reference,256,75.2,98.8,98.8,98.8,1088192,0,true,5,80,candidate only; not complete A1+B1/plugin callback
44100,fir129-p16000-s20000,kaiser-g16,reference,257,69.44,69.7,69.7,69.7,1088192,0,true,5,80,candidate only; not complete A1+B1/plugin callback
44100,fir129-p16000-s20000,kaiser-g16,reference,512,140.54,147.5,147.5,147.5,1088192,0,true,5,80,candidate only; not complete A1+B1/plugin callback
44100,fir129-p16000-s20000,kaiser-g16,reference,1024,305.42,396.7,396.7,396.7,1088192,0,true,5,80,candidate only; not complete A1+B1/plugin callback
44100,fir129-p16000-s20000,kaiser-g16,edge,32,8.68,8.8,8.8,8.8,1088192,0,true,5,80,candidate only; not complete A1+B1/plugin callback
44100,fir129-p16000-s20000,kaiser-g16,edge,64,17.5,18.2,18.2,18.2,1088192,0,true,5,80,candidate only; not complete A1+B1/plugin callback
44100,fir129-p16000-s20000,kaiser-g16,edge,128,40.24,62.6,62.6,62.6,1088192,0,true,5,80,candidate only; not complete A1+B1/plugin callback
44100,fir129-p16000-s20000,kaiser-g16,edge,256,72.2,76.9,76.9,76.9,1088192,0,true,5,80,candidate only; not complete A1+B1/plugin callback
44100,fir129-p16000-s20000,kaiser-g16,edge,257,76.5,103.2,103.2,103.2,1088192,0,true,5,80,candidate only; not complete A1+B1/plugin callback
44100,fir129-p16000-s20000,kaiser-g16,edge,512,141.56,148.4,148.4,148.4,1088192,0,true,5,80,candidate only; not complete A1+B1/plugin callback
44100,fir129-p16000-s20000,kaiser-g16,edge,1024,290.94,296.4,296.4,296.4,1088192,0,true,5,80,candidate only; not complete A1+B1/plugin callback
44100,fir129-p16000-s20000,kaiser-g16,overlap-reference,32,8.9928,9.5,14.1,32.9,1088192,0,true,500,80,candidate only; not complete A1+B1/plugin callback
44100,fir129-p16000-s20000,kaiser-g16,overlap-reference,64,17.9842,18.9,30,35.5,1088192,0,true,500,80,candidate only; not complete A1+B1/plugin callback
44100,fir129-p16000-s20000,kaiser-g16,overlap-reference,128,35.9464,37.9,52.2,69,1088192,0,true,500,80,candidate only; not complete A1+B1/plugin callback
44100,fir129-p16000-s20000,kaiser-g16,overlap-reference,256,71.9228,85.3,88.6,121,1088192,0,true,500,80,candidate only; not complete A1+B1/plugin callback
44100,fir129-p16000-s20000,kaiser-g16,overlap-reference,257,72.5434,86.9,93.4,144.2,1088192,0,true,500,80,candidate only; not complete A1+B1/plugin callback
44100,fir129-p16000-s20000,kaiser-g16,overlap-reference,512,145.973,166.9,210,318.8,1088192,0,true,500,80,candidate only; not complete A1+B1/plugin callback
44100,fir129-p16000-s20000,kaiser-g16,overlap-reference,1024,288.092,319.3,343.3,375.8,1088192,0,true,500,80,candidate only; not complete A1+B1/plugin callback
44100,fir129-p16000-s20000,kaiser-g16,sustained-edge,32,8.68,8.7,8.7,8.7,1088192,0,true,5,80,candidate only; not complete A1+B1/plugin callback
44100,fir129-p16000-s20000,kaiser-g16,sustained-edge,64,17.26,17.3,17.3,17.3,1088192,0,true,5,80,candidate only; not complete A1+B1/plugin callback
44100,fir129-p16000-s20000,kaiser-g16,sustained-edge,128,34.68,34.8,34.8,34.8,1088192,0,true,5,80,candidate only; not complete A1+B1/plugin callback
44100,fir129-p16000-s20000,kaiser-g16,sustained-edge,256,70.6,76.1,76.1,76.1,1088192,0,true,5,80,candidate only; not complete A1+B1/plugin callback
44100,fir129-p16000-s20000,kaiser-g16,sustained-edge,257,69.6,70.1,70.1,70.1,1088192,0,true,5,80,candidate only; not complete A1+B1/plugin callback
44100,fir129-p16000-s20000,kaiser-g16,sustained-edge,512,141.58,147.9,147.9,147.9,1088192,0,true,5,80,candidate only; not complete A1+B1/plugin callback
44100,fir129-p16000-s20000,kaiser-g16,sustained-edge,1024,284.94,293.9,293.9,293.9,1088192,0,true,5,80,candidate only; not complete A1+B1/plugin callback
44100,iir-p16000-s21609,kaiser-g16,reference,32,8.14,8.2,8.2,8.2,1087320,0,true,5,16,candidate only; not complete A1+B1/plugin callback
44100,iir-p16000-s21609,kaiser-g16,reference,64,16.28,16.3,16.3,16.3,1087320,0,true,5,16,candidate only; not complete A1+B1/plugin callback
44100,iir-p16000-s21609,kaiser-g16,reference,128,22.32,32.6,32.6,32.6,1087320,0,true,5,16,candidate only; not complete A1+B1/plugin callback
44100,iir-p16000-s21609,kaiser-g16,reference,256,27.8,28.4,28.4,28.4,1087320,0,true,5,16,candidate only; not complete A1+B1/plugin callback
44100,iir-p16000-s21609,kaiser-g16,reference,257,27.92,28.6,28.6,28.6,1087320,0,true,5,16,candidate only; not complete A1+B1/plugin callback
44100,iir-p16000-s21609,kaiser-g16,reference,512,63.46,81.9,81.9,81.9,1087320,0,true,5,16,candidate only; not complete A1+B1/plugin callback
44100,iir-p16000-s21609,kaiser-g16,reference,1024,131.08,146,146,146,1087320,0,true,5,16,candidate only; not complete A1+B1/plugin callback
44100,iir-p16000-s21609,kaiser-g16,edge,32,4.14,4.2,4.2,4.2,1087320,0,true,5,16,candidate only; not complete A1+B1/plugin callback
44100,iir-p16000-s21609,kaiser-g16,edge,64,8.14,8.2,8.2,8.2,1087320,0,true,5,16,candidate only; not complete A1+B1/plugin callback
44100,iir-p16000-s21609,kaiser-g16,edge,128,15.06,16.3,16.3,16.3,1087320,0,true,5,16,candidate only; not complete A1+B1/plugin callback
44100,iir-p16000-s21609,kaiser-g16,edge,256,27.76,27.9,27.9,27.9,1087320,0,true,5,16,candidate only; not complete A1+B1/plugin callback
44100,iir-p16000-s21609,kaiser-g16,edge,257,27.78,28,28,28,1087320,0,true,5,16,candidate only; not complete A1+B1/plugin callback
44100,iir-p16000-s21609,kaiser-g16,edge,512,67.82,78.7,78.7,78.7,1087320,0,true,5,16,candidate only; not complete A1+B1/plugin callback
44100,iir-p16000-s21609,kaiser-g16,edge,1024,130.9,148.7,148.7,148.7,1087320,0,true,5,16,candidate only; not complete A1+B1/plugin callback
44100,iir-p16000-s21609,kaiser-g16,overlap-reference,32,3.779,4.3,5.4,21.6,1087320,0,true,500,16,candidate only; not complete A1+B1/plugin callback
44100,iir-p16000-s21609,kaiser-g16,overlap-reference,64,7.7804,9.1,12.8,36.4,1087320,0,true,500,16,candidate only; not complete A1+B1/plugin callback
44100,iir-p16000-s21609,kaiser-g16,overlap-reference,128,15.4832,19,28.6,36.9,1087320,0,true,500,16,candidate only; not complete A1+B1/plugin callback
44100,iir-p16000-s21609,kaiser-g16,overlap-reference,256,30.7708,37.9,45.9,50.8,1087320,0,true,500,16,candidate only; not complete A1+B1/plugin callback
44100,iir-p16000-s21609,kaiser-g16,overlap-reference,257,30.8648,38,47.1,54.4,1087320,0,true,500,16,candidate only; not complete A1+B1/plugin callback
44100,iir-p16000-s21609,kaiser-g16,overlap-reference,512,61.546,75,83,104.5,1087320,0,true,500,16,candidate only; not complete A1+B1/plugin callback
44100,iir-p16000-s21609,kaiser-g16,overlap-reference,1024,122.959,145,155.9,174.9,1087320,0,true,500,16,candidate only; not complete A1+B1/plugin callback
44100,iir-p16000-s21609,kaiser-g16,sustained-edge,32,4.16,4.3,4.3,4.3,1087320,0,true,5,16,candidate only; not complete A1+B1/plugin callback
44100,iir-p16000-s21609,kaiser-g16,sustained-edge,64,8.22,8.3,8.3,8.3,1087320,0,true,5,16,candidate only; not complete A1+B1/plugin callback
44100,iir-p16000-s21609,kaiser-g16,sustained-edge,128,14.66,16.3,16.3,16.3,1087320,0,true,5,16,candidate only; not complete A1+B1/plugin callback
44100,iir-p16000-s21609,kaiser-g16,sustained-edge,256,27.88,28.2,28.2,28.2,1087320,0,true,5,16,candidate only; not complete A1+B1/plugin callback
44100,iir-p16000-s21609,kaiser-g16,sustained-edge,257,27.94,28.2,28.2,28.2,1087320,0,true,5,16,candidate only; not complete A1+B1/plugin callback
44100,iir-p16000-s21609,kaiser-g16,sustained-edge,512,57.9,64.9,64.9,64.9,1087320,0,true,5,16,candidate only; not complete A1+B1/plugin callback
44100,iir-p16000-s21609,kaiser-g16,sustained-edge,1024,119.58,142.3,142.3,142.3,1087320,0,true,5,16,candidate only; not complete A1+B1/plugin callback
44100,fir33-p16000-s21609,kaiser-g16,reference,32,4.74,4.8,4.8,4.8,1087424,0,true,5,32,candidate only; not complete A1+B1/plugin callback
44100,fir33-p16000-s21609,kaiser-g16,reference,64,9.34,9.4,9.4,9.4,1087424,0,true,5,32,candidate only; not complete A1+B1/plugin callback
44100,fir33-p16000-s21609,kaiser-g16,reference,128,18.66,18.7,18.7,18.7,1087424,0,true,5,32,candidate only; not complete A1+B1/plugin callback
44100,fir33-p16000-s21609,kaiser-g16,reference,256,37.3,37.6,37.6,37.6,1087424,0,true,5,32,candidate only; not complete A1+B1/plugin callback
44100,fir33-p16000-s21609,kaiser-g16,reference,257,37.62,38.1,38.1,38.1,1087424,0,true,5,32,candidate only; not complete A1+B1/plugin callback
44100,fir33-p16000-s21609,kaiser-g16,reference,512,77.22,84.8,84.8,84.8,1087424,0,true,5,32,candidate only; not complete A1+B1/plugin callback
44100,fir33-p16000-s21609,kaiser-g16,reference,1024,154.94,163.7,163.7,163.7,1087424,0,true,5,32,candidate only; not complete A1+B1/plugin callback
44100,fir33-p16000-s21609,kaiser-g16,edge,32,4.74,4.8,4.8,4.8,1087424,0,true,5,32,candidate only; not complete A1+B1/plugin callback
44100,fir33-p16000-s21609,kaiser-g16,edge,64,16.9,17,17,17,1087424,0,true,5,32,candidate only; not complete A1+B1/plugin callback
44100,fir33-p16000-s21609,kaiser-g16,edge,128,18.92,19.1,19.1,19.1,1087424,0,true,5,32,candidate only; not complete A1+B1/plugin callback
44100,fir33-p16000-s21609,kaiser-g16,edge,256,37.74,38,38,38,1087424,0,true,5,32,candidate only; not complete A1+B1/plugin callback
44100,fir33-p16000-s21609,kaiser-g16,edge,257,39.28,39.6,39.6,39.6,1087424,0,true,5,32,candidate only; not complete A1+B1/plugin callback
44100,fir33-p16000-s21609,kaiser-g16,edge,512,90.08,109.4,109.4,109.4,1087424,0,true,5,32,candidate only; not complete A1+B1/plugin callback
44100,fir33-p16000-s21609,kaiser-g16,edge,1024,197.5,271.8,271.8,271.8,1087424,0,true,5,32,candidate only; not complete A1+B1/plugin callback
44100,fir33-p16000-s21609,kaiser-g16,overlap-reference,32,4.9824,5.5,9.1,20.5,1087424,0,true,500,32,candidate only; not complete A1+B1/plugin callback
44100,fir33-p16000-s21609,kaiser-g16,overlap-reference,64,9.8532,10.9,16.2,24.9,1087424,0,true,500,32,candidate only; not complete A1+B1/plugin callback
44100,fir33-p16000-s21609,kaiser-g16,overlap-reference,128,19.7124,21.8,32.1,35.3,1087424,0,true,500,32,candidate only; not complete A1+B1/plugin callback
44100,fir33-p16000-s21609,kaiser-g16,overlap-reference,256,39.3874,43.8,69.3,73,1087424,0,true,500,32,candidate only; not complete A1+B1/plugin callback
44100,fir33-p16000-s21609,kaiser-g16,overlap-reference,257,39.5954,43.8,70.1,74.4,1087424,0,true,500,32,candidate only; not complete A1+B1/plugin callback
44100,fir33-p16000-s21609,kaiser-g16,overlap-reference,512,91.9042,143.1,157.1,366.4,1087424,0,true,500,32,candidate only; not complete A1+B1/plugin callback
44100,fir33-p16000-s21609,kaiser-g16,overlap-reference,1024,158.409,180.8,201.7,219.5,1087424,0,true,500,32,candidate only; not complete A1+B1/plugin callback
44100,fir33-p16000-s21609,kaiser-g16,sustained-edge,32,4.68,4.7,4.7,4.7,1087424,0,true,5,32,candidate only; not complete A1+B1/plugin callback
44100,fir33-p16000-s21609,kaiser-g16,sustained-edge,64,9.32,9.4,9.4,9.4,1087424,0,true,5,32,candidate only; not complete A1+B1/plugin callback
44100,fir33-p16000-s21609,kaiser-g16,sustained-edge,128,18.74,18.9,18.9,18.9,1087424,0,true,5,32,candidate only; not complete A1+B1/plugin callback
44100,fir33-p16000-s21609,kaiser-g16,sustained-edge,256,37.2,37.4,37.4,37.4,1087424,0,true,5,32,candidate only; not complete A1+B1/plugin callback
44100,fir33-p16000-s21609,kaiser-g16,sustained-edge,257,37.4,37.5,37.5,37.5,1087424,0,true,5,32,candidate only; not complete A1+B1/plugin callback
44100,fir33-p16000-s21609,kaiser-g16,sustained-edge,512,82.7,113.2,113.2,113.2,1087424,0,true,5,32,candidate only; not complete A1+B1/plugin callback
44100,fir33-p16000-s21609,kaiser-g16,sustained-edge,1024,163.3,177.6,177.6,177.6,1087424,0,true,5,32,candidate only; not complete A1+B1/plugin callback
44100,fir65-p16000-s21609,kaiser-g16,reference,32,5.96,6,6,6,1087680,0,true,5,48,candidate only; not complete A1+B1/plugin callback
44100,fir65-p16000-s21609,kaiser-g16,reference,64,11.9,11.9,11.9,11.9,1087680,0,true,5,48,candidate only; not complete A1+B1/plugin callback
44100,fir65-p16000-s21609,kaiser-g16,reference,128,23.78,23.8,23.8,23.8,1087680,0,true,5,48,candidate only; not complete A1+B1/plugin callback
44100,fir65-p16000-s21609,kaiser-g16,reference,256,47.52,47.8,47.8,47.8,1087680,0,true,5,48,candidate only; not complete A1+B1/plugin callback
44100,fir65-p16000-s21609,kaiser-g16,reference,257,47.74,48,48,48,1087680,0,true,5,48,candidate only; not complete A1+B1/plugin callback
44100,fir65-p16000-s21609,kaiser-g16,reference,512,97.54,105.5,105.5,105.5,1087680,0,true,5,48,candidate only; not complete A1+B1/plugin callback
44100,fir65-p16000-s21609,kaiser-g16,reference,1024,202.72,211.5,211.5,211.5,1087680,0,true,5,48,candidate only; not complete A1+B1/plugin callback
44100,fir65-p16000-s21609,kaiser-g16,edge,32,5.96,6,6,6,1087680,0,true,5,48,candidate only; not complete A1+B1/plugin callback
44100,fir65-p16000-s21609,kaiser-g16,edge,64,11.86,11.9,11.9,11.9,1087680,0,true,5,48,candidate only; not complete A1+B1/plugin callback
44100,fir65-p16000-s21609,kaiser-g16,edge,128,23.74,23.8,23.8,23.8,1087680,0,true,5,48,candidate only; not complete A1+B1/plugin callback
44100,fir65-p16000-s21609,kaiser-g16,edge,256,53.24,75.9,75.9,75.9,1087680,0,true,5,48,candidate only; not complete A1+B1/plugin callback
44100,fir65-p16000-s21609,kaiser-g16,edge,257,47.66,47.9,47.9,47.9,1087680,0,true,5,48,candidate only; not complete A1+B1/plugin callback
44100,fir65-p16000-s21609,kaiser-g16,edge,512,102.9,122.7,122.7,122.7,1087680,0,true,5,48,candidate only; not complete A1+B1/plugin callback
44100,fir65-p16000-s21609,kaiser-g16,edge,1024,202.7,239.4,239.4,239.4,1087680,0,true,5,48,candidate only; not complete A1+B1/plugin callback
44100,fir65-p16000-s21609,kaiser-g16,overlap-reference,32,6.3008,6.7,11.7,24.8,1087680,0,true,500,48,candidate only; not complete A1+B1/plugin callback
44100,fir65-p16000-s21609,kaiser-g16,overlap-reference,64,12.5034,13.5,20.8,33.2,1087680,0,true,500,48,candidate only; not complete A1+B1/plugin callback
44100,fir65-p16000-s21609,kaiser-g16,overlap-reference,128,24.984,26.9,39.2,43.1,1087680,0,true,500,48,candidate only; not complete A1+B1/plugin callback
44100,fir65-p16000-s21609,kaiser-g16,overlap-reference,256,49.7714,53.7,78.6,81.5,1087680,0,true,500,48,candidate only; not complete A1+B1/plugin callback
44100,fir65-p16000-s21609,kaiser-g16,overlap-reference,257,50.0256,53.9,76.6,87.8,1087680,0,true,500,48,candidate only; not complete A1+B1/plugin callback
44100,fir65-p16000-s21609,kaiser-g16,overlap-reference,512,99.6726,122.4,135.8,141.3,1087680,0,true,500,48,candidate only; not complete A1+B1/plugin callback
44100,fir65-p16000-s21609,kaiser-g16,overlap-reference,1024,200.26,227.6,238.8,291.3,1087680,0,true,500,48,candidate only; not complete A1+B1/plugin callback
44100,fir65-p16000-s21609,kaiser-g16,sustained-edge,32,6.02,6.1,6.1,6.1,1087680,0,true,5,48,candidate only; not complete A1+B1/plugin callback
44100,fir65-p16000-s21609,kaiser-g16,sustained-edge,64,11.9,11.9,11.9,11.9,1087680,0,true,5,48,candidate only; not complete A1+B1/plugin callback
44100,fir65-p16000-s21609,kaiser-g16,sustained-edge,128,23.7,23.8,23.8,23.8,1087680,0,true,5,48,candidate only; not complete A1+B1/plugin callback
44100,fir65-p16000-s21609,kaiser-g16,sustained-edge,256,47.48,47.7,47.7,47.7,1087680,0,true,5,48,candidate only; not complete A1+B1/plugin callback
44100,fir65-p16000-s21609,kaiser-g16,sustained-edge,257,47.78,48.2,48.2,48.2,1087680,0,true,5,48,candidate only; not complete A1+B1/plugin callback
44100,fir65-p16000-s21609,kaiser-g16,sustained-edge,512,97.18,104,104,104,1087680,0,true,5,48,candidate only; not complete A1+B1/plugin callback
44100,fir65-p16000-s21609,kaiser-g16,sustained-edge,1024,193.98,200.2,200.2,200.2,1087680,0,true,5,48,candidate only; not complete A1+B1/plugin callback
44100,fir129-p16000-s21609,kaiser-g16,reference,32,8.72,8.8,8.8,8.8,1088192,0,true,5,80,candidate only; not complete A1+B1/plugin callback
44100,fir129-p16000-s21609,kaiser-g16,reference,64,17.34,17.4,17.4,17.4,1088192,0,true,5,80,candidate only; not complete A1+B1/plugin callback
44100,fir129-p16000-s21609,kaiser-g16,reference,128,34.66,34.7,34.7,34.7,1088192,0,true,5,80,candidate only; not complete A1+B1/plugin callback
44100,fir129-p16000-s21609,kaiser-g16,reference,256,69.36,69.5,69.5,69.5,1088192,0,true,5,80,candidate only; not complete A1+B1/plugin callback
44100,fir129-p16000-s21609,kaiser-g16,reference,257,75.98,86.1,86.1,86.1,1088192,0,true,5,80,candidate only; not complete A1+B1/plugin callback
44100,fir129-p16000-s21609,kaiser-g16,reference,512,144.04,163.8,163.8,163.8,1088192,0,true,5,80,candidate only; not complete A1+B1/plugin callback
44100,fir129-p16000-s21609,kaiser-g16,reference,1024,288.38,319.7,319.7,319.7,1088192,0,true,5,80,candidate only; not complete A1+B1/plugin callback
44100,fir129-p16000-s21609,kaiser-g16,edge,32,8.7,8.8,8.8,8.8,1088192,0,true,5,80,candidate only; not complete A1+B1/plugin callback
44100,fir129-p16000-s21609,kaiser-g16,edge,64,17.24,17.3,17.3,17.3,1088192,0,true,5,80,candidate only; not complete A1+B1/plugin callback
44100,fir129-p16000-s21609,kaiser-g16,edge,128,34.68,35.1,35.1,35.1,1088192,0,true,5,80,candidate only; not complete A1+B1/plugin callback
44100,fir129-p16000-s21609,kaiser-g16,edge,256,69.18,69.4,69.4,69.4,1088192,0,true,5,80,candidate only; not complete A1+B1/plugin callback
44100,fir129-p16000-s21609,kaiser-g16,edge,257,69.52,70,70,70,1088192,0,true,5,80,candidate only; not complete A1+B1/plugin callback
44100,fir129-p16000-s21609,kaiser-g16,edge,512,144.12,153.4,153.4,153.4,1088192,0,true,5,80,candidate only; not complete A1+B1/plugin callback
44100,fir129-p16000-s21609,kaiser-g16,edge,1024,284.26,298.2,298.2,298.2,1088192,0,true,5,80,candidate only; not complete A1+B1/plugin callback
44100,fir129-p16000-s21609,kaiser-g16,overlap-reference,32,9.0784,9.5,16.4,30,1088192,0,true,500,80,candidate only; not complete A1+B1/plugin callback
44100,fir129-p16000-s21609,kaiser-g16,overlap-reference,64,17.9194,19,28.8,32.9,1088192,0,true,500,80,candidate only; not complete A1+B1/plugin callback
44100,fir129-p16000-s21609,kaiser-g16,overlap-reference,128,35.9996,38.3,51.3,59.1,1088192,0,true,500,80,candidate only; not complete A1+B1/plugin callback
44100,fir129-p16000-s21609,kaiser-g16,overlap-reference,256,71.991,84.7,93.2,115,1088192,0,true,500,80,candidate only; not complete A1+B1/plugin callback
44100,fir129-p16000-s21609,kaiser-g16,overlap-reference,257,72.2652,83.3,99.4,110.1,1088192,0,true,500,80,candidate only; not complete A1+B1/plugin callback
44100,fir129-p16000-s21609,kaiser-g16,overlap-reference,512,156.966,261.7,277.2,297.2,1088192,0,true,500,80,candidate only; not complete A1+B1/plugin callback
44100,fir129-p16000-s21609,kaiser-g16,overlap-reference,1024,288.639,315,330.5,400.3,1088192,0,true,500,80,candidate only; not complete A1+B1/plugin callback
44100,fir129-p16000-s21609,kaiser-g16,sustained-edge,32,8.7,8.8,8.8,8.8,1088192,0,true,5,80,candidate only; not complete A1+B1/plugin callback
44100,fir129-p16000-s21609,kaiser-g16,sustained-edge,64,17.34,17.4,17.4,17.4,1088192,0,true,5,80,candidate only; not complete A1+B1/plugin callback
44100,fir129-p16000-s21609,kaiser-g16,sustained-edge,128,34.66,35,35,35,1088192,0,true,5,80,candidate only; not complete A1+B1/plugin callback
44100,fir129-p16000-s21609,kaiser-g16,sustained-edge,256,69.24,69.5,69.5,69.5,1088192,0,true,5,80,candidate only; not complete A1+B1/plugin callback
44100,fir129-p16000-s21609,kaiser-g16,sustained-edge,257,69.5,69.8,69.8,69.8,1088192,0,true,5,80,candidate only; not complete A1+B1/plugin callback
44100,fir129-p16000-s21609,kaiser-g16,sustained-edge,512,140.5,146.5,146.5,146.5,1088192,0,true,5,80,candidate only; not complete A1+B1/plugin callback
44100,fir129-p16000-s21609,kaiser-g16,sustained-edge,1024,286.98,316,316,316,1088192,0,true,5,80,candidate only; not complete A1+B1/plugin callback
44100,iir-p18000-s19000,kaiser-g16,reference,32,5.44,5.5,5.5,5.5,1088360,0,true,5,16,candidate only; not complete A1+B1/plugin callback
44100,iir-p18000-s19000,kaiser-g16,reference,64,10.76,10.8,10.8,10.8,1088360,0,true,5,16,candidate only; not complete A1+B1/plugin callback
44100,iir-p18000-s19000,kaiser-g16,reference,128,19.74,21.5,21.5,21.5,1088360,0,true,5,16,candidate only; not complete A1+B1/plugin callback
44100,iir-p18000-s19000,kaiser-g16,reference,256,36.84,37.2,37.2,37.2,1088360,0,true,5,16,candidate only; not complete A1+B1/plugin callback
44100,iir-p18000-s19000,kaiser-g16,reference,257,36.96,37.1,37.1,37.1,1088360,0,true,5,16,candidate only; not complete A1+B1/plugin callback
44100,iir-p18000-s19000,kaiser-g16,reference,512,82.88,102.9,102.9,102.9,1088360,0,true,5,16,candidate only; not complete A1+B1/plugin callback
44100,iir-p18000-s19000,kaiser-g16,reference,1024,187.28,217.3,217.3,217.3,1088360,0,true,5,16,candidate only; not complete A1+B1/plugin callback
44100,iir-p18000-s19000,kaiser-g16,edge,32,5.5,5.5,5.5,5.5,1088360,0,true,5,16,candidate only; not complete A1+B1/plugin callback
44100,iir-p18000-s19000,kaiser-g16,edge,64,10.96,11,11,11,1088360,0,true,5,16,candidate only; not complete A1+B1/plugin callback
44100,iir-p18000-s19000,kaiser-g16,edge,128,19.76,21.5,21.5,21.5,1088360,0,true,5,16,candidate only; not complete A1+B1/plugin callback
44100,iir-p18000-s19000,kaiser-g16,edge,256,37.04,37.4,37.4,37.4,1088360,0,true,5,16,candidate only; not complete A1+B1/plugin callback
44100,iir-p18000-s19000,kaiser-g16,edge,257,37.22,37.5,37.5,37.5,1088360,0,true,5,16,candidate only; not complete A1+B1/plugin callback
44100,iir-p18000-s19000,kaiser-g16,edge,512,89.08,105.8,105.8,105.8,1088360,0,true,5,16,candidate only; not complete A1+B1/plugin callback
44100,iir-p18000-s19000,kaiser-g16,edge,1024,180.42,199.8,199.8,199.8,1088360,0,true,5,16,candidate only; not complete A1+B1/plugin callback
44100,iir-p18000-s19000,kaiser-g16,overlap-reference,32,5.5832,8.6,9.4,38.8,1088360,0,true,500,16,candidate only; not complete A1+B1/plugin callback
44100,iir-p18000-s19000,kaiser-g16,overlap-reference,64,10.4468,12.9,16.8,30.4,1088360,0,true,500,16,candidate only; not complete A1+B1/plugin callback
44100,iir-p18000-s19000,kaiser-g16,overlap-reference,128,20.503,24.9,33.9,39.7,1088360,0,true,500,16,candidate only; not complete A1+B1/plugin callback
44100,iir-p18000-s19000,kaiser-g16,overlap-reference,256,40.861,51.3,59.5,71.1,1088360,0,true,500,16,candidate only; not complete A1+B1/plugin callback
44100,iir-p18000-s19000,kaiser-g16,overlap-reference,257,40.4712,50.5,56.3,66.7,1088360,0,true,500,16,candidate only; not complete A1+B1/plugin callback
44100,iir-p18000-s19000,kaiser-g16,overlap-reference,512,81.5842,103.8,120.9,126.3,1088360,0,true,500,16,candidate only; not complete A1+B1/plugin callback
44100,iir-p18000-s19000,kaiser-g16,overlap-reference,1024,163.751,202.3,224.2,236.3,1088360,0,true,500,16,candidate only; not complete A1+B1/plugin callback
44100,iir-p18000-s19000,kaiser-g16,sustained-edge,32,6,6,6,6,1088360,0,true,5,16,candidate only; not complete A1+B1/plugin callback
44100,iir-p18000-s19000,kaiser-g16,sustained-edge,64,12.02,12.1,12.1,12.1,1088360,0,true,5,16,candidate only; not complete A1+B1/plugin callback
44100,iir-p18000-s19000,kaiser-g16,sustained-edge,128,26.88,55,55,55,1088360,0,true,5,16,candidate only; not complete A1+B1/plugin callback
44100,iir-p18000-s19000,kaiser-g16,sustained-edge,256,36.7,36.9,36.9,36.9,1088360,0,true,5,16,candidate only; not complete A1+B1/plugin callback
44100,iir-p18000-s19000,kaiser-g16,sustained-edge,257,36.98,37.1,37.1,37.1,1088360,0,true,5,16,candidate only; not complete A1+B1/plugin callback
44100,iir-p18000-s19000,kaiser-g16,sustained-edge,512,83.52,107.5,107.5,107.5,1088360,0,true,5,16,candidate only; not complete A1+B1/plugin callback
44100,iir-p18000-s19000,kaiser-g16,sustained-edge,1024,162.34,195.7,195.7,195.7,1088360,0,true,5,16,candidate only; not complete A1+B1/plugin callback
44100,iir-p18000-s20000,kaiser-g16,reference,32,5.4,5.4,5.4,5.4,1087720,0,true,5,16,candidate only; not complete A1+B1/plugin callback
44100,iir-p18000-s20000,kaiser-g16,reference,64,10.64,10.7,10.7,10.7,1087720,0,true,5,16,candidate only; not complete A1+B1/plugin callback
44100,iir-p18000-s20000,kaiser-g16,reference,128,18.16,21.4,21.4,21.4,1087720,0,true,5,16,candidate only; not complete A1+B1/plugin callback
44100,iir-p18000-s20000,kaiser-g16,reference,256,31.4,31.6,31.6,31.6,1087720,0,true,5,16,candidate only; not complete A1+B1/plugin callback
44100,iir-p18000-s20000,kaiser-g16,reference,257,31.48,31.6,31.6,31.6,1087720,0,true,5,16,candidate only; not complete A1+B1/plugin callback
44100,iir-p18000-s20000,kaiser-g16,reference,512,69.78,84.6,84.6,84.6,1087720,0,true,5,16,candidate only; not complete A1+B1/plugin callback
44100,iir-p18000-s20000,kaiser-g16,reference,1024,151.42,173.5,173.5,173.5,1087720,0,true,5,16,candidate only; not complete A1+B1/plugin callback
44100,iir-p18000-s20000,kaiser-g16,edge,32,4.76,4.8,4.8,4.8,1087720,0,true,5,16,candidate only; not complete A1+B1/plugin callback
44100,iir-p18000-s20000,kaiser-g16,edge,64,9.52,9.6,9.6,9.6,1087720,0,true,5,16,candidate only; not complete A1+B1/plugin callback
44100,iir-p18000-s20000,kaiser-g16,edge,128,17.14,18.9,18.9,18.9,1087720,0,true,5,16,candidate only; not complete A1+B1/plugin callback
44100,iir-p18000-s20000,kaiser-g16,edge,256,31.46,31.9,31.9,31.9,1087720,0,true,5,16,candidate only; not complete A1+B1/plugin callback
44100,iir-p18000-s20000,kaiser-g16,edge,257,31.58,31.8,31.8,31.8,1087720,0,true,5,16,candidate only; not complete A1+B1/plugin callback
44100,iir-p18000-s20000,kaiser-g16,edge,512,74.44,84.3,84.3,84.3,1087720,0,true,5,16,candidate only; not complete A1+B1/plugin callback
44100,iir-p18000-s20000,kaiser-g16,edge,1024,144.58,161.3,161.3,161.3,1087720,0,true,5,16,candidate only; not complete A1+B1/plugin callback
44100,iir-p18000-s20000,kaiser-g16,overlap-reference,32,4.2234,4.7,7.1,18.5,1087720,0,true,500,16,candidate only; not complete A1+B1/plugin callback
44100,iir-p18000-s20000,kaiser-g16,overlap-reference,64,8.9418,11,14.5,28.1,1087720,0,true,500,16,candidate only; not complete A1+B1/plugin callback
44100,iir-p18000-s20000,kaiser-g16,overlap-reference,128,17.6226,21.8,30.1,39.3,1087720,0,true,500,16,candidate only; not complete A1+B1/plugin callback
44100,iir-p18000-s20000,kaiser-g16,overlap-reference,256,34.9402,45.6,49.8,55.8,1087720,0,true,500,16,candidate only; not complete A1+B1/plugin callback
44100,iir-p18000-s20000,kaiser-g16,overlap-reference,257,35.6996,46.9,55.6,80,1087720,0,true,500,16,candidate only; not complete A1+B1/plugin callback
44100,iir-p18000-s20000,kaiser-g16,overlap-reference,512,71.202,90.5,104.4,112,1087720,0,true,500,16,candidate only; not complete A1+B1/plugin callback
44100,iir-p18000-s20000,kaiser-g16,overlap-reference,1024,140.043,176.7,193,205.1,1087720,0,true,500,16,candidate only; not complete A1+B1/plugin callback
44100,iir-p18000-s20000,kaiser-g16,sustained-edge,32,4.76,4.8,4.8,4.8,1087720,0,true,5,16,candidate only; not complete A1+B1/plugin callback
44100,iir-p18000-s20000,kaiser-g16,sustained-edge,64,9.5,9.6,9.6,9.6,1087720,0,true,5,16,candidate only; not complete A1+B1/plugin callback
44100,iir-p18000-s20000,kaiser-g16,sustained-edge,128,16.5,19,19,19,1087720,0,true,5,16,candidate only; not complete A1+B1/plugin callback
44100,iir-p18000-s20000,kaiser-g16,sustained-edge,256,31.32,31.5,31.5,31.5,1087720,0,true,5,16,candidate only; not complete A1+B1/plugin callback
44100,iir-p18000-s20000,kaiser-g16,sustained-edge,257,34.84,40.4,40.4,40.4,1087720,0,true,5,16,candidate only; not complete A1+B1/plugin callback
44100,iir-p18000-s20000,kaiser-g16,sustained-edge,512,66.44,73.4,73.4,73.4,1087720,0,true,5,16,candidate only; not complete A1+B1/plugin callback
44100,iir-p18000-s20000,kaiser-g16,sustained-edge,1024,138.26,173.4,173.4,173.4,1087720,0,true,5,16,candidate only; not complete A1+B1/plugin callback
44100,fir129-p18000-s20000,kaiser-g16,reference,32,8.68,8.7,8.7,8.7,1088192,0,true,5,80,candidate only; not complete A1+B1/plugin callback
44100,fir129-p18000-s20000,kaiser-g16,reference,64,17.28,17.3,17.3,17.3,1088192,0,true,5,80,candidate only; not complete A1+B1/plugin callback
44100,fir129-p18000-s20000,kaiser-g16,reference,128,34.62,34.8,34.8,34.8,1088192,0,true,5,80,candidate only; not complete A1+B1/plugin callback
44100,fir129-p18000-s20000,kaiser-g16,reference,256,76.36,87.5,87.5,87.5,1088192,0,true,5,80,candidate only; not complete A1+B1/plugin callback
44100,fir129-p18000-s20000,kaiser-g16,reference,257,69.46,69.7,69.7,69.7,1088192,0,true,5,80,candidate only; not complete A1+B1/plugin callback
44100,fir129-p18000-s20000,kaiser-g16,reference,512,140.74,147.3,147.3,147.3,1088192,0,true,5,80,candidate only; not complete A1+B1/plugin callback
44100,fir129-p18000-s20000,kaiser-g16,reference,1024,291.92,313.2,313.2,313.2,1088192,0,true,5,80,candidate only; not complete A1+B1/plugin callback
44100,fir129-p18000-s20000,kaiser-g16,edge,32,8.66,8.7,8.7,8.7,1088192,0,true,5,80,candidate only; not complete A1+B1/plugin callback
44100,fir129-p18000-s20000,kaiser-g16,edge,64,17.32,17.4,17.4,17.4,1088192,0,true,5,80,candidate only; not complete A1+B1/plugin callback
44100,fir129-p18000-s20000,kaiser-g16,edge,128,34.66,34.8,34.8,34.8,1088192,0,true,5,80,candidate only; not complete A1+B1/plugin callback
44100,fir129-p18000-s20000,kaiser-g16,edge,256,69.18,69.3,69.3,69.3,1088192,0,true,5,80,candidate only; not complete A1+B1/plugin callback
44100,fir129-p18000-s20000,kaiser-g16,edge,257,69.46,69.6,69.6,69.6,1088192,0,true,5,80,candidate only; not complete A1+B1/plugin callback
44100,fir129-p18000-s20000,kaiser-g16,edge,512,140.94,147.9,147.9,147.9,1088192,0,true,5,80,candidate only; not complete A1+B1/plugin callback
44100,fir129-p18000-s20000,kaiser-g16,edge,1024,282.3,290.2,290.2,290.2,1088192,0,true,5,80,candidate only; not complete A1+B1/plugin callback
44100,fir129-p18000-s20000,kaiser-g16,overlap-reference,32,9.0746,9.6,17.1,28,1088192,0,true,500,80,candidate only; not complete A1+B1/plugin callback
44100,fir129-p18000-s20000,kaiser-g16,overlap-reference,64,18.0484,19.4,34.6,41.7,1088192,0,true,500,80,candidate only; not complete A1+B1/plugin callback
44100,fir129-p18000-s20000,kaiser-g16,overlap-reference,128,36.1648,41.1,53.4,82.7,1088192,0,true,500,80,candidate only; not complete A1+B1/plugin callback
44100,fir129-p18000-s20000,kaiser-g16,overlap-reference,256,72.4684,87.4,94.8,123.6,1088192,0,true,500,80,candidate only; not complete A1+B1/plugin callback
44100,fir129-p18000-s20000,kaiser-g16,overlap-reference,257,74.5304,89.9,132.7,486.8,1088192,0,true,500,80,candidate only; not complete A1+B1/plugin callback
44100,fir129-p18000-s20000,kaiser-g16,overlap-reference,512,145.765,173.1,187.9,281.3,1088192,0,true,500,80,candidate only; not complete A1+B1/plugin callback
44100,fir129-p18000-s20000,kaiser-g16,overlap-reference,1024,298.726,345.7,544,625,1088192,0,true,500,80,candidate only; not complete A1+B1/plugin callback
44100,fir129-p18000-s20000,kaiser-g16,sustained-edge,32,8.68,8.7,8.7,8.7,1088192,0,true,5,80,candidate only; not complete A1+B1/plugin callback
44100,fir129-p18000-s20000,kaiser-g16,sustained-edge,64,17.86,20.2,20.2,20.2,1088192,0,true,5,80,candidate only; not complete A1+B1/plugin callback
44100,fir129-p18000-s20000,kaiser-g16,sustained-edge,128,34.6,34.8,34.8,34.8,1088192,0,true,5,80,candidate only; not complete A1+B1/plugin callback
44100,fir129-p18000-s20000,kaiser-g16,sustained-edge,256,76.48,103.2,103.2,103.2,1088192,0,true,5,80,candidate only; not complete A1+B1/plugin callback
44100,fir129-p18000-s20000,kaiser-g16,sustained-edge,257,69.92,70.4,70.4,70.4,1088192,0,true,5,80,candidate only; not complete A1+B1/plugin callback
44100,fir129-p18000-s20000,kaiser-g16,sustained-edge,512,142.16,149.7,149.7,149.7,1088192,0,true,5,80,candidate only; not complete A1+B1/plugin callback
44100,fir129-p18000-s20000,kaiser-g16,sustained-edge,1024,291.26,296.4,296.4,296.4,1088192,0,true,5,80,candidate only; not complete A1+B1/plugin callback
44100,iir-p18000-s21609,kaiser-g32,reference,32,13.56,13.7,13.7,13.7,2136152,0,true,5,32,candidate only; not complete A1+B1/plugin callback
44100,iir-p18000-s21609,kaiser-g32,reference,64,26.84,27.1,27.1,27.1,2136152,0,true,5,32,candidate only; not complete A1+B1/plugin callback
44100,iir-p18000-s21609,kaiser-g32,reference,128,38.24,54.1,54.1,54.1,2136152,0,true,5,32,candidate only; not complete A1+B1/plugin callback
44100,iir-p18000-s21609,kaiser-g32,reference,256,47.98,49.1,49.1,49.1,2136152,0,true,5,32,candidate only; not complete A1+B1/plugin callback
44100,iir-p18000-s21609,kaiser-g32,reference,257,48.12,48.9,48.9,48.9,2136152,0,true,5,32,candidate only; not complete A1+B1/plugin callback
44100,iir-p18000-s21609,kaiser-g32,reference,512,109.3,137.1,137.1,137.1,2136152,0,true,5,32,candidate only; not complete A1+B1/plugin callback
44100,iir-p18000-s21609,kaiser-g32,reference,1024,213.76,247.6,247.6,247.6,2136152,0,true,5,32,candidate only; not complete A1+B1/plugin callback
44100,iir-p18000-s21609,kaiser-g32,edge,32,6.62,6.7,6.7,6.7,2136152,0,true,5,32,candidate only; not complete A1+B1/plugin callback
44100,iir-p18000-s21609,kaiser-g32,edge,64,13.12,13.3,13.3,13.3,2136152,0,true,5,32,candidate only; not complete A1+B1/plugin callback
44100,iir-p18000-s21609,kaiser-g32,edge,128,25.12,26.3,26.3,26.3,2136152,0,true,5,32,candidate only; not complete A1+B1/plugin callback
44100,iir-p18000-s21609,kaiser-g32,edge,256,47.88,48.7,48.7,48.7,2136152,0,true,5,32,candidate only; not complete A1+B1/plugin callback
44100,iir-p18000-s21609,kaiser-g32,edge,257,48.1,48.8,48.8,48.8,2136152,0,true,5,32,candidate only; not complete A1+B1/plugin callback
44100,iir-p18000-s21609,kaiser-g32,edge,512,106.82,123.3,123.3,123.3,2136152,0,true,5,32,candidate only; not complete A1+B1/plugin callback
44100,iir-p18000-s21609,kaiser-g32,edge,1024,221.16,272.8,272.8,272.8,2136152,0,true,5,32,candidate only; not complete A1+B1/plugin callback
44100,iir-p18000-s21609,kaiser-g32,overlap-reference,32,6.4232,7.1,8.3,36.8,2136152,0,true,500,32,candidate only; not complete A1+B1/plugin callback
44100,iir-p18000-s21609,kaiser-g32,overlap-reference,64,14.9832,28.2,29.1,58.6,2136152,0,true,500,32,candidate only; not complete A1+B1/plugin callback
44100,iir-p18000-s21609,kaiser-g32,overlap-reference,128,28.3826,55.6,58.4,91.2,2136152,0,true,500,32,candidate only; not complete A1+B1/plugin callback
44100,iir-p18000-s21609,kaiser-g32,overlap-reference,256,57.553,110.9,115.9,142.7,2136152,0,true,500,32,candidate only; not complete A1+B1/plugin callback
44100,iir-p18000-s21609,kaiser-g32,overlap-reference,257,52.2796,64.6,73.5,105.8,2136152,0,true,500,32,candidate only; not complete A1+B1/plugin callback
44100,iir-p18000-s21609,kaiser-g32,overlap-reference,512,110.524,171.6,229.2,403.5,2136152,0,true,500,32,candidate only; not complete A1+B1/plugin callback
44100,iir-p18000-s21609,kaiser-g32,overlap-reference,1024,229.184,443.7,471.1,504.1,2136152,0,true,500,32,candidate only; not complete A1+B1/plugin callback
44100,iir-p18000-s21609,kaiser-g32,sustained-edge,32,13.9,14,14,14,2136152,0,true,5,32,candidate only; not complete A1+B1/plugin callback
44100,iir-p18000-s21609,kaiser-g32,sustained-edge,64,32.96,54.8,54.8,54.8,2136152,0,true,5,32,candidate only; not complete A1+B1/plugin callback
44100,iir-p18000-s21609,kaiser-g32,sustained-edge,128,38.14,82.3,82.3,82.3,2136152,0,true,5,32,candidate only; not complete A1+B1/plugin callback
44100,iir-p18000-s21609,kaiser-g32,sustained-edge,256,48.1,48.9,48.9,48.9,2136152,0,true,5,32,candidate only; not complete A1+B1/plugin callback
44100,iir-p18000-s21609,kaiser-g32,sustained-edge,257,48.4,49.5,49.5,49.5,2136152,0,true,5,32,candidate only; not complete A1+B1/plugin callback
44100,iir-p18000-s21609,kaiser-g32,sustained-edge,512,99.66,108.4,108.4,108.4,2136152,0,true,5,32,candidate only; not complete A1+B1/plugin callback
44100,iir-p18000-s21609,kaiser-g32,sustained-edge,1024,200.6,208.6,208.6,208.6,2136152,0,true,5,32,candidate only; not complete A1+B1/plugin callback
44100,fir65-p18000-s21609,kaiser-g16,reference,32,5.96,6,6,6,1087680,0,true,5,48,candidate only; not complete A1+B1/plugin callback
44100,fir65-p18000-s21609,kaiser-g16,reference,64,11.88,11.9,11.9,11.9,1087680,0,true,5,48,candidate only; not complete A1+B1/plugin callback
44100,fir65-p18000-s21609,kaiser-g16,reference,128,23.74,23.9,23.9,23.9,1087680,0,true,5,48,candidate only; not complete A1+B1/plugin callback
44100,fir65-p18000-s21609,kaiser-g16,reference,256,47.52,47.9,47.9,47.9,1087680,0,true,5,48,candidate only; not complete A1+B1/plugin callback
44100,fir65-p18000-s21609,kaiser-g16,reference,257,47.72,48.1,48.1,48.1,1087680,0,true,5,48,candidate only; not complete A1+B1/plugin callback
44100,fir65-p18000-s21609,kaiser-g16,reference,512,97.38,103.5,103.5,103.5,1087680,0,true,5,48,candidate only; not complete A1+B1/plugin callback
44100,fir65-p18000-s21609,kaiser-g16,reference,1024,195.16,203,203,203,1087680,0,true,5,48,candidate only; not complete A1+B1/plugin callback
44100,fir65-p18000-s21609,kaiser-g16,edge,32,5.96,6,6,6,1087680,0,true,5,48,candidate only; not complete A1+B1/plugin callback
44100,fir65-p18000-s21609,kaiser-g16,edge,64,15.52,30.1,30.1,30.1,1087680,0,true,5,48,candidate only; not complete A1+B1/plugin callback
44100,fir65-p18000-s21609,kaiser-g16,edge,128,23.74,23.8,23.8,23.8,1087680,0,true,5,48,candidate only; not complete A1+B1/plugin callback
44100,fir65-p18000-s21609,kaiser-g16,edge,256,52.78,73.9,73.9,73.9,1087680,0,true,5,48,candidate only; not complete A1+B1/plugin callback
44100,fir65-p18000-s21609,kaiser-g16,edge,257,47.66,47.8,47.8,47.8,1087680,0,true,5,48,candidate only; not complete A1+B1/plugin callback
44100,fir65-p18000-s21609,kaiser-g16,edge,512,101.82,114.4,114.4,114.4,1087680,0,true,5,48,candidate only; not complete A1+B1/plugin callback
44100,fir65-p18000-s21609,kaiser-g16,edge,1024,195.16,208.3,208.3,208.3,1087680,0,true,5,48,candidate only; not complete A1+B1/plugin callback
44100,fir65-p18000-s21609,kaiser-g16,overlap-reference,32,6.3056,6.8,7.2,41.2,1087680,0,true,500,48,candidate only; not complete A1+B1/plugin callback
44100,fir65-p18000-s21609,kaiser-g16,overlap-reference,64,12.588,13.7,17.1,44.2,1087680,0,true,500,48,candidate only; not complete A1+B1/plugin callback
44100,fir65-p18000-s21609,kaiser-g16,overlap-reference,128,25.069,27.3,53.7,63.9,1087680,0,true,500,48,candidate only; not complete A1+B1/plugin callback
44100,fir65-p18000-s21609,kaiser-g16,overlap-reference,256,50.745,60,86.3,114.4,1087680,0,true,500,48,candidate only; not complete A1+B1/plugin callback
44100,fir65-p18000-s21609,kaiser-g16,overlap-reference,257,50.2306,55.1,85.8,101.6,1087680,0,true,500,48,candidate only; not complete A1+B1/plugin callback
44100,fir65-p18000-s21609,kaiser-g16,overlap-reference,512,99.9874,112.1,136.7,152.2,1087680,0,true,500,48,candidate only; not complete A1+B1/plugin callback
44100,fir65-p18000-s21609,kaiser-g16,overlap-reference,1024,205.577,236.9,370.8,456.3,1087680,0,true,500,48,candidate only; not complete A1+B1/plugin callback
44100,fir65-p18000-s21609,kaiser-g16,sustained-edge,32,5.94,6,6,6,1087680,0,true,5,48,candidate only; not complete A1+B1/plugin callback
44100,fir65-p18000-s21609,kaiser-g16,sustained-edge,64,11.84,11.9,11.9,11.9,1087680,0,true,5,48,candidate only; not complete A1+B1/plugin callback
44100,fir65-p18000-s21609,kaiser-g16,sustained-edge,128,23.74,23.8,23.8,23.8,1087680,0,true,5,48,candidate only; not complete A1+B1/plugin callback
44100,fir65-p18000-s21609,kaiser-g16,sustained-edge,256,47.48,47.7,47.7,47.7,1087680,0,true,5,48,candidate only; not complete A1+B1/plugin callback
44100,fir65-p18000-s21609,kaiser-g16,sustained-edge,257,47.74,47.9,47.9,47.9,1087680,0,true,5,48,candidate only; not complete A1+B1/plugin callback
44100,fir65-p18000-s21609,kaiser-g16,sustained-edge,512,97.48,105.3,105.3,105.3,1087680,0,true,5,48,candidate only; not complete A1+B1/plugin callback
44100,fir65-p18000-s21609,kaiser-g16,sustained-edge,1024,194.58,201.2,201.2,201.2,1087680,0,true,5,48,candidate only; not complete A1+B1/plugin callback
44100,fir129-p18000-s21609,kaiser-g16,reference,32,8.74,8.8,8.8,8.8,1088192,0,true,5,80,candidate only; not complete A1+B1/plugin callback
44100,fir129-p18000-s21609,kaiser-g16,reference,64,17.32,17.4,17.4,17.4,1088192,0,true,5,80,candidate only; not complete A1+B1/plugin callback
44100,fir129-p18000-s21609,kaiser-g16,reference,128,34.66,34.9,34.9,34.9,1088192,0,true,5,80,candidate only; not complete A1+B1/plugin callback
44100,fir129-p18000-s21609,kaiser-g16,reference,256,69.24,69.6,69.6,69.6,1088192,0,true,5,80,candidate only; not complete A1+B1/plugin callback
44100,fir129-p18000-s21609,kaiser-g16,reference,257,69.54,69.9,69.9,69.9,1088192,0,true,5,80,candidate only; not complete A1+B1/plugin callback
44100,fir129-p18000-s21609,kaiser-g16,reference,512,140.72,148.1,148.1,148.1,1088192,0,true,5,80,candidate only; not complete A1+B1/plugin callback
44100,fir129-p18000-s21609,kaiser-g16,reference,1024,285.3,300.8,300.8,300.8,1088192,0,true,5,80,candidate only; not complete A1+B1/plugin callback
44100,fir129-p18000-s21609,kaiser-g16,edge,32,8.68,8.7,8.7,8.7,1088192,0,true,5,80,candidate only; not complete A1+B1/plugin callback
44100,fir129-p18000-s21609,kaiser-g16,edge,64,18.38,22.7,22.7,22.7,1088192,0,true,5,80,candidate only; not complete A1+B1/plugin callback
44100,fir129-p18000-s21609,kaiser-g16,edge,128,34.68,34.7,34.7,34.7,1088192,0,true,5,80,candidate only; not complete A1+B1/plugin callback
44100,fir129-p18000-s21609,kaiser-g16,edge,256,74.92,85.4,85.4,85.4,1088192,0,true,5,80,candidate only; not complete A1+B1/plugin callback
44100,fir129-p18000-s21609,kaiser-g16,edge,257,69.6,69.7,69.7,69.7,1088192,0,true,5,80,candidate only; not complete A1+B1/plugin callback
44100,fir129-p18000-s21609,kaiser-g16,edge,512,143.92,153.9,153.9,153.9,1088192,0,true,5,80,candidate only; not complete A1+B1/plugin callback
44100,fir129-p18000-s21609,kaiser-g16,edge,1024,283.26,292.4,292.4,292.4,1088192,0,true,5,80,candidate only; not complete A1+B1/plugin callback
44100,fir129-p18000-s21609,kaiser-g16,overlap-reference,32,9.096,9.5,14.9,48.8,1088192,0,true,500,80,candidate only; not complete A1+B1/plugin callback
44100,fir129-p18000-s21609,kaiser-g16,overlap-reference,64,17.9974,19.2,30.6,34.7,1088192,0,true,500,80,candidate only; not complete A1+B1/plugin callback
44100,fir129-p18000-s21609,kaiser-g16,overlap-reference,128,36.2978,40.9,55.1,72.2,1088192,0,true,500,80,candidate only; not complete A1+B1/plugin callback
44100,fir129-p18000-s21609,kaiser-g16,overlap-reference,256,72.2622,81,106,138.6,1088192,0,true,500,80,candidate only; not complete A1+B1/plugin callback
44100,fir129-p18000-s21609,kaiser-g16,overlap-reference,257,72.9166,87.2,107.5,159.5,1088192,0,true,500,80,candidate only; not complete A1+B1/plugin callback
44100,fir129-p18000-s21609,kaiser-g16,overlap-reference,512,144.811,162.8,174.3,258.6,1088192,0,true,500,80,candidate only; not complete A1+B1/plugin callback
44100,fir129-p18000-s21609,kaiser-g16,overlap-reference,1024,290.011,321.5,345.6,399.8,1088192,0,true,500,80,candidate only; not complete A1+B1/plugin callback
44100,fir129-p18000-s21609,kaiser-g16,sustained-edge,32,8.68,8.8,8.8,8.8,1088192,0,true,5,80,candidate only; not complete A1+B1/plugin callback
44100,fir129-p18000-s21609,kaiser-g16,sustained-edge,64,17.32,17.4,17.4,17.4,1088192,0,true,5,80,candidate only; not complete A1+B1/plugin callback
44100,fir129-p18000-s21609,kaiser-g16,sustained-edge,128,34.62,34.7,34.7,34.7,1088192,0,true,5,80,candidate only; not complete A1+B1/plugin callback
44100,fir129-p18000-s21609,kaiser-g16,sustained-edge,256,72.62,86.5,86.5,86.5,1088192,0,true,5,80,candidate only; not complete A1+B1/plugin callback
44100,fir129-p18000-s21609,kaiser-g16,sustained-edge,257,69.52,69.8,69.8,69.8,1088192,0,true,5,80,candidate only; not complete A1+B1/plugin callback
44100,fir129-p18000-s21609,kaiser-g16,sustained-edge,512,141.12,149.9,149.9,149.9,1088192,0,true,5,80,candidate only; not complete A1+B1/plugin callback
44100,fir129-p18000-s21609,kaiser-g16,sustained-edge,1024,289.56,311.9,311.9,311.9,1088192,0,true,5,80,candidate only; not complete A1+B1/plugin callback
48000,iir-p16000-s18000,kaiser-g8,reference,32,5.32,5.4,5.4,5.4,563864,0,true,5,8,candidate only; not complete A1+B1/plugin callback
48000,iir-p16000-s18000,kaiser-g8,reference,64,7.96,8,8,8,563864,0,true,5,8,candidate only; not complete A1+B1/plugin callback
48000,iir-p16000-s18000,kaiser-g8,reference,128,15.98,16.1,16.1,16.1,563864,0,true,5,8,candidate only; not complete A1+B1/plugin callback
48000,iir-p16000-s18000,kaiser-g8,reference,256,42.7,43.2,43.2,43.2,563864,0,true,5,8,candidate only; not complete A1+B1/plugin callback
48000,iir-p16000-s18000,kaiser-g8,reference,257,43.48,43.6,43.6,43.6,563864,0,true,5,8,candidate only; not complete A1+B1/plugin callback
48000,iir-p16000-s18000,kaiser-g8,reference,512,71.66,87.1,87.1,87.1,563864,0,true,5,8,candidate only; not complete A1+B1/plugin callback
48000,iir-p16000-s18000,kaiser-g8,reference,1024,149.66,173.6,173.6,173.6,563864,0,true,5,8,candidate only; not complete A1+B1/plugin callback
48000,iir-p16000-s18000,kaiser-g8,edge,32,4.66,4.7,4.7,4.7,563864,0,true,5,8,candidate only; not complete A1+B1/plugin callback
48000,iir-p16000-s18000,kaiser-g8,edge,64,9.24,9.3,9.3,9.3,563864,0,true,5,8,candidate only; not complete A1+B1/plugin callback
48000,iir-p16000-s18000,kaiser-g8,edge,128,19.4,19.5,19.5,19.5,563864,0,true,5,8,candidate only; not complete A1+B1/plugin callback
48000,iir-p16000-s18000,kaiser-g8,edge,256,39.7,50.5,50.5,50.5,563864,0,true,5,8,candidate only; not complete A1+B1/plugin callback
48000,iir-p16000-s18000,kaiser-g8,edge,257,37.7,38.2,38.2,38.2,563864,0,true,5,8,candidate only; not complete A1+B1/plugin callback
48000,iir-p16000-s18000,kaiser-g8,edge,512,76.28,82.2,82.2,82.2,563864,0,true,5,8,candidate only; not complete A1+B1/plugin callback
48000,iir-p16000-s18000,kaiser-g8,edge,1024,135.84,163.5,163.5,163.5,563864,0,true,5,8,candidate only; not complete A1+B1/plugin callback
48000,iir-p16000-s18000,kaiser-g8,overlap-reference,32,3.4334,4.1,5,33.7,563864,0,true,500,8,candidate only; not complete A1+B1/plugin callback
48000,iir-p16000-s18000,kaiser-g8,overlap-reference,64,7.6878,10.6,10.7,34.9,563864,0,true,500,8,candidate only; not complete A1+B1/plugin callback
48000,iir-p16000-s18000,kaiser-g8,overlap-reference,128,14.3804,21.1,21.3,46.4,563864,0,true,500,8,candidate only; not complete A1+B1/plugin callback
48000,iir-p16000-s18000,kaiser-g8,overlap-reference,256,30.0128,42.7,52.7,67.8,563864,0,true,500,8,candidate only; not complete A1+B1/plugin callback
48000,iir-p16000-s18000,kaiser-g8,overlap-reference,257,30.254,42.6,57.9,93.4,563864,0,true,500,8,candidate only; not complete A1+B1/plugin callback
48000,iir-p16000-s18000,kaiser-g8,overlap-reference,512,58.9176,84.6,93.2,113.8,563864,0,true,500,8,candidate only; not complete A1+B1/plugin callback
48000,iir-p16000-s18000,kaiser-g8,overlap-reference,1024,118.784,168.8,191.9,215.1,563864,0,true,500,8,candidate only; not complete A1+B1/plugin callback
48000,iir-p16000-s18000,kaiser-g8,sustained-edge,32,3.36,3.6,3.6,3.6,563864,0,true,5,8,candidate only; not complete A1+B1/plugin callback
48000,iir-p16000-s18000,kaiser-g8,sustained-edge,64,6.48,6.6,6.6,6.6,563864,0,true,5,8,candidate only; not complete A1+B1/plugin callback
48000,iir-p16000-s18000,kaiser-g8,sustained-edge,128,13.22,14.4,14.4,14.4,563864,0,true,5,8,candidate only; not complete A1+B1/plugin callback
48000,iir-p16000-s18000,kaiser-g8,sustained-edge,256,26.2,27.4,27.4,27.4,563864,0,true,5,8,candidate only; not complete A1+B1/plugin callback
48000,iir-p16000-s18000,kaiser-g8,sustained-edge,257,26.36,27.6,27.6,27.6,563864,0,true,5,8,candidate only; not complete A1+B1/plugin callback
48000,iir-p16000-s18000,kaiser-g8,sustained-edge,512,59.74,90.2,90.2,90.2,563864,0,true,5,8,candidate only; not complete A1+B1/plugin callback
48000,iir-p16000-s18000,kaiser-g8,sustained-edge,1024,104.98,107.4,107.4,107.4,563864,0,true,5,8,candidate only; not complete A1+B1/plugin callback
48000,fir129-p16000-s18000,kaiser-g8,reference,32,7.38,7.4,7.4,7.4,563776,0,true,5,72,candidate only; not complete A1+B1/plugin callback
48000,fir129-p16000-s18000,kaiser-g8,reference,64,14.82,14.9,14.9,14.9,563776,0,true,5,72,candidate only; not complete A1+B1/plugin callback
48000,fir129-p16000-s18000,kaiser-g8,reference,128,29.66,29.7,29.7,29.7,563776,0,true,5,72,candidate only; not complete A1+B1/plugin callback
48000,fir129-p16000-s18000,kaiser-g8,reference,256,59.4,60.1,60.1,60.1,563776,0,true,5,72,candidate only; not complete A1+B1/plugin callback
48000,fir129-p16000-s18000,kaiser-g8,reference,257,59.52,59.6,59.6,59.6,563776,0,true,5,72,candidate only; not complete A1+B1/plugin callback
48000,fir129-p16000-s18000,kaiser-g8,reference,512,118.98,121,121,121,563776,0,true,5,72,candidate only; not complete A1+B1/plugin callback
48000,fir129-p16000-s18000,kaiser-g8,reference,1024,242.82,264.7,264.7,264.7,563776,0,true,5,72,candidate only; not complete A1+B1/plugin callback
48000,fir129-p16000-s18000,kaiser-g8,edge,32,7.4,7.5,7.5,7.5,563776,0,true,5,72,candidate only; not complete A1+B1/plugin callback
48000,fir129-p16000-s18000,kaiser-g8,edge,64,14.78,14.8,14.8,14.8,563776,0,true,5,72,candidate only; not complete A1+B1/plugin callback
48000,fir129-p16000-s18000,kaiser-g8,edge,128,29.64,29.7,29.7,29.7,563776,0,true,5,72,candidate only; not complete A1+B1/plugin callback
48000,fir129-p16000-s18000,kaiser-g8,edge,256,59.24,59.4,59.4,59.4,563776,0,true,5,72,candidate only; not complete A1+B1/plugin callback
48000,fir129-p16000-s18000,kaiser-g8,edge,257,59.5,59.7,59.7,59.7,563776,0,true,5,72,candidate only; not complete A1+B1/plugin callback
48000,fir129-p16000-s18000,kaiser-g8,edge,512,118.52,118.7,118.7,118.7,563776,0,true,5,72,candidate only; not complete A1+B1/plugin callback
48000,fir129-p16000-s18000,kaiser-g8,edge,1024,243.22,265.1,265.1,265.1,563776,0,true,5,72,candidate only; not complete A1+B1/plugin callback
48000,fir129-p16000-s18000,kaiser-g8,overlap-reference,32,7.55,7.5,7.7,37.5,563776,0,true,500,72,candidate only; not complete A1+B1/plugin callback
48000,fir129-p16000-s18000,kaiser-g8,overlap-reference,64,15.0336,15,15.6,49.8,563776,0,true,500,72,candidate only; not complete A1+B1/plugin callback
48000,fir129-p16000-s18000,kaiser-g8,overlap-reference,128,30.1458,29.9,58,65.4,563776,0,true,500,72,candidate only; not complete A1+B1/plugin callback
48000,fir129-p16000-s18000,kaiser-g8,overlap-reference,256,60.5268,71.6,88.7,135.8,563776,0,true,500,72,candidate only; not complete A1+B1/plugin callback
48000,fir129-p16000-s18000,kaiser-g8,overlap-reference,257,60.426,60.2,88,103.2,563776,0,true,500,72,candidate only; not complete A1+B1/plugin callback
48000,fir129-p16000-s18000,kaiser-g8,overlap-reference,512,120.411,134.3,147.7,160.3,563776,0,true,500,72,candidate only; not complete A1+B1/plugin callback
48000,fir129-p16000-s18000,kaiser-g8,overlap-reference,1024,240.79,264.2,276.2,295.8,563776,0,true,500,72,candidate only; not complete A1+B1/plugin callback
48000,fir129-p16000-s18000,kaiser-g8,sustained-edge,32,7.42,7.5,7.5,7.5,563776,0,true,5,72,candidate only; not complete A1+B1/plugin callback
48000,fir129-p16000-s18000,kaiser-g8,sustained-edge,64,17.7,29.1,29.1,29.1,563776,0,true,5,72,candidate only; not complete A1+B1/plugin callback
48000,fir129-p16000-s18000,kaiser-g8,sustained-edge,128,29.66,29.7,29.7,29.7,563776,0,true,5,72,candidate only; not complete A1+B1/plugin callback
48000,fir129-p16000-s18000,kaiser-g8,sustained-edge,256,59.42,60,60,60,563776,0,true,5,72,candidate only; not complete A1+B1/plugin callback
48000,fir129-p16000-s18000,kaiser-g8,sustained-edge,257,59.5,59.6,59.6,59.6,563776,0,true,5,72,candidate only; not complete A1+B1/plugin callback
48000,fir129-p16000-s18000,kaiser-g8,sustained-edge,512,118.62,119.2,119.2,119.2,563776,0,true,5,72,candidate only; not complete A1+B1/plugin callback
48000,fir129-p16000-s18000,kaiser-g8,sustained-edge,1024,237.4,237.9,237.9,237.9,563776,0,true,5,72,candidate only; not complete A1+B1/plugin callback
48000,iir-p16000-s19000,kaiser-g8,reference,32,4.84,4.9,4.9,4.9,563464,0,true,5,8,candidate only; not complete A1+B1/plugin callback
48000,iir-p16000-s19000,kaiser-g8,reference,64,10.6,10.8,10.8,10.8,563464,0,true,5,8,candidate only; not complete A1+B1/plugin callback
48000,iir-p16000-s19000,kaiser-g8,reference,128,19.1,19.5,19.5,19.5,563464,0,true,5,8,candidate only; not complete A1+B1/plugin callback
48000,iir-p16000-s19000,kaiser-g8,reference,256,38.92,39.1,39.1,39.1,563464,0,true,5,8,candidate only; not complete A1+B1/plugin callback
48000,iir-p16000-s19000,kaiser-g8,reference,257,39.18,39.5,39.5,39.5,563464,0,true,5,8,candidate only; not complete A1+B1/plugin callback
48000,iir-p16000-s19000,kaiser-g8,reference,512,78.44,80.9,80.9,80.9,563464,0,true,5,8,candidate only; not complete A1+B1/plugin callback
48000,iir-p16000-s19000,kaiser-g8,reference,1024,133.4,152.7,152.7,152.7,563464,0,true,5,8,candidate only; not complete A1+B1/plugin callback
48000,iir-p16000-s19000,kaiser-g8,edge,32,4.18,4.2,4.2,4.2,563464,0,true,5,8,candidate only; not complete A1+B1/plugin callback
48000,iir-p16000-s19000,kaiser-g8,edge,64,11.54,24.2,24.2,24.2,563464,0,true,5,8,candidate only; not complete A1+B1/plugin callback
48000,iir-p16000-s19000,kaiser-g8,edge,128,16.68,16.9,16.9,16.9,563464,0,true,5,8,candidate only; not complete A1+B1/plugin callback
48000,iir-p16000-s19000,kaiser-g8,edge,256,33.64,34,34,34,563464,0,true,5,8,candidate only; not complete A1+B1/plugin callback
48000,iir-p16000-s19000,kaiser-g8,edge,257,33.58,33.8,33.8,33.8,563464,0,true,5,8,candidate only; not complete A1+B1/plugin callback
48000,iir-p16000-s19000,kaiser-g8,edge,512,66.38,66.7,66.7,66.7,563464,0,true,5,8,candidate only; not complete A1+B1/plugin callback
48000,iir-p16000-s19000,kaiser-g8,edge,1024,118.1,133.5,133.5,133.5,563464,0,true,5,8,candidate only; not complete A1+B1/plugin callback
48000,iir-p16000-s19000,kaiser-g8,overlap-reference,32,2.9604,3.6,4.8,7.1,563464,0,true,500,8,candidate only; not complete A1+B1/plugin callback
48000,iir-p16000-s19000,kaiser-g8,overlap-reference,64,6.7674,9.2,11.5,21.6,563464,0,true,500,8,candidate only; not complete A1+B1/plugin callback
48000,iir-p16000-s19000,kaiser-g8,overlap-reference,128,12.66,17.8,24.7,30.4,563464,0,true,500,8,candidate only; not complete A1+B1/plugin callback
48000,iir-p16000-s19000,kaiser-g8,overlap-reference,256,26.207,36.1,45.1,61.5,563464,0,true,500,8,candidate only; not complete A1+B1/plugin callback
48000,iir-p16000-s19000,kaiser-g8,overlap-reference,257,26.2082,36.2,48.4,60.6,563464,0,true,500,8,candidate only; not complete A1+B1/plugin callback
48000,iir-p16000-s19000,kaiser-g8,overlap-reference,512,51.3458,71.5,87.4,101.7,563464,0,true,500,8,candidate only; not complete A1+B1/plugin callback
48000,iir-p16000-s19000,kaiser-g8,overlap-reference,1024,104.408,144,173.1,412.4,563464,0,true,500,8,candidate only; not complete A1+B1/plugin callback
48000,iir-p16000-s19000,kaiser-g8,sustained-edge,32,2.96,3.2,3.2,3.2,563464,0,true,5,8,candidate only; not complete A1+B1/plugin callback
48000,iir-p16000-s19000,kaiser-g8,sustained-edge,64,5.82,6,6,6,563464,0,true,5,8,candidate only; not complete A1+B1/plugin callback
48000,iir-p16000-s19000,kaiser-g8,sustained-edge,128,11.58,12.1,12.1,12.1,563464,0,true,5,8,candidate only; not complete A1+B1/plugin callback
48000,iir-p16000-s19000,kaiser-g8,sustained-edge,256,28.62,50.7,50.7,50.7,563464,0,true,5,8,candidate only; not complete A1+B1/plugin callback
48000,iir-p16000-s19000,kaiser-g8,sustained-edge,257,23.18,23.7,23.7,23.7,563464,0,true,5,8,candidate only; not complete A1+B1/plugin callback
48000,iir-p16000-s19000,kaiser-g8,sustained-edge,512,45.86,46.3,46.3,46.3,563464,0,true,5,8,candidate only; not complete A1+B1/plugin callback
48000,iir-p16000-s19000,kaiser-g8,sustained-edge,1024,91.88,92.6,92.6,92.6,563464,0,true,5,8,candidate only; not complete A1+B1/plugin callback
48000,fir129-p16000-s19000,kaiser-g8,reference,32,7.44,7.5,7.5,7.5,563776,0,true,5,72,candidate only; not complete A1+B1/plugin callback
48000,fir129-p16000-s19000,kaiser-g8,reference,64,14.8,14.9,14.9,14.9,563776,0,true,5,72,candidate only; not complete A1+B1/plugin callback
48000,fir129-p16000-s19000,kaiser-g8,reference,128,29.58,29.6,29.6,29.6,563776,0,true,5,72,candidate only; not complete A1+B1/plugin callback
48000,fir129-p16000-s19000,kaiser-g8,reference,256,59.16,59.2,59.2,59.2,563776,0,true,5,72,candidate only; not complete A1+B1/plugin callback
48000,fir129-p16000-s19000,kaiser-g8,reference,257,65.86,91.7,91.7,91.7,563776,0,true,5,72,candidate only; not complete A1+B1/plugin callback
48000,fir129-p16000-s19000,kaiser-g8,reference,512,122.1,133,133,133,563776,0,true,5,72,candidate only; not complete A1+B1/plugin callback
48000,fir129-p16000-s19000,kaiser-g8,reference,1024,240.5,254.1,254.1,254.1,563776,0,true,5,72,candidate only; not complete A1+B1/plugin callback
48000,fir129-p16000-s19000,kaiser-g8,edge,32,7.42,7.5,7.5,7.5,563776,0,true,5,72,candidate only; not complete A1+B1/plugin callback
48000,fir129-p16000-s19000,kaiser-g8,edge,64,14.82,14.9,14.9,14.9,563776,0,true,5,72,candidate only; not complete A1+B1/plugin callback
48000,fir129-p16000-s19000,kaiser-g8,edge,128,29.54,29.6,29.6,29.6,563776,0,true,5,72,candidate only; not complete A1+B1/plugin callback
48000,fir129-p16000-s19000,kaiser-g8,edge,256,59.04,59.1,59.1,59.1,563776,0,true,5,72,candidate only; not complete A1+B1/plugin callback
48000,fir129-p16000-s19000,kaiser-g8,edge,257,59.36,59.4,59.4,59.4,563776,0,true,5,72,candidate only; not complete A1+B1/plugin callback
48000,fir129-p16000-s19000,kaiser-g8,edge,512,118.44,118.9,118.9,118.9,563776,0,true,5,72,candidate only; not complete A1+B1/plugin callback
48000,fir129-p16000-s19000,kaiser-g8,edge,1024,239.84,251.8,251.8,251.8,563776,0,true,5,72,candidate only; not complete A1+B1/plugin callback
48000,fir129-p16000-s19000,kaiser-g8,overlap-reference,32,7.5544,7.5,13.2,22,563776,0,true,500,72,candidate only; not complete A1+B1/plugin callback
48000,fir129-p16000-s19000,kaiser-g8,overlap-reference,64,15.3294,15,27.2,145.9,563776,0,true,500,72,candidate only; not complete A1+B1/plugin callback
48000,fir129-p16000-s19000,kaiser-g8,overlap-reference,128,30.2202,30.4,45.5,71.7,563776,0,true,500,72,candidate only; not complete A1+B1/plugin callback
48000,fir129-p16000-s19000,kaiser-g8,overlap-reference,256,60.4222,73.5,81,90.2,563776,0,true,500,72,candidate only; not complete A1+B1/plugin callback
48000,fir129-p16000-s19000,kaiser-g8,overlap-reference,257,60.4308,73.3,75.1,86.8,563776,0,true,500,72,candidate only; not complete A1+B1/plugin callback
48000,fir129-p16000-s19000,kaiser-g8,overlap-reference,512,121.06,145.2,154.3,213.4,563776,0,true,500,72,candidate only; not complete A1+B1/plugin callback
48000,fir129-p16000-s19000,kaiser-g8,overlap-reference,1024,240.904,265.3,273.5,288.6,563776,0,true,500,72,candidate only; not complete A1+B1/plugin callback
48000,fir129-p16000-s19000,kaiser-g8,sustained-edge,32,7.42,7.5,7.5,7.5,563776,0,true,5,72,candidate only; not complete A1+B1/plugin callback
48000,fir129-p16000-s19000,kaiser-g8,sustained-edge,64,14.82,14.9,14.9,14.9,563776,0,true,5,72,candidate only; not complete A1+B1/plugin callback
48000,fir129-p16000-s19000,kaiser-g8,sustained-edge,128,29.72,29.9,29.9,29.9,563776,0,true,5,72,candidate only; not complete A1+B1/plugin callback
48000,fir129-p16000-s19000,kaiser-g8,sustained-edge,256,59.6,60.1,60.1,60.1,563776,0,true,5,72,candidate only; not complete A1+B1/plugin callback
48000,fir129-p16000-s19000,kaiser-g8,sustained-edge,257,59.76,60.4,60.4,60.4,563776,0,true,5,72,candidate only; not complete A1+B1/plugin callback
48000,fir129-p16000-s19000,kaiser-g8,sustained-edge,512,118.34,118.7,118.7,118.7,563776,0,true,5,72,candidate only; not complete A1+B1/plugin callback
48000,fir129-p16000-s19000,kaiser-g8,sustained-edge,1024,242.72,255.9,255.9,255.9,563776,0,true,5,72,candidate only; not complete A1+B1/plugin callback
48000,iir-p16000-s20000,kaiser-g8,reference,32,3.92,4,4,4,563224,0,true,5,8,candidate only; not complete A1+B1/plugin callback
48000,iir-p16000-s20000,kaiser-g8,reference,64,7.8,7.8,7.8,7.8,563224,0,true,5,8,candidate only; not complete A1+B1/plugin callback
48000,iir-p16000-s20000,kaiser-g8,reference,128,15.62,15.7,15.7,15.7,563224,0,true,5,8,candidate only; not complete A1+B1/plugin callback
48000,iir-p16000-s20000,kaiser-g8,reference,256,31.3,31.4,31.4,31.4,563224,0,true,5,8,candidate only; not complete A1+B1/plugin callback
48000,iir-p16000-s20000,kaiser-g8,reference,257,31.4,31.5,31.5,31.5,563224,0,true,5,8,candidate only; not complete A1+B1/plugin callback
48000,iir-p16000-s20000,kaiser-g8,reference,512,63.24,65.5,65.5,65.5,563224,0,true,5,8,candidate only; not complete A1+B1/plugin callback
48000,iir-p16000-s20000,kaiser-g8,reference,1024,110.74,125.1,125.1,125.1,563224,0,true,5,8,candidate only; not complete A1+B1/plugin callback
48000,iir-p16000-s20000,kaiser-g8,edge,32,3.94,4,4,4,563224,0,true,5,8,candidate only; not complete A1+B1/plugin callback
48000,iir-p16000-s20000,kaiser-g8,edge,64,7.86,7.9,7.9,7.9,563224,0,true,5,8,candidate only; not complete A1+B1/plugin callback
48000,iir-p16000-s20000,kaiser-g8,edge,128,15.62,15.7,15.7,15.7,563224,0,true,5,8,candidate only; not complete A1+B1/plugin callback
48000,iir-p16000-s20000,kaiser-g8,edge,256,31.4,31.5,31.5,31.5,563224,0,true,5,8,candidate only; not complete A1+B1/plugin callback
48000,iir-p16000-s20000,kaiser-g8,edge,257,36.88,58.1,58.1,58.1,563224,0,true,5,8,candidate only; not complete A1+B1/plugin callback
48000,iir-p16000-s20000,kaiser-g8,edge,512,62.84,63,63,63,563224,0,true,5,8,candidate only; not complete A1+B1/plugin callback
48000,iir-p16000-s20000,kaiser-g8,edge,1024,110.2,126.2,126.2,126.2,563224,0,true,5,8,candidate only; not complete A1+B1/plugin callback
48000,iir-p16000-s20000,kaiser-g8,overlap-reference,32,2.6914,3.3,4.5,17,563224,0,true,500,8,candidate only; not complete A1+B1/plugin callback
48000,iir-p16000-s20000,kaiser-g8,overlap-reference,64,5.8394,8,8.1,19.8,563224,0,true,500,8,candidate only; not complete A1+B1/plugin callback
48000,iir-p16000-s20000,kaiser-g8,overlap-reference,128,11.16,15.7,17.7,24.9,563224,0,true,500,8,candidate only; not complete A1+B1/plugin callback
48000,iir-p16000-s20000,kaiser-g8,overlap-reference,256,23.0154,31.5,35.9,61.9,563224,0,true,500,8,candidate only; not complete A1+B1/plugin callback
48000,iir-p16000-s20000,kaiser-g8,overlap-reference,257,23.063,31.6,36.9,73.7,563224,0,true,500,8,candidate only; not complete A1+B1/plugin callback
48000,iir-p16000-s20000,kaiser-g8,overlap-reference,512,45.3236,62.7,68.5,87,563224,0,true,500,8,candidate only; not complete A1+B1/plugin callback
48000,iir-p16000-s20000,kaiser-g8,overlap-reference,1024,100.284,150.5,211.6,256.6,563224,0,true,500,8,candidate only; not complete A1+B1/plugin callback
48000,iir-p16000-s20000,kaiser-g8,sustained-edge,32,2.82,3.6,3.6,3.6,563224,0,true,5,8,candidate only; not complete A1+B1/plugin callback
48000,iir-p16000-s20000,kaiser-g8,sustained-edge,64,5.16,5.3,5.3,5.3,563224,0,true,5,8,candidate only; not complete A1+B1/plugin callback
48000,iir-p16000-s20000,kaiser-g8,sustained-edge,128,10.22,10.3,10.3,10.3,563224,0,true,5,8,candidate only; not complete A1+B1/plugin callback
48000,iir-p16000-s20000,kaiser-g8,sustained-edge,256,20.7,20.9,20.9,20.9,563224,0,true,5,8,candidate only; not complete A1+B1/plugin callback
48000,iir-p16000-s20000,kaiser-g8,sustained-edge,257,20.7,20.8,20.8,20.8,563224,0,true,5,8,candidate only; not complete A1+B1/plugin callback
48000,iir-p16000-s20000,kaiser-g8,sustained-edge,512,41.16,41.3,41.3,41.3,563224,0,true,5,8,candidate only; not complete A1+B1/plugin callback
48000,iir-p16000-s20000,kaiser-g8,sustained-edge,1024,82.74,83.5,83.5,83.5,563224,0,true,5,8,candidate only; not complete A1+B1/plugin callback
48000,fir65-p16000-s20000,kaiser-g8,reference,32,4.68,4.7,4.7,4.7,563264,0,true,5,40,candidate only; not complete A1+B1/plugin callback
48000,fir65-p16000-s20000,kaiser-g8,reference,64,9.36,9.4,9.4,9.4,563264,0,true,5,40,candidate only; not complete A1+B1/plugin callback
48000,fir65-p16000-s20000,kaiser-g8,reference,128,18.74,18.8,18.8,18.8,563264,0,true,5,40,candidate only; not complete A1+B1/plugin callback
48000,fir65-p16000-s20000,kaiser-g8,reference,256,37.62,38.1,38.1,38.1,563264,0,true,5,40,candidate only; not complete A1+B1/plugin callback
48000,fir65-p16000-s20000,kaiser-g8,reference,257,37.58,37.7,37.7,37.7,563264,0,true,5,40,candidate only; not complete A1+B1/plugin callback
48000,fir65-p16000-s20000,kaiser-g8,reference,512,75,75.5,75.5,75.5,563264,0,true,5,40,candidate only; not complete A1+B1/plugin callback
48000,fir65-p16000-s20000,kaiser-g8,reference,1024,149.78,150.1,150.1,150.1,563264,0,true,5,40,candidate only; not complete A1+B1/plugin callback
48000,fir65-p16000-s20000,kaiser-g8,edge,32,4.7,4.7,4.7,4.7,563264,0,true,5,40,candidate only; not complete A1+B1/plugin callback
48000,fir65-p16000-s20000,kaiser-g8,edge,64,9.38,9.5,9.5,9.5,563264,0,true,5,40,candidate only; not complete A1+B1/plugin callback
48000,fir65-p16000-s20000,kaiser-g8,edge,128,18.76,18.8,18.8,18.8,563264,0,true,5,40,candidate only; not complete A1+B1/plugin callback
48000,fir65-p16000-s20000,kaiser-g8,edge,256,37.4,37.5,37.5,37.5,563264,0,true,5,40,candidate only; not complete A1+B1/plugin callback
48000,fir65-p16000-s20000,kaiser-g8,edge,257,37.58,37.6,37.6,37.6,563264,0,true,5,40,candidate only; not complete A1+B1/plugin callback
48000,fir65-p16000-s20000,kaiser-g8,edge,512,75.02,75.1,75.1,75.1,563264,0,true,5,40,candidate only; not complete A1+B1/plugin callback
48000,fir65-p16000-s20000,kaiser-g8,edge,1024,149.98,150.6,150.6,150.6,563264,0,true,5,40,candidate only; not complete A1+B1/plugin callback
48000,fir65-p16000-s20000,kaiser-g8,overlap-reference,32,4.779,4.8,5.5,22.5,563264,0,true,500,40,candidate only; not complete A1+B1/plugin callback
48000,fir65-p16000-s20000,kaiser-g8,overlap-reference,64,9.525,9.6,14.6,23.4,563264,0,true,500,40,candidate only; not complete A1+B1/plugin callback
48000,fir65-p16000-s20000,kaiser-g8,overlap-reference,128,19.2752,19.2,31.6,59.2,563264,0,true,500,40,candidate only; not complete A1+B1/plugin callback
48000,fir65-p16000-s20000,kaiser-g8,overlap-reference,256,38.1388,38.2,52.5,66.5,563264,0,true,500,40,candidate only; not complete A1+B1/plugin callback
48000,fir65-p16000-s20000,kaiser-g8,overlap-reference,257,38.6208,40.1,52.4,71.6,563264,0,true,500,40,candidate only; not complete A1+B1/plugin callback
48000,fir65-p16000-s20000,kaiser-g8,overlap-reference,512,76.6088,89.4,94.7,123.5,563264,0,true,500,40,candidate only; not complete A1+B1/plugin callback
48000,fir65-p16000-s20000,kaiser-g8,overlap-reference,1024,152.644,176.7,181.3,218.3,563264,0,true,500,40,candidate only; not complete A1+B1/plugin callback
48000,fir65-p16000-s20000,kaiser-g8,sustained-edge,32,4.72,4.8,4.8,4.8,563264,0,true,5,40,candidate only; not complete A1+B1/plugin callback
48000,fir65-p16000-s20000,kaiser-g8,sustained-edge,64,9.38,9.4,9.4,9.4,563264,0,true,5,40,candidate only; not complete A1+B1/plugin callback
48000,fir65-p16000-s20000,kaiser-g8,sustained-edge,128,18.7,18.8,18.8,18.8,563264,0,true,5,40,candidate only; not complete A1+B1/plugin callback
48000,fir65-p16000-s20000,kaiser-g8,sustained-edge,256,37.4,37.4,37.4,37.4,563264,0,true,5,40,candidate only; not complete A1+B1/plugin callback
48000,fir65-p16000-s20000,kaiser-g8,sustained-edge,257,37.94,38.2,38.2,38.2,563264,0,true,5,40,candidate only; not complete A1+B1/plugin callback
48000,fir65-p16000-s20000,kaiser-g8,sustained-edge,512,75.58,75.7,75.7,75.7,563264,0,true,5,40,candidate only; not complete A1+B1/plugin callback
48000,fir65-p16000-s20000,kaiser-g8,sustained-edge,1024,151.3,151.8,151.8,151.8,563264,0,true,5,40,candidate only; not complete A1+B1/plugin callback
48000,fir129-p16000-s20000,kaiser-g8,reference,32,7.44,7.5,7.5,7.5,563776,0,true,5,72,candidate only; not complete A1+B1/plugin callback
48000,fir129-p16000-s20000,kaiser-g8,reference,64,14.8,14.9,14.9,14.9,563776,0,true,5,72,candidate only; not complete A1+B1/plugin callback
48000,fir129-p16000-s20000,kaiser-g8,reference,128,36.66,64.9,64.9,64.9,563776,0,true,5,72,candidate only; not complete A1+B1/plugin callback
48000,fir129-p16000-s20000,kaiser-g8,reference,256,59.2,59.3,59.3,59.3,563776,0,true,5,72,candidate only; not complete A1+B1/plugin callback
48000,fir129-p16000-s20000,kaiser-g8,reference,257,110.3,111,111,111,563776,0,true,5,72,candidate only; not complete A1+B1/plugin callback
48000,fir129-p16000-s20000,kaiser-g8,reference,512,174.86,345.8,345.8,345.8,563776,0,true,5,72,candidate only; not complete A1+B1/plugin callback
48000,fir129-p16000-s20000,kaiser-g8,reference,1024,236.78,237.7,237.7,237.7,563776,0,true,5,72,candidate only; not complete A1+B1/plugin callback
48000,fir129-p16000-s20000,kaiser-g8,edge,32,7.42,7.5,7.5,7.5,563776,0,true,5,72,candidate only; not complete A1+B1/plugin callback
48000,fir129-p16000-s20000,kaiser-g8,edge,64,14.86,15,15,15,563776,0,true,5,72,candidate only; not complete A1+B1/plugin callback
48000,fir129-p16000-s20000,kaiser-g8,edge,128,29.56,29.6,29.6,29.6,563776,0,true,5,72,candidate only; not complete A1+B1/plugin callback
48000,fir129-p16000-s20000,kaiser-g8,edge,256,59.12,59.2,59.2,59.2,563776,0,true,5,72,candidate only; not complete A1+B1/plugin callback
48000,fir129-p16000-s20000,kaiser-g8,edge,257,59.38,59.4,59.4,59.4,563776,0,true,5,72,candidate only; not complete A1+B1/plugin callback
48000,fir129-p16000-s20000,kaiser-g8,edge,512,124.76,134.4,134.4,134.4,563776,0,true,5,72,candidate only; not complete A1+B1/plugin callback
48000,fir129-p16000-s20000,kaiser-g8,edge,1024,237.12,237.5,237.5,237.5,563776,0,true,5,72,candidate only; not complete A1+B1/plugin callback
48000,fir129-p16000-s20000,kaiser-g8,overlap-reference,32,7.5346,7.5,8.2,25.1,563776,0,true,500,72,candidate only; not complete A1+B1/plugin callback
48000,fir129-p16000-s20000,kaiser-g8,overlap-reference,64,15.11,15,24.7,36,563776,0,true,500,72,candidate only; not complete A1+B1/plugin callback
48000,fir129-p16000-s20000,kaiser-g8,overlap-reference,128,30.1526,30.2,44.6,51,563776,0,true,500,72,candidate only; not complete A1+B1/plugin callback
48000,fir129-p16000-s20000,kaiser-g8,overlap-reference,256,60.2818,73.4,77.7,94.1,563776,0,true,500,72,candidate only; not complete A1+B1/plugin callback
48000,fir129-p16000-s20000,kaiser-g8,overlap-reference,257,60.992,73.1,76.9,350.6,563776,0,true,500,72,candidate only; not complete A1+B1/plugin callback
48000,fir129-p16000-s20000,kaiser-g8,overlap-reference,512,121.345,135.4,154.2,188.5,563776,0,true,500,72,candidate only; not complete A1+B1/plugin callback
48000,fir129-p16000-s20000,kaiser-g8,overlap-reference,1024,240.799,266,273.2,293.3,563776,0,true,500,72,candidate only; not complete A1+B1/plugin callback
48000,fir129-p16000-s20000,kaiser-g8,sustained-edge,32,7.4,7.4,7.4,7.4,563776,0,true,5,72,candidate only; not complete A1+B1/plugin callback
48000,fir129-p16000-s20000,kaiser-g8,sustained-edge,64,14.8,14.9,14.9,14.9,563776,0,true,5,72,candidate only; not complete A1+B1/plugin callback
48000,fir129-p16000-s20000,kaiser-g8,sustained-edge,128,32.56,44.2,44.2,44.2,563776,0,true,5,72,candidate only; not complete A1+B1/plugin callback
48000,fir129-p16000-s20000,kaiser-g8,sustained-edge,256,62.12,73.8,73.8,73.8,563776,0,true,5,72,candidate only; not complete A1+B1/plugin callback
48000,fir129-p16000-s20000,kaiser-g8,sustained-edge,257,59.32,59.4,59.4,59.4,563776,0,true,5,72,candidate only; not complete A1+B1/plugin callback
48000,fir129-p16000-s20000,kaiser-g8,sustained-edge,512,121.36,132.7,132.7,132.7,563776,0,true,5,72,candidate only; not complete A1+B1/plugin callback
48000,fir129-p16000-s20000,kaiser-g8,sustained-edge,1024,237.58,239.4,239.4,239.4,563776,0,true,5,72,candidate only; not complete A1+B1/plugin callback
48000,iir-p16000-s23520,kaiser-g16,reference,32,4.28,4.4,4.4,4.4,1087320,0,true,5,16,candidate only; not complete A1+B1/plugin callback
48000,iir-p16000-s23520,kaiser-g16,reference,64,10.56,10.6,10.6,10.6,1087320,0,true,5,16,candidate only; not complete A1+B1/plugin callback
48000,iir-p16000-s23520,kaiser-g16,reference,128,17.04,17.4,17.4,17.4,1087320,0,true,5,16,candidate only; not complete A1+B1/plugin callback
48000,iir-p16000-s23520,kaiser-g16,reference,256,33.84,34,34,34,1087320,0,true,5,16,candidate only; not complete A1+B1/plugin callback
48000,iir-p16000-s23520,kaiser-g16,reference,257,33.98,34.1,34.1,34.1,1087320,0,true,5,16,candidate only; not complete A1+B1/plugin callback
48000,iir-p16000-s23520,kaiser-g16,reference,512,69.18,74.3,74.3,74.3,1087320,0,true,5,16,candidate only; not complete A1+B1/plugin callback
48000,iir-p16000-s23520,kaiser-g16,reference,1024,127.74,152.6,152.6,152.6,1087320,0,true,5,16,candidate only; not complete A1+B1/plugin callback
48000,iir-p16000-s23520,kaiser-g16,edge,32,4.3,4.3,4.3,4.3,1087320,0,true,5,16,candidate only; not complete A1+B1/plugin callback
48000,iir-p16000-s23520,kaiser-g16,edge,64,8.72,8.9,8.9,8.9,1087320,0,true,5,16,candidate only; not complete A1+B1/plugin callback
48000,iir-p16000-s23520,kaiser-g16,edge,128,17.08,17.2,17.2,17.2,1087320,0,true,5,16,candidate only; not complete A1+B1/plugin callback
48000,iir-p16000-s23520,kaiser-g16,edge,256,39.6,48.9,48.9,48.9,1087320,0,true,5,16,candidate only; not complete A1+B1/plugin callback
48000,iir-p16000-s23520,kaiser-g16,edge,257,34,34.2,34.2,34.2,1087320,0,true,5,16,candidate only; not complete A1+B1/plugin callback
48000,iir-p16000-s23520,kaiser-g16,edge,512,69.04,73.4,73.4,73.4,1087320,0,true,5,16,candidate only; not complete A1+B1/plugin callback
48000,iir-p16000-s23520,kaiser-g16,edge,1024,126.56,149.2,149.2,149.2,1087320,0,true,5,16,candidate only; not complete A1+B1/plugin callback
48000,iir-p16000-s23520,kaiser-g16,overlap-reference,32,3.7566,4.3,5.7,18.8,1087320,0,true,500,16,candidate only; not complete A1+B1/plugin callback
48000,iir-p16000-s23520,kaiser-g16,overlap-reference,64,9.4348,16.9,19.5,29.7,1087320,0,true,500,16,candidate only; not complete A1+B1/plugin callback
48000,iir-p16000-s23520,kaiser-g16,overlap-reference,128,17.1634,33.5,34.5,49.4,1087320,0,true,500,16,candidate only; not complete A1+B1/plugin callback
48000,iir-p16000-s23520,kaiser-g16,overlap-reference,256,36.1638,67.1,68.2,98.8,1087320,0,true,500,16,candidate only; not complete A1+B1/plugin callback
48000,iir-p16000-s23520,kaiser-g16,overlap-reference,257,35.9938,67.5,68.4,96.6,1087320,0,true,500,16,candidate only; not complete A1+B1/plugin callback
48000,iir-p16000-s23520,kaiser-g16,overlap-reference,512,70.1708,134.5,142.1,148.6,1087320,0,true,500,16,candidate only; not complete A1+B1/plugin callback
48000,iir-p16000-s23520,kaiser-g16,overlap-reference,1024,133.66,263.8,280.2,338.7,1087320,0,true,500,16,candidate only; not complete A1+B1/plugin callback
48000,iir-p16000-s23520,kaiser-g16,sustained-edge,32,3.7,4.2,4.2,4.2,1087320,0,true,5,16,candidate only; not complete A1+B1/plugin callback
48000,iir-p16000-s23520,kaiser-g16,sustained-edge,64,6.94,7,7,7,1087320,0,true,5,16,candidate only; not complete A1+B1/plugin callback
48000,iir-p16000-s23520,kaiser-g16,sustained-edge,128,13.98,14.2,14.2,14.2,1087320,0,true,5,16,candidate only; not complete A1+B1/plugin callback
48000,iir-p16000-s23520,kaiser-g16,sustained-edge,256,27.78,28.3,28.3,28.3,1087320,0,true,5,16,candidate only; not complete A1+B1/plugin callback
48000,iir-p16000-s23520,kaiser-g16,sustained-edge,257,27.82,28.1,28.1,28.1,1087320,0,true,5,16,candidate only; not complete A1+B1/plugin callback
48000,iir-p16000-s23520,kaiser-g16,sustained-edge,512,56.32,59.4,59.4,59.4,1087320,0,true,5,16,candidate only; not complete A1+B1/plugin callback
48000,iir-p16000-s23520,kaiser-g16,sustained-edge,1024,116.52,133.8,133.8,133.8,1087320,0,true,5,16,candidate only; not complete A1+B1/plugin callback
48000,fir65-p16000-s23520,kaiser-g16,reference,32,11.1,11.2,11.2,11.2,1087680,0,true,5,48,candidate only; not complete A1+B1/plugin callback
48000,fir65-p16000-s23520,kaiser-g16,reference,64,11.88,11.9,11.9,11.9,1087680,0,true,5,48,candidate only; not complete A1+B1/plugin callback
48000,fir65-p16000-s23520,kaiser-g16,reference,128,23.76,23.8,23.8,23.8,1087680,0,true,5,48,candidate only; not complete A1+B1/plugin callback
48000,fir65-p16000-s23520,kaiser-g16,reference,256,53.62,76.1,76.1,76.1,1087680,0,true,5,48,candidate only; not complete A1+B1/plugin callback
48000,fir65-p16000-s23520,kaiser-g16,reference,257,53.74,76.2,76.2,76.2,1087680,0,true,5,48,candidate only; not complete A1+B1/plugin callback
48000,fir65-p16000-s23520,kaiser-g16,reference,512,113.86,184.5,184.5,184.5,1087680,0,true,5,48,candidate only; not complete A1+B1/plugin callback
48000,fir65-p16000-s23520,kaiser-g16,reference,1024,197.5,212,212,212,1087680,0,true,5,48,candidate only; not complete A1+B1/plugin callback
48000,fir65-p16000-s23520,kaiser-g16,edge,32,5.96,6,6,6,1087680,0,true,5,48,candidate only; not complete A1+B1/plugin callback
48000,fir65-p16000-s23520,kaiser-g16,edge,64,11.86,11.9,11.9,11.9,1087680,0,true,5,48,candidate only; not complete A1+B1/plugin callback
48000,fir65-p16000-s23520,kaiser-g16,edge,128,23.78,23.9,23.9,23.9,1087680,0,true,5,48,candidate only; not complete A1+B1/plugin callback
48000,fir65-p16000-s23520,kaiser-g16,edge,256,47.48,47.6,47.6,47.6,1087680,0,true,5,48,candidate only; not complete A1+B1/plugin callback
48000,fir65-p16000-s23520,kaiser-g16,edge,257,47.68,47.9,47.9,47.9,1087680,0,true,5,48,candidate only; not complete A1+B1/plugin callback
48000,fir65-p16000-s23520,kaiser-g16,edge,512,96.04,98.6,98.6,98.6,1087680,0,true,5,48,candidate only; not complete A1+B1/plugin callback
48000,fir65-p16000-s23520,kaiser-g16,edge,1024,200.46,220,220,220,1087680,0,true,5,48,candidate only; not complete A1+B1/plugin callback
48000,fir65-p16000-s23520,kaiser-g16,overlap-reference,32,6.1974,6.7,7,33.7,1087680,0,true,500,48,candidate only; not complete A1+B1/plugin callback
48000,fir65-p16000-s23520,kaiser-g16,overlap-reference,64,12.5358,13.7,16.2,43.8,1087680,0,true,500,48,candidate only; not complete A1+B1/plugin callback
48000,fir65-p16000-s23520,kaiser-g16,overlap-reference,128,24.9488,27,39,46.7,1087680,0,true,500,48,candidate only; not complete A1+B1/plugin callback
48000,fir65-p16000-s23520,kaiser-g16,overlap-reference,256,49.839,57.9,67,83.7,1087680,0,true,500,48,candidate only; not complete A1+B1/plugin callback
48000,fir65-p16000-s23520,kaiser-g16,overlap-reference,257,50.275,57.9,68.7,80.4,1087680,0,true,500,48,candidate only; not complete A1+B1/plugin callback
48000,fir65-p16000-s23520,kaiser-g16,overlap-reference,512,100.119,114.2,134.4,147.5,1087680,0,true,500,48,candidate only; not complete A1+B1/plugin callback
48000,fir65-p16000-s23520,kaiser-g16,overlap-reference,1024,200.731,227.1,249.6,383.4,1087680,0,true,500,48,candidate only; not complete A1+B1/plugin callback
48000,fir65-p16000-s23520,kaiser-g16,sustained-edge,32,6,6,6,6,1087680,0,true,5,48,candidate only; not complete A1+B1/plugin callback
48000,fir65-p16000-s23520,kaiser-g16,sustained-edge,64,11.92,12,12,12,1087680,0,true,5,48,candidate only; not complete A1+B1/plugin callback
48000,fir65-p16000-s23520,kaiser-g16,sustained-edge,128,23.8,24.1,24.1,24.1,1087680,0,true,5,48,candidate only; not complete A1+B1/plugin callback
48000,fir65-p16000-s23520,kaiser-g16,sustained-edge,256,87.96,88.3,88.3,88.3,1087680,0,true,5,48,candidate only; not complete A1+B1/plugin callback
48000,fir65-p16000-s23520,kaiser-g16,sustained-edge,257,47.82,48.4,48.4,48.4,1087680,0,true,5,48,candidate only; not complete A1+B1/plugin callback
48000,fir65-p16000-s23520,kaiser-g16,sustained-edge,512,96.2,99.4,99.4,99.4,1087680,0,true,5,48,candidate only; not complete A1+B1/plugin callback
48000,fir65-p16000-s23520,kaiser-g16,sustained-edge,1024,204.22,234.9,234.9,234.9,1087680,0,true,5,48,candidate only; not complete A1+B1/plugin callback
48000,fir129-p16000-s23520,kaiser-g16,reference,32,9.54,12.8,12.8,12.8,1088192,0,true,5,80,candidate only; not complete A1+B1/plugin callback
48000,fir129-p16000-s23520,kaiser-g16,reference,64,17.3,17.3,17.3,17.3,1088192,0,true,5,80,candidate only; not complete A1+B1/plugin callback
48000,fir129-p16000-s23520,kaiser-g16,reference,128,34.74,35,35,35,1088192,0,true,5,80,candidate only; not complete A1+B1/plugin callback
48000,fir129-p16000-s23520,kaiser-g16,reference,256,69.5,69.8,69.8,69.8,1088192,0,true,5,80,candidate only; not complete A1+B1/plugin callback
48000,fir129-p16000-s23520,kaiser-g16,reference,257,69.44,69.8,69.8,69.8,1088192,0,true,5,80,candidate only; not complete A1+B1/plugin callback
48000,fir129-p16000-s23520,kaiser-g16,reference,512,140.44,144.2,144.2,144.2,1088192,0,true,5,80,candidate only; not complete A1+B1/plugin callback
48000,fir129-p16000-s23520,kaiser-g16,reference,1024,286.36,304.2,304.2,304.2,1088192,0,true,5,80,candidate only; not complete A1+B1/plugin callback
48000,fir129-p16000-s23520,kaiser-g16,edge,32,8.72,8.8,8.8,8.8,1088192,0,true,5,80,candidate only; not complete A1+B1/plugin callback
48000,fir129-p16000-s23520,kaiser-g16,edge,64,19.66,29,29,29,1088192,0,true,5,80,candidate only; not complete A1+B1/plugin callback
48000,fir129-p16000-s23520,kaiser-g16,edge,128,40.78,65.4,65.4,65.4,1088192,0,true,5,80,candidate only; not complete A1+B1/plugin callback
48000,fir129-p16000-s23520,kaiser-g16,edge,256,69.22,69.4,69.4,69.4,1088192,0,true,5,80,candidate only; not complete A1+B1/plugin callback
48000,fir129-p16000-s23520,kaiser-g16,edge,257,73.62,83.8,83.8,83.8,1088192,0,true,5,80,candidate only; not complete A1+B1/plugin callback
48000,fir129-p16000-s23520,kaiser-g16,edge,512,139.58,142.8,142.8,142.8,1088192,0,true,5,80,candidate only; not complete A1+B1/plugin callback
48000,fir129-p16000-s23520,kaiser-g16,edge,1024,287.82,311.8,311.8,311.8,1088192,0,true,5,80,candidate only; not complete A1+B1/plugin callback
48000,fir129-p16000-s23520,kaiser-g16,overlap-reference,32,8.9922,9.5,9.6,32.9,1088192,0,true,500,80,candidate only; not complete A1+B1/plugin callback
48000,fir129-p16000-s23520,kaiser-g16,overlap-reference,64,17.9136,18.9,20.3,47,1088192,0,true,500,80,candidate only; not complete A1+B1/plugin callback
48000,fir129-p16000-s23520,kaiser-g16,overlap-reference,128,35.9718,38.1,51.9,62.1,1088192,0,true,500,80,candidate only; not complete A1+B1/plugin callback
48000,fir129-p16000-s23520,kaiser-g16,overlap-reference,256,71.7958,84.1,88.5,93.8,1088192,0,true,500,80,candidate only; not complete A1+B1/plugin callback
48000,fir129-p16000-s23520,kaiser-g16,overlap-reference,257,72.2782,84.6,92.8,112.6,1088192,0,true,500,80,candidate only; not complete A1+B1/plugin callback
48000,fir129-p16000-s23520,kaiser-g16,overlap-reference,512,149.634,177.3,271.1,285.9,1088192,0,true,500,80,candidate only; not complete A1+B1/plugin callback
48000,fir129-p16000-s23520,kaiser-g16,overlap-reference,1024,287.279,315.4,325.9,341.9,1088192,0,true,500,80,candidate only; not complete A1+B1/plugin callback
48000,fir129-p16000-s23520,kaiser-g16,sustained-edge,32,8.7,8.7,8.7,8.7,1088192,0,true,5,80,candidate only; not complete A1+B1/plugin callback
48000,fir129-p16000-s23520,kaiser-g16,sustained-edge,64,17.5,17.6,17.6,17.6,1088192,0,true,5,80,candidate only; not complete A1+B1/plugin callback
48000,fir129-p16000-s23520,kaiser-g16,sustained-edge,128,34.94,35.1,35.1,35.1,1088192,0,true,5,80,candidate only; not complete A1+B1/plugin callback
48000,fir129-p16000-s23520,kaiser-g16,sustained-edge,256,69.16,69.4,69.4,69.4,1088192,0,true,5,80,candidate only; not complete A1+B1/plugin callback
48000,fir129-p16000-s23520,kaiser-g16,sustained-edge,257,70.16,72.1,72.1,72.1,1088192,0,true,5,80,candidate only; not complete A1+B1/plugin callback
48000,fir129-p16000-s23520,kaiser-g16,sustained-edge,512,139.48,141.9,141.9,141.9,1088192,0,true,5,80,candidate only; not complete A1+B1/plugin callback
48000,fir129-p16000-s23520,kaiser-g16,sustained-edge,1024,282.64,298.6,298.6,298.6,1088192,0,true,5,80,candidate only; not complete A1+B1/plugin callback
48000,iir-p18000-s19000,kaiser-g16,reference,32,6.1,6.1,6.1,6.1,1089000,0,true,5,16,candidate only; not complete A1+B1/plugin callback
48000,iir-p18000-s19000,kaiser-g16,reference,64,12.18,12.2,12.2,12.2,1089000,0,true,5,16,candidate only; not complete A1+B1/plugin callback
48000,iir-p18000-s19000,kaiser-g16,reference,128,24.38,24.5,24.5,24.5,1089000,0,true,5,16,candidate only; not complete A1+B1/plugin callback
48000,iir-p18000-s19000,kaiser-g16,reference,256,55.5,83,83,83,1089000,0,true,5,16,candidate only; not complete A1+B1/plugin callback
48000,iir-p18000-s19000,kaiser-g16,reference,257,54.88,64.7,64.7,64.7,1089000,0,true,5,16,candidate only; not complete A1+B1/plugin callback
48000,iir-p18000-s19000,kaiser-g16,reference,512,98.58,101.9,101.9,101.9,1089000,0,true,5,16,candidate only; not complete A1+B1/plugin callback
48000,iir-p18000-s19000,kaiser-g16,reference,1024,218.24,260.9,260.9,260.9,1089000,0,true,5,16,candidate only; not complete A1+B1/plugin callback
48000,iir-p18000-s19000,kaiser-g16,edge,32,6.8,6.8,6.8,6.8,1089000,0,true,5,16,candidate only; not complete A1+B1/plugin callback
48000,iir-p18000-s19000,kaiser-g16,edge,64,14.26,14.4,14.4,14.4,1089000,0,true,5,16,candidate only; not complete A1+B1/plugin callback
48000,iir-p18000-s19000,kaiser-g16,edge,128,27.82,28,28,28,1089000,0,true,5,16,candidate only; not complete A1+B1/plugin callback
48000,iir-p18000-s19000,kaiser-g16,edge,256,59.48,59.8,59.8,59.8,1089000,0,true,5,16,candidate only; not complete A1+B1/plugin callback
48000,iir-p18000-s19000,kaiser-g16,edge,257,67.44,82,82,82,1089000,0,true,5,16,candidate only; not complete A1+B1/plugin callback
48000,iir-p18000-s19000,kaiser-g16,edge,512,122.36,131.9,131.9,131.9,1089000,0,true,5,16,candidate only; not complete A1+B1/plugin callback
48000,iir-p18000-s19000,kaiser-g16,edge,1024,218.32,245.9,245.9,245.9,1089000,0,true,5,16,candidate only; not complete A1+B1/plugin callback
48000,iir-p18000-s19000,kaiser-g16,overlap-reference,32,5.5794,6.1,8.7,19.3,1089000,0,true,500,16,candidate only; not complete A1+B1/plugin callback
48000,iir-p18000-s19000,kaiser-g16,overlap-reference,64,13.2246,18.3,28.9,54.3,1089000,0,true,500,16,candidate only; not complete A1+B1/plugin callback
48000,iir-p18000-s19000,kaiser-g16,overlap-reference,128,37.9832,55.1,62.7,115,1089000,0,true,500,16,candidate only; not complete A1+B1/plugin callback
48000,iir-p18000-s19000,kaiser-g16,overlap-reference,256,49.8554,70.9,79.3,114,1089000,0,true,500,16,candidate only; not complete A1+B1/plugin callback
48000,iir-p18000-s19000,kaiser-g16,overlap-reference,257,48.9966,69.7,77,102.3,1089000,0,true,500,16,candidate only; not complete A1+B1/plugin callback
48000,iir-p18000-s19000,kaiser-g16,overlap-reference,512,94.8812,120.9,143.1,150.1,1089000,0,true,500,16,candidate only; not complete A1+B1/plugin callback
48000,iir-p18000-s19000,kaiser-g16,overlap-reference,1024,193.89,263.9,289.3,361.2,1089000,0,true,500,16,candidate only; not complete A1+B1/plugin callback
48000,iir-p18000-s19000,kaiser-g16,sustained-edge,32,5.44,6,6,6,1089000,0,true,5,16,candidate only; not complete A1+B1/plugin callback
48000,iir-p18000-s19000,kaiser-g16,sustained-edge,64,10.48,10.5,10.5,10.5,1089000,0,true,5,16,candidate only; not complete A1+B1/plugin callback
48000,iir-p18000-s19000,kaiser-g16,sustained-edge,128,21.16,21.5,21.5,21.5,1089000,0,true,5,16,candidate only; not complete A1+B1/plugin callback
48000,iir-p18000-s19000,kaiser-g16,sustained-edge,256,41.92,42.4,42.4,42.4,1089000,0,true,5,16,candidate only; not complete A1+B1/plugin callback
48000,iir-p18000-s19000,kaiser-g16,sustained-edge,257,42.26,42.7,42.7,42.7,1089000,0,true,5,16,candidate only; not complete A1+B1/plugin callback
48000,iir-p18000-s19000,kaiser-g16,sustained-edge,512,88.44,100.5,100.5,100.5,1089000,0,true,5,16,candidate only; not complete A1+B1/plugin callback
48000,iir-p18000-s19000,kaiser-g16,sustained-edge,1024,180.32,219,219,219,1089000,0,true,5,16,candidate only; not complete A1+B1/plugin callback
48000,iir-p18000-s20000,kaiser-g16,reference,32,5.68,5.7,5.7,5.7,1088040,0,true,5,16,candidate only; not complete A1+B1/plugin callback
48000,iir-p18000-s20000,kaiser-g16,reference,64,11.44,11.5,11.5,11.5,1088040,0,true,5,16,candidate only; not complete A1+B1/plugin callback
48000,iir-p18000-s20000,kaiser-g16,reference,128,22.96,23.2,23.2,23.2,1088040,0,true,5,16,candidate only; not complete A1+B1/plugin callback
48000,iir-p18000-s20000,kaiser-g16,reference,256,45.42,45.5,45.5,45.5,1088040,0,true,5,16,candidate only; not complete A1+B1/plugin callback
48000,iir-p18000-s20000,kaiser-g16,reference,257,45.88,46,46,46,1088040,0,true,5,16,candidate only; not complete A1+B1/plugin callback
48000,iir-p18000-s20000,kaiser-g16,reference,512,97.82,107,107,107,1088040,0,true,5,16,candidate only; not complete A1+B1/plugin callback
48000,iir-p18000-s20000,kaiser-g16,reference,1024,219.16,337.9,337.9,337.9,1088040,0,true,5,16,candidate only; not complete A1+B1/plugin callback
48000,iir-p18000-s20000,kaiser-g16,edge,32,5.7,5.7,5.7,5.7,1088040,0,true,5,16,candidate only; not complete A1+B1/plugin callback
48000,iir-p18000-s20000,kaiser-g16,edge,64,11.42,11.5,11.5,11.5,1088040,0,true,5,16,candidate only; not complete A1+B1/plugin callback
48000,iir-p18000-s20000,kaiser-g16,edge,128,22.86,23,23,23,1088040,0,true,5,16,candidate only; not complete A1+B1/plugin callback
48000,iir-p18000-s20000,kaiser-g16,edge,256,45.62,45.8,45.8,45.8,1088040,0,true,5,16,candidate only; not complete A1+B1/plugin callback
48000,iir-p18000-s20000,kaiser-g16,edge,257,45.5,45.6,45.6,45.6,1088040,0,true,5,16,candidate only; not complete A1+B1/plugin callback
48000,iir-p18000-s20000,kaiser-g16,edge,512,98.8,108,108,108,1088040,0,true,5,16,candidate only; not complete A1+B1/plugin callback
48000,iir-p18000-s20000,kaiser-g16,edge,1024,177.32,208.1,208.1,208.1,1088040,0,true,5,16,candidate only; not complete A1+B1/plugin callback
48000,iir-p18000-s20000,kaiser-g16,overlap-reference,32,4.6152,5.1,5.2,30.1,1088040,0,true,500,16,candidate only; not complete A1+B1/plugin callback
48000,iir-p18000-s20000,kaiser-g16,overlap-reference,64,10.5758,16.2,36.3,46.6,1088040,0,true,500,16,candidate only; not complete A1+B1/plugin callback
48000,iir-p18000-s20000,kaiser-g16,overlap-reference,128,18.928,23,32.2,37.3,1088040,0,true,500,16,candidate only; not complete A1+B1/plugin callback
48000,iir-p18000-s20000,kaiser-g16,overlap-reference,256,39.992,55.9,64.9,138.7,1088040,0,true,500,16,candidate only; not complete A1+B1/plugin callback
48000,iir-p18000-s20000,kaiser-g16,overlap-reference,257,40.0874,55.3,68,224.2,1088040,0,true,500,16,candidate only; not complete A1+B1/plugin callback
48000,iir-p18000-s20000,kaiser-g16,overlap-reference,512,77.4822,102.5,117.1,147,1088040,0,true,500,16,candidate only; not complete A1+B1/plugin callback
48000,iir-p18000-s20000,kaiser-g16,overlap-reference,1024,155.034,204.4,218.7,236.4,1088040,0,true,500,16,candidate only; not complete A1+B1/plugin callback
48000,iir-p18000-s20000,kaiser-g16,sustained-edge,32,9.46,29.5,29.5,29.5,1088040,0,true,5,16,candidate only; not complete A1+B1/plugin callback
48000,iir-p18000-s20000,kaiser-g16,sustained-edge,64,13.98,35.7,35.7,35.7,1088040,0,true,5,16,candidate only; not complete A1+B1/plugin callback
48000,iir-p18000-s20000,kaiser-g16,sustained-edge,128,17.06,17.2,17.2,17.2,1088040,0,true,5,16,candidate only; not complete A1+B1/plugin callback
48000,iir-p18000-s20000,kaiser-g16,sustained-edge,256,34.16,34.4,34.4,34.4,1088040,0,true,5,16,candidate only; not complete A1+B1/plugin callback
48000,iir-p18000-s20000,kaiser-g16,sustained-edge,257,34.34,34.8,34.8,34.8,1088040,0,true,5,16,candidate only; not complete A1+B1/plugin callback
48000,iir-p18000-s20000,kaiser-g16,sustained-edge,512,69.48,73,73,73,1088040,0,true,5,16,candidate only; not complete A1+B1/plugin callback
48000,iir-p18000-s20000,kaiser-g16,sustained-edge,1024,142.38,158.2,158.2,158.2,1088040,0,true,5,16,candidate only; not complete A1+B1/plugin callback
48000,fir129-p18000-s20000,kaiser-g16,reference,32,14.62,15.3,15.3,15.3,1088192,0,true,5,80,candidate only; not complete A1+B1/plugin callback
48000,fir129-p18000-s20000,kaiser-g16,reference,64,17.32,17.4,17.4,17.4,1088192,0,true,5,80,candidate only; not complete A1+B1/plugin callback
48000,fir129-p18000-s20000,kaiser-g16,reference,128,34.7,34.9,34.9,34.9,1088192,0,true,5,80,candidate only; not complete A1+B1/plugin callback
48000,fir129-p18000-s20000,kaiser-g16,reference,256,71.92,82.9,82.9,82.9,1088192,0,true,5,80,candidate only; not complete A1+B1/plugin callback
48000,fir129-p18000-s20000,kaiser-g16,reference,257,69.52,69.6,69.6,69.6,1088192,0,true,5,80,candidate only; not complete A1+B1/plugin callback
48000,fir129-p18000-s20000,kaiser-g16,reference,512,139.4,142.1,142.1,142.1,1088192,0,true,5,80,candidate only; not complete A1+B1/plugin callback
48000,fir129-p18000-s20000,kaiser-g16,reference,1024,282.02,294.4,294.4,294.4,1088192,0,true,5,80,candidate only; not complete A1+B1/plugin callback
48000,fir129-p18000-s20000,kaiser-g16,edge,32,8.72,8.8,8.8,8.8,1088192,0,true,5,80,candidate only; not complete A1+B1/plugin callback
48000,fir129-p18000-s20000,kaiser-g16,edge,64,17.36,17.5,17.5,17.5,1088192,0,true,5,80,candidate only; not complete A1+B1/plugin callback
48000,fir129-p18000-s20000,kaiser-g16,edge,128,34.62,34.7,34.7,34.7,1088192,0,true,5,80,candidate only; not complete A1+B1/plugin callback
48000,fir129-p18000-s20000,kaiser-g16,edge,256,69.42,69.7,69.7,69.7,1088192,0,true,5,80,candidate only; not complete A1+B1/plugin callback
48000,fir129-p18000-s20000,kaiser-g16,edge,257,69.66,69.9,69.9,69.9,1088192,0,true,5,80,candidate only; not complete A1+B1/plugin callback
48000,fir129-p18000-s20000,kaiser-g16,edge,512,145.68,155,155,155,1088192,0,true,5,80,candidate only; not complete A1+B1/plugin callback
48000,fir129-p18000-s20000,kaiser-g16,edge,1024,287.98,308,308,308,1088192,0,true,5,80,candidate only; not complete A1+B1/plugin callback
48000,fir129-p18000-s20000,kaiser-g16,overlap-reference,32,8.9908,9.5,14,23.1,1088192,0,true,500,80,candidate only; not complete A1+B1/plugin callback
48000,fir129-p18000-s20000,kaiser-g16,overlap-reference,64,18.0222,19,32.1,42,1088192,0,true,500,80,candidate only; not complete A1+B1/plugin callback
48000,fir129-p18000-s20000,kaiser-g16,overlap-reference,128,35.9398,38.1,52.3,62.2,1088192,0,true,500,80,candidate only; not complete A1+B1/plugin callback
48000,fir129-p18000-s20000,kaiser-g16,overlap-reference,256,71.7978,83.3,98.3,109.6,1088192,0,true,500,80,candidate only; not complete A1+B1/plugin callback
48000,fir129-p18000-s20000,kaiser-g16,overlap-reference,257,78.221,130.7,138.2,163.2,1088192,0,true,500,80,candidate only; not complete A1+B1/plugin callback
48000,fir129-p18000-s20000,kaiser-g16,overlap-reference,512,145.173,168.3,180.9,260.4,1088192,0,true,500,80,candidate only; not complete A1+B1/plugin callback
48000,fir129-p18000-s20000,kaiser-g16,overlap-reference,1024,288.106,312.1,323.5,351.6,1088192,0,true,500,80,candidate only; not complete A1+B1/plugin callback
48000,fir129-p18000-s20000,kaiser-g16,sustained-edge,32,8.68,8.7,8.7,8.7,1088192,0,true,5,80,candidate only; not complete A1+B1/plugin callback
48000,fir129-p18000-s20000,kaiser-g16,sustained-edge,64,17.3,17.4,17.4,17.4,1088192,0,true,5,80,candidate only; not complete A1+B1/plugin callback
48000,fir129-p18000-s20000,kaiser-g16,sustained-edge,128,34.68,34.8,34.8,34.8,1088192,0,true,5,80,candidate only; not complete A1+B1/plugin callback
48000,fir129-p18000-s20000,kaiser-g16,sustained-edge,256,69.1,69.4,69.4,69.4,1088192,0,true,5,80,candidate only; not complete A1+B1/plugin callback
48000,fir129-p18000-s20000,kaiser-g16,sustained-edge,257,69.5,69.7,69.7,69.7,1088192,0,true,5,80,candidate only; not complete A1+B1/plugin callback
48000,fir129-p18000-s20000,kaiser-g16,sustained-edge,512,142.74,153.7,153.7,153.7,1088192,0,true,5,80,candidate only; not complete A1+B1/plugin callback
48000,fir129-p18000-s20000,kaiser-g16,sustained-edge,1024,286.06,297.2,297.2,297.2,1088192,0,true,5,80,candidate only; not complete A1+B1/plugin callback
48000,iir-p18000-s23520,kaiser-g16,reference,32,3.92,4.1,4.1,4.1,1087320,0,true,5,16,candidate only; not complete A1+B1/plugin callback
48000,iir-p18000-s23520,kaiser-g16,reference,64,7.7,7.7,7.7,7.7,1087320,0,true,5,16,candidate only; not complete A1+B1/plugin callback
48000,iir-p18000-s23520,kaiser-g16,reference,128,15.48,15.8,15.8,15.8,1087320,0,true,5,16,candidate only; not complete A1+B1/plugin callback
48000,iir-p18000-s23520,kaiser-g16,reference,256,36.26,58.6,58.6,58.6,1087320,0,true,5,16,candidate only; not complete A1+B1/plugin callback
48000,iir-p18000-s23520,kaiser-g16,reference,257,30.98,31.9,31.9,31.9,1087320,0,true,5,16,candidate only; not complete A1+B1/plugin callback
48000,iir-p18000-s23520,kaiser-g16,reference,512,62.4,64.9,64.9,64.9,1087320,0,true,5,16,candidate only; not complete A1+B1/plugin callback
48000,iir-p18000-s23520,kaiser-g16,reference,1024,128.58,140.7,140.7,140.7,1087320,0,true,5,16,candidate only; not complete A1+B1/plugin callback
48000,iir-p18000-s23520,kaiser-g16,edge,32,7.44,7.7,7.7,7.7,1087320,0,true,5,16,candidate only; not complete A1+B1/plugin callback
48000,iir-p18000-s23520,kaiser-g16,edge,64,14.88,15.1,15.1,15.1,1087320,0,true,5,16,candidate only; not complete A1+B1/plugin callback
48000,iir-p18000-s23520,kaiser-g16,edge,128,35.28,55,55,55,1087320,0,true,5,16,candidate only; not complete A1+B1/plugin callback
48000,iir-p18000-s23520,kaiser-g16,edge,256,59.86,60.3,60.3,60.3,1087320,0,true,5,16,candidate only; not complete A1+B1/plugin callback
48000,iir-p18000-s23520,kaiser-g16,edge,257,64.98,85.6,85.6,85.6,1087320,0,true,5,16,candidate only; not complete A1+B1/plugin callback
48000,iir-p18000-s23520,kaiser-g16,edge,512,119.26,123.9,123.9,123.9,1087320,0,true,5,16,candidate only; not complete A1+B1/plugin callback
48000,iir-p18000-s23520,kaiser-g16,edge,1024,167.22,242.3,242.3,242.3,1087320,0,true,5,16,candidate only; not complete A1+B1/plugin callback
48000,iir-p18000-s23520,kaiser-g16,overlap-reference,32,3.7608,4.3,6,18.5,1087320,0,true,500,16,candidate only; not complete A1+B1/plugin callback
48000,iir-p18000-s23520,kaiser-g16,overlap-reference,64,7.9458,10,12.5,46.3,1087320,0,true,500,16,candidate only; not complete A1+B1/plugin callback
48000,iir-p18000-s23520,kaiser-g16,overlap-reference,128,15.603,19.7,27.7,103.1,1087320,0,true,500,16,candidate only; not complete A1+B1/plugin callback
48000,iir-p18000-s23520,kaiser-g16,overlap-reference,256,35.2742,63.8,67,88.3,1087320,0,true,500,16,candidate only; not complete A1+B1/plugin callback
48000,iir-p18000-s23520,kaiser-g16,overlap-reference,257,35.868,64.3,74.6,195.5,1087320,0,true,500,16,candidate only; not complete A1+B1/plugin callback
48000,iir-p18000-s23520,kaiser-g16,overlap-reference,512,68.5754,127.6,134.1,157.1,1087320,0,true,500,16,candidate only; not complete A1+B1/plugin callback
48000,iir-p18000-s23520,kaiser-g16,overlap-reference,1024,137.466,255.7,266.9,286.7,1087320,0,true,500,16,candidate only; not complete A1+B1/plugin callback
48000,iir-p18000-s23520,kaiser-g16,sustained-edge,32,3.66,4,4,4,1087320,0,true,5,16,candidate only; not complete A1+B1/plugin callback
48000,iir-p18000-s23520,kaiser-g16,sustained-edge,64,6.98,7,7,7,1087320,0,true,5,16,candidate only; not complete A1+B1/plugin callback
48000,iir-p18000-s23520,kaiser-g16,sustained-edge,128,13.84,14,14,14,1087320,0,true,5,16,candidate only; not complete A1+B1/plugin callback
48000,iir-p18000-s23520,kaiser-g16,sustained-edge,256,27.58,27.7,27.7,27.7,1087320,0,true,5,16,candidate only; not complete A1+B1/plugin callback
48000,iir-p18000-s23520,kaiser-g16,sustained-edge,257,27.82,27.9,27.9,27.9,1087320,0,true,5,16,candidate only; not complete A1+B1/plugin callback
48000,iir-p18000-s23520,kaiser-g16,sustained-edge,512,56.56,60.2,60.2,60.2,1087320,0,true,5,16,candidate only; not complete A1+B1/plugin callback
48000,iir-p18000-s23520,kaiser-g16,sustained-edge,1024,123.96,167.4,167.4,167.4,1087320,0,true,5,16,candidate only; not complete A1+B1/plugin callback
48000,fir65-p18000-s23520,kaiser-g16,reference,32,6.02,6.1,6.1,6.1,1087680,0,true,5,48,candidate only; not complete A1+B1/plugin callback
48000,fir65-p18000-s23520,kaiser-g16,reference,64,11.84,11.9,11.9,11.9,1087680,0,true,5,48,candidate only; not complete A1+B1/plugin callback
48000,fir65-p18000-s23520,kaiser-g16,reference,128,23.76,23.9,23.9,23.9,1087680,0,true,5,48,candidate only; not complete A1+B1/plugin callback
48000,fir65-p18000-s23520,kaiser-g16,reference,256,47.92,48.3,48.3,48.3,1087680,0,true,5,48,candidate only; not complete A1+B1/plugin callback
48000,fir65-p18000-s23520,kaiser-g16,reference,257,48.06,48.5,48.5,48.5,1087680,0,true,5,48,candidate only; not complete A1+B1/plugin callback
48000,fir65-p18000-s23520,kaiser-g16,reference,512,96.82,99.8,99.8,99.8,1087680,0,true,5,48,candidate only; not complete A1+B1/plugin callback
48000,fir65-p18000-s23520,kaiser-g16,reference,1024,202.94,240.8,240.8,240.8,1087680,0,true,5,48,candidate only; not complete A1+B1/plugin callback
48000,fir65-p18000-s23520,kaiser-g16,edge,32,5.98,6,6,6,1087680,0,true,5,48,candidate only; not complete A1+B1/plugin callback
48000,fir65-p18000-s23520,kaiser-g16,edge,64,11.92,12,12,12,1087680,0,true,5,48,candidate only; not complete A1+B1/plugin callback
48000,fir65-p18000-s23520,kaiser-g16,edge,128,23.74,23.9,23.9,23.9,1087680,0,true,5,48,candidate only; not complete A1+B1/plugin callback
48000,fir65-p18000-s23520,kaiser-g16,edge,256,47.52,47.7,47.7,47.7,1087680,0,true,5,48,candidate only; not complete A1+B1/plugin callback
48000,fir65-p18000-s23520,kaiser-g16,edge,257,47.7,47.9,47.9,47.9,1087680,0,true,5,48,candidate only; not complete A1+B1/plugin callback
48000,fir65-p18000-s23520,kaiser-g16,edge,512,95.82,98.1,98.1,98.1,1087680,0,true,5,48,candidate only; not complete A1+B1/plugin callback
48000,fir65-p18000-s23520,kaiser-g16,edge,1024,201.1,220,220,220,1087680,0,true,5,48,candidate only; not complete A1+B1/plugin callback
48000,fir65-p18000-s23520,kaiser-g16,overlap-reference,32,6.4976,6.8,11.5,42.2,1087680,0,true,500,48,candidate only; not complete A1+B1/plugin callback
48000,fir65-p18000-s23520,kaiser-g16,overlap-reference,64,12.5666,13.4,21.6,44.6,1087680,0,true,500,48,candidate only; not complete A1+B1/plugin callback
48000,fir65-p18000-s23520,kaiser-g16,overlap-reference,128,24.9516,26.9,40.8,46.6,1087680,0,true,500,48,candidate only; not complete A1+B1/plugin callback
48000,fir65-p18000-s23520,kaiser-g16,overlap-reference,256,49.8942,56,67.2,69.6,1087680,0,true,500,48,candidate only; not complete A1+B1/plugin callback
48000,fir65-p18000-s23520,kaiser-g16,overlap-reference,257,50.0392,54.6,67.2,82.5,1087680,0,true,500,48,candidate only; not complete A1+B1/plugin callback
48000,fir65-p18000-s23520,kaiser-g16,overlap-reference,512,99.8466,110.2,127.2,145.8,1087680,0,true,500,48,candidate only; not complete A1+B1/plugin callback
48000,fir65-p18000-s23520,kaiser-g16,overlap-reference,1024,222.307,364.8,374.1,408.9,1087680,0,true,500,48,candidate only; not complete A1+B1/plugin callback
48000,fir65-p18000-s23520,kaiser-g16,sustained-edge,32,5.98,6,6,6,1087680,0,true,5,48,candidate only; not complete A1+B1/plugin callback
48000,fir65-p18000-s23520,kaiser-g16,sustained-edge,64,11.9,12,12,12,1087680,0,true,5,48,candidate only; not complete A1+B1/plugin callback
48000,fir65-p18000-s23520,kaiser-g16,sustained-edge,128,23.86,24.1,24.1,24.1,1087680,0,true,5,48,candidate only; not complete A1+B1/plugin callback
48000,fir65-p18000-s23520,kaiser-g16,sustained-edge,256,47.44,47.6,47.6,47.6,1087680,0,true,5,48,candidate only; not complete A1+B1/plugin callback
48000,fir65-p18000-s23520,kaiser-g16,sustained-edge,257,88.36,88.7,88.7,88.7,1087680,0,true,5,48,candidate only; not complete A1+B1/plugin callback
48000,fir65-p18000-s23520,kaiser-g16,sustained-edge,512,96.76,100,100,100,1087680,0,true,5,48,candidate only; not complete A1+B1/plugin callback
48000,fir65-p18000-s23520,kaiser-g16,sustained-edge,1024,197.5,209.3,209.3,209.3,1087680,0,true,5,48,candidate only; not complete A1+B1/plugin callback
48000,fir129-p18000-s23520,kaiser-g16,reference,32,8.64,8.7,8.7,8.7,1088192,0,true,5,80,candidate only; not complete A1+B1/plugin callback
48000,fir129-p18000-s23520,kaiser-g16,reference,64,17.3,17.4,17.4,17.4,1088192,0,true,5,80,candidate only; not complete A1+B1/plugin callback
48000,fir129-p18000-s23520,kaiser-g16,reference,128,34.68,34.9,34.9,34.9,1088192,0,true,5,80,candidate only; not complete A1+B1/plugin callback
48000,fir129-p18000-s23520,kaiser-g16,reference,256,69.24,69.4,69.4,69.4,1088192,0,true,5,80,candidate only; not complete A1+B1/plugin callback
48000,fir129-p18000-s23520,kaiser-g16,reference,257,69.96,71.9,71.9,71.9,1088192,0,true,5,80,candidate only; not complete A1+B1/plugin callback
48000,fir129-p18000-s23520,kaiser-g16,reference,512,139.54,142.7,142.7,142.7,1088192,0,true,5,80,candidate only; not complete A1+B1/plugin callback
48000,fir129-p18000-s23520,kaiser-g16,reference,1024,287.84,309,309,309,1088192,0,true,5,80,candidate only; not complete A1+B1/plugin callback
48000,fir129-p18000-s23520,kaiser-g16,edge,32,8.72,8.8,8.8,8.8,1088192,0,true,5,80,candidate only; not complete A1+B1/plugin callback
48000,fir129-p18000-s23520,kaiser-g16,edge,64,17.38,17.5,17.5,17.5,1088192,0,true,5,80,candidate only; not complete A1+B1/plugin callback
48000,fir129-p18000-s23520,kaiser-g16,edge,128,38.42,53.4,53.4,53.4,1088192,0,true,5,80,candidate only; not complete A1+B1/plugin callback
48000,fir129-p18000-s23520,kaiser-g16,edge,256,73.36,88.3,88.3,88.3,1088192,0,true,5,80,candidate only; not complete A1+B1/plugin callback
48000,fir129-p18000-s23520,kaiser-g16,edge,257,69.56,69.7,69.7,69.7,1088192,0,true,5,80,candidate only; not complete A1+B1/plugin callback
48000,fir129-p18000-s23520,kaiser-g16,edge,512,139.6,142.4,142.4,142.4,1088192,0,true,5,80,candidate only; not complete A1+B1/plugin callback
48000,fir129-p18000-s23520,kaiser-g16,edge,1024,287.62,323.7,323.7,323.7,1088192,0,true,5,80,candidate only; not complete A1+B1/plugin callback
48000,fir129-p18000-s23520,kaiser-g16,overlap-reference,32,9.043,9.5,9.7,36.5,1088192,0,true,500,80,candidate only; not complete A1+B1/plugin callback
48000,fir129-p18000-s23520,kaiser-g16,overlap-reference,64,18.0936,19.1,32.4,37.7,1088192,0,true,500,80,candidate only; not complete A1+B1/plugin callback
48000,fir129-p18000-s23520,kaiser-g16,overlap-reference,128,35.909,37.9,51.7,53.8,1088192,0,true,500,80,candidate only; not complete A1+B1/plugin callback
48000,fir129-p18000-s23520,kaiser-g16,overlap-reference,256,71.9964,85.3,89.9,111.4,1088192,0,true,500,80,candidate only; not complete A1+B1/plugin callback
48000,fir129-p18000-s23520,kaiser-g16,overlap-reference,257,72.1342,83.9,97.2,127.7,1088192,0,true,500,80,candidate only; not complete A1+B1/plugin callback
48000,fir129-p18000-s23520,kaiser-g16,overlap-reference,512,168.143,270.7,287.1,358.4,1088192,0,true,500,80,candidate only; not complete A1+B1/plugin callback
48000,fir129-p18000-s23520,kaiser-g16,overlap-reference,1024,287.298,311.7,325.1,331.6,1088192,0,true,500,80,candidate only; not complete A1+B1/plugin callback
48000,fir129-p18000-s23520,kaiser-g16,sustained-edge,32,8.72,8.8,8.8,8.8,1088192,0,true,5,80,candidate only; not complete A1+B1/plugin callback
48000,fir129-p18000-s23520,kaiser-g16,sustained-edge,64,17.28,17.4,17.4,17.4,1088192,0,true,5,80,candidate only; not complete A1+B1/plugin callback
48000,fir129-p18000-s23520,kaiser-g16,sustained-edge,128,34.7,35.1,35.1,35.1,1088192,0,true,5,80,candidate only; not complete A1+B1/plugin callback
48000,fir129-p18000-s23520,kaiser-g16,sustained-edge,256,69.26,69.5,69.5,69.5,1088192,0,true,5,80,candidate only; not complete A1+B1/plugin callback
48000,fir129-p18000-s23520,kaiser-g16,sustained-edge,257,69.88,71.7,71.7,71.7,1088192,0,true,5,80,candidate only; not complete A1+B1/plugin callback
48000,fir129-p18000-s23520,kaiser-g16,sustained-edge,512,146.96,161.4,161.4,161.4,1088192,0,true,5,80,candidate only; not complete A1+B1/plugin callback
48000,fir129-p18000-s23520,kaiser-g16,sustained-edge,1024,287.46,306,306,306,1088192,0,true,5,80,candidate only; not complete A1+B1/plugin callback
96000,raw-control,hann-g32,reference,32,5.92,6,6,6,2136000,0,true,5,32,candidate only; not complete A1+B1/plugin callback
96000,raw-control,hann-g32,reference,64,11.88,12.2,12.2,12.2,2136000,0,true,5,32,candidate only; not complete A1+B1/plugin callback
96000,raw-control,hann-g32,reference,128,23.4,23.9,23.9,23.9,2136000,0,true,5,32,candidate only; not complete A1+B1/plugin callback
96000,raw-control,hann-g32,reference,256,46.76,47.7,47.7,47.7,2136000,0,true,5,32,candidate only; not complete A1+B1/plugin callback
96000,raw-control,hann-g32,reference,257,46.88,47.8,47.8,47.8,2136000,0,true,5,32,candidate only; not complete A1+B1/plugin callback
96000,raw-control,hann-g32,reference,512,92.98,95,95,95,2136000,0,true,5,32,candidate only; not complete A1+B1/plugin callback
96000,raw-control,hann-g32,reference,1024,204.52,247.4,247.4,247.4,2136000,0,true,5,32,candidate only; not complete A1+B1/plugin callback
96000,raw-control,hann-g32,edge,32,5.92,6,6,6,2136000,0,true,5,32,candidate only; not complete A1+B1/plugin callback
96000,raw-control,hann-g32,edge,64,11.86,12.1,12.1,12.1,2136000,0,true,5,32,candidate only; not complete A1+B1/plugin callback
96000,raw-control,hann-g32,edge,128,23.4,23.7,23.7,23.7,2136000,0,true,5,32,candidate only; not complete A1+B1/plugin callback
96000,raw-control,hann-g32,edge,256,49.72,61.5,61.5,61.5,2136000,0,true,5,32,candidate only; not complete A1+B1/plugin callback
96000,raw-control,hann-g32,edge,257,50.44,64.3,64.3,64.3,2136000,0,true,5,32,candidate only; not complete A1+B1/plugin callback
96000,raw-control,hann-g32,edge,512,93.02,94.3,94.3,94.3,2136000,0,true,5,32,candidate only; not complete A1+B1/plugin callback
96000,raw-control,hann-g32,edge,1024,193.6,210.2,210.2,210.2,2136000,0,true,5,32,candidate only; not complete A1+B1/plugin callback
96000,raw-control,hann-g32,overlap-reference,32,6.2762,6.7,11.3,24.2,2136000,0,true,500,32,candidate only; not complete A1+B1/plugin callback
96000,raw-control,hann-g32,overlap-reference,64,12.4624,13.2,22.6,29.5,2136000,0,true,500,32,candidate only; not complete A1+B1/plugin callback
96000,raw-control,hann-g32,overlap-reference,128,28.7822,46.2,51.1,86.2,2136000,0,true,500,32,candidate only; not complete A1+B1/plugin callback
96000,raw-control,hann-g32,overlap-reference,256,49.8842,53,75.9,104.5,2136000,0,true,500,32,candidate only; not complete A1+B1/plugin callback
96000,raw-control,hann-g32,overlap-reference,257,50.3808,53.4,83,107.1,2136000,0,true,500,32,candidate only; not complete A1+B1/plugin callback
96000,raw-control,hann-g32,overlap-reference,512,101.356,122.4,141.8,532.8,2136000,0,true,500,32,candidate only; not complete A1+B1/plugin callback
96000,raw-control,hann-g32,overlap-reference,1024,198.502,223,238.9,259,2136000,0,true,500,32,candidate only; not complete A1+B1/plugin callback
96000,raw-control,hann-g32,sustained-edge,32,5.98,6,6,6,2136000,0,true,5,32,candidate only; not complete A1+B1/plugin callback
96000,raw-control,hann-g32,sustained-edge,64,11.9,12,12,12,2136000,0,true,5,32,candidate only; not complete A1+B1/plugin callback
96000,raw-control,hann-g32,sustained-edge,128,23.4,23.6,23.6,23.6,2136000,0,true,5,32,candidate only; not complete A1+B1/plugin callback
96000,raw-control,hann-g32,sustained-edge,256,46.96,48,48,48,2136000,0,true,5,32,candidate only; not complete A1+B1/plugin callback
96000,raw-control,hann-g32,sustained-edge,257,46.9,47.9,47.9,47.9,2136000,0,true,5,32,candidate only; not complete A1+B1/plugin callback
96000,raw-control,hann-g32,sustained-edge,512,93.12,94.2,94.2,94.2,2136000,0,true,5,32,candidate only; not complete A1+B1/plugin callback
96000,raw-control,hann-g32,sustained-edge,1024,193.28,209.3,209.3,209.3,2136000,0,true,5,32,candidate only; not complete A1+B1/plugin callback
96000,iir-p16000-s18000,hann-g8,reference,32,5.64,5.7,5.7,5.7,565224,0,true,5,8,candidate only; not complete A1+B1/plugin callback
96000,iir-p16000-s18000,hann-g8,reference,64,11.04,11.2,11.2,11.2,565224,0,true,5,8,candidate only; not complete A1+B1/plugin callback
96000,iir-p16000-s18000,hann-g8,reference,128,24.08,27.3,27.3,27.3,565224,0,true,5,8,candidate only; not complete A1+B1/plugin callback
96000,iir-p16000-s18000,hann-g8,reference,256,46.48,53.3,53.3,53.3,565224,0,true,5,8,candidate only; not complete A1+B1/plugin callback
96000,iir-p16000-s18000,hann-g8,reference,257,40.84,46.5,46.5,46.5,565224,0,true,5,8,candidate only; not complete A1+B1/plugin callback
96000,iir-p16000-s18000,hann-g8,reference,512,90.22,104.9,104.9,104.9,565224,0,true,5,8,candidate only; not complete A1+B1/plugin callback
96000,iir-p16000-s18000,hann-g8,reference,1024,183.26,193.5,193.5,193.5,565224,0,true,5,8,candidate only; not complete A1+B1/plugin callback
96000,iir-p16000-s18000,hann-g8,edge,32,5.6,5.7,5.7,5.7,565224,0,true,5,8,candidate only; not complete A1+B1/plugin callback
96000,iir-p16000-s18000,hann-g8,edge,64,11.36,12.5,12.5,12.5,565224,0,true,5,8,candidate only; not complete A1+B1/plugin callback
96000,iir-p16000-s18000,hann-g8,edge,128,24.88,25.3,25.3,25.3,565224,0,true,5,8,candidate only; not complete A1+B1/plugin callback
96000,iir-p16000-s18000,hann-g8,edge,256,42.16,50,50,50,565224,0,true,5,8,candidate only; not complete A1+B1/plugin callback
96000,iir-p16000-s18000,hann-g8,edge,257,41.9,50,50,50,565224,0,true,5,8,candidate only; not complete A1+B1/plugin callback
96000,iir-p16000-s18000,hann-g8,edge,512,83.4,88.4,88.4,88.4,565224,0,true,5,8,candidate only; not complete A1+B1/plugin callback
96000,iir-p16000-s18000,hann-g8,edge,1024,176.86,177.9,177.9,177.9,565224,0,true,5,8,candidate only; not complete A1+B1/plugin callback
96000,iir-p16000-s18000,hann-g8,overlap-reference,32,5.6594,6.4,6.8,19.5,565224,0,true,500,8,candidate only; not complete A1+B1/plugin callback
96000,iir-p16000-s18000,hann-g8,overlap-reference,64,11.4254,13,17.9,31.5,565224,0,true,500,8,candidate only; not complete A1+B1/plugin callback
96000,iir-p16000-s18000,hann-g8,overlap-reference,128,23.6762,26.9,36.6,46.9,565224,0,true,500,8,candidate only; not complete A1+B1/plugin callback
96000,iir-p16000-s18000,hann-g8,overlap-reference,256,46.2366,55,64.7,70.9,565224,0,true,500,8,candidate only; not complete A1+B1/plugin callback
96000,iir-p16000-s18000,hann-g8,overlap-reference,257,46.7856,52.7,63.4,69.2,565224,0,true,500,8,candidate only; not complete A1+B1/plugin callback
96000,iir-p16000-s18000,hann-g8,overlap-reference,512,94.4384,107.6,121.3,135.2,565224,0,true,500,8,candidate only; not complete A1+B1/plugin callback
96000,iir-p16000-s18000,hann-g8,overlap-reference,1024,201.868,296.4,319,346.4,565224,0,true,500,8,candidate only; not complete A1+B1/plugin callback
96000,iir-p16000-s18000,hann-g8,sustained-edge,32,5.62,5.7,5.7,5.7,565224,0,true,5,8,candidate only; not complete A1+B1/plugin callback
96000,iir-p16000-s18000,hann-g8,sustained-edge,64,10.92,11.3,11.3,11.3,565224,0,true,5,8,candidate only; not complete A1+B1/plugin callback
96000,iir-p16000-s18000,hann-g8,sustained-edge,128,19.9,21.2,21.2,21.2,565224,0,true,5,8,candidate only; not complete A1+B1/plugin callback
96000,iir-p16000-s18000,hann-g8,sustained-edge,256,39.4,42.8,42.8,42.8,565224,0,true,5,8,candidate only; not complete A1+B1/plugin callback
96000,iir-p16000-s18000,hann-g8,sustained-edge,257,39.84,43,43,43,565224,0,true,5,8,candidate only; not complete A1+B1/plugin callback
96000,iir-p16000-s18000,hann-g8,sustained-edge,512,78.9,86.1,86.1,86.1,565224,0,true,5,8,candidate only; not complete A1+B1/plugin callback
96000,iir-p16000-s18000,hann-g8,sustained-edge,1024,161.04,170.8,170.8,170.8,565224,0,true,5,8,candidate only; not complete A1+B1/plugin callback
96000,iir-p16000-s18000,kaiser-g8,reference,32,5.6,5.6,5.6,5.6,565224,0,true,5,8,candidate only; not complete A1+B1/plugin callback
96000,iir-p16000-s18000,kaiser-g8,reference,64,11.12,11.2,11.2,11.2,565224,0,true,5,8,candidate only; not complete A1+B1/plugin callback
96000,iir-p16000-s18000,kaiser-g8,reference,128,24.6,34.1,34.1,34.1,565224,0,true,5,8,candidate only; not complete A1+B1/plugin callback
96000,iir-p16000-s18000,kaiser-g8,reference,256,40.48,45,45,45,565224,0,true,5,8,candidate only; not complete A1+B1/plugin callback
96000,iir-p16000-s18000,kaiser-g8,reference,257,40.88,45,45,45,565224,0,true,5,8,candidate only; not complete A1+B1/plugin callback
96000,iir-p16000-s18000,kaiser-g8,reference,512,83.9,89.1,89.1,89.1,565224,0,true,5,8,candidate only; not complete A1+B1/plugin callback
96000,iir-p16000-s18000,kaiser-g8,reference,1024,184.72,207.7,207.7,207.7,565224,0,true,5,8,candidate only; not complete A1+B1/plugin callback
96000,iir-p16000-s18000,kaiser-g8,edge,32,5.54,5.6,5.6,5.6,565224,0,true,5,8,candidate only; not complete A1+B1/plugin callback
96000,iir-p16000-s18000,kaiser-g8,edge,64,11.02,11.1,11.1,11.1,565224,0,true,5,8,candidate only; not complete A1+B1/plugin callback
96000,iir-p16000-s18000,kaiser-g8,edge,128,23.2,24.3,24.3,24.3,565224,0,true,5,8,candidate only; not complete A1+B1/plugin callback
96000,iir-p16000-s18000,kaiser-g8,edge,256,40.38,44.2,44.2,44.2,565224,0,true,5,8,candidate only; not complete A1+B1/plugin callback
96000,iir-p16000-s18000,kaiser-g8,edge,257,46.08,59.9,59.9,59.9,565224,0,true,5,8,candidate only; not complete A1+B1/plugin callback
96000,iir-p16000-s18000,kaiser-g8,edge,512,83.74,88.6,88.6,88.6,565224,0,true,5,8,candidate only; not complete A1+B1/plugin callback
96000,iir-p16000-s18000,kaiser-g8,edge,1024,177.68,178.4,178.4,178.4,565224,0,true,5,8,candidate only; not complete A1+B1/plugin callback
96000,iir-p16000-s18000,kaiser-g8,overlap-reference,32,4.9628,5.5,9.7,23.7,565224,0,true,500,8,candidate only; not complete A1+B1/plugin callback
96000,iir-p16000-s18000,kaiser-g8,overlap-reference,64,10.2318,11.9,15.6,66.5,565224,0,true,500,8,candidate only; not complete A1+B1/plugin callback
96000,iir-p16000-s18000,kaiser-g8,overlap-reference,128,20.4544,22.5,33.1,37.1,565224,0,true,500,8,candidate only; not complete A1+B1/plugin callback
96000,iir-p16000-s18000,kaiser-g8,overlap-reference,256,39.9962,44.8,57.5,72.2,565224,0,true,500,8,candidate only; not complete A1+B1/plugin callback
96000,iir-p16000-s18000,kaiser-g8,overlap-reference,257,40.1758,44.8,71.9,98.5,565224,0,true,500,8,candidate only; not complete A1+B1/plugin callback
96000,iir-p16000-s18000,kaiser-g8,overlap-reference,512,81.0266,90,112.7,120,565224,0,true,500,8,candidate only; not complete A1+B1/plugin callback
96000,iir-p16000-s18000,kaiser-g8,overlap-reference,1024,161.42,187.9,203.2,317.1,565224,0,true,500,8,candidate only; not complete A1+B1/plugin callback
96000,iir-p16000-s18000,kaiser-g8,sustained-edge,32,8.2,18.9,18.9,18.9,565224,0,true,5,8,candidate only; not complete A1+B1/plugin callback
96000,iir-p16000-s18000,kaiser-g8,sustained-edge,64,10.78,11.1,11.1,11.1,565224,0,true,5,8,candidate only; not complete A1+B1/plugin callback
96000,iir-p16000-s18000,kaiser-g8,sustained-edge,128,19.14,20.7,20.7,20.7,565224,0,true,5,8,candidate only; not complete A1+B1/plugin callback
96000,iir-p16000-s18000,kaiser-g8,sustained-edge,256,38.34,41.8,41.8,41.8,565224,0,true,5,8,candidate only; not complete A1+B1/plugin callback
96000,iir-p16000-s18000,kaiser-g8,sustained-edge,257,38.36,41.8,41.8,41.8,565224,0,true,5,8,candidate only; not complete A1+B1/plugin callback
96000,iir-p16000-s18000,kaiser-g8,sustained-edge,512,75.74,83.7,83.7,83.7,565224,0,true,5,8,candidate only; not complete A1+B1/plugin callback
96000,iir-p16000-s18000,kaiser-g8,sustained-edge,1024,159.38,175.1,175.1,175.1,565224,0,true,5,8,candidate only; not complete A1+B1/plugin callback
96000,iir-p16000-s19000,hann-g8,reference,32,5.1,5.1,5.1,5.1,564424,0,true,5,8,candidate only; not complete A1+B1/plugin callback
96000,iir-p16000-s19000,hann-g8,reference,64,9.98,10.1,10.1,10.1,564424,0,true,5,8,candidate only; not complete A1+B1/plugin callback
96000,iir-p16000-s19000,hann-g8,reference,128,19.56,19.6,19.6,19.6,564424,0,true,5,8,candidate only; not complete A1+B1/plugin callback
96000,iir-p16000-s19000,hann-g8,reference,256,34.28,38.8,38.8,38.8,564424,0,true,5,8,candidate only; not complete A1+B1/plugin callback
96000,iir-p16000-s19000,hann-g8,reference,257,35.46,41.3,41.3,41.3,564424,0,true,5,8,candidate only; not complete A1+B1/plugin callback
96000,iir-p16000-s19000,hann-g8,reference,512,72.42,89,89,89,564424,0,true,5,8,candidate only; not complete A1+B1/plugin callback
96000,iir-p16000-s19000,hann-g8,reference,1024,151.9,161.2,161.2,161.2,564424,0,true,5,8,candidate only; not complete A1+B1/plugin callback
96000,iir-p16000-s19000,hann-g8,edge,32,4.9,5,5,5,564424,0,true,5,8,candidate only; not complete A1+B1/plugin callback
96000,iir-p16000-s19000,hann-g8,edge,64,9.82,9.9,9.9,9.9,564424,0,true,5,8,candidate only; not complete A1+B1/plugin callback
96000,iir-p16000-s19000,hann-g8,edge,128,19.98,20.1,20.1,20.1,564424,0,true,5,8,candidate only; not complete A1+B1/plugin callback
96000,iir-p16000-s19000,hann-g8,edge,256,33.78,37.6,37.6,37.6,564424,0,true,5,8,candidate only; not complete A1+B1/plugin callback
96000,iir-p16000-s19000,hann-g8,edge,257,34.4,39.2,39.2,39.2,564424,0,true,5,8,candidate only; not complete A1+B1/plugin callback
96000,iir-p16000-s19000,hann-g8,edge,512,71.46,85.3,85.3,85.3,564424,0,true,5,8,candidate only; not complete A1+B1/plugin callback
96000,iir-p16000-s19000,hann-g8,edge,1024,147.52,148.3,148.3,148.3,564424,0,true,5,8,candidate only; not complete A1+B1/plugin callback
96000,iir-p16000-s19000,hann-g8,overlap-reference,32,4.2652,4.9,5,28.6,564424,0,true,500,8,candidate only; not complete A1+B1/plugin callback
96000,iir-p16000-s19000,hann-g8,overlap-reference,64,8.6408,9.8,13.5,38.6,564424,0,true,500,8,candidate only; not complete A1+B1/plugin callback
96000,iir-p16000-s19000,hann-g8,overlap-reference,128,17.9756,19.8,20.6,46.2,564424,0,true,500,8,candidate only; not complete A1+B1/plugin callback
96000,iir-p16000-s19000,hann-g8,overlap-reference,256,34.8664,39.6,60.4,66.4,564424,0,true,500,8,candidate only; not complete A1+B1/plugin callback
96000,iir-p16000-s19000,hann-g8,overlap-reference,257,35.142,39.8,50.8,57.9,564424,0,true,500,8,candidate only; not complete A1+B1/plugin callback
96000,iir-p16000-s19000,hann-g8,overlap-reference,512,70.9958,81.7,92.5,113.3,564424,0,true,500,8,candidate only; not complete A1+B1/plugin callback
96000,iir-p16000-s19000,hann-g8,overlap-reference,1024,140.754,161.2,183.6,193.9,564424,0,true,500,8,candidate only; not complete A1+B1/plugin callback
96000,iir-p16000-s19000,hann-g8,sustained-edge,32,4.6,4.6,4.6,4.6,564424,0,true,5,8,candidate only; not complete A1+B1/plugin callback
96000,iir-p16000-s19000,hann-g8,sustained-edge,64,8.98,9.2,9.2,9.2,564424,0,true,5,8,candidate only; not complete A1+B1/plugin callback
96000,iir-p16000-s19000,hann-g8,sustained-edge,128,15.88,17.1,17.1,17.1,564424,0,true,5,8,candidate only; not complete A1+B1/plugin callback
96000,iir-p16000-s19000,hann-g8,sustained-edge,256,31.62,34.8,34.8,34.8,564424,0,true,5,8,candidate only; not complete A1+B1/plugin callback
96000,iir-p16000-s19000,hann-g8,sustained-edge,257,31.88,34.9,34.9,34.9,564424,0,true,5,8,candidate only; not complete A1+B1/plugin callback
96000,iir-p16000-s19000,hann-g8,sustained-edge,512,63.1,69.9,69.9,69.9,564424,0,true,5,8,candidate only; not complete A1+B1/plugin callback
96000,iir-p16000-s19000,hann-g8,sustained-edge,1024,135.24,170.7,170.7,170.7,564424,0,true,5,8,candidate only; not complete A1+B1/plugin callback
96000,iir-p16000-s19000,kaiser-g8,reference,32,6.1,6.2,6.2,6.2,564424,0,true,5,8,candidate only; not complete A1+B1/plugin callback
96000,iir-p16000-s19000,kaiser-g8,reference,64,9.5,9.6,9.6,9.6,564424,0,true,5,8,candidate only; not complete A1+B1/plugin callback
96000,iir-p16000-s19000,kaiser-g8,reference,128,18.66,18.7,18.7,18.7,564424,0,true,5,8,candidate only; not complete A1+B1/plugin callback
96000,iir-p16000-s19000,kaiser-g8,reference,256,42.78,73.2,73.2,73.2,564424,0,true,5,8,candidate only; not complete A1+B1/plugin callback
96000,iir-p16000-s19000,kaiser-g8,reference,257,34.56,38.9,38.9,38.9,564424,0,true,5,8,candidate only; not complete A1+B1/plugin callback
96000,iir-p16000-s19000,kaiser-g8,reference,512,69.62,73.6,73.6,73.6,564424,0,true,5,8,candidate only; not complete A1+B1/plugin callback
96000,iir-p16000-s19000,kaiser-g8,reference,1024,147.08,147.6,147.6,147.6,564424,0,true,5,8,candidate only; not complete A1+B1/plugin callback
96000,iir-p16000-s19000,kaiser-g8,edge,32,4.9,5,5,5,564424,0,true,5,8,candidate only; not complete A1+B1/plugin callback
96000,iir-p16000-s19000,kaiser-g8,edge,64,9.46,9.5,9.5,9.5,564424,0,true,5,8,candidate only; not complete A1+B1/plugin callback
96000,iir-p16000-s19000,kaiser-g8,edge,128,19.58,19.7,19.7,19.7,564424,0,true,5,8,candidate only; not complete A1+B1/plugin callback
96000,iir-p16000-s19000,kaiser-g8,edge,256,34.34,39,39,39,564424,0,true,5,8,candidate only; not complete A1+B1/plugin callback
96000,iir-p16000-s19000,kaiser-g8,edge,257,34.78,39.9,39.9,39.9,564424,0,true,5,8,candidate only; not complete A1+B1/plugin callback
96000,iir-p16000-s19000,kaiser-g8,edge,512,69.2,73.3,73.3,73.3,564424,0,true,5,8,candidate only; not complete A1+B1/plugin callback
96000,iir-p16000-s19000,kaiser-g8,edge,1024,153.34,180.7,180.7,180.7,564424,0,true,5,8,candidate only; not complete A1+B1/plugin callback
96000,iir-p16000-s19000,kaiser-g8,overlap-reference,32,4.3342,5.8,8.6,38,564424,0,true,500,8,candidate only; not complete A1+B1/plugin callback
96000,iir-p16000-s19000,kaiser-g8,overlap-reference,64,8.1172,9.6,13.5,22,564424,0,true,500,8,candidate only; not complete A1+B1/plugin callback
96000,iir-p16000-s19000,kaiser-g8,overlap-reference,128,16.9602,18.7,38.3,47.9,564424,0,true,500,8,candidate only; not complete A1+B1/plugin callback
96000,iir-p16000-s19000,kaiser-g8,overlap-reference,256,32.9042,37,49.6,64.2,564424,0,true,500,8,candidate only; not complete A1+B1/plugin callback
96000,iir-p16000-s19000,kaiser-g8,overlap-reference,257,33.1626,37.8,51.3,61.2,564424,0,true,500,8,candidate only; not complete A1+B1/plugin callback
96000,iir-p16000-s19000,kaiser-g8,overlap-reference,512,66.878,78.6,88.3,93.4,564424,0,true,500,8,candidate only; not complete A1+B1/plugin callback
96000,iir-p16000-s19000,kaiser-g8,overlap-reference,1024,133.813,156,173.9,385.4,564424,0,true,500,8,candidate only; not complete A1+B1/plugin callback
96000,iir-p16000-s19000,kaiser-g8,sustained-edge,32,4.7,4.8,4.8,4.8,564424,0,true,5,8,candidate only; not complete A1+B1/plugin callback
96000,iir-p16000-s19000,kaiser-g8,sustained-edge,64,9.02,9.3,9.3,9.3,564424,0,true,5,8,candidate only; not complete A1+B1/plugin callback
96000,iir-p16000-s19000,kaiser-g8,sustained-edge,128,15.94,17.1,17.1,17.1,564424,0,true,5,8,candidate only; not complete A1+B1/plugin callback
96000,iir-p16000-s19000,kaiser-g8,sustained-edge,256,31.96,35.1,35.1,35.1,564424,0,true,5,8,candidate only; not complete A1+B1/plugin callback
96000,iir-p16000-s19000,kaiser-g8,sustained-edge,257,32,34.9,34.9,34.9,564424,0,true,5,8,candidate only; not complete A1+B1/plugin callback
96000,iir-p16000-s19000,kaiser-g8,sustained-edge,512,70.9,100.6,100.6,100.6,564424,0,true,5,8,candidate only; not complete A1+B1/plugin callback
96000,iir-p16000-s19000,kaiser-g8,sustained-edge,1024,136.84,157.6,157.6,157.6,564424,0,true,5,8,candidate only; not complete A1+B1/plugin callback
96000,fir129-p16000-s19000,hann-g8,reference,32,7.42,7.5,7.5,7.5,563776,0,true,5,72,candidate only; not complete A1+B1/plugin callback
96000,fir129-p16000-s19000,hann-g8,reference,64,14.82,14.9,14.9,14.9,563776,0,true,5,72,candidate only; not complete A1+B1/plugin callback
96000,fir129-p16000-s19000,hann-g8,reference,128,29.58,29.6,29.6,29.6,563776,0,true,5,72,candidate only; not complete A1+B1/plugin callback
96000,fir129-p16000-s19000,hann-g8,reference,256,59.24,59.4,59.4,59.4,563776,0,true,5,72,candidate only; not complete A1+B1/plugin callback
96000,fir129-p16000-s19000,hann-g8,reference,257,59.46,59.8,59.8,59.8,563776,0,true,5,72,candidate only; not complete A1+B1/plugin callback
96000,fir129-p16000-s19000,hann-g8,reference,512,118.42,118.9,118.9,118.9,563776,0,true,5,72,candidate only; not complete A1+B1/plugin callback
96000,fir129-p16000-s19000,hann-g8,reference,1024,242.38,264.8,264.8,264.8,563776,0,true,5,72,candidate only; not complete A1+B1/plugin callback
96000,fir129-p16000-s19000,hann-g8,edge,32,7.46,7.5,7.5,7.5,563776,0,true,5,72,candidate only; not complete A1+B1/plugin callback
96000,fir129-p16000-s19000,hann-g8,edge,64,14.92,15,15,15,563776,0,true,5,72,candidate only; not complete A1+B1/plugin callback
96000,fir129-p16000-s19000,hann-g8,edge,128,29.58,29.6,29.6,29.6,563776,0,true,5,72,candidate only; not complete A1+B1/plugin callback
96000,fir129-p16000-s19000,hann-g8,edge,256,64.96,84.2,84.2,84.2,563776,0,true,5,72,candidate only; not complete A1+B1/plugin callback
96000,fir129-p16000-s19000,hann-g8,edge,257,59.54,59.8,59.8,59.8,563776,0,true,5,72,candidate only; not complete A1+B1/plugin callback
96000,fir129-p16000-s19000,hann-g8,edge,512,118.32,118.5,118.5,118.5,563776,0,true,5,72,candidate only; not complete A1+B1/plugin callback
96000,fir129-p16000-s19000,hann-g8,edge,1024,237.4,239.5,239.5,239.5,563776,0,true,5,72,candidate only; not complete A1+B1/plugin callback
96000,fir129-p16000-s19000,hann-g8,overlap-reference,32,7.5638,7.6,13.6,23.3,563776,0,true,500,72,candidate only; not complete A1+B1/plugin callback
96000,fir129-p16000-s19000,hann-g8,overlap-reference,64,15.0664,15,18.7,48,563776,0,true,500,72,candidate only; not complete A1+B1/plugin callback
96000,fir129-p16000-s19000,hann-g8,overlap-reference,128,30.1226,29.9,56.6,72.5,563776,0,true,500,72,candidate only; not complete A1+B1/plugin callback
96000,fir129-p16000-s19000,hann-g8,overlap-reference,256,60.2428,60.4,86.3,94.7,563776,0,true,500,72,candidate only; not complete A1+B1/plugin callback
96000,fir129-p16000-s19000,hann-g8,overlap-reference,257,60.422,73.3,76.6,78.6,563776,0,true,500,72,candidate only; not complete A1+B1/plugin callback
96000,fir129-p16000-s19000,hann-g8,overlap-reference,512,120.822,133.7,148.6,182,563776,0,true,500,72,candidate only; not complete A1+B1/plugin callback
96000,fir129-p16000-s19000,hann-g8,overlap-reference,1024,241.677,265,278.4,371.6,563776,0,true,500,72,candidate only; not complete A1+B1/plugin callback
96000,fir129-p16000-s19000,hann-g8,sustained-edge,32,7.4,7.4,7.4,7.4,563776,0,true,5,72,candidate only; not complete A1+B1/plugin callback
96000,fir129-p16000-s19000,hann-g8,sustained-edge,64,14.76,14.8,14.8,14.8,563776,0,true,5,72,candidate only; not complete A1+B1/plugin callback
96000,fir129-p16000-s19000,hann-g8,sustained-edge,128,29.6,29.7,29.7,29.7,563776,0,true,5,72,candidate only; not complete A1+B1/plugin callback
96000,fir129-p16000-s19000,hann-g8,sustained-edge,256,65.88,92.9,92.9,92.9,563776,0,true,5,72,candidate only; not complete A1+B1/plugin callback
96000,fir129-p16000-s19000,hann-g8,sustained-edge,257,59.84,61.9,61.9,61.9,563776,0,true,5,72,candidate only; not complete A1+B1/plugin callback
96000,fir129-p16000-s19000,hann-g8,sustained-edge,512,118.34,118.5,118.5,118.5,563776,0,true,5,72,candidate only; not complete A1+B1/plugin callback
96000,fir129-p16000-s19000,hann-g8,sustained-edge,1024,237.08,237.4,237.4,237.4,563776,0,true,5,72,candidate only; not complete A1+B1/plugin callback
96000,fir129-p16000-s19000,kaiser-g8,reference,32,7.44,7.5,7.5,7.5,563776,0,true,5,72,candidate only; not complete A1+B1/plugin callback
96000,fir129-p16000-s19000,kaiser-g8,reference,64,14.8,14.9,14.9,14.9,563776,0,true,5,72,candidate only; not complete A1+B1/plugin callback
96000,fir129-p16000-s19000,kaiser-g8,reference,128,29.66,29.8,29.8,29.8,563776,0,true,5,72,candidate only; not complete A1+B1/plugin callback
96000,fir129-p16000-s19000,kaiser-g8,reference,256,62.54,73.6,73.6,73.6,563776,0,true,5,72,candidate only; not complete A1+B1/plugin callback
96000,fir129-p16000-s19000,kaiser-g8,reference,257,59.38,59.5,59.5,59.5,563776,0,true,5,72,candidate only; not complete A1+B1/plugin callback
96000,fir129-p16000-s19000,kaiser-g8,reference,512,118.34,118.7,118.7,118.7,563776,0,true,5,72,candidate only; not complete A1+B1/plugin callback
96000,fir129-p16000-s19000,kaiser-g8,reference,1024,237.16,238.4,238.4,238.4,563776,0,true,5,72,candidate only; not complete A1+B1/plugin callback
96000,fir129-p16000-s19000,kaiser-g8,edge,32,7.44,7.5,7.5,7.5,563776,0,true,5,72,candidate only; not complete A1+B1/plugin callback
96000,fir129-p16000-s19000,kaiser-g8,edge,64,14.78,14.8,14.8,14.8,563776,0,true,5,72,candidate only; not complete A1+B1/plugin callback
96000,fir129-p16000-s19000,kaiser-g8,edge,128,32.54,39,39,39,563776,0,true,5,72,candidate only; not complete A1+B1/plugin callback
96000,fir129-p16000-s19000,kaiser-g8,edge,256,59.2,59.4,59.4,59.4,563776,0,true,5,72,candidate only; not complete A1+B1/plugin callback
96000,fir129-p16000-s19000,kaiser-g8,edge,257,59.42,59.5,59.5,59.5,563776,0,true,5,72,candidate only; not complete A1+B1/plugin callback
96000,fir129-p16000-s19000,kaiser-g8,edge,512,124.02,133,133,133,563776,0,true,5,72,candidate only; not complete A1+B1/plugin callback
96000,fir129-p16000-s19000,kaiser-g8,edge,1024,243.14,252.1,252.1,252.1,563776,0,true,5,72,candidate only; not complete A1+B1/plugin callback
96000,fir129-p16000-s19000,kaiser-g8,overlap-reference,32,7.5508,7.5,13.1,21.6,563776,0,true,500,72,candidate only; not complete A1+B1/plugin callback
96000,fir129-p16000-s19000,kaiser-g8,overlap-reference,64,15.1416,15,17.7,45.9,563776,0,true,500,72,candidate only; not complete A1+B1/plugin callback
96000,fir129-p16000-s19000,kaiser-g8,overlap-reference,128,30.9204,43.5,47.7,90.5,563776,0,true,500,72,candidate only; not complete A1+B1/plugin callback
96000,fir129-p16000-s19000,kaiser-g8,overlap-reference,256,60.2512,73,77,96,563776,0,true,500,72,candidate only; not complete A1+B1/plugin callback
96000,fir129-p16000-s19000,kaiser-g8,overlap-reference,257,60.6498,73.7,78.3,97.8,563776,0,true,500,72,candidate only; not complete A1+B1/plugin callback
96000,fir129-p16000-s19000,kaiser-g8,overlap-reference,512,120.485,144,150.4,197.9,563776,0,true,500,72,candidate only; not complete A1+B1/plugin callback
96000,fir129-p16000-s19000,kaiser-g8,overlap-reference,1024,240.922,264.9,270.5,297.1,563776,0,true,500,72,candidate only; not complete A1+B1/plugin callback
96000,fir129-p16000-s19000,kaiser-g8,sustained-edge,32,10.26,21.4,21.4,21.4,563776,0,true,5,72,candidate only; not complete A1+B1/plugin callback
96000,fir129-p16000-s19000,kaiser-g8,sustained-edge,64,14.96,15.1,15.1,15.1,563776,0,true,5,72,candidate only; not complete A1+B1/plugin callback
96000,fir129-p16000-s19000,kaiser-g8,sustained-edge,128,29.8,29.9,29.9,29.9,563776,0,true,5,72,candidate only; not complete A1+B1/plugin callback
96000,fir129-p16000-s19000,kaiser-g8,sustained-edge,256,59.14,59.2,59.2,59.2,563776,0,true,5,72,candidate only; not complete A1+B1/plugin callback
96000,fir129-p16000-s19000,kaiser-g8,sustained-edge,257,59.4,59.5,59.5,59.5,563776,0,true,5,72,candidate only; not complete A1+B1/plugin callback
96000,fir129-p16000-s19000,kaiser-g8,sustained-edge,512,124.08,132.8,132.8,132.8,563776,0,true,5,72,candidate only; not complete A1+B1/plugin callback
96000,fir129-p16000-s19000,kaiser-g8,sustained-edge,1024,240.02,251.2,251.2,251.2,563776,0,true,5,72,candidate only; not complete A1+B1/plugin callback
96000,iir-p16000-s20000,hann-g8,reference,32,5.54,5.7,5.7,5.7,564024,0,true,5,8,candidate only; not complete A1+B1/plugin callback
96000,iir-p16000-s20000,hann-g8,reference,64,11.86,11.9,11.9,11.9,564024,0,true,5,8,candidate only; not complete A1+B1/plugin callback
96000,iir-p16000-s20000,hann-g8,reference,128,22.86,23,23,23,564024,0,true,5,8,candidate only; not complete A1+B1/plugin callback
96000,iir-p16000-s20000,hann-g8,reference,256,36.56,47.7,47.7,47.7,564024,0,true,5,8,candidate only; not complete A1+B1/plugin callback
96000,iir-p16000-s20000,hann-g8,reference,257,36.16,47.1,47.1,47.1,564024,0,true,5,8,candidate only; not complete A1+B1/plugin callback
96000,iir-p16000-s20000,hann-g8,reference,512,62.62,67.1,67.1,67.1,564024,0,true,5,8,candidate only; not complete A1+B1/plugin callback
96000,iir-p16000-s20000,hann-g8,reference,1024,132.76,133.7,133.7,133.7,564024,0,true,5,8,candidate only; not complete A1+B1/plugin callback
96000,iir-p16000-s20000,hann-g8,edge,32,4.66,4.7,4.7,4.7,564024,0,true,5,8,candidate only; not complete A1+B1/plugin callback
96000,iir-p16000-s20000,hann-g8,edge,64,9.34,9.4,9.4,9.4,564024,0,true,5,8,candidate only; not complete A1+B1/plugin callback
96000,iir-p16000-s20000,hann-g8,edge,128,18.84,18.9,18.9,18.9,564024,0,true,5,8,candidate only; not complete A1+B1/plugin callback
96000,iir-p16000-s20000,hann-g8,edge,256,30.96,35.5,35.5,35.5,564024,0,true,5,8,candidate only; not complete A1+B1/plugin callback
96000,iir-p16000-s20000,hann-g8,edge,257,31.86,37.4,37.4,37.4,564024,0,true,5,8,candidate only; not complete A1+B1/plugin callback
96000,iir-p16000-s20000,hann-g8,edge,512,65.38,81.4,81.4,81.4,564024,0,true,5,8,candidate only; not complete A1+B1/plugin callback
96000,iir-p16000-s20000,hann-g8,edge,1024,136.92,147.1,147.1,147.1,564024,0,true,5,8,candidate only; not complete A1+B1/plugin callback
96000,iir-p16000-s20000,hann-g8,overlap-reference,32,3.639,4.2,5.9,17.9,564024,0,true,500,8,candidate only; not complete A1+B1/plugin callback
96000,iir-p16000-s20000,hann-g8,overlap-reference,64,7.2544,8.3,12.4,41.4,564024,0,true,500,8,candidate only; not complete A1+B1/plugin callback
96000,iir-p16000-s20000,hann-g8,overlap-reference,128,15.3106,18.8,19.4,46.7,564024,0,true,500,8,candidate only; not complete A1+B1/plugin callback
96000,iir-p16000-s20000,hann-g8,overlap-reference,256,29.6832,37.8,54.8,61.4,564024,0,true,500,8,candidate only; not complete A1+B1/plugin callback
96000,iir-p16000-s20000,hann-g8,overlap-reference,257,42.3424,56.8,74.4,105.3,564024,0,true,500,8,candidate only; not complete A1+B1/plugin callback
96000,iir-p16000-s20000,hann-g8,overlap-reference,512,62.785,87.3,93.9,142.9,564024,0,true,500,8,candidate only; not complete A1+B1/plugin callback
96000,iir-p16000-s20000,hann-g8,overlap-reference,1024,121.998,174.9,190.2,210.6,564024,0,true,500,8,candidate only; not complete A1+B1/plugin callback
96000,iir-p16000-s20000,hann-g8,sustained-edge,32,4.2,4.3,4.3,4.3,564024,0,true,5,8,candidate only; not complete A1+B1/plugin callback
96000,iir-p16000-s20000,hann-g8,sustained-edge,64,9.66,10.3,10.3,10.3,564024,0,true,5,8,candidate only; not complete A1+B1/plugin callback
96000,iir-p16000-s20000,hann-g8,sustained-edge,128,14.32,15.6,15.6,15.6,564024,0,true,5,8,candidate only; not complete A1+B1/plugin callback
96000,iir-p16000-s20000,hann-g8,sustained-edge,256,28.22,30.3,30.3,30.3,564024,0,true,5,8,candidate only; not complete A1+B1/plugin callback
96000,iir-p16000-s20000,hann-g8,sustained-edge,257,28.32,30.3,30.3,30.3,564024,0,true,5,8,candidate only; not complete A1+B1/plugin callback
96000,iir-p16000-s20000,hann-g8,sustained-edge,512,55.88,61,61,61,564024,0,true,5,8,candidate only; not complete A1+B1/plugin callback
96000,iir-p16000-s20000,hann-g8,sustained-edge,1024,113.5,121.6,121.6,121.6,564024,0,true,5,8,candidate only; not complete A1+B1/plugin callback
96000,iir-p16000-s20000,kaiser-g8,reference,32,4.72,4.8,4.8,4.8,564024,0,true,5,8,candidate only; not complete A1+B1/plugin callback
96000,iir-p16000-s20000,kaiser-g8,reference,64,9.48,9.5,9.5,9.5,564024,0,true,5,8,candidate only; not complete A1+B1/plugin callback
96000,iir-p16000-s20000,kaiser-g8,reference,128,18.68,18.8,18.8,18.8,564024,0,true,5,8,candidate only; not complete A1+B1/plugin callback
96000,iir-p16000-s20000,kaiser-g8,reference,256,37.1,63.3,63.3,63.3,564024,0,true,5,8,candidate only; not complete A1+B1/plugin callback
96000,iir-p16000-s20000,kaiser-g8,reference,257,31.94,37.4,37.4,37.4,564024,0,true,5,8,candidate only; not complete A1+B1/plugin callback
96000,iir-p16000-s20000,kaiser-g8,reference,512,62.34,66.9,66.9,66.9,564024,0,true,5,8,candidate only; not complete A1+B1/plugin callback
96000,iir-p16000-s20000,kaiser-g8,reference,1024,135.56,136.1,136.1,136.1,564024,0,true,5,8,candidate only; not complete A1+B1/plugin callback
96000,iir-p16000-s20000,kaiser-g8,edge,32,8.36,19.2,19.2,19.2,564024,0,true,5,8,candidate only; not complete A1+B1/plugin callback
96000,iir-p16000-s20000,kaiser-g8,edge,64,9.52,9.6,9.6,9.6,564024,0,true,5,8,candidate only; not complete A1+B1/plugin callback
96000,iir-p16000-s20000,kaiser-g8,edge,128,18.64,18.7,18.7,18.7,564024,0,true,5,8,candidate only; not complete A1+B1/plugin callback
96000,iir-p16000-s20000,kaiser-g8,edge,256,34.94,43.9,43.9,43.9,564024,0,true,5,8,candidate only; not complete A1+B1/plugin callback
96000,iir-p16000-s20000,kaiser-g8,edge,257,31.92,37.5,37.5,37.5,564024,0,true,5,8,candidate only; not complete A1+B1/plugin callback
96000,iir-p16000-s20000,kaiser-g8,edge,512,65.52,83.1,83.1,83.1,564024,0,true,5,8,candidate only; not complete A1+B1/plugin callback
96000,iir-p16000-s20000,kaiser-g8,edge,1024,133.3,134,134,134,564024,0,true,5,8,candidate only; not complete A1+B1/plugin callback
96000,iir-p16000-s20000,kaiser-g8,overlap-reference,32,3.6474,4.2,4.3,27.7,564024,0,true,500,8,candidate only; not complete A1+B1/plugin callback
96000,iir-p16000-s20000,kaiser-g8,overlap-reference,64,7.0986,8.3,8.4,12.2,564024,0,true,500,8,candidate only; not complete A1+B1/plugin callback
96000,iir-p16000-s20000,kaiser-g8,overlap-reference,128,15.3512,18.5,25.9,51.3,564024,0,true,500,8,candidate only; not complete A1+B1/plugin callback
96000,iir-p16000-s20000,kaiser-g8,overlap-reference,256,29.7238,37.3,55.3,64.3,564024,0,true,500,8,candidate only; not complete A1+B1/plugin callback
96000,iir-p16000-s20000,kaiser-g8,overlap-reference,257,29.9172,37.7,44.5,70,564024,0,true,500,8,candidate only; not complete A1+B1/plugin callback
96000,iir-p16000-s20000,kaiser-g8,overlap-reference,512,60.4162,75.2,80,92.9,564024,0,true,500,8,candidate only; not complete A1+B1/plugin callback
96000,iir-p16000-s20000,kaiser-g8,overlap-reference,1024,122.72,162.1,187.5,220.8,564024,0,true,500,8,candidate only; not complete A1+B1/plugin callback
96000,iir-p16000-s20000,kaiser-g8,sustained-edge,32,4.18,4.2,4.2,4.2,564024,0,true,5,8,candidate only; not complete A1+B1/plugin callback
96000,iir-p16000-s20000,kaiser-g8,sustained-edge,64,8.16,8.4,8.4,8.4,564024,0,true,5,8,candidate only; not complete A1+B1/plugin callback
96000,iir-p16000-s20000,kaiser-g8,sustained-edge,128,17.72,19.2,19.2,19.2,564024,0,true,5,8,candidate only; not complete A1+B1/plugin callback
96000,iir-p16000-s20000,kaiser-g8,sustained-edge,256,28.2,30.3,30.3,30.3,564024,0,true,5,8,candidate only; not complete A1+B1/plugin callback
96000,iir-p16000-s20000,kaiser-g8,sustained-edge,257,28.28,30.4,30.4,30.4,564024,0,true,5,8,candidate only; not complete A1+B1/plugin callback
96000,iir-p16000-s20000,kaiser-g8,sustained-edge,512,56.04,61,61,61,564024,0,true,5,8,candidate only; not complete A1+B1/plugin callback
96000,iir-p16000-s20000,kaiser-g8,sustained-edge,1024,116.74,125.7,125.7,125.7,564024,0,true,5,8,candidate only; not complete A1+B1/plugin callback
96000,fir129-p16000-s20000,hann-g8,reference,32,7.42,7.5,7.5,7.5,563776,0,true,5,72,candidate only; not complete A1+B1/plugin callback
96000,fir129-p16000-s20000,hann-g8,reference,64,14.84,14.9,14.9,14.9,563776,0,true,5,72,candidate only; not complete A1+B1/plugin callback
96000,fir129-p16000-s20000,hann-g8,reference,128,29.6,29.6,29.6,29.6,563776,0,true,5,72,candidate only; not complete A1+B1/plugin callback
96000,fir129-p16000-s20000,hann-g8,reference,256,64.84,73.4,73.4,73.4,563776,0,true,5,72,candidate only; not complete A1+B1/plugin callback
96000,fir129-p16000-s20000,hann-g8,reference,257,59.4,59.5,59.5,59.5,563776,0,true,5,72,candidate only; not complete A1+B1/plugin callback
96000,fir129-p16000-s20000,hann-g8,reference,512,118.58,119,119,119,563776,0,true,5,72,candidate only; not complete A1+B1/plugin callback
96000,fir129-p16000-s20000,hann-g8,reference,1024,237.12,237.9,237.9,237.9,563776,0,true,5,72,candidate only; not complete A1+B1/plugin callback
96000,fir129-p16000-s20000,hann-g8,edge,32,7.4,7.4,7.4,7.4,563776,0,true,5,72,candidate only; not complete A1+B1/plugin callback
96000,fir129-p16000-s20000,hann-g8,edge,64,14.86,15,15,15,563776,0,true,5,72,candidate only; not complete A1+B1/plugin callback
96000,fir129-p16000-s20000,hann-g8,edge,128,29.62,29.7,29.7,29.7,563776,0,true,5,72,candidate only; not complete A1+B1/plugin callback
96000,fir129-p16000-s20000,hann-g8,edge,256,59.34,59.7,59.7,59.7,563776,0,true,5,72,candidate only; not complete A1+B1/plugin callback
96000,fir129-p16000-s20000,hann-g8,edge,257,64.94,87.1,87.1,87.1,563776,0,true,5,72,candidate only; not complete A1+B1/plugin callback
96000,fir129-p16000-s20000,hann-g8,edge,512,118.24,118.7,118.7,118.7,563776,0,true,5,72,candidate only; not complete A1+B1/plugin callback
96000,fir129-p16000-s20000,hann-g8,edge,1024,242.28,262.8,262.8,262.8,563776,0,true,5,72,candidate only; not complete A1+B1/plugin callback
96000,fir129-p16000-s20000,hann-g8,overlap-reference,32,7.5342,7.5,7.6,31.4,563776,0,true,500,72,candidate only; not complete A1+B1/plugin callback
96000,fir129-p16000-s20000,hann-g8,overlap-reference,64,15.0806,15.1,26.2,29.7,563776,0,true,500,72,candidate only; not complete A1+B1/plugin callback
96000,fir129-p16000-s20000,hann-g8,overlap-reference,128,30.1562,30.4,44.1,50,563776,0,true,500,72,candidate only; not complete A1+B1/plugin callback
96000,fir129-p16000-s20000,hann-g8,overlap-reference,256,60.1864,68.5,78.2,91.5,563776,0,true,500,72,candidate only; not complete A1+B1/plugin callback
96000,fir129-p16000-s20000,hann-g8,overlap-reference,257,60.4012,73.3,76.2,78.2,563776,0,true,500,72,candidate only; not complete A1+B1/plugin callback
96000,fir129-p16000-s20000,hann-g8,overlap-reference,512,120.579,133.4,142,153.7,563776,0,true,500,72,candidate only; not complete A1+B1/plugin callback
96000,fir129-p16000-s20000,hann-g8,overlap-reference,1024,268.6,440.1,460,487.1,563776,0,true,500,72,candidate only; not complete A1+B1/plugin callback
96000,fir129-p16000-s20000,hann-g8,sustained-edge,32,7.42,7.5,7.5,7.5,563776,0,true,5,72,candidate only; not complete A1+B1/plugin callback
96000,fir129-p16000-s20000,hann-g8,sustained-edge,64,14.82,14.9,14.9,14.9,563776,0,true,5,72,candidate only; not complete A1+B1/plugin callback
96000,fir129-p16000-s20000,hann-g8,sustained-edge,128,29.6,29.7,29.7,29.7,563776,0,true,5,72,candidate only; not complete A1+B1/plugin callback
96000,fir129-p16000-s20000,hann-g8,sustained-edge,256,59.16,59.2,59.2,59.2,563776,0,true,5,72,candidate only; not complete A1+B1/plugin callback
96000,fir129-p16000-s20000,hann-g8,sustained-edge,257,59.34,59.4,59.4,59.4,563776,0,true,5,72,candidate only; not complete A1+B1/plugin callback
96000,fir129-p16000-s20000,hann-g8,sustained-edge,512,118.62,120.3,120.3,120.3,563776,0,true,5,72,candidate only; not complete A1+B1/plugin callback
96000,fir129-p16000-s20000,hann-g8,sustained-edge,1024,242.26,263.7,263.7,263.7,563776,0,true,5,72,candidate only; not complete A1+B1/plugin callback
96000,fir129-p16000-s20000,kaiser-g8,reference,32,7.46,7.5,7.5,7.5,563776,0,true,5,72,candidate only; not complete A1+B1/plugin callback
96000,fir129-p16000-s20000,kaiser-g8,reference,64,14.8,14.9,14.9,14.9,563776,0,true,5,72,candidate only; not complete A1+B1/plugin callback
96000,fir129-p16000-s20000,kaiser-g8,reference,128,29.58,29.7,29.7,29.7,563776,0,true,5,72,candidate only; not complete A1+B1/plugin callback
96000,fir129-p16000-s20000,kaiser-g8,reference,256,65.32,75,75,75,563776,0,true,5,72,candidate only; not complete A1+B1/plugin callback
96000,fir129-p16000-s20000,kaiser-g8,reference,257,59.42,59.8,59.8,59.8,563776,0,true,5,72,candidate only; not complete A1+B1/plugin callback
96000,fir129-p16000-s20000,kaiser-g8,reference,512,118.32,118.4,118.4,118.4,563776,0,true,5,72,candidate only; not complete A1+B1/plugin callback
96000,fir129-p16000-s20000,kaiser-g8,reference,1024,237.1,237.5,237.5,237.5,563776,0,true,5,72,candidate only; not complete A1+B1/plugin callback
96000,fir129-p16000-s20000,kaiser-g8,edge,32,7.4,7.4,7.4,7.4,563776,0,true,5,72,candidate only; not complete A1+B1/plugin callback
96000,fir129-p16000-s20000,kaiser-g8,edge,64,14.82,14.9,14.9,14.9,563776,0,true,5,72,candidate only; not complete A1+B1/plugin callback
96000,fir129-p16000-s20000,kaiser-g8,edge,128,29.6,29.7,29.7,29.7,563776,0,true,5,72,candidate only; not complete A1+B1/plugin callback
96000,fir129-p16000-s20000,kaiser-g8,edge,256,59.22,59.6,59.6,59.6,563776,0,true,5,72,candidate only; not complete A1+B1/plugin callback
96000,fir129-p16000-s20000,kaiser-g8,edge,257,59.48,59.8,59.8,59.8,563776,0,true,5,72,candidate only; not complete A1+B1/plugin callback
96000,fir129-p16000-s20000,kaiser-g8,edge,512,121.18,127.9,127.9,127.9,563776,0,true,5,72,candidate only; not complete A1+B1/plugin callback
96000,fir129-p16000-s20000,kaiser-g8,edge,1024,258.54,295.7,295.7,295.7,563776,0,true,5,72,candidate only; not complete A1+B1/plugin callback
96000,fir129-p16000-s20000,kaiser-g8,overlap-reference,32,7.58,7.6,7.8,33.5,563776,0,true,500,72,candidate only; not complete A1+B1/plugin callback
96000,fir129-p16000-s20000,kaiser-g8,overlap-reference,64,15.1204,15.1,15.7,40.9,563776,0,true,500,72,candidate only; not complete A1+B1/plugin callback
96000,fir129-p16000-s20000,kaiser-g8,overlap-reference,128,30.1972,29.9,56.6,76.5,563776,0,true,500,72,candidate only; not complete A1+B1/plugin callback
96000,fir129-p16000-s20000,kaiser-g8,overlap-reference,256,60.1966,59.9,86.7,92.7,563776,0,true,500,72,candidate only; not complete A1+B1/plugin callback
96000,fir129-p16000-s20000,kaiser-g8,overlap-reference,257,60.8562,60.6,91.7,112.1,563776,0,true,500,72,candidate only; not complete A1+B1/plugin callback
96000,fir129-p16000-s20000,kaiser-g8,overlap-reference,512,120.347,145.3,150.9,165.6,563776,0,true,500,72,candidate only; not complete A1+B1/plugin callback
96000,fir129-p16000-s20000,kaiser-g8,overlap-reference,1024,240.912,264.4,276.4,325,563776,0,true,500,72,candidate only; not complete A1+B1/plugin callback
96000,fir129-p16000-s20000,kaiser-g8,sustained-edge,32,7.4,7.4,7.4,7.4,563776,0,true,5,72,candidate only; not complete A1+B1/plugin callback
96000,fir129-p16000-s20000,kaiser-g8,sustained-edge,64,14.82,14.9,14.9,14.9,563776,0,true,5,72,candidate only; not complete A1+B1/plugin callback
96000,fir129-p16000-s20000,kaiser-g8,sustained-edge,128,29.58,29.6,29.6,29.6,563776,0,true,5,72,candidate only; not complete A1+B1/plugin callback
96000,fir129-p16000-s20000,kaiser-g8,sustained-edge,256,64.66,86.8,86.8,86.8,563776,0,true,5,72,candidate only; not complete A1+B1/plugin callback
96000,fir129-p16000-s20000,kaiser-g8,sustained-edge,257,59.98,62.1,62.1,62.1,563776,0,true,5,72,candidate only; not complete A1+B1/plugin callback
96000,fir129-p16000-s20000,kaiser-g8,sustained-edge,512,119.08,119.3,119.3,119.3,563776,0,true,5,72,candidate only; not complete A1+B1/plugin callback
96000,fir129-p16000-s20000,kaiser-g8,sustained-edge,1024,242.4,264.7,264.7,264.7,563776,0,true,5,72,candidate only; not complete A1+B1/plugin callback
96000,iir-p16000-s24000,hann-g8,reference,32,4.1,4.1,4.1,4.1,563384,0,true,5,8,candidate only; not complete A1+B1/plugin callback
96000,iir-p16000-s24000,hann-g8,reference,64,8.26,8.3,8.3,8.3,563384,0,true,5,8,candidate only; not complete A1+B1/plugin callback
96000,iir-p16000-s24000,hann-g8,reference,128,16.44,16.6,16.6,16.6,563384,0,true,5,8,candidate only; not complete A1+B1/plugin callback
96000,iir-p16000-s24000,hann-g8,reference,256,26.96,33,33,33,563384,0,true,5,8,candidate only; not complete A1+B1/plugin callback
96000,iir-p16000-s24000,hann-g8,reference,257,26.9,32.9,32.9,32.9,563384,0,true,5,8,candidate only; not complete A1+B1/plugin callback
96000,iir-p16000-s24000,hann-g8,reference,512,50.3,56.5,56.5,56.5,563384,0,true,5,8,candidate only; not complete A1+B1/plugin callback
96000,iir-p16000-s24000,hann-g8,reference,1024,118.42,126.5,126.5,126.5,563384,0,true,5,8,candidate only; not complete A1+B1/plugin callback
96000,iir-p16000-s24000,hann-g8,edge,32,4.16,4.2,4.2,4.2,563384,0,true,5,8,candidate only; not complete A1+B1/plugin callback
96000,iir-p16000-s24000,hann-g8,edge,64,8.26,8.4,8.4,8.4,563384,0,true,5,8,candidate only; not complete A1+B1/plugin callback
96000,iir-p16000-s24000,hann-g8,edge,128,16.46,16.5,16.5,16.5,563384,0,true,5,8,candidate only; not complete A1+B1/plugin callback
96000,iir-p16000-s24000,hann-g8,edge,256,26.94,32.8,32.8,32.8,563384,0,true,5,8,candidate only; not complete A1+B1/plugin callback
96000,iir-p16000-s24000,hann-g8,edge,257,26.96,32.9,32.9,32.9,563384,0,true,5,8,candidate only; not complete A1+B1/plugin callback
96000,iir-p16000-s24000,hann-g8,edge,512,50.1,56.3,56.3,56.3,563384,0,true,5,8,candidate only; not complete A1+B1/plugin callback
96000,iir-p16000-s24000,hann-g8,edge,1024,112.68,113.1,113.1,113.1,563384,0,true,5,8,candidate only; not complete A1+B1/plugin callback
96000,iir-p16000-s24000,hann-g8,overlap-reference,32,2.9334,3.5,3.7,28.4,563384,0,true,500,8,candidate only; not complete A1+B1/plugin callback
96000,iir-p16000-s24000,hann-g8,overlap-reference,64,5.744,6.5,7.2,36,563384,0,true,500,8,candidate only; not complete A1+B1/plugin callback
96000,iir-p16000-s24000,hann-g8,overlap-reference,128,14.6296,25.5,29.1,38.6,563384,0,true,500,8,candidate only; not complete A1+B1/plugin callback
96000,iir-p16000-s24000,hann-g8,overlap-reference,256,26.6474,48.3,54.1,94.9,563384,0,true,500,8,candidate only; not complete A1+B1/plugin callback
96000,iir-p16000-s24000,hann-g8,overlap-reference,257,26.3368,49.5,51.1,64.5,563384,0,true,500,8,candidate only; not complete A1+B1/plugin callback
96000,iir-p16000-s24000,hann-g8,overlap-reference,512,55.3372,96.9,106.5,126.2,563384,0,true,500,8,candidate only; not complete A1+B1/plugin callback
96000,iir-p16000-s24000,hann-g8,overlap-reference,1024,107.883,195.8,211.6,223.1,563384,0,true,500,8,candidate only; not complete A1+B1/plugin callback
96000,iir-p16000-s24000,hann-g8,sustained-edge,32,6.18,6.4,6.4,6.4,563384,0,true,5,8,candidate only; not complete A1+B1/plugin callback
96000,iir-p16000-s24000,hann-g8,sustained-edge,64,11.08,12.1,12.1,12.1,563384,0,true,5,8,candidate only; not complete A1+B1/plugin callback
96000,iir-p16000-s24000,hann-g8,sustained-edge,128,16.44,26.4,26.4,26.4,563384,0,true,5,8,candidate only; not complete A1+B1/plugin callback
96000,iir-p16000-s24000,hann-g8,sustained-edge,256,22.78,23.9,23.9,23.9,563384,0,true,5,8,candidate only; not complete A1+B1/plugin callback
96000,iir-p16000-s24000,hann-g8,sustained-edge,257,23.04,24.2,24.2,24.2,563384,0,true,5,8,candidate only; not complete A1+B1/plugin callback
96000,iir-p16000-s24000,hann-g8,sustained-edge,512,45.1,47.5,47.5,47.5,563384,0,true,5,8,candidate only; not complete A1+B1/plugin callback
96000,iir-p16000-s24000,hann-g8,sustained-edge,1024,90.08,91.9,91.9,91.9,563384,0,true,5,8,candidate only; not complete A1+B1/plugin callback
96000,iir-p16000-s24000,kaiser-g8,reference,32,4.14,4.2,4.2,4.2,563384,0,true,5,8,candidate only; not complete A1+B1/plugin callback
96000,iir-p16000-s24000,kaiser-g8,reference,64,8.14,8.2,8.2,8.2,563384,0,true,5,8,candidate only; not complete A1+B1/plugin callback
96000,iir-p16000-s24000,kaiser-g8,reference,128,18.4,24,24,24,563384,0,true,5,8,candidate only; not complete A1+B1/plugin callback
96000,iir-p16000-s24000,kaiser-g8,reference,256,26.82,32.6,32.6,32.6,563384,0,true,5,8,candidate only; not complete A1+B1/plugin callback
96000,iir-p16000-s24000,kaiser-g8,reference,257,29.66,35.6,35.6,35.6,563384,0,true,5,8,candidate only; not complete A1+B1/plugin callback
96000,iir-p16000-s24000,kaiser-g8,reference,512,50.14,56.1,56.1,56.1,563384,0,true,5,8,candidate only; not complete A1+B1/plugin callback
96000,iir-p16000-s24000,kaiser-g8,reference,1024,114.18,114.5,114.5,114.5,563384,0,true,5,8,candidate only; not complete A1+B1/plugin callback
96000,iir-p16000-s24000,kaiser-g8,edge,32,4.18,4.2,4.2,4.2,563384,0,true,5,8,candidate only; not complete A1+B1/plugin callback
96000,iir-p16000-s24000,kaiser-g8,edge,64,8.26,8.4,8.4,8.4,563384,0,true,5,8,candidate only; not complete A1+B1/plugin callback
96000,iir-p16000-s24000,kaiser-g8,edge,128,16.38,16.5,16.5,16.5,563384,0,true,5,8,candidate only; not complete A1+B1/plugin callback
96000,iir-p16000-s24000,kaiser-g8,edge,256,27,32.8,32.8,32.8,563384,0,true,5,8,candidate only; not complete A1+B1/plugin callback
96000,iir-p16000-s24000,kaiser-g8,edge,257,27.04,33.1,33.1,33.1,563384,0,true,5,8,candidate only; not complete A1+B1/plugin callback
96000,iir-p16000-s24000,kaiser-g8,edge,512,50.74,57.1,57.1,57.1,563384,0,true,5,8,candidate only; not complete A1+B1/plugin callback
96000,iir-p16000-s24000,kaiser-g8,edge,1024,113.54,114.7,114.7,114.7,563384,0,true,5,8,candidate only; not complete A1+B1/plugin callback
96000,iir-p16000-s24000,kaiser-g8,overlap-reference,32,2.9238,3.6,4.9,17.3,563384,0,true,500,8,candidate only; not complete A1+B1/plugin callback
96000,iir-p16000-s24000,kaiser-g8,overlap-reference,64,5.7332,6.5,7.2,20.3,563384,0,true,500,8,candidate only; not complete A1+B1/plugin callback
96000,iir-p16000-s24000,kaiser-g8,overlap-reference,128,12.7802,16.3,20.7,56.9,563384,0,true,500,8,candidate only; not complete A1+B1/plugin callback
96000,iir-p16000-s24000,kaiser-g8,overlap-reference,256,24.2354,32.6,36.1,51,563384,0,true,500,8,candidate only; not complete A1+B1/plugin callback
96000,iir-p16000-s24000,kaiser-g8,overlap-reference,257,24.3068,32.7,38,49,563384,0,true,500,8,candidate only; not complete A1+B1/plugin callback
96000,iir-p16000-s24000,kaiser-g8,overlap-reference,512,50.309,65.5,75.8,132.6,563384,0,true,500,8,candidate only; not complete A1+B1/plugin callback
96000,iir-p16000-s24000,kaiser-g8,overlap-reference,1024,98.192,130,140.8,155.2,563384,0,true,500,8,candidate only; not complete A1+B1/plugin callback
96000,iir-p16000-s24000,kaiser-g8,sustained-edge,32,6.14,6.2,6.2,6.2,563384,0,true,5,8,candidate only; not complete A1+B1/plugin callback
96000,iir-p16000-s24000,kaiser-g8,sustained-edge,64,13.74,14.4,14.4,14.4,563384,0,true,5,8,candidate only; not complete A1+B1/plugin callback
96000,iir-p16000-s24000,kaiser-g8,sustained-edge,128,20.2,25,25,25,563384,0,true,5,8,candidate only; not complete A1+B1/plugin callback
96000,iir-p16000-s24000,kaiser-g8,sustained-edge,256,22.74,23.7,23.7,23.7,563384,0,true,5,8,candidate only; not complete A1+B1/plugin callback
96000,iir-p16000-s24000,kaiser-g8,sustained-edge,257,29.3,57,57,57,563384,0,true,5,8,candidate only; not complete A1+B1/plugin callback
96000,iir-p16000-s24000,kaiser-g8,sustained-edge,512,45.08,47.9,47.9,47.9,563384,0,true,5,8,candidate only; not complete A1+B1/plugin callback
96000,iir-p16000-s24000,kaiser-g8,sustained-edge,1024,90.08,91.9,91.9,91.9,563384,0,true,5,8,candidate only; not complete A1+B1/plugin callback
96000,fir65-p16000-s24000,hann-g8,reference,32,4.7,4.7,4.7,4.7,563264,0,true,5,40,candidate only; not complete A1+B1/plugin callback
96000,fir65-p16000-s24000,hann-g8,reference,64,9.5,9.5,9.5,9.5,563264,0,true,5,40,candidate only; not complete A1+B1/plugin callback
96000,fir65-p16000-s24000,hann-g8,reference,128,18.92,19,19,19,563264,0,true,5,40,candidate only; not complete A1+B1/plugin callback
96000,fir65-p16000-s24000,hann-g8,reference,256,37.8,37.9,37.9,37.9,563264,0,true,5,40,candidate only; not complete A1+B1/plugin callback
96000,fir65-p16000-s24000,hann-g8,reference,257,38.06,38.2,38.2,38.2,563264,0,true,5,40,candidate only; not complete A1+B1/plugin callback
96000,fir65-p16000-s24000,hann-g8,reference,512,75,75.6,75.6,75.6,563264,0,true,5,40,candidate only; not complete A1+B1/plugin callback
96000,fir65-p16000-s24000,hann-g8,reference,1024,151.44,151.9,151.9,151.9,563264,0,true,5,40,candidate only; not complete A1+B1/plugin callback
96000,fir65-p16000-s24000,hann-g8,edge,32,4.74,4.8,4.8,4.8,563264,0,true,5,40,candidate only; not complete A1+B1/plugin callback
96000,fir65-p16000-s24000,hann-g8,edge,64,9.36,9.4,9.4,9.4,563264,0,true,5,40,candidate only; not complete A1+B1/plugin callback
96000,fir65-p16000-s24000,hann-g8,edge,128,21.6,33,33,33,563264,0,true,5,40,candidate only; not complete A1+B1/plugin callback
96000,fir65-p16000-s24000,hann-g8,edge,256,37.56,37.6,37.6,37.6,563264,0,true,5,40,candidate only; not complete A1+B1/plugin callback
96000,fir65-p16000-s24000,hann-g8,edge,257,37.66,37.8,37.8,37.8,563264,0,true,5,40,candidate only; not complete A1+B1/plugin callback
96000,fir65-p16000-s24000,hann-g8,edge,512,75.32,77.2,77.2,77.2,563264,0,true,5,40,candidate only; not complete A1+B1/plugin callback
96000,fir65-p16000-s24000,hann-g8,edge,1024,155.42,177.3,177.3,177.3,563264,0,true,5,40,candidate only; not complete A1+B1/plugin callback
96000,fir65-p16000-s24000,hann-g8,overlap-reference,32,4.8256,4.8,5.3,30.1,563264,0,true,500,40,candidate only; not complete A1+B1/plugin callback
96000,fir65-p16000-s24000,hann-g8,overlap-reference,64,9.7034,9.6,16.6,42,563264,0,true,500,40,candidate only; not complete A1+B1/plugin callback
96000,fir65-p16000-s24000,hann-g8,overlap-reference,128,19.06,19,22.6,45.7,563264,0,true,500,40,candidate only; not complete A1+B1/plugin callback
96000,fir65-p16000-s24000,hann-g8,overlap-reference,256,38.2708,38.2,65.4,81.4,563264,0,true,500,40,candidate only; not complete A1+B1/plugin callback
96000,fir65-p16000-s24000,hann-g8,overlap-reference,257,38.223,38.5,52.9,60,563264,0,true,500,40,candidate only; not complete A1+B1/plugin callback
96000,fir65-p16000-s24000,hann-g8,overlap-reference,512,77.1914,91.1,103.4,132.4,563264,0,true,500,40,candidate only; not complete A1+B1/plugin callback
96000,fir65-p16000-s24000,hann-g8,overlap-reference,1024,152.766,166.8,186.5,188.1,563264,0,true,500,40,candidate only; not complete A1+B1/plugin callback
96000,fir65-p16000-s24000,hann-g8,sustained-edge,32,4.7,4.7,4.7,4.7,563264,0,true,5,40,candidate only; not complete A1+B1/plugin callback
96000,fir65-p16000-s24000,hann-g8,sustained-edge,64,9.42,9.5,9.5,9.5,563264,0,true,5,40,candidate only; not complete A1+B1/plugin callback
96000,fir65-p16000-s24000,hann-g8,sustained-edge,128,23.42,33.3,33.3,33.3,563264,0,true,5,40,candidate only; not complete A1+B1/plugin callback
96000,fir65-p16000-s24000,hann-g8,sustained-edge,256,37.58,37.9,37.9,37.9,563264,0,true,5,40,candidate only; not complete A1+B1/plugin callback
96000,fir65-p16000-s24000,hann-g8,sustained-edge,257,37.66,38,38,38,563264,0,true,5,40,candidate only; not complete A1+B1/plugin callback
96000,fir65-p16000-s24000,hann-g8,sustained-edge,512,76.1,81,81,81,563264,0,true,5,40,candidate only; not complete A1+B1/plugin callback
96000,fir65-p16000-s24000,hann-g8,sustained-edge,1024,153.58,168.3,168.3,168.3,563264,0,true,5,40,candidate only; not complete A1+B1/plugin callback
96000,fir65-p16000-s24000,kaiser-g8,reference,32,4.7,4.8,4.8,4.8,563264,0,true,5,40,candidate only; not complete A1+B1/plugin callback
96000,fir65-p16000-s24000,kaiser-g8,reference,64,9.4,9.5,9.5,9.5,563264,0,true,5,40,candidate only; not complete A1+B1/plugin callback
96000,fir65-p16000-s24000,kaiser-g8,reference,128,19.26,21.4,21.4,21.4,563264,0,true,5,40,candidate only; not complete A1+B1/plugin callback
96000,fir65-p16000-s24000,kaiser-g8,reference,256,42.92,64.8,64.8,64.8,563264,0,true,5,40,candidate only; not complete A1+B1/plugin callback
96000,fir65-p16000-s24000,kaiser-g8,reference,257,37.64,37.8,37.8,37.8,563264,0,true,5,40,candidate only; not complete A1+B1/plugin callback
96000,fir65-p16000-s24000,kaiser-g8,reference,512,75.04,75.7,75.7,75.7,563264,0,true,5,40,candidate only; not complete A1+B1/plugin callback
96000,fir65-p16000-s24000,kaiser-g8,reference,1024,149.96,150.1,150.1,150.1,563264,0,true,5,40,candidate only; not complete A1+B1/plugin callback
96000,fir65-p16000-s24000,kaiser-g8,edge,32,6.98,8.7,8.7,8.7,563264,0,true,5,40,candidate only; not complete A1+B1/plugin callback
96000,fir65-p16000-s24000,kaiser-g8,edge,64,9.46,9.6,9.6,9.6,563264,0,true,5,40,candidate only; not complete A1+B1/plugin callback
96000,fir65-p16000-s24000,kaiser-g8,edge,128,18.76,18.8,18.8,18.8,563264,0,true,5,40,candidate only; not complete A1+B1/plugin callback
96000,fir65-p16000-s24000,kaiser-g8,edge,256,37.42,37.5,37.5,37.5,563264,0,true,5,40,candidate only; not complete A1+B1/plugin callback
96000,fir65-p16000-s24000,kaiser-g8,edge,257,37.64,37.7,37.7,37.7,563264,0,true,5,40,candidate only; not complete A1+B1/plugin callback
96000,fir65-p16000-s24000,kaiser-g8,edge,512,74.86,75,75,75,563264,0,true,5,40,candidate only; not complete A1+B1/plugin callback
96000,fir65-p16000-s24000,kaiser-g8,edge,1024,149.96,150.3,150.3,150.3,563264,0,true,5,40,candidate only; not complete A1+B1/plugin callback
96000,fir65-p16000-s24000,kaiser-g8,overlap-reference,32,4.796,4.8,5.5,29.4,563264,0,true,500,40,candidate only; not complete A1+B1/plugin callback
96000,fir65-p16000-s24000,kaiser-g8,overlap-reference,64,9.583,9.5,15.3,45,563264,0,true,500,40,candidate only; not complete A1+B1/plugin callback
96000,fir65-p16000-s24000,kaiser-g8,overlap-reference,128,19.0542,19.1,32.7,36,563264,0,true,500,40,candidate only; not complete A1+B1/plugin callback
96000,fir65-p16000-s24000,kaiser-g8,overlap-reference,256,38.6762,42.6,56.3,147.6,563264,0,true,500,40,candidate only; not complete A1+B1/plugin callback
96000,fir65-p16000-s24000,kaiser-g8,overlap-reference,257,38.6308,38.8,59.6,80.4,563264,0,true,500,40,candidate only; not complete A1+B1/plugin callback
96000,fir65-p16000-s24000,kaiser-g8,overlap-reference,512,76.906,89.3,93.3,98.1,563264,0,true,500,40,candidate only; not complete A1+B1/plugin callback
96000,fir65-p16000-s24000,kaiser-g8,overlap-reference,1024,152.546,177.1,183,229,563264,0,true,500,40,candidate only; not complete A1+B1/plugin callback
96000,fir65-p16000-s24000,kaiser-g8,sustained-edge,32,4.72,4.8,4.8,4.8,563264,0,true,5,40,candidate only; not complete A1+B1/plugin callback
96000,fir65-p16000-s24000,kaiser-g8,sustained-edge,64,9.38,9.4,9.4,9.4,563264,0,true,5,40,candidate only; not complete A1+B1/plugin callback
96000,fir65-p16000-s24000,kaiser-g8,sustained-edge,128,18.74,18.8,18.8,18.8,563264,0,true,5,40,candidate only; not complete A1+B1/plugin callback
96000,fir65-p16000-s24000,kaiser-g8,sustained-edge,256,37.46,37.5,37.5,37.5,563264,0,true,5,40,candidate only; not complete A1+B1/plugin callback
96000,fir65-p16000-s24000,kaiser-g8,sustained-edge,257,37.66,38,38,38,563264,0,true,5,40,candidate only; not complete A1+B1/plugin callback
96000,fir65-p16000-s24000,kaiser-g8,sustained-edge,512,74.84,75.2,75.2,75.2,563264,0,true,5,40,candidate only; not complete A1+B1/plugin callback
96000,fir65-p16000-s24000,kaiser-g8,sustained-edge,1024,149.86,150.1,150.1,150.1,563264,0,true,5,40,candidate only; not complete A1+B1/plugin callback
96000,fir129-p16000-s24000,hann-g8,reference,32,7.4,7.4,7.4,7.4,563776,0,true,5,72,candidate only; not complete A1+B1/plugin callback
96000,fir129-p16000-s24000,hann-g8,reference,64,14.82,14.9,14.9,14.9,563776,0,true,5,72,candidate only; not complete A1+B1/plugin callback
96000,fir129-p16000-s24000,hann-g8,reference,128,29.58,29.7,29.7,29.7,563776,0,true,5,72,candidate only; not complete A1+B1/plugin callback
96000,fir129-p16000-s24000,hann-g8,reference,256,64.96,73.9,73.9,73.9,563776,0,true,5,72,candidate only; not complete A1+B1/plugin callback
96000,fir129-p16000-s24000,hann-g8,reference,257,59.44,59.6,59.6,59.6,563776,0,true,5,72,candidate only; not complete A1+B1/plugin callback
96000,fir129-p16000-s24000,hann-g8,reference,512,118.38,118.7,118.7,118.7,563776,0,true,5,72,candidate only; not complete A1+B1/plugin callback
96000,fir129-p16000-s24000,hann-g8,reference,1024,242.76,265.1,265.1,265.1,563776,0,true,5,72,candidate only; not complete A1+B1/plugin callback
96000,fir129-p16000-s24000,hann-g8,edge,32,9.84,14.4,14.4,14.4,563776,0,true,5,72,candidate only; not complete A1+B1/plugin callback
96000,fir129-p16000-s24000,hann-g8,edge,64,14.82,14.9,14.9,14.9,563776,0,true,5,72,candidate only; not complete A1+B1/plugin callback
96000,fir129-p16000-s24000,hann-g8,edge,128,32.52,43.5,43.5,43.5,563776,0,true,5,72,candidate only; not complete A1+B1/plugin callback
96000,fir129-p16000-s24000,hann-g8,edge,256,62.12,73.1,73.1,73.1,563776,0,true,5,72,candidate only; not complete A1+B1/plugin callback
96000,fir129-p16000-s24000,hann-g8,edge,257,59.58,59.9,59.9,59.9,563776,0,true,5,72,candidate only; not complete A1+B1/plugin callback
96000,fir129-p16000-s24000,hann-g8,edge,512,118.5,118.7,118.7,118.7,563776,0,true,5,72,candidate only; not complete A1+B1/plugin callback
96000,fir129-p16000-s24000,hann-g8,edge,1024,237.24,238.1,238.1,238.1,563776,0,true,5,72,candidate only; not complete A1+B1/plugin callback
96000,fir129-p16000-s24000,hann-g8,overlap-reference,32,7.553,7.5,13.2,22.2,563776,0,true,500,72,candidate only; not complete A1+B1/plugin callback
96000,fir129-p16000-s24000,hann-g8,overlap-reference,64,15.078,15,25.9,29.6,563776,0,true,500,72,candidate only; not complete A1+B1/plugin callback
96000,fir129-p16000-s24000,hann-g8,overlap-reference,128,30.2644,30,56.7,76.9,563776,0,true,500,72,candidate only; not complete A1+B1/plugin callback
96000,fir129-p16000-s24000,hann-g8,overlap-reference,256,60.5964,60.6,87,92.9,563776,0,true,500,72,candidate only; not complete A1+B1/plugin callback
96000,fir129-p16000-s24000,hann-g8,overlap-reference,257,61.7434,74.8,94,201.7,563776,0,true,500,72,candidate only; not complete A1+B1/plugin callback
96000,fir129-p16000-s24000,hann-g8,overlap-reference,512,120.992,144.2,152,191.2,563776,0,true,500,72,candidate only; not complete A1+B1/plugin callback
96000,fir129-p16000-s24000,hann-g8,overlap-reference,1024,240.835,264.4,271.8,279.4,563776,0,true,500,72,candidate only; not complete A1+B1/plugin callback
96000,fir129-p16000-s24000,hann-g8,sustained-edge,32,7.42,7.5,7.5,7.5,563776,0,true,5,72,candidate only; not complete A1+B1/plugin callback
96000,fir129-p16000-s24000,hann-g8,sustained-edge,64,14.84,14.9,14.9,14.9,563776,0,true,5,72,candidate only; not complete A1+B1/plugin callback
96000,fir129-p16000-s24000,hann-g8,sustained-edge,128,29.9,30.9,30.9,30.9,563776,0,true,5,72,candidate only; not complete A1+B1/plugin callback
96000,fir129-p16000-s24000,hann-g8,sustained-edge,256,59.56,59.9,59.9,59.9,563776,0,true,5,72,candidate only; not complete A1+B1/plugin callback
96000,fir129-p16000-s24000,hann-g8,sustained-edge,257,62.78,76.3,76.3,76.3,563776,0,true,5,72,candidate only; not complete A1+B1/plugin callback
96000,fir129-p16000-s24000,hann-g8,sustained-edge,512,124.18,144.8,144.8,144.8,563776,0,true,5,72,candidate only; not complete A1+B1/plugin callback
96000,fir129-p16000-s24000,hann-g8,sustained-edge,1024,244.76,270.3,270.3,270.3,563776,0,true,5,72,candidate only; not complete A1+B1/plugin callback
96000,fir129-p16000-s24000,kaiser-g8,reference,32,7.42,7.5,7.5,7.5,563776,0,true,5,72,candidate only; not complete A1+B1/plugin callback
96000,fir129-p16000-s24000,kaiser-g8,reference,64,14.8,14.9,14.9,14.9,563776,0,true,5,72,candidate only; not complete A1+B1/plugin callback
96000,fir129-p16000-s24000,kaiser-g8,reference,128,29.6,29.6,29.6,29.6,563776,0,true,5,72,candidate only; not complete A1+B1/plugin callback
96000,fir129-p16000-s24000,kaiser-g8,reference,256,59.26,59.5,59.5,59.5,563776,0,true,5,72,candidate only; not complete A1+B1/plugin callback
96000,fir129-p16000-s24000,kaiser-g8,reference,257,59.54,59.9,59.9,59.9,563776,0,true,5,72,candidate only; not complete A1+B1/plugin callback
96000,fir129-p16000-s24000,kaiser-g8,reference,512,118.28,118.4,118.4,118.4,563776,0,true,5,72,candidate only; not complete A1+B1/plugin callback
96000,fir129-p16000-s24000,kaiser-g8,reference,1024,236.84,237.4,237.4,237.4,563776,0,true,5,72,candidate only; not complete A1+B1/plugin callback
96000,fir129-p16000-s24000,kaiser-g8,edge,32,7.48,7.5,7.5,7.5,563776,0,true,5,72,candidate only; not complete A1+B1/plugin callback
96000,fir129-p16000-s24000,kaiser-g8,edge,64,14.86,14.9,14.9,14.9,563776,0,true,5,72,candidate only; not complete A1+B1/plugin callback
96000,fir129-p16000-s24000,kaiser-g8,edge,128,29.54,29.6,29.6,29.6,563776,0,true,5,72,candidate only; not complete A1+B1/plugin callback
96000,fir129-p16000-s24000,kaiser-g8,edge,256,59.24,59.4,59.4,59.4,563776,0,true,5,72,candidate only; not complete A1+B1/plugin callback
96000,fir129-p16000-s24000,kaiser-g8,edge,257,59.46,59.7,59.7,59.7,563776,0,true,5,72,candidate only; not complete A1+B1/plugin callback
96000,fir129-p16000-s24000,kaiser-g8,edge,512,118.9,120.8,120.8,120.8,563776,0,true,5,72,candidate only; not complete A1+B1/plugin callback
96000,fir129-p16000-s24000,kaiser-g8,edge,1024,242.34,264.1,264.1,264.1,563776,0,true,5,72,candidate only; not complete A1+B1/plugin callback
96000,fir129-p16000-s24000,kaiser-g8,overlap-reference,32,7.5654,7.6,12.5,24.9,563776,0,true,500,72,candidate only; not complete A1+B1/plugin callback
96000,fir129-p16000-s24000,kaiser-g8,overlap-reference,64,15.0894,15,26.8,32.4,563776,0,true,500,72,candidate only; not complete A1+B1/plugin callback
96000,fir129-p16000-s24000,kaiser-g8,overlap-reference,128,30.093,30,44.2,59,563776,0,true,500,72,candidate only; not complete A1+B1/plugin callback
96000,fir129-p16000-s24000,kaiser-g8,overlap-reference,256,60.4154,73.4,84,108.1,563776,0,true,500,72,candidate only; not complete A1+B1/plugin callback
96000,fir129-p16000-s24000,kaiser-g8,overlap-reference,257,60.4504,59.9,86.9,95.1,563776,0,true,500,72,candidate only; not complete A1+B1/plugin callback
96000,fir129-p16000-s24000,kaiser-g8,overlap-reference,512,121.411,136.3,151,197,563776,0,true,500,72,candidate only; not complete A1+B1/plugin callback
96000,fir129-p16000-s24000,kaiser-g8,overlap-reference,1024,240.678,264.3,271.4,283.7,563776,0,true,500,72,candidate only; not complete A1+B1/plugin callback
96000,fir129-p16000-s24000,kaiser-g8,sustained-edge,32,7.44,7.5,7.5,7.5,563776,0,true,5,72,candidate only; not complete A1+B1/plugin callback
96000,fir129-p16000-s24000,kaiser-g8,sustained-edge,64,14.82,14.9,14.9,14.9,563776,0,true,5,72,candidate only; not complete A1+B1/plugin callback
96000,fir129-p16000-s24000,kaiser-g8,sustained-edge,128,29.56,29.6,29.6,29.6,563776,0,true,5,72,candidate only; not complete A1+B1/plugin callback
96000,fir129-p16000-s24000,kaiser-g8,sustained-edge,256,59.24,59.4,59.4,59.4,563776,0,true,5,72,candidate only; not complete A1+B1/plugin callback
96000,fir129-p16000-s24000,kaiser-g8,sustained-edge,257,59.56,59.9,59.9,59.9,563776,0,true,5,72,candidate only; not complete A1+B1/plugin callback
96000,fir129-p16000-s24000,kaiser-g8,sustained-edge,512,121.9,136.6,136.6,136.6,563776,0,true,5,72,candidate only; not complete A1+B1/plugin callback
96000,fir129-p16000-s24000,kaiser-g8,sustained-edge,1024,240.1,253,253,253,563776,0,true,5,72,candidate only; not complete A1+B1/plugin callback
96000,iir-p18000-s19000,hann-g8,reference,32,14.72,36.6,36.6,36.6,567784,0,true,5,8,candidate only; not complete A1+B1/plugin callback
96000,iir-p18000-s19000,hann-g8,reference,64,16.96,17,17,17,567784,0,true,5,8,candidate only; not complete A1+B1/plugin callback
96000,iir-p18000-s19000,hann-g8,reference,128,39.52,48.4,48.4,48.4,567784,0,true,5,8,candidate only; not complete A1+B1/plugin callback
96000,iir-p18000-s19000,hann-g8,reference,256,71,79.8,79.8,79.8,567784,0,true,5,8,candidate only; not complete A1+B1/plugin callback
96000,iir-p18000-s19000,hann-g8,reference,257,64.28,67.9,67.9,67.9,567784,0,true,5,8,candidate only; not complete A1+B1/plugin callback
96000,iir-p18000-s19000,hann-g8,reference,512,129.92,133.8,133.8,133.8,567784,0,true,5,8,candidate only; not complete A1+B1/plugin callback
96000,iir-p18000-s19000,hann-g8,reference,1024,276.54,301.5,301.5,301.5,567784,0,true,5,8,candidate only; not complete A1+B1/plugin callback
96000,iir-p18000-s19000,hann-g8,edge,32,8.1,8.2,8.2,8.2,567784,0,true,5,8,candidate only; not complete A1+B1/plugin callback
96000,iir-p18000-s19000,hann-g8,edge,64,18.88,30.3,30.3,30.3,567784,0,true,5,8,candidate only; not complete A1+B1/plugin callback
96000,iir-p18000-s19000,hann-g8,edge,128,32.3,32.3,32.3,32.3,567784,0,true,5,8,candidate only; not complete A1+B1/plugin callback
96000,iir-p18000-s19000,hann-g8,edge,256,60.84,64.3,64.3,64.3,567784,0,true,5,8,candidate only; not complete A1+B1/plugin callback
96000,iir-p18000-s19000,hann-g8,edge,257,63.68,71.9,71.9,71.9,567784,0,true,5,8,candidate only; not complete A1+B1/plugin callback
96000,iir-p18000-s19000,hann-g8,edge,512,124.3,128.3,128.3,128.3,567784,0,true,5,8,candidate only; not complete A1+B1/plugin callback
96000,iir-p18000-s19000,hann-g8,edge,1024,257.52,258.4,258.4,258.4,567784,0,true,5,8,candidate only; not complete A1+B1/plugin callback
96000,iir-p18000-s19000,hann-g8,overlap-reference,32,7.5534,8.1,12.7,23.2,567784,0,true,500,8,candidate only; not complete A1+B1/plugin callback
96000,iir-p18000-s19000,hann-g8,overlap-reference,64,15.4406,17.9,32.9,44,567784,0,true,500,8,candidate only; not complete A1+B1/plugin callback
96000,iir-p18000-s19000,hann-g8,overlap-reference,128,30.96,32.6,47.5,60.1,567784,0,true,500,8,candidate only; not complete A1+B1/plugin callback
96000,iir-p18000-s19000,hann-g8,overlap-reference,256,60.9818,72.1,78.8,90.7,567784,0,true,500,8,candidate only; not complete A1+B1/plugin callback
96000,iir-p18000-s19000,hann-g8,overlap-reference,257,61.2542,71.7,79.6,106,567784,0,true,500,8,candidate only; not complete A1+B1/plugin callback
96000,iir-p18000-s19000,hann-g8,overlap-reference,512,123.068,138.6,146.6,174.6,567784,0,true,500,8,candidate only; not complete A1+B1/plugin callback
96000,iir-p18000-s19000,hann-g8,overlap-reference,1024,245.097,272,281.9,293.3,567784,0,true,500,8,candidate only; not complete A1+B1/plugin callback
96000,iir-p18000-s19000,hann-g8,sustained-edge,32,8.08,8.2,8.2,8.2,567784,0,true,5,8,candidate only; not complete A1+B1/plugin callback
96000,iir-p18000-s19000,hann-g8,sustained-edge,64,15.88,16.2,16.2,16.2,567784,0,true,5,8,candidate only; not complete A1+B1/plugin callback
96000,iir-p18000-s19000,hann-g8,sustained-edge,128,30.02,31.9,31.9,31.9,567784,0,true,5,8,candidate only; not complete A1+B1/plugin callback
96000,iir-p18000-s19000,hann-g8,sustained-edge,256,59.98,62.6,62.6,62.6,567784,0,true,5,8,candidate only; not complete A1+B1/plugin callback
96000,iir-p18000-s19000,hann-g8,sustained-edge,257,60.16,62.5,62.5,62.5,567784,0,true,5,8,candidate only; not complete A1+B1/plugin callback
96000,iir-p18000-s19000,hann-g8,sustained-edge,512,119.02,127.8,127.8,127.8,567784,0,true,5,8,candidate only; not complete A1+B1/plugin callback
96000,iir-p18000-s19000,hann-g8,sustained-edge,1024,244.14,274.6,274.6,274.6,567784,0,true,5,8,candidate only; not complete A1+B1/plugin callback
96000,iir-p18000-s20000,hann-g8,reference,32,6.88,7,7,7,565304,0,true,5,8,candidate only; not complete A1+B1/plugin callback
96000,iir-p18000-s20000,hann-g8,reference,64,11.9,12.2,12.2,12.2,565304,0,true,5,8,candidate only; not complete A1+B1/plugin callback
96000,iir-p18000-s20000,hann-g8,reference,128,23.96,24,24,24,565304,0,true,5,8,candidate only; not complete A1+B1/plugin callback
96000,iir-p18000-s20000,hann-g8,reference,256,42.3,47.8,47.8,47.8,565304,0,true,5,8,candidate only; not complete A1+B1/plugin callback
96000,iir-p18000-s20000,hann-g8,reference,257,42.5,48.2,48.2,48.2,565304,0,true,5,8,candidate only; not complete A1+B1/plugin callback
96000,iir-p18000-s20000,hann-g8,reference,512,85.28,97.2,97.2,97.2,565304,0,true,5,8,candidate only; not complete A1+B1/plugin callback
96000,iir-p18000-s20000,hann-g8,reference,1024,173.8,175.4,175.4,175.4,565304,0,true,5,8,candidate only; not complete A1+B1/plugin callback
96000,iir-p18000-s20000,hann-g8,edge,32,5.96,6,6,6,565304,0,true,5,8,candidate only; not complete A1+B1/plugin callback
96000,iir-p18000-s20000,hann-g8,edge,64,14.86,19.5,19.5,19.5,565304,0,true,5,8,candidate only; not complete A1+B1/plugin callback
96000,iir-p18000-s20000,hann-g8,edge,128,22.8,23,23,23,565304,0,true,5,8,candidate only; not complete A1+B1/plugin callback
96000,iir-p18000-s20000,hann-g8,edge,256,44.74,51.7,51.7,51.7,565304,0,true,5,8,candidate only; not complete A1+B1/plugin callback
96000,iir-p18000-s20000,hann-g8,edge,257,42.58,48.4,48.4,48.4,565304,0,true,5,8,candidate only; not complete A1+B1/plugin callback
96000,iir-p18000-s20000,hann-g8,edge,512,82.34,87.2,87.2,87.2,565304,0,true,5,8,candidate only; not complete A1+B1/plugin callback
96000,iir-p18000-s20000,hann-g8,edge,1024,174.24,176.5,176.5,176.5,565304,0,true,5,8,candidate only; not complete A1+B1/plugin callback
96000,iir-p18000-s20000,hann-g8,overlap-reference,32,4.9532,5.5,5.6,29,565304,0,true,500,8,candidate only; not complete A1+B1/plugin callback
96000,iir-p18000-s20000,hann-g8,overlap-reference,64,9.8598,10.9,11.1,37.9,565304,0,true,500,8,candidate only; not complete A1+B1/plugin callback
96000,iir-p18000-s20000,hann-g8,overlap-reference,128,20.52,22.2,43.9,48.8,565304,0,true,500,8,candidate only; not complete A1+B1/plugin callback
96000,iir-p18000-s20000,hann-g8,overlap-reference,256,40.108,44.2,68.2,76.5,565304,0,true,500,8,candidate only; not complete A1+B1/plugin callback
96000,iir-p18000-s20000,hann-g8,overlap-reference,257,51.464,76.1,91,105.5,565304,0,true,500,8,candidate only; not complete A1+B1/plugin callback
96000,iir-p18000-s20000,hann-g8,overlap-reference,512,81.5016,92.3,102.5,181.9,565304,0,true,500,8,candidate only; not complete A1+B1/plugin callback
96000,iir-p18000-s20000,hann-g8,overlap-reference,1024,161.887,180.3,190.7,217.5,565304,0,true,500,8,candidate only; not complete A1+B1/plugin callback
96000,iir-p18000-s20000,hann-g8,sustained-edge,32,5.54,5.6,5.6,5.6,565304,0,true,5,8,candidate only; not complete A1+B1/plugin callback
96000,iir-p18000-s20000,hann-g8,sustained-edge,64,10.74,11,11,11,565304,0,true,5,8,candidate only; not complete A1+B1/plugin callback
96000,iir-p18000-s20000,hann-g8,sustained-edge,128,19.94,21.8,21.8,21.8,565304,0,true,5,8,candidate only; not complete A1+B1/plugin callback
96000,iir-p18000-s20000,hann-g8,sustained-edge,256,39.44,41.7,41.7,41.7,565304,0,true,5,8,candidate only; not complete A1+B1/plugin callback
96000,iir-p18000-s20000,hann-g8,sustained-edge,257,39.32,41.8,41.8,41.8,565304,0,true,5,8,candidate only; not complete A1+B1/plugin callback
96000,iir-p18000-s20000,hann-g8,sustained-edge,512,84.06,105.8,105.8,105.8,565304,0,true,5,8,candidate only; not complete A1+B1/plugin callback
96000,iir-p18000-s20000,hann-g8,sustained-edge,1024,163.1,190.5,190.5,190.5,565304,0,true,5,8,candidate only; not complete A1+B1/plugin callback
96000,iir-p18000-s24000,hann-g8,reference,32,4.34,4.4,4.4,4.4,563624,0,true,5,8,candidate only; not complete A1+B1/plugin callback
96000,iir-p18000-s24000,hann-g8,reference,64,8.66,8.7,8.7,8.7,563624,0,true,5,8,candidate only; not complete A1+B1/plugin callback
96000,iir-p18000-s24000,hann-g8,reference,128,17.04,17.1,17.1,17.1,563624,0,true,5,8,candidate only; not complete A1+B1/plugin callback
96000,iir-p18000-s24000,hann-g8,reference,256,28.66,34.3,34.3,34.3,563624,0,true,5,8,candidate only; not complete A1+B1/plugin callback
96000,iir-p18000-s24000,hann-g8,reference,257,31.62,38.4,38.4,38.4,563624,0,true,5,8,candidate only; not complete A1+B1/plugin callback
96000,iir-p18000-s24000,hann-g8,reference,512,50.56,52.4,52.4,52.4,563624,0,true,5,8,candidate only; not complete A1+B1/plugin callback
96000,iir-p18000-s24000,hann-g8,reference,1024,119.28,133.6,133.6,133.6,563624,0,true,5,8,candidate only; not complete A1+B1/plugin callback
96000,iir-p18000-s24000,hann-g8,edge,32,4.84,5,5,5,563624,0,true,5,8,candidate only; not complete A1+B1/plugin callback
96000,iir-p18000-s24000,hann-g8,edge,64,9.96,10,10,10,563624,0,true,5,8,candidate only; not complete A1+B1/plugin callback
96000,iir-p18000-s24000,hann-g8,edge,128,19.42,19.6,19.6,19.6,563624,0,true,5,8,candidate only; not complete A1+B1/plugin callback
96000,iir-p18000-s24000,hann-g8,edge,256,31.04,39.5,39.5,39.5,563624,0,true,5,8,candidate only; not complete A1+B1/plugin callback
96000,iir-p18000-s24000,hann-g8,edge,257,30.92,39.1,39.1,39.1,563624,0,true,5,8,candidate only; not complete A1+B1/plugin callback
96000,iir-p18000-s24000,hann-g8,edge,512,50.2,51.3,51.3,51.3,563624,0,true,5,8,candidate only; not complete A1+B1/plugin callback
96000,iir-p18000-s24000,hann-g8,edge,1024,113.36,119.7,119.7,119.7,563624,0,true,5,8,candidate only; not complete A1+B1/plugin callback
96000,iir-p18000-s24000,hann-g8,overlap-reference,32,3.1592,3.5,3.8,27.7,563624,0,true,500,8,candidate only; not complete A1+B1/plugin callback
96000,iir-p18000-s24000,hann-g8,overlap-reference,64,6.2608,6.8,10.3,21.4,563624,0,true,500,8,candidate only; not complete A1+B1/plugin callback
96000,iir-p18000-s24000,hann-g8,overlap-reference,128,13.6246,17.2,26.2,38.6,563624,0,true,500,8,candidate only; not complete A1+B1/plugin callback
96000,iir-p18000-s24000,hann-g8,overlap-reference,256,26.6044,38.5,50.3,61.6,563624,0,true,500,8,candidate only; not complete A1+B1/plugin callback
96000,iir-p18000-s24000,hann-g8,overlap-reference,257,26.7028,41.1,50.8,63.7,563624,0,true,500,8,candidate only; not complete A1+B1/plugin callback
96000,iir-p18000-s24000,hann-g8,overlap-reference,512,54.3168,74.1,84.6,163.7,563624,0,true,500,8,candidate only; not complete A1+B1/plugin callback
96000,iir-p18000-s24000,hann-g8,overlap-reference,1024,105.574,136.8,150.5,172.9,563624,0,true,500,8,candidate only; not complete A1+B1/plugin callback
96000,iir-p18000-s24000,hann-g8,sustained-edge,32,4.88,5,5,5,563624,0,true,5,8,candidate only; not complete A1+B1/plugin callback
96000,iir-p18000-s24000,hann-g8,sustained-edge,64,9.16,9.7,9.7,9.7,563624,0,true,5,8,candidate only; not complete A1+B1/plugin callback
96000,iir-p18000-s24000,hann-g8,sustained-edge,128,14.16,20.6,20.6,20.6,563624,0,true,5,8,candidate only; not complete A1+B1/plugin callback
96000,iir-p18000-s24000,hann-g8,sustained-edge,256,24.72,25.8,25.8,25.8,563624,0,true,5,8,candidate only; not complete A1+B1/plugin callback
96000,iir-p18000-s24000,hann-g8,sustained-edge,257,27.34,36.8,36.8,36.8,563624,0,true,5,8,candidate only; not complete A1+B1/plugin callback
96000,iir-p18000-s24000,hann-g8,sustained-edge,512,52.1,63.6,63.6,63.6,563624,0,true,5,8,candidate only; not complete A1+B1/plugin callback
96000,iir-p18000-s24000,hann-g8,sustained-edge,1024,99.82,101.7,101.7,101.7,563624,0,true,5,8,candidate only; not complete A1+B1/plugin callback
96000,fir129-p18000-s24000,hann-g8,reference,32,7.46,7.5,7.5,7.5,563776,0,true,5,72,candidate only; not complete A1+B1/plugin callback
96000,fir129-p18000-s24000,hann-g8,reference,64,14.82,14.9,14.9,14.9,563776,0,true,5,72,candidate only; not complete A1+B1/plugin callback
96000,fir129-p18000-s24000,hann-g8,reference,128,29.68,29.8,29.8,29.8,563776,0,true,5,72,candidate only; not complete A1+B1/plugin callback
96000,fir129-p18000-s24000,hann-g8,reference,256,59.36,59.6,59.6,59.6,563776,0,true,5,72,candidate only; not complete A1+B1/plugin callback
96000,fir129-p18000-s24000,hann-g8,reference,257,60.16,62.7,62.7,62.7,563776,0,true,5,72,candidate only; not complete A1+B1/plugin callback
96000,fir129-p18000-s24000,hann-g8,reference,512,123.84,146,146,146,563776,0,true,5,72,candidate only; not complete A1+B1/plugin callback
96000,fir129-p18000-s24000,hann-g8,reference,1024,237.32,238.9,238.9,238.9,563776,0,true,5,72,candidate only; not complete A1+B1/plugin callback
96000,fir129-p18000-s24000,hann-g8,edge,32,7.42,7.5,7.5,7.5,563776,0,true,5,72,candidate only; not complete A1+B1/plugin callback
96000,fir129-p18000-s24000,hann-g8,edge,64,14.8,14.8,14.8,14.8,563776,0,true,5,72,candidate only; not complete A1+B1/plugin callback
96000,fir129-p18000-s24000,hann-g8,edge,128,35.26,58,58,58,563776,0,true,5,72,candidate only; not complete A1+B1/plugin callback
96000,fir129-p18000-s24000,hann-g8,edge,256,59.28,59.5,59.5,59.5,563776,0,true,5,72,candidate only; not complete A1+B1/plugin callback
96000,fir129-p18000-s24000,hann-g8,edge,257,62.96,77.1,77.1,77.1,563776,0,true,5,72,candidate only; not complete A1+B1/plugin callback
96000,fir129-p18000-s24000,hann-g8,edge,512,121.36,132.1,132.1,132.1,563776,0,true,5,72,candidate only; not complete A1+B1/plugin callback
96000,fir129-p18000-s24000,hann-g8,edge,1024,241.96,254.7,254.7,254.7,563776,0,true,5,72,candidate only; not complete A1+B1/plugin callback
96000,fir129-p18000-s24000,hann-g8,overlap-reference,32,7.5562,7.6,11.6,21.9,563776,0,true,500,72,candidate only; not complete A1+B1/plugin callback
96000,fir129-p18000-s24000,hann-g8,overlap-reference,64,15.081,15.1,25.5,29.1,563776,0,true,500,72,candidate only; not complete A1+B1/plugin callback
96000,fir129-p18000-s24000,hann-g8,overlap-reference,128,30.1884,30.1,56.5,57.7,563776,0,true,500,72,candidate only; not complete A1+B1/plugin callback
96000,fir129-p18000-s24000,hann-g8,overlap-reference,256,60.8548,74.2,86.7,99.9,563776,0,true,500,72,candidate only; not complete A1+B1/plugin callback
96000,fir129-p18000-s24000,hann-g8,overlap-reference,257,60.5186,70,78.2,91.6,563776,0,true,500,72,candidate only; not complete A1+B1/plugin callback
96000,fir129-p18000-s24000,hann-g8,overlap-reference,512,120.656,133.4,143.4,176.8,563776,0,true,500,72,candidate only; not complete A1+B1/plugin callback
96000,fir129-p18000-s24000,hann-g8,overlap-reference,1024,253.768,438.9,447.7,460.7,563776,0,true,500,72,candidate only; not complete A1+B1/plugin callback
96000,fir129-p18000-s24000,hann-g8,sustained-edge,32,7.98,10.2,10.2,10.2,563776,0,true,5,72,candidate only; not complete A1+B1/plugin callback
96000,fir129-p18000-s24000,hann-g8,sustained-edge,64,14.8,14.9,14.9,14.9,563776,0,true,5,72,candidate only; not complete A1+B1/plugin callback
96000,fir129-p18000-s24000,hann-g8,sustained-edge,128,33.42,48.7,48.7,48.7,563776,0,true,5,72,candidate only; not complete A1+B1/plugin callback
96000,fir129-p18000-s24000,hann-g8,sustained-edge,256,59.34,59.6,59.6,59.6,563776,0,true,5,72,candidate only; not complete A1+B1/plugin callback
96000,fir129-p18000-s24000,hann-g8,sustained-edge,257,64.42,84,84,84,563776,0,true,5,72,candidate only; not complete A1+B1/plugin callback
96000,fir129-p18000-s24000,hann-g8,sustained-edge,512,123.74,145.5,145.5,145.5,563776,0,true,5,72,candidate only; not complete A1+B1/plugin callback
96000,fir129-p18000-s24000,hann-g8,sustained-edge,1024,243.5,269.7,269.7,269.7,563776,0,true,5,72,candidate only; not complete A1+B1/plugin callback
