rate,conditioner,profile,source,relative_rms_error,peak_normalized_error,spectral_magnitude_relative_error,finite,peak_ratio,first_nonzero_shift_samples,engineering_latency_removed
44100,iir-p16000-s18000,reference,A1,1.2176174094986287,1.683497354805686,0.030203578454221378,True,1.03600375798415,0,0
44100,iir-p16000-s18000,reference,B1,0.6480682872707718,0.6351009179820931,0.0026866362323651684,True,1.0065052022130527,0,0
44100,iir-p16000-s18000,reference,AB,1.2164894944644535,1.683497354805686,0.030164829488091197,True,1.03600375798415,0,0
44100,iir-p16000-s18000,edge,A1,1.1346112096667318,1.1019126707354228,0.4731962441439334,True,0.9359515338326765,0,0
44100,iir-p16000-s18000,edge,B1,1.082254599725271,1.0387465598908785,0.8775299291045559,True,0.22477320388612912,0,0
44100,iir-p16000-s18000,edge,AB,1.1346112028296296,1.1019126707354228,0.47319631829591774,True,0.9359515338326765,0,0
44100,iir-p16000-s18000,overlap-reference,A1,0.4064603741033435,0.40881273581872724,0.00424770758948145,True,1.0006157844619992,0,0
44100,iir-p16000-s18000,overlap-reference,B1,0.6480682872554057,0.6351009177018283,0.0026866342504814956,True,1.0065051732116679,0,0
44100,iir-p16000-s18000,overlap-reference,AB,0.40646233106731333,0.40881273581872724,0.004247669476677498,True,1.0006157844619992,0,0
44100,iir-p16000-s18000,sustained-edge,A1,1.7000586831574747,1.8512260299119603,0.23212821849473114,True,1.072950984308792,0,0
44100,iir-p16000-s18000,sustained-edge,B1,1.0822546028745483,1.0387465581946047,0.8775299281990966,True,0.22477321169834413,0,0
44100,iir-p16000-s18000,sustained-edge,AB,1.7000599119482314,1.8512260299119603,0.2321272292012947,True,1.072950984308792,0,0
44100,fir17-p16000-s18000,reference,A1,0.027911327411610898,0.08494980112728552,0.027912565976484324,True,1.0241886904400663,0,8
44100,fir17-p16000-s18000,reference,B1,0.0023058030424123444,0.01145074284381115,0.002305925851767785,True,1.0003168453434081,0,8
44100,fir17-p16000-s18000,reference,AB,0.02787549288679648,0.08494980112728552,0.02787671526034538,True,1.0241886904400663,0,8
44100,fir17-p16000-s18000,edge,A1,0.3551475713647999,0.41259256891129653,0.35515176604213883,True,0.9346708777897096,0,8
44100,fir17-p16000-s18000,edge,B1,0.6358114049444674,0.49748152857546524,0.635814595963914,True,0.5025184714245348,0,8
44100,fir17-p16000-s18000,edge,AB,0.35514762370573366,0.41259256891129653,0.35515181393966605,True,0.9346708777897096,0,8
44100,fir17-p16000-s18000,overlap-reference,A1,0.0037663374382106434,0.008816208768163426,0.0037665121268043605,True,1.0001078754813513,0,8
44100,fir17-p16000-s18000,overlap-reference,B1,0.002305802308518244,0.011450738972586217,0.002305925118741787,True,1.000316832787307,0,8
44100,fir17-p16000-s18000,overlap-reference,AB,0.0037663305433734665,0.008816208768163426,0.0037665057549135473,True,1.0001078754813513,0,8
44100,fir17-p16000-s18000,sustained-edge,A1,0.19767670757903005,0.14891747119828624,0.1976803117143983,True,1.036150796253638,0,8
44100,fir17-p16000-s18000,sustained-edge,B1,0.6358114028343964,0.49748151591687273,0.6358145938534525,True,0.5025184840831273,0,8
44100,fir17-p16000-s18000,sustained-edge,AB,0.19767649465054288,0.14891747119828624,0.19768010043075745,True,1.036150796253638,0,8
44100,fir33-p16000-s18000,reference,A1,0.02660870971756165,0.07552952012524196,0.02660154582727513,True,1.0277089612450534,0,16
44100,fir33-p16000-s18000,reference,B1,0.002445701613828781,0.011204920348315769,0.002444899898592384,True,1.0013055719677675,0,16
44100,fir33-p16000-s18000,reference,AB,0.026574603460917945,0.07552952012524196,0.026567433719565305,True,1.0277089612450534,0,16
44100,fir33-p16000-s18000,edge,A1,0.38349047767765615,0.41296406519026163,0.38335647855176286,True,0.950839579016551,0,16
44100,fir33-p16000-s18000,edge,B1,0.7267025243163205,0.5262898493050746,0.726575185817131,True,0.4894701893561996,0,16
44100,fir33-p16000-s18000,edge,AB,0.38349054408476985,0.41296406519026163,0.38335654092844884,True,0.950839579016551,0,16
44100,fir33-p16000-s18000,overlap-reference,A1,0.003716815351848458,0.008752867147669173,0.00371585265138217,True,0.9996015059246207,0,16
44100,fir33-p16000-s18000,overlap-reference,B1,0.0024457003477088043,0.011204913799220024,0.002444898628297758,True,1.0013055587771558,0,16
44100,fir33-p16000-s18000,overlap-reference,AB,0.00371681694830188,0.008752867147669173,0.003715855131185462,True,0.9996015059246207,0,16
44100,fir33-p16000-s18000,sustained-edge,A1,0.1932816660308472,0.1490515560371185,0.19323228001670825,True,1.0413690173318513,0,16
44100,fir33-p16000-s18000,sustained-edge,B1,0.7267025224965828,0.5262898371198153,0.7265751840046986,True,0.48947020172052025,0,16
44100,fir33-p16000-s18000,sustained-edge,AB,0.19328146038461858,0.1490515560371185,0.19323207895243827,True,1.0413690173318513,0,16
44100,fir65-p16000-s18000,reference,A1,0.027323638925135375,0.07388652435147702,0.027316820848499748,True,1.028548469064922,0,32
44100,fir65-p16000-s18000,reference,B1,0.0025281047502322225,0.011243383717515678,0.002527455584758019,True,1.0019558667233783,0,32
44100,fir65-p16000-s18000,reference,AB,0.027288620275541017,0.07388652435147702,0.027281796179493677,True,1.028548469064922,0,32
44100,fir65-p16000-s18000,edge,A1,0.4121974013648271,0.43779830576338485,0.41210891822888623,True,0.9552067912266818,0,32
44100,fir65-p16000-s18000,edge,B1,0.7979632379892926,0.5717408169695315,0.7977471724092919,True,0.5324109340873405,0,32
44100,fir65-p16000-s18000,edge,AB,0.4121974770602669,0.43779830576338485,0.4121089902889633,True,0.9552067912266818,0,32
44100,fir65-p16000-s18000,overlap-reference,A1,0.003802675368252873,0.008613280843564839,0.00380176724409861,True,0.9989690252548037,0,32
44100,fir65-p16000-s18000,overlap-reference,B1,0.002528102997081723,0.011243375899658133,0.00252745383138156,True,1.001955852735268,0,32
44100,fir65-p16000-s18000,overlap-reference,AB,0.003802711184402287,0.008613280843564839,0.003801803551379147,True,0.9989690252548037,0,32
44100,fir65-p16000-s18000,sustained-edge,A1,0.1986620958562538,0.15801500346650466,0.198617230506112,True,1.0427313233674165,0,32
44100,fir65-p16000-s18000,sustained-edge,B1,0.7979632367179904,0.5717408044519905,0.7977471711378594,True,0.532410923174425,0,32
44100,fir65-p16000-s18000,sustained-edge,AB,0.19866169831881764,0.15801500346650466,0.19861683153292706,True,1.0427313233674165,0,32
44100,fir129-p16000-s18000,reference,A1,0.027958574478513427,0.07376510636141732,0.02795499850312608,True,1.0290360424050158,0,64
44100,fir129-p16000-s18000,reference,B1,0.002569759193866825,0.011151647952109902,0.002569442636144188,True,1.0023978929165485,0,64
44100,fir129-p16000-s18000,reference,AB,0.02792273800200172,0.07376510636141732,0.02791915195909479,True,1.0290360424050158,0,64
44100,fir129-p16000-s18000,edge,A1,0.43031902540246125,0.4542604186373703,0.43022250654436583,True,0.9565109905573058,0,64
44100,fir129-p16000-s18000,edge,B1,0.8297776990651389,0.5882307883477469,0.8295628217896553,True,0.5491475675671614,0,64
44100,fir129-p16000-s18000,edge,AB,0.43031910358204783,0.4542604186373703,0.43022258196410984,True,0.9565109905573058,0,64
44100,fir129-p16000-s18000,overlap-reference,A1,0.0038819151224365545,0.008676560058205699,0.003881378816491788,True,0.9989844397776781,0,64
44100,fir129-p16000-s18000,overlap-reference,B1,0.002569757272446102,0.011151639875426514,0.002569440717493158,True,1.0023978785739482,0,64
44100,fir129-p16000-s18000,overlap-reference,AB,0.0038819506188318134,0.008676560058205699,0.003881414740838212,True,0.9989844397776781,0,64
44100,fir129-p16000-s18000,sustained-edge,A1,0.20463374791693043,0.1639566912467775,0.20459644830842924,True,1.0433080140956574,0,64
44100,fir129-p16000-s18000,sustained-edge,B1,0.8297776980267948,0.5882307755854986,0.8295628207502243,True,0.549147556356236,0,64
44100,fir129-p16000-s18000,sustained-edge,AB,0.20463273582697242,0.1639566912467775,0.20459543688182835,True,1.0433080140956574,0,64
44100,iir-p16000-s19000,reference,A1,0.7347493889722312,0.9350294713187584,0.027243174200807307,True,1.0928210204067024,0,0
44100,iir-p16000-s19000,reference,B1,0.3521106324097301,0.36566898192749653,0.002518240928755957,True,1.0122472665229316,0,0
44100,iir-p16000-s19000,reference,AB,0.7340178188375988,0.9350294713187584,0.02720824324320812,True,1.0928210204067024,0,0
44100,iir-p16000-s19000,edge,A1,1.6102058300693383,1.6502797826326498,0.4107230408071883,True,0.9195396805891458,0,0
44100,iir-p16000-s19000,edge,B1,1.123277321186952,1.197527258763286,0.794926797738717,True,0.3160073114597672,0,0
44100,iir-p16000-s19000,edge,AB,1.610205774822372,1.6502797826326498,0.41072311251084187,True,0.9195396805891458,0,0
44100,iir-p16000-s19000,overlap-reference,A1,0.2230115953438273,0.22919364123063032,0.003779603536527988,True,1.0014496899201801,0,0
44100,iir-p16000-s19000,overlap-reference,B1,0.35211063236377793,0.36566898664831565,0.002518239203825524,True,1.012247231092942,0,0
44100,iir-p16000-s19000,overlap-reference,AB,0.223013173842269,0.22919364123063032,0.003779638163589087,True,1.0014496899201801,0,0
44100,iir-p16000-s19000,sustained-edge,A1,1.3624495195934838,1.4158073813565413,0.19727379106406065,True,0.9341800197626622,0,0
44100,iir-p16000-s19000,sustained-edge,B1,1.123277321771107,1.1975272472000709,0.7949267964434351,True,0.31600730666318244,0,0
44100,iir-p16000-s19000,sustained-edge,AB,1.3624507793488894,1.4158073813565413,0.19727322483329968,True,0.9341800197626622,0,0
44100,fir17-p16000-s19000,reference,A1,0.024154607183656796,0.07362559291117479,0.02415601093440777,True,1.023655581844385,0,8
44100,fir17-p16000-s19000,reference,B1,0.0021276934814620048,0.01018935337798433,0.002127824628030045,True,1.0003048401418004,0,8
44100,fir17-p16000-s19000,reference,AB,0.024123624999199792,0.07362559291117479,0.02412501119407605,True,1.023655581844385,0,8
44100,fir17-p16000-s19000,edge,A1,0.3116165147887547,0.35853007122554004,0.31162134512500106,True,0.9412121678428285,0,8
44100,fir17-p16000-s19000,edge,B1,0.5624052078415837,0.4331321442768515,0.5624092599909971,True,0.5668678557231486,0,8
44100,fir17-p16000-s19000,edge,AB,0.3116165618017474,0.35853007122554004,0.3116213870344966,True,0.9412121678428285,0,8
44100,fir17-p16000-s19000,overlap-reference,A1,0.0033071471815077622,0.0078801881768372,0.0033073456678301798,True,1.0000654718862518,0,8
44100,fir17-p16000-s19000,overlap-reference,B1,0.002127692988789822,0.01018934992571578,0.0021278241362661515,True,1.0003048291260492,0,8
44100,fir17-p16000-s19000,overlap-reference,AB,0.0033071414933226535,0.0078801881768372,0.003307340576918386,True,1.0000654718862518,0,8
44100,fir17-p16000-s19000,sustained-edge,A1,0.1696870396898269,0.12940463710507577,0.16969124077162845,True,1.0352444636539808,0,8
44100,fir17-p16000-s19000,sustained-edge,B1,0.5624052052861369,0.4331321326009219,0.5624092574350401,True,0.5668678673990781,0,8
44100,fir17-p16000-s19000,sustained-edge,AB,0.16968685504877073,0.12940463710507577,0.1696910580294038,True,1.0352444636539808,0,8
44100,fir33-p16000-s19000,reference,A1,0.02397854422738351,0.06564020169451605,0.02397504326974465,True,1.0266977027225888,0,16
44100,fir33-p16000-s19000,reference,B1,0.0023034255551405763,0.009927863872246643,0.0023030330823772104,True,1.001176011060945,0,16
44100,fir33-p16000-s19000,reference,AB,0.023947833425617907,0.06564020169451605,0.023944320824245306,True,1.0266977027225888,0,16
44100,fir33-p16000-s19000,edge,A1,0.3268667526688013,0.3406263401375573,0.32683754386844627,True,0.9571312996374182,0,16
44100,fir33-p16000-s19000,edge,B1,0.6234324844701759,0.4549439691228832,0.6233912773691866,True,0.5838891158290898,0,16
44100,fir33-p16000-s19000,edge,AB,0.3268668102948416,0.3406263401375573,0.3268375965973646,True,0.9571312996374182,0,16
44100,fir33-p16000-s19000,overlap-reference,A1,0.0033333648270218643,0.007863202143262795,0.003332924842545262,True,0.9994834260552641,0,16
44100,fir33-p16000-s19000,overlap-reference,B1,0.002303424839249893,0.00992785881615569,0.0023030323672695446,True,1.00117599983726,0,16
44100,fir33-p16000-s19000,overlap-reference,AB,0.003333363661556032,0.007863202143262795,0.0033329242688455215,True,0.9994834260552641,0,16
44100,fir33-p16000-s19000,sustained-edge,A1,0.16464686098009754,0.12294262371269878,0.16462727173338196,True,1.0398837912707832,0,16
44100,fir33-p16000-s19000,sustained-edge,B1,0.6234324817738199,0.4549439581790403,0.6233912746736162,True,0.5838891270508376,0,16
44100,fir33-p16000-s19000,sustained-edge,AB,0.16464671405494216,0.12294262371269878,0.16462712624989434,True,1.0398837912707832,0,16
44100,fir65-p16000-s19000,reference,A1,0.024716136230599404,0.06445066963365557,0.02471178350181049,True,1.0279396563143144,0,32
44100,fir65-p16000-s19000,reference,B1,0.0023634074424457195,0.009907905908159122,0.002362957480794725,True,1.0022128841564693,0,32
44100,fir65-p16000-s19000,reference,AB,0.024684478053387752,0.06445066963365557,0.02468011499534064,True,1.0279396563143144,0,32
44100,fir65-p16000-s19000,edge,A1,0.3456581685498776,0.3528378698629965,0.34559353764502904,True,0.9616477249211363,0,32
44100,fir65-p16000-s19000,edge,B1,0.6881547636178051,0.4839014636148478,0.6880000282764251,True,0.5883644812643,0,32
44100,fir65-p16000-s19000,edge,AB,0.34565823701345205,0.3528378698629965,0.3455936014803141,True,0.9616477249211363,0,32
44100,fir65-p16000-s19000,overlap-reference,A1,0.0034167695273447348,0.007819444501201697,0.003416174388976381,True,0.9994542317491725,0,32
44100,fir65-p16000-s19000,overlap-reference,B1,0.002363406279182299,0.009907899859458712,0.0023629563182846224,True,1.0022128725782102,0,32
44100,fir65-p16000-s19000,overlap-reference,AB,0.0034168161609434886,0.007819444501201697,0.003416221707884993,True,0.9994542317491725,0,32
44100,fir65-p16000-s19000,sustained-edge,A1,0.16949793361284332,0.12735014407427359,0.16946550069974714,True,1.0415758397161212,0,32
44100,fir65-p16000-s19000,sustained-edge,B1,0.6881547615004303,0.48390145270661356,0.688000026159974,True,0.588364492136609,0,32
44100,fir65-p16000-s19000,sustained-edge,AB,0.16949830170265748,0.12735014407427359,0.16946587387100825,True,1.0415758397161212,0,32
44100,fir129-p16000-s19000,reference,A1,0.025246781175642344,0.06406219280815184,0.025242835168947406,True,1.0279213135710261,0,64
44100,fir129-p16000-s19000,reference,B1,0.0024088063985003533,0.009957784297506994,0.0024083519181524364,True,1.0021894391722095,0,64
44100,fir129-p16000-s19000,reference,AB,0.02521444199068568,0.06406219280815184,0.025210485940703787,True,1.0279213135710261,0,64
44100,fir129-p16000-s19000,edge,A1,0.36207270337177494,0.37786201208984554,0.3619868429071901,True,0.9625647846880925,0,64
44100,fir129-p16000-s19000,edge,B1,0.7278383722344829,0.49916492493438147,0.7276256378874866,True,0.584963367151341,0,64
44100,fir129-p16000-s19000,edge,AB,0.3620727769596725,0.37786201208984554,0.36198691319862447,True,0.9625647846880925,0,64
44100,fir129-p16000-s19000,overlap-reference,A1,0.0034915665782512977,0.0077641447787490225,0.003490917185110271,True,0.9990559332440503,0,64
44100,fir129-p16000-s19000,overlap-reference,B1,0.0024088048762465966,0.009957777676322483,0.002408350398002926,True,1.0021894271297582,0,64
44100,fir129-p16000-s19000,overlap-reference,AB,0.0034916468009606617,0.0077641447787490225,0.0034909978840163016,True,0.9990559332440503,0,64
44100,fir129-p16000-s19000,sustained-edge,A1,0.1747376307029437,0.136382136728594,0.17469855760562839,True,1.0416979172435792,0,64
44100,fir129-p16000-s19000,sustained-edge,B1,0.7278383705066223,0.499164913975991,0.7276256361591984,True,0.5849633779168414,0,64
44100,fir129-p16000-s19000,sustained-edge,AB,0.17473834419752624,0.136382136728594,0.17469927156500398,True,1.0416979172435792,0,64
44100,iir-p16000-s20000,reference,A1,0.5171231951760569,0.5818688689721936,0.0245516257052242,True,1.0342376577896153,0,0
44100,iir-p16000-s20000,reference,B1,0.2187507741813861,0.24345781401045372,0.002342712265795847,True,1.0028239085035893,0,0
44100,iir-p16000-s20000,reference,AB,0.5165743940673918,0.5818688689721936,0.02452016111907081,True,1.0342376577896153,0,0
44100,iir-p16000-s20000,edge,A1,1.432802170937038,1.4219428572742812,0.34293030652906353,True,0.8102461776991757,0,0
44100,iir-p16000-s20000,edge,B1,1.0618900675892762,1.2775280719856534,0.6755205451978057,True,0.40290606418482866,0,0
44100,iir-p16000-s20000,edge,AB,1.4328021277742016,1.4219428572742812,0.3429303678876457,True,0.8102461776991757,0,0
44100,iir-p16000-s20000,overlap-reference,A1,0.14097263644325617,0.15726631756630677,0.0033914209423973065,True,1.003345727320324,0,0
44100,iir-p16000-s20000,overlap-reference,B1,0.2187507742748336,0.24345782127291474,0.002342711184838574,True,1.002823875502683,0,0
44100,iir-p16000-s20000,overlap-reference,AB,0.1409737551314881,0.15726631756630677,0.0033914573948054336,True,1.003345727320324,0,0
44100,iir-p16000-s20000,sustained-edge,A1,1.2768445737967913,0.9563754940951275,0.16854052807454153,True,1.0430483196653157,0,0
44100,iir-p16000-s20000,sustained-edge,B1,1.0618900688775967,1.2775280500147872,0.675520542985079,True,0.40290606129961026,0,0
44100,iir-p16000-s20000,sustained-edge,AB,1.2768466562145486,0.9563754940951275,0.16854068574595668,True,1.0430483196653157,0,0
44100,fir17-p16000-s20000,reference,A1,0.021116210293284574,0.06296024553891354,0.02111774666853499,True,1.0225315368049737,0,8
44100,fir17-p16000-s20000,reference,B1,0.00194514723134231,0.008987182824077044,0.0019452850717171617,True,1.000203394972412,0,8
44100,fir17-p16000-s20000,reference,AB,0.021089145178901057,0.06296024553891354,0.021090662904878807,True,1.0225315368049737,0,8
44100,fir17-p16000-s20000,edge,A1,0.26926865056903754,0.3053686956378889,0.2692741263658925,True,0.9452980583334757,0,8
44100,fir17-p16000-s20000,edge,B1,0.4872380587042348,0.36971043591682545,0.48724301902695016,True,0.6302895640831745,0,8
44100,fir17-p16000-s20000,edge,AB,0.2692686914979986,0.3053686956378889,0.269274161520852,True,0.9452980583334757,0,8
44100,fir17-p16000-s20000,overlap-reference,A1,0.0029054996004363363,0.006984237917007381,0.0029057183913387815,True,1.0000066025599919,0,8
44100,fir17-p16000-s20000,overlap-reference,B1,0.001945146985873417,0.008987179935002615,0.0019452848271818788,True,1.0002033854641037,0,8
44100,fir17-p16000-s20000,overlap-reference,AB,0.00290549488289442,0.006984237917007381,0.0029057143345126843,True,1.0000066025599919,0,8
44100,fir17-p16000-s20000,sustained-edge,A1,0.1449311390388043,0.11021704591089632,0.14493591261200817,True,1.0334591826606443,0,8
44100,fir17-p16000-s20000,sustained-edge,B1,0.48723805573317386,0.3697104252401562,0.4872430160552561,True,0.6302895747598438,0,8
44100,fir17-p16000-s20000,sustained-edge,AB,0.14493098153716497,0.11021704591089632,0.14493575725336058,True,1.0334591826606443,0,8
44100,fir33-p16000-s20000,reference,A1,0.02170931572424516,0.056835113141959735,0.021703387423247372,True,1.0254288203679207,0,16
44100,fir33-p16000-s20000,reference,B1,0.0021132441200141174,0.008796339177099263,0.00211259160475118,True,1.0010413763028472,0,16
44100,fir33-p16000-s20000,reference,AB,0.021681518219568013,0.056835113141959735,0.02167558021422946,True,1.0254288203679207,0,16
44100,fir33-p16000-s20000,edge,A1,0.2740710988011674,0.27852401735093474,0.27405685668821567,True,0.9607497888750254,0,16
44100,fir33-p16000-s20000,edge,B1,0.5116958720124134,0.37439572291713125,0.5116707963991013,True,0.6736082408872462,0,16
44100,fir33-p16000-s20000,edge,AB,0.27407114433460367,0.27852401735093474,0.27405689617239104,True,0.9607497888750254,0,16
44100,fir33-p16000-s20000,overlap-reference,A1,0.0029813729974864805,0.006909244319753338,0.0029806009959558507,True,0.9998615403661382,0,16
44100,fir33-p16000-s20000,overlap-reference,B1,0.0021132439661628983,0.008796335946602965,0.002112591454806533,True,1.0010413671860985,0,16
44100,fir33-p16000-s20000,overlap-reference,AB,0.0029813626034360338,0.006909244319753338,0.002980590826036943,True,0.9998615403661382,0,16
44100,fir33-p16000-s20000,sustained-edge,A1,0.14154574949622828,0.10052796724321443,0.1415178186279674,True,1.0379272690835355,0,16
44100,fir33-p16000-s20000,sustained-edge,B1,0.5116958682362042,0.3743957131050648,0.5116707926248628,True,0.67360825115917,0,16
44100,fir33-p16000-s20000,sustained-edge,AB,0.14154560308831757,0.10052796724321443,0.14151767277006896,True,1.0379272690835355,0,16
44100,fir65-p16000-s20000,reference,A1,0.022511881091677663,0.055857659842309094,0.022508807892852777,True,1.0262929290790574,0,32
44100,fir65-p16000-s20000,reference,B1,0.002196469080588911,0.008773802752247414,0.0021961285292290867,True,1.0016001139725943,0,32
44100,fir65-p16000-s20000,reference,AB,0.022483057235239964,0.055857659842309094,0.022479971003991614,True,1.0262929290790574,0,32
44100,fir65-p16000-s20000,edge,A1,0.28178033147829107,0.2977446806077609,0.2817441288072333,True,0.9648540095792053,0,32
44100,fir65-p16000-s20000,edge,B1,0.5488439281254699,0.3771465723095922,0.5488167258979288,True,0.7106380889367322,0,32
44100,fir65-p16000-s20000,edge,AB,0.2817803840941673,0.2977446806077609,0.2817441755819823,True,0.9648540095792053,0,32
44100,fir65-p16000-s20000,overlap-reference,A1,0.0030919918534730107,0.0068568537224652035,0.0030915671169553984,True,0.9999116236281582,0,32
44100,fir65-p16000-s20000,overlap-reference,B1,0.0021964687850783106,0.008773799428050176,0.0021961282356123845,True,1.001600105196571,0,32
44100,fir65-p16000-s20000,overlap-reference,AB,0.0030919779933227935,0.0068568537224652035,0.0030915540754831617,True,0.9999116236281582,0,32
44100,fir65-p16000-s20000,sustained-edge,A1,0.1458013776492526,0.1074653037502843,0.1457794898216561,True,1.0391907471285529,0,32
44100,fir65-p16000-s20000,sustained-edge,B1,0.5488439245456117,0.37714656405955965,0.5488167223192597,True,0.7106380984231846,0,32
44100,fir65-p16000-s20000,sustained-edge,AB,0.1458014307141642,0.1074653037502843,0.1457795442914184,True,1.0391907471285529,0,32
44100,fir129-p16000-s20000,reference,A1,0.022987671036167036,0.05562872427032732,0.02298488754694077,True,1.0264464819183088,0,64
44100,fir129-p16000-s20000,reference,B1,0.0022422048096072556,0.008767509682752712,0.002241902535796262,True,1.0016874839156686,0,64
44100,fir129-p16000-s20000,reference,AB,0.02295823781248459,0.05562872427032732,0.022955441659971505,True,1.0264464819183088,0,64
44100,fir129-p16000-s20000,edge,A1,0.29195226250606476,0.31345471229977573,0.2919039234521809,True,0.9658497891440897,0,64
44100,fir129-p16000-s20000,edge,B1,0.5854395297019835,0.3929122238736699,0.5853166972688264,True,0.7234367109372573,0,64
44100,fir129-p16000-s20000,edge,AB,0.2919523214554338,0.31345471229977573,0.29190397743170987,True,0.9658497891440897,0,64
44100,fir129-p16000-s20000,overlap-reference,A1,0.00316513301307201,0.006853664088406919,0.003164709809315455,True,0.9998447109843968,0,64
44100,fir129-p16000-s20000,overlap-reference,B1,0.002242204396561293,0.0087675061698833,0.002241902124540463,True,1.0016874756437153,0,64
44100,fir129-p16000-s20000,overlap-reference,AB,0.003165143502065737,0.006853664088406919,0.003164720974754939,True,0.9998447109843968,0,64
44100,fir129-p16000-s20000,sustained-edge,A1,0.14997108448911606,0.11313554214417476,0.14994609124624836,True,1.0394273370624199,0,64
44100,fir129-p16000-s20000,sustained-edge,B1,0.5854395264974187,0.39291221558325595,0.585316694064178,True,0.7234367201756913,0,64
44100,fir129-p16000-s20000,sustained-edge,AB,0.1499716812345052,0.11313554214417476,0.14994669127815646,True,1.0394273370624199,0,64
44100,iir-p16000-s21609,reference,A1,0.24031265034650307,0.3649400455062465,0.019350029277126663,True,1.0586122474951944,0,0
44100,iir-p16000-s21609,reference,B1,0.08847497479179238,0.11925729878324778,0.0019148063619075653,True,1.0060737759847878,0,0
44100,iir-p16000-s21609,reference,AB,0.24004412984506585,0.3649400455062465,0.019325241669828595,True,1.0586122474951944,0,0
44100,iir-p16000-s21609,edge,A1,1.138818020131429,1.3104216775259592,0.2193862698084898,True,0.8545439753868458,0,0
44100,iir-p16000-s21609,edge,B1,1.581876013680452,1.3120461491250957,0.3807320517578109,True,0.6284408218920285,0,0
44100,iir-p16000-s21609,edge,AB,1.138818090876169,1.3104216775259592,0.2193862914779856,True,0.8545439753868458,0,0
44100,iir-p16000-s21609,overlap-reference,A1,0.058579343854808875,0.07547238389621426,0.0026369989691874484,True,0.9971643953819077,0,0
44100,iir-p16000-s21609,overlap-reference,B1,0.0884749746943434,0.1192572940737826,0.0019148067918820222,True,1.006073718736752,0,0
44100,iir-p16000-s21609,overlap-reference,AB,0.05857981340257108,0.07547238389621426,0.0026369759685938845,True,0.9971643953819077,0,0
44100,iir-p16000-s21609,sustained-edge,A1,0.8469182057709407,0.4729718710282351,0.11946999972569003,True,1.0522030459905212,0,0
44100,iir-p16000-s21609,sustained-edge,B1,1.581876016907867,1.3120461615681787,0.38073204635857805,True,0.6284408048208419,0,0
44100,iir-p16000-s21609,sustained-edge,AB,0.8469187018694658,0.4729718710282351,0.11946973824109289,True,1.0522030459905212,0,0
44100,fir17-p16000-s21609,reference,A1,0.0170357489243267,0.04753056067959648,0.017037381552600678,True,1.0196482954216823,0,8
44100,fir17-p16000-s21609,reference,B1,0.0016437208665669365,0.007133191886949797,0.0016438614270500797,True,0.9999813610365128,0,8
44100,fir17-p16000-s21609,reference,AB,0.01701393199074616,0.04753056067959648,0.01701554537524773,True,1.0196482954216823,0,8
44100,fir17-p16000-s21609,edge,A1,0.2056826287477356,0.22522557647188432,0.20568893808532898,True,0.947180958822994,0,8
44100,fir17-p16000-s21609,edge,B1,0.36909731685227015,0.28656816351934533,0.36910359346921306,True,0.7264877523559706,0,8
44100,fir17-p16000-s21609,edge,AB,0.20568265926905252,0.22522557647188432,0.20568896196802808,True,0.947180958822994,0,8
44100,fir17-p16000-s21609,overlap-reference,A1,0.0023373619431788437,0.005577773171463826,0.002337597989111718,True,0.9999424143352567,0,8
44100,fir17-p16000-s21609,overlap-reference,B1,0.0016437209525885256,0.0071331900389315145,0.0016438615139909027,True,0.9999813538278037,0,8
44100,fir17-p16000-s21609,overlap-reference,AB,0.002337358454938888,0.005577773171463826,0.0023375952162083893,True,0.9999424143352567,0,8
44100,fir17-p16000-s21609,sustained-edge,A1,0.11104948589071657,0.08129090553438273,0.11105490355192303,True,1.0291118497175213,0,8
44100,fir17-p16000-s21609,sustained-edge,B1,0.3690973133891616,0.2865681550124818,0.36910359000530296,True,0.7264877613301803,0,8
44100,fir17-p16000-s21609,sustained-edge,AB,0.11104936555539756,0.08129090553438273,0.1110547856324337,True,1.0291118497175213,0,8
44100,fir33-p16000-s21609,reference,A1,0.018407739327632736,0.043870760730753834,0.01840686332556822,True,1.0223889931329573,0,16
44100,fir33-p16000-s21609,reference,B1,0.0018580340495987853,0.007052648212767188,0.0018579078518036946,True,1.0004129568369526,0,16
44100,fir33-p16000-s21609,reference,AB,0.01838418627012932,0.043870760730753834,0.018383291646755864,True,1.0223889931329573,0,16
44100,fir33-p16000-s21609,edge,A1,0.20275322267625362,0.1974918465598074,0.20274665838574318,True,0.9609340675143919,0,16
44100,fir33-p16000-s21609,edge,B1,0.3454042697897146,0.25491494594711506,0.3453941015676769,True,0.7877653322380864,0,16
44100,fir33-p16000-s21609,edge,AB,0.20275324845256343,0.1974918465598074,0.20274667563126259,True,0.9609340675143919,0,16
44100,fir33-p16000-s21609,overlap-reference,A1,0.002526619318215529,0.005394677981878415,0.0025265414881099125,True,1.0005136231778955,0,16
44100,fir33-p16000-s21609,overlap-reference,B1,0.0018580345457433931,0.007052647743273148,0.001857908349054805,True,1.0004129507917454,0,16
44100,fir33-p16000-s21609,overlap-reference,AB,0.002526612666374806,0.005394677981878415,0.0025265358295557916,True,1.0005136231778955,0,16
44100,fir33-p16000-s21609,sustained-edge,A1,0.11217406122156356,0.07128094192615782,0.11216778352172432,True,1.0332583151638932,0,16
44100,fir33-p16000-s21609,sustained-edge,B1,0.3454042641710067,0.2549149386319702,0.34539409595029,True,0.787765341424158,0,16
44100,fir33-p16000-s21609,sustained-edge,AB,0.11217390755015226,0.07128094192615782,0.11216763364407269,True,1.0332583151638932,0,16
44100,fir65-p16000-s21609,reference,A1,0.019317980794797525,0.04323892113030323,0.019313807484240005,True,1.0228910873089303,0,32
44100,fir65-p16000-s21609,reference,B1,0.001923737400332419,0.006898201258338215,0.00192329915126648,True,1.0002414024713653,0,32
44100,fir65-p16000-s21609,reference,AB,0.01929325627677903,0.04323892113030323,0.019289069462156982,True,1.0228910873089303,0,32
44100,fir65-p16000-s21609,edge,A1,0.21312687852804663,0.200721738441739,0.21307222135132328,True,0.9644546116020021,0,32
44100,fir65-p16000-s21609,edge,B1,0.33999322371671686,0.22636087471287164,0.33990029086061574,True,0.8312750778477945,0,32
44100,fir65-p16000-s21609,edge,AB,0.21312690053377978,0.200721738441739,0.21307223546516857,True,0.9644546116020021,0,32
44100,fir65-p16000-s21609,overlap-reference,A1,0.002628415177965891,0.005481071253196463,0.0026279055393844497,True,1.0008294388593106,0,32
44100,fir65-p16000-s21609,overlap-reference,B1,0.0019237381097963425,0.006898202164229247,0.001923299861064142,True,1.0002413971411064,0,32
44100,fir65-p16000-s21609,overlap-reference,AB,0.0026283560171012892,0.005481071253196463,0.002627847063464197,True,1.0008294388593106,0,32
44100,fir65-p16000-s21609,sustained-edge,A1,0.11744342393927791,0.07244671068275244,0.11741580035735827,True,1.033986883767799,0,32
44100,fir65-p16000-s21609,sustained-edge,B1,0.33999321686984524,0.22636086820120907,0.33990028401421957,True,0.8312750867030707,0,32
44100,fir65-p16000-s21609,sustained-edge,AB,0.11744286827791096,0.07244671068275244,0.11741524620560125,True,1.033986883767799,0,32
44100,fir129-p16000-s21609,reference,A1,0.019815425569358676,0.04307601779518801,0.019812116493160063,True,1.0228366821892678,0,64
44100,fir129-p16000-s21609,reference,B1,0.0019759737581809323,0.006943001224392591,0.0019756167930530225,True,1.0000307216263797,0,64
44100,fir129-p16000-s21609,reference,AB,0.019790065082255788,0.04307601779518801,0.01978674123851016,True,1.0228366821892678,0,64
44100,fir129-p16000-s21609,edge,A1,0.21641760325007384,0.19202790881627949,0.21635066290466504,True,0.9652018033202121,0,64
44100,fir129-p16000-s21609,edge,B1,0.3416548080113711,0.20832113888181364,0.34158524601103624,True,0.8541312862692647,0,64
44100,fir129-p16000-s21609,edge,AB,0.21641762483445157,0.19202790881627949,0.21635067663343233,True,0.9652018033202121,0,64
44100,fir129-p16000-s21609,overlap-reference,A1,0.0027001223078574298,0.005443145760948911,0.0026996638312540983,True,1.0008115935314668,0,64
44100,fir129-p16000-s21609,overlap-reference,B1,0.001975974308964371,0.006943002303228867,0.0019756173447667176,True,1.0000307158780355,0,64
44100,fir129-p16000-s21609,overlap-reference,AB,0.002700025072544288,0.005443145760948911,0.002699567461783553,True,1.0008115935314668,0,64
44100,fir129-p16000-s21609,sustained-edge,A1,0.12031733358760423,0.06930883776766283,0.12028919531217853,True,1.0340358868665824,0,64
44100,fir129-p16000-s21609,sustained-edge,B1,0.3416548010055416,0.20832113425542434,0.3415852390072628,True,0.8541312947208602,0,64
44100,fir129-p16000-s21609,sustained-edge,AB,0.12031647657363323,0.06930883776766283,0.12028834042106157,True,1.0340358868665824,0,64
44100,iir-p18000-s19000,reference,A1,1.1693325939218853,1.6422427174761085,0.02201307565671061,True,0.9998397362132395,0,0
44100,iir-p18000-s19000,reference,B1,0.6147375384227711,0.6097473609167698,0.0021566229444687506,True,1.016921174173487,0,0
44100,iir-p18000-s19000,reference,AB,1.168238966564828,1.6422427174761085,0.021984875516918342,True,0.9998397362132395,0,0
44100,iir-p18000-s19000,edge,A1,1.3010379718940592,1.1376023718389787,0.25911891111306645,True,0.8430433194611818,0,0
44100,iir-p18000-s19000,edge,B1,1.3014819181962218,1.0472812963230858,0.500832137130939,True,0.3699857001498753,0,0
44100,iir-p18000-s19000,edge,AB,1.3010379719588197,1.1376023718389787,0.25911895199477464,True,0.8430433194611818,0,0
44100,iir-p18000-s19000,overlap-reference,A1,0.38563955226593283,0.387447359077139,0.0030116825140895625,True,0.9982394614424506,0,0
44100,iir-p18000-s19000,overlap-reference,B1,0.6147375384060897,0.6097473715446075,0.0021566232942436428,True,1.0169211442407577,0,0
44100,iir-p18000-s19000,overlap-reference,AB,0.3856414839569844,0.387447359077139,0.003011636064467138,True,0.9982394614424506,0,0
44100,iir-p18000-s19000,sustained-edge,A1,1.7057609231395496,1.8652580971357953,0.1387862566167153,True,1.0741017098944163,0,0
44100,iir-p18000-s19000,sustained-edge,B1,1.3014819205364445,1.0472812942228886,0.5008321328064274,True,0.369985701514944,0,0
44100,iir-p18000-s19000,sustained-edge,AB,1.7057599659034424,1.8652580971357953,0.13878576169151147,True,1.0741017098944163,0,0
44100,fir17-p18000-s19000,reference,A1,0.01851202346825296,0.05311285306928509,0.01851364007538274,True,1.02088090038475,0,8
44100,fir17-p18000-s19000,reference,B1,0.0017603833617743298,0.007826729107367666,0.0017605243394617591,True,1.0000633686715905,0,8
44100,fir17-p18000-s19000,reference,AB,0.018488309546692387,0.05311285306928509,0.018489906924364998,True,1.02088090038475,0,8
44100,fir17-p18000-s19000,edge,A1,0.22897665232156078,0.2545463793672195,0.22898269920748368,True,0.9471157185705564,0,8
44100,fir17-p18000-s19000,edge,B1,0.41293359859421497,0.3180850688587251,0.4129394243166472,True,0.6911956399287056,0,8
44100,fir17-p18000-s19000,edge,AB,0.2289766867888784,0.2545463793672195,0.228982727307962,True,0.9471157185705564,0,8
44100,fir17-p18000-s19000,overlap-reference,A1,0.0025448266169916015,0.006108401512182805,0.0025450590012706274,True,0.9999583727976478,0,8
44100,fir17-p18000-s19000,overlap-reference,B1,0.0017603833373393176,0.007826726860572484,0.0017605243159605779,True,1.0000633606146,0,8
44100,fir17-p18000-s19000,overlap-reference,AB,0.0025448227030071143,0.006108401512182805,0.0025450557907595304,True,0.9999583727976478,0,8
44100,fir17-p18000-s19000,sustained-edge,A1,0.1231206384891507,0.09187369380821338,0.12312587329997292,True,1.0309449151296717,0,8
44100,fir17-p18000-s19000,sustained-edge,B1,0.412933595280711,0.31808505968519724,0.41293942100239744,True,0.6911956495657722,0,8
44100,fir17-p18000-s19000,sustained-edge,AB,0.12312050504307455,0.09187369380821338,0.12312574219301653,True,1.0309449151296717,0,8
44100,fir33-p18000-s19000,reference,A1,0.01963402090104189,0.04863022897582335,0.019631411116735734,True,1.0237476808786052,0,16
44100,fir33-p18000-s19000,reference,B1,0.001953629007093149,0.007726902746798183,0.001953324231815632,True,1.0007610332280872,0,16
44100,fir33-p18000-s19000,reference,AB,0.01960889148552589,0.04863022897582335,0.019606266286632198,True,1.0237476808786052,0,16
44100,fir33-p18000-s19000,edge,A1,0.22777104299095693,0.22594411367852615,0.22776076108464902,True,0.9616798910214984,0,16
44100,fir33-p18000-s19000,edge,B1,0.4040519643384483,0.29516107941127684,0.40403130861703673,True,0.7499111499444422,0,16
44100,fir33-p18000-s19000,edge,AB,0.22777107567309235,0.22594411367852615,0.2277607862588873,True,0.9616798910214984,0,16
44100,fir33-p18000-s19000,overlap-reference,A1,0.0026918198754528663,0.005945233991289492,0.0026915067389571144,True,1.0003692322869628,0,16
44100,fir33-p18000-s19000,overlap-reference,B1,0.0019536293141319445,0.007726901319492458,0.0019533245367519894,True,1.0007610261121362,0,16
44100,fir33-p18000-s19000,overlap-reference,AB,0.00269180788853252,0.005945233991289492,0.0026914954714927345,True,1.0003692322869628,0,16
44100,fir33-p18000-s19000,sustained-edge,A1,0.12246848656192288,0.08155024893645615,0.12245447529167605,True,1.035318510289092,0,16
44100,fir33-p18000-s19000,sustained-edge,B1,0.4040519593892005,0.2951610705208043,0.40403130367069984,True,0.7499111594921183,0,16
44100,fir33-p18000-s19000,sustained-edge,AB,0.12246832012059279,0.08155024893645615,0.12245431124994174,True,1.035318510289092,0,16
44100,fir65-p18000-s19000,reference,A1,0.020504700011367265,0.047829255186888825,0.02050058231354889,True,1.0241410630419412,0,32
44100,fir65-p18000-s19000,reference,B1,0.0020300609740699525,0.007669245965166453,0.002029600255611448,True,1.0006507109559983,0,32
44100,fir65-p18000-s19000,reference,AB,0.020478453601367547,0.047829255186888825,0.020474322875856252,True,1.0241410630419412,0,32
44100,fir65-p18000-s19000,edge,A1,0.23361841543794162,0.2387424942942854,0.23354855829035517,True,0.9652625376302926,0,32
44100,fir65-p18000-s19000,edge,B1,0.40804625198866334,0.279233999510608,0.40796568789984766,True,0.8008788547806229,0,32
44100,fir65-p18000-s19000,edge,AB,0.23361844745821497,0.2387424942942854,0.23354858290769465,True,0.9652625376302926,0,32
44100,fir65-p18000-s19000,overlap-reference,A1,0.002800792074004156,0.005915997445265478,0.002800232121606298,True,1.0003958973582716,0,32
44100,fir65-p18000-s19000,overlap-reference,B1,0.002030061379048399,0.007669245498993517,0.002029600661136882,True,1.0006507045032418,0,32
44100,fir65-p18000-s19000,overlap-reference,AB,0.002800725564285498,0.005915997445265478,0.002800166314662513,True,1.0003958973582716,0,32
44100,fir65-p18000-s19000,sustained-edge,A1,0.1269564049506178,0.08616958239016896,0.1269254542607741,True,1.0360065707285966,0,32
44100,fir65-p18000-s19000,sustained-edge,B1,0.4080462463788765,0.27923399258686876,0.40796568229303487,True,0.8008788636087015,0,32
44100,fir65-p18000-s19000,sustained-edge,AB,0.12695580768509,0.08616958239016896,0.12692486077557455,True,1.0360065707285966,0,32
44100,fir129-p18000-s19000,reference,A1,0.020994791368085654,0.047687650129380976,0.02099072835597234,True,1.0245465725093055,0,64
44100,fir129-p18000-s19000,reference,B1,0.002079429930072747,0.007595918878144084,0.0020790147469888875,True,1.0009257993286163,0,64
44100,fir129-p18000-s19000,reference,AB,0.0209679178488779,0.047687650129380976,0.020963842541683174,True,1.0245465725093055,0,64
44100,fir129-p18000-s19000,edge,A1,0.23652422087293806,0.23378420796796914,0.23646465253951854,True,0.9664104909301887,0,64
44100,fir129-p18000-s19000,edge,B1,0.42421124284308037,0.27170638662051966,0.424138382281804,True,0.8270996688158433,0,64
44100,fir129-p18000-s19000,edge,AB,0.23652425591538517,0.23378420796796914,0.23646468087068456,True,0.9664104909301887,0,64
44100,fir129-p18000-s19000,overlap-reference,A1,0.002872861018876275,0.0059545685212158755,0.0028723513355769733,True,1.0007824323560237,0,64
44100,fir129-p18000-s19000,overlap-reference,B1,0.0020794302314815407,0.007595919136200764,0.002079015047931377,True,1.0009257932908837,0,64
44100,fir129-p18000-s19000,overlap-reference,AB,0.0028727758027214116,0.0059545685212158755,0.0028722669334597614,True,1.0007824323560237,0,64
44100,fir129-p18000-s19000,sustained-edge,A1,0.1299597770960495,0.08437998299461079,0.12993128318696315,True,1.0364758218301702,0,64
44100,fir129-p18000-s19000,sustained-edge,B1,0.42421123742777067,0.271706381140015,0.42413837686798467,True,0.8270996771691972,0,64
44100,fir129-p18000-s19000,sustained-edge,AB,0.12995870372946902,0.08437998299461079,0.12993021241252403,True,1.0364758218301702,0,64
44100,iir-p18000-s20000,reference,A1,0.5717636504529642,0.6508344973551886,0.020182730635628966,True,1.0540522146983258,0,0
44100,iir-p18000-s20000,reference,B1,0.24989447349206428,0.277742814158636,0.002002634301480679,True,1.0029257873559068,0,0
44100,iir-p18000-s20000,reference,AB,0.5711657932212737,0.6508344973551886,0.020156879149802787,True,1.0540522146983258,0,0
44100,iir-p18000-s20000,edge,A1,1.5121723342198847,1.5924443872306473,0.22274031708102393,True,0.7703928056286397,0,0
44100,iir-p18000-s20000,edge,B1,1.237404487064647,1.274377684949207,0.3717505790662368,True,0.5472112277644257,0,0
44100,iir-p18000-s20000,edge,AB,1.5121723008281711,1.5924443872306473,0.2227403359628226,True,0.7703928056286397,0,0
44100,iir-p18000-s20000,overlap-reference,A1,0.16025388513010813,0.17782057851623184,0.002750543502645271,True,1.0046306354918115,0,0
44100,iir-p18000-s20000,overlap-reference,B1,0.2498944735314346,0.27774282086709934,0.00200263475815267,True,1.0029257594344656,0,0
44100,iir-p18000-s20000,overlap-reference,AB,0.16025513369245767,0.17782057851623184,0.002750453534623336,True,1.0046306354918115,0,0
44100,iir-p18000-s20000,sustained-edge,A1,1.318458342611525,1.1058704888929378,0.12343350542485398,True,1.0233313918711542,0,0
44100,iir-p18000-s20000,sustained-edge,B1,1.237404488822659,1.2743776654823178,0.3717505727332721,True,0.547211213458205,0,0
44100,iir-p18000-s20000,sustained-edge,AB,1.3184611138563758,1.1058704888929378,0.12343250864457557,True,1.0233313918711542,0,0
44100,fir17-p18000-s20000,reference,A1,0.0161069100794089,0.04410493098648737,0.016108538055142625,True,1.0187757300793927,0,8
44100,fir17-p18000-s20000,reference,B1,0.0015657651033568422,0.006691395061154707,0.0015659043564938287,True,0.9999354032958793,0,8
44100,fir17-p18000-s20000,reference,AB,0.01608628559144712,0.04410493098648737,0.016087894471739566,True,1.0187757300793927,0,8
44100,fir17-p18000-s20000,edge,A1,0.1912535024037838,0.20715915427702153,0.19125992893422294,True,0.9468284710754503,0,8
44100,fir17-p18000-s20000,edge,B1,0.34175764951038534,0.2664602708321034,0.3417641644200071,True,0.7482929833423307,0,8
44100,fir17-p18000-s20000,edge,AB,0.19125353043768586,0.20715915427702153,0.19125995020870892,True,0.9468284710754503,0,8
44100,fir17-p18000-s20000,overlap-reference,A1,0.0022066804348305257,0.005236809848135722,0.002206916639367005,True,0.9999385801364762,0,8
44100,fir17-p18000-s20000,overlap-reference,B1,0.0015657652484729453,0.00669139346276634,0.0015659045025135884,True,0.9999353966157373,0,8
44100,fir17-p18000-s20000,overlap-reference,AB,0.0022066771978787973,0.005236809848135722,0.0022069141186480054,True,0.9999385801364762,0,8
44100,fir17-p18000-s20000,sustained-edge,A1,0.1036927790691107,0.07477017273130589,0.10369826176390928,True,1.02782801256125,0,8
44100,fir17-p18000-s20000,sustained-edge,B1,0.34175764598265934,0.26646026276321927,0.3417641608914517,True,0.7482929918763674,0,8
44100,fir17-p18000-s20000,sustained-edge,AB,0.10369266664739296,0.07477017273130589,0.10369815178437276,True,1.02782801256125,0,8
44100,fir33-p18000-s20000,reference,A1,0.017620004803077478,0.04090781871311872,0.017616195538016622,True,1.0213652576246117,0,16
44100,fir33-p18000-s20000,reference,B1,0.0017797904857729716,0.006602636521058579,0.0017793653341996551,True,1.0001140700968774,0,16
44100,fir33-p18000-s20000,reference,AB,0.017597459998455255,0.04090781871311872,0.017593635261588397,True,1.0213652576246117,0,16
44100,fir33-p18000-s20000,edge,A1,0.18771248009361516,0.1781693649232332,0.1876888441361337,True,0.9599537401199715,0,16
44100,fir33-p18000-s20000,edge,B1,0.311471889488271,0.23199893795315976,0.3114410964191,True,0.8085893146076218,0,16
44100,fir33-p18000-s20000,edge,AB,0.18771250209014903,0.1781693649232332,0.1876888569265904,True,0.9599537401199715,0,16
44100,fir33-p18000-s20000,overlap-reference,A1,0.0024100539962247044,0.00506233244694104,0.00240956489828957,True,1.0005022954681253,0,16
44100,fir33-p18000-s20000,overlap-reference,B1,0.0017797910701075408,0.006602636580915167,0.0017793659189062824,True,1.000114064660438,0,16
44100,fir33-p18000-s20000,overlap-reference,AB,0.0024100522033564525,0.00506233244694104,0.002409564384352544,True,1.0005022954681253,0,16
44100,fir33-p18000-s20000,sustained-edge,A1,0.10591327583676848,0.06430685809000715,0.10589114260249548,True,1.031730100062012,0,16
44100,fir33-p18000-s20000,sustained-edge,B1,0.31147188349251026,0.2319989308575442,0.3114410904272083,True,0.8085893235728159,0,16
44100,fir33-p18000-s20000,sustained-edge,AB,0.10591314348236765,0.06430685809000715,0.10589101540565325,True,1.031730100062012,0,16
44100,fir65-p18000-s20000,reference,A1,0.018560413960784037,0.04036978272187,0.018555358589166973,True,1.0219288592829265,0,32
44100,fir65-p18000-s20000,reference,B1,0.0018572460334721206,0.006434578966055231,0.0018566939751875158,True,0.9999149938608952,0,32
44100,fir65-p18000-s20000,reference,AB,0.018536661341490773,0.04036978272187,0.018531592865120888,True,1.0219288592829265,0,32
44100,fir65-p18000-s20000,edge,A1,0.2012927964960646,0.17728033857011402,0.20125984492124405,True,0.9634041455019354,0,32
44100,fir65-p18000-s20000,edge,B1,0.3065485499167269,0.19968477455809971,0.3064862222582766,True,0.8421455626988997,0,32
44100,fir65-p18000-s20000,edge,AB,0.2012928142442463,0.17728033857011402,0.20125985404668414,True,0.9634041455019354,0,32
44100,fir65-p18000-s20000,overlap-reference,A1,0.002524185051815417,0.005174136486043549,0.0025235247882227597,True,1.0009555651617437,0,32
44100,fir65-p18000-s20000,overlap-reference,B1,0.0018572468804260057,0.006434580514475733,0.0018566948202803934,True,0.9999149891964383,0,32
44100,fir65-p18000-s20000,overlap-reference,AB,0.0025241480287718906,0.005174136486043549,0.0025234884401021166,True,1.0009555651617437,0,32
44100,fir65-p18000-s20000,sustained-edge,A1,0.11172260706983594,0.06398598131340157,0.11169386092449289,True,1.0325078299290473,0,32
44100,fir65-p18000-s20000,sustained-edge,B1,0.3065485425132108,0.19968476811098873,0.3064862148561462,True,0.8421455716711052,0,32
44100,fir65-p18000-s20000,sustained-edge,AB,0.11172221899630506,0.06398598131340157,0.11169347447653198,True,1.0325078299290473,0,32
44100,fir129-p18000-s20000,reference,A1,0.019059557631210172,0.040210059327921585,0.019057008163393653,True,1.021932795336914,0,64
44100,fir129-p18000-s20000,reference,B1,0.0019016548639979127,0.006487762448538798,0.0019013847001257082,True,0.9997752625153582,0,64
44100,fir129-p18000-s20000,reference,AB,0.019035164803168136,0.040210059327921585,0.019032599406663384,True,1.021932795336914,0,64
44100,fir129-p18000-s20000,edge,A1,0.20815920750991668,0.1721113459262057,0.20810135177004924,True,0.9641656670813474,0,64
44100,fir129-p18000-s20000,edge,B1,0.3053256618407293,0.17557544467424774,0.3052598167630824,True,0.856653488230121,0,64
44100,fir129-p18000-s20000,edge,AB,0.20815922352969793,0.1721113459262057,0.20810135918070635,True,0.9641656670813474,0,64
44100,fir129-p18000-s20000,overlap-reference,A1,0.0025871543744825074,0.005093318154623068,0.0025867893861217335,True,1.0010379146548114,0,64
44100,fir129-p18000-s20000,overlap-reference,B1,0.0019016556759622564,0.006487764137165238,0.0019013855106542951,True,0.9997751914154078,0,64
44100,fir129-p18000-s20000,overlap-reference,AB,0.0025870763943972894,0.005093318154623068,0.0025867122237136003,True,1.0010379146548114,0,64
44100,fir129-p18000-s20000,sustained-edge,A1,0.11502550209729097,0.06212033152211651,0.11500226747440587,True,1.032605737993526,0,64
44100,fir129-p18000-s20000,sustained-edge,B1,0.3053256538844685,0.17557544028035194,0.3052598088085732,True,0.8566534970606391,0,64
44100,fir129-p18000-s20000,sustained-edge,AB,0.11502504750398271,0.06212033152211651,0.1150018159556971,True,1.032605737993526,0,64
44100,iir-p18000-s21609,reference,A1,0.15947322311279868,0.2971524114123912,0.015132866455294573,True,1.001458685257842,0,0
44100,iir-p18000-s21609,reference,B1,0.057189683364791154,0.08461077209865298,0.0015242995632382486,True,1.0102327468152732,0,0
44100,iir-p18000-s21609,reference,AB,0.1592935994428193,0.2971524114123912,0.015113479579835961,True,1.001458685257842,0,0
44100,iir-p18000-s21609,edge,A1,0.879456649690322,0.954527493315906,0.13735131940605186,True,0.81828066106738,0,0
44100,iir-p18000-s21609,edge,B1,1.3938319159504668,1.0694223238362779,0.2077126314938158,True,0.7851783230495056,0,0
44100,iir-p18000-s21609,edge,AB,0.879456738554843,0.954527493315906,0.13735131834762032,True,0.81828066106738,0,0
44100,iir-p18000-s21609,overlap-reference,A1,0.038131386802359446,0.055104141663728394,0.0020389692932035884,True,0.999173513155322,0,0
44100,iir-p18000-s21609,overlap-reference,B1,0.057189683182574266,0.08461076873343412,0.0015243002721402796,True,1.0102326957885344,0,0
44100,iir-p18000-s21609,overlap-reference,AB,0.03813167742687556,0.055104141663728394,0.0020390287493871687,True,0.999173513155322,0,0
44100,iir-p18000-s21609,sustained-edge,A1,0.6017005982170137,0.3445186218063896,0.08611179346041435,True,1.1089060643345996,0,0
44100,iir-p18000-s21609,sustained-edge,B1,1.3938319168510716,1.0694223010607764,0.20771262421396042,True,0.7851783197604039,0,0
44100,iir-p18000-s21609,sustained-edge,AB,0.6017007058897854,0.3445186218063896,0.08611202533555656,True,1.1089060643345996,0,0
44100,fir17-p18000-s21609,reference,A1,0.012259761950894014,0.031136185989504434,0.012261234235517445,True,1.0146146379035885,0,8
44100,fir17-p18000-s21609,reference,B1,0.001212047636049965,0.0048913425435053795,0.001212171882431344,True,0.9998297030849742,0,8
44100,fir17-p18000-s21609,reference,AB,0.012244068778269246,0.031136185989504434,0.012245524038815004,True,1.0146146379035885,0,8
44100,fir17-p18000-s21609,edge,A1,0.1359701097025808,0.14320547711152884,0.13597641586919418,True,0.9497667009690338,0,8
44100,fir17-p18000-s21609,edge,B1,0.23728379919513598,0.1866060174911649,0.23729062830164302,True,0.8301419534058292,0,8
44100,fir17-p18000-s21609,edge,AB,0.13597012829077657,0.14320547711152884,0.13597642783172978,True,0.9497667009690338,0,8
44100,fir17-p18000-s21609,overlap-reference,A1,0.0016695335943356822,0.003828635835426181,0.0016697497880992932,True,0.9999672019167832,0,8
44100,fir17-p18000-s21609,overlap-reference,B1,0.001212047920145322,0.0048913418329816025,0.0012121721673113248,True,0.9998296984370678,0,8
44100,fir17-p18000-s21609,overlap-reference,AB,0.0016695312567978357,0.003828635835426181,0.0016697481072167552,True,0.9999672019167832,0,8
44100,fir17-p18000-s21609,sustained-edge,A1,0.07560182171945193,0.051687304085138254,0.07560703140578862,True,1.0217667314344758,0,8
44100,fir17-p18000-s21609,sustained-edge,B1,0.2372837957431374,0.1866060113252933,0.2372906248487929,True,0.8301419599873241,0,8
44100,fir17-p18000-s21609,sustained-edge,AB,0.07560173932525865,0.051687304085138254,0.0756069513251992,True,1.0217667314344758,0,8
44100,fir33-p18000-s21609,reference,A1,0.014236102945930657,0.029394746901641837,0.01423848641858127,True,1.0162632492289982,0,16
44100,fir33-p18000-s21609,reference,B1,0.0014536204007269393,0.004777256935796184,0.0014538161914438767,True,0.999854726170438,0,16
44100,fir33-p18000-s21609,reference,AB,0.014217891953678244,0.029394746901641837,0.014220248461966603,True,1.0162632492289982,0,16
44100,fir33-p18000-s21609,edge,A1,0.13145763769605462,0.11658896742777325,0.13147012479286435,True,0.9523520152004681,0,16
44100,fir33-p18000-s21609,edge,B1,0.20267793205180262,0.14949310400162044,0.2026941251807379,True,0.8716277858873713,0,16
44100,fir33-p18000-s21609,edge,AB,0.13145764979503713,0.11658896742777325,0.13147012379177914,True,0.9523520152004681,0,16
44100,fir33-p18000-s21609,overlap-reference,A1,0.0019372088608042896,0.003790885340641007,0.0019375620229377282,True,0.9999077059908639,0,16
44100,fir33-p18000-s21609,overlap-reference,B1,0.0014536211140786872,0.004777259244815375,0.0014538169059725367,True,0.9998546529003149,0,16
44100,fir33-p18000-s21609,overlap-reference,AB,0.001937215957762503,0.003790885340641007,0.0019375701932002679,True,0.9999077059908639,0,16
44100,fir33-p18000-s21609,sustained-edge,A1,0.08151199531491309,0.04284784711173292,0.08152115279306757,True,1.0242203229883238,0,16
44100,fir33-p18000-s21609,sustained-edge,B1,0.2026779252422866,0.14949309776439648,0.20269411836947365,True,0.8716277937465445,0,16
44100,fir33-p18000-s21609,sustained-edge,AB,0.0815119510851647,0.04284784711173292,0.08152111260923363,True,1.0242203229883238,0,16
44100,fir65-p18000-s21609,reference,A1,0.015347007990212653,0.029013907930740195,0.015346135970167079,True,1.0167501527996907,0,32
44100,fir65-p18000-s21609,reference,B1,0.0015499056198003142,0.004792804535484524,0.0015497743215201094,True,1.0004937046157858,0,32
44100,fir65-p18000-s21609,reference,AB,0.015327371410264261,0.029013907930740195,0.015326477672931682,True,1.0167501527996907,0,32
44100,fir65-p18000-s21609,edge,A1,0.13868481273811895,0.1227628716882668,0.13867955972066817,True,0.9550347214938072,0,32
44100,fir65-p18000-s21609,edge,B1,0.20941889342089728,0.13894096464190683,0.2094062173133015,True,0.8669102838852677,0,32
44100,fir65-p18000-s21609,edge,AB,0.13868482460445533,0.1227628716882668,0.13867955893358208,True,0.9550347214938072,0,32
44100,fir65-p18000-s21609,overlap-reference,A1,0.002072396896268393,0.003734140811583233,0.002072329021983784,True,1.0001712998421612,0,32
44100,fir65-p18000-s21609,overlap-reference,B1,0.0015499062916603588,0.004792806610215731,0.001549774993571095,True,1.0004936301465728,0,32
44100,fir65-p18000-s21609,overlap-reference,AB,0.002072471006045203,0.003734140811583233,0.0020724042317815665,True,1.0001712998421612,0,32
44100,fir65-p18000-s21609,sustained-edge,A1,0.0872232942782728,0.04430893419318521,0.08721603522269426,True,1.024969985164501,0,32
44100,fir65-p18000-s21609,sustained-edge,B1,0.20941888613010728,0.13894095781751753,0.20940621002407112,True,0.866910292694979,0,32
44100,fir65-p18000-s21609,sustained-edge,AB,0.0872236102327283,0.04430893419318521,0.08721635539715576,True,1.024969985164501,0,32
44100,fir129-p18000-s21609,reference,A1,0.015904048543273555,0.028945489481876214,0.01590124579437439,True,1.017114433863019,0,64
44100,fir129-p18000-s21609,reference,B1,0.001608508615394381,0.004715918212988973,0.001608184362541079,True,1.000869639482267,0,64
44100,fir129-p18000-s21609,reference,AB,0.015883699840573393,0.028945489481876214,0.015880878746084823,True,1.017114433863019,0,64
44100,fir129-p18000-s21609,edge,A1,0.14867872719487596,0.1355585270940683,0.14866408428841327,True,0.9559130465875326,0,64
44100,fir129-p18000-s21609,edge,B1,0.2267859243160032,0.15037823091014665,0.22675668482566422,True,0.8545338872038084,0,64
44100,fir129-p18000-s21609,edge,AB,0.14867874037803447,0.1355585270940683,0.14866408576607695,True,0.9559130465875326,0,64
44100,fir129-p18000-s21609,overlap-reference,A1,0.0021499603751524,0.0037136931305932898,0.0021496608506885516,True,1.0005052000012795,0,64
44100,fir129-p18000-s21609,overlap-reference,B1,0.001608509311762928,0.004715920708902541,0.0016081850611052897,True,1.0008695639765544,0,64
44100,fir129-p18000-s21609,overlap-reference,AB,0.0021500575893821793,0.0037136931305932898,0.0021497589181745003,True,1.0005052000012795,0,64
44100,fir129-p18000-s21609,sustained-edge,A1,0.09106255181674731,0.048927283534362084,0.09104670305654847,True,1.0253620143072837,0,64
44100,fir129-p18000-s21609,sustained-edge,B1,0.22678591729293543,0.15037822240983859,0.2267566778022933,True,0.8545338965597078,0,64
44100,fir129-p18000-s21609,sustained-edge,AB,0.09106295906164065,0.048927283534362084,0.09104711323692583,True,1.0253620143072837,0,64
48000,iir-p16000-s18000,reference,A1,0.8686532113054112,1.0834022826389167,0.14152443140984233,True,1.0454192100431743,0,0
48000,iir-p16000-s18000,reference,B1,0.9549574362207615,0.9392212875768339,0.0027035859572246716,True,1.0094576254422853,0,0
48000,iir-p16000-s18000,reference,AB,0.8741254808070593,1.0834022826389167,0.1371709901741214,True,1.0454192100431743,0,0
48000,iir-p16000-s18000,edge,A1,1.2461406920622076,0.9998752857161303,0.34319166328752904,True,0.7558373159842136,0,0
48000,iir-p16000-s18000,edge,B1,1.0875861775968105,1.0439279365869905,0.8708816856436605,True,0.23948966411129438,0,0
48000,iir-p16000-s18000,edge,AB,1.2461406528954873,0.9998752857161303,0.34319190929662863,True,0.7558373159842136,0,0
48000,iir-p16000-s18000,overlap-reference,A1,0.5998461589902557,0.5870937099273801,0.003387558006324472,True,1.0043876188213197,0,0
48000,iir-p16000-s18000,overlap-reference,B1,0.9549574364753379,0.9392213062425411,0.0027035857331130547,True,1.0094576519255936,0,0
48000,iir-p16000-s18000,overlap-reference,AB,0.5998475334548774,0.5870937099273801,0.0033875557789742024,True,1.0043876188213197,0,0
48000,iir-p16000-s18000,sustained-edge,A1,1.6187541545583364,1.6488672355880438,0.18578592514948267,True,0.9831000810937376,0,0
48000,iir-p16000-s18000,sustained-edge,B1,1.0875861821889352,1.0439279345983667,0.8708816821787704,True,0.23948967210155983,0,0
48000,iir-p16000-s18000,sustained-edge,AB,1.618754151764208,1.6488672355880438,0.18578593748458314,True,0.9831000810937376,0,0
48000,fir17-p16000-s18000,reference,A1,0.13689568307635314,0.20137498744324114,0.13688088743258137,True,1.0135689918945954,0,8
48000,fir17-p16000-s18000,reference,B1,0.002371251792005407,0.013628614680957355,0.002370832596376213,True,0.9998292663100196,0,8
48000,fir17-p16000-s18000,reference,AB,0.13268447400408517,0.20137498744324114,0.13267000866965084,True,1.0135689918945954,0,8
48000,fir17-p16000-s18000,edge,A1,0.31730535413071415,0.39874351742559355,0.3172804561094399,True,0.7625196661800799,0,8
48000,fir17-p16000-s18000,edge,B1,0.6260060278887597,0.5349678619622331,0.6259903365118956,True,0.5298223991487017,0,8
48000,fir17-p16000-s18000,edge,AB,0.31730547518239055,0.39874351742559355,0.31728057695686035,True,0.7625196661800799,0,8
48000,fir17-p16000-s18000,overlap-reference,A1,0.0030977888296718154,0.010752469183310564,0.0030974604713002087,True,0.9999929090403465,0,8
48000,fir17-p16000-s18000,overlap-reference,B1,0.002371252730323963,0.013628618068753817,0.0023708335357572443,True,0.9998292760750486,0,8
48000,fir17-p16000-s18000,overlap-reference,AB,0.003097786770815593,0.010752469183310564,0.0030974581779089254,True,0.9999929090403465,0,8
48000,fir17-p16000-s18000,sustained-edge,A1,0.16249012680191682,0.11573074385462272,0.16247901598344935,True,1.0292128965132512,0,8
48000,fir17-p16000-s18000,sustained-edge,B1,0.6260060248789235,0.5349678354204546,0.6259903335049114,True,0.5298224206204348,0,8
48000,fir17-p16000-s18000,sustained-edge,AB,0.16249013414473895,0.11573074385462272,0.1624790226940822,True,1.0292128965132512,0,8
48000,fir33-p16000-s18000,reference,A1,0.12601964788644143,0.1910688524118786,0.1259870421462911,True,1.020587291882941,0,16
48000,fir33-p16000-s18000,reference,B1,0.0024890431774145395,0.01325430918496446,0.0024884080711421864,True,0.999790693459907,0,16
48000,fir33-p16000-s18000,reference,AB,0.12214336415024758,0.1910688524118786,0.12211164668533708,True,1.020587291882941,0,16
48000,fir33-p16000-s18000,edge,A1,0.2941492023035319,0.3799798424165128,0.2940893645533863,True,0.793197627825784,0,16
48000,fir33-p16000-s18000,edge,B1,0.7100431749806584,0.5854439915074037,0.7099284745322169,True,0.5500249001272173,0,16
48000,fir33-p16000-s18000,edge,AB,0.29414938958179504,0.3799798424165128,0.29408955157365435,True,0.793197627825784,0,16
48000,fir33-p16000-s18000,overlap-reference,A1,0.0030093675274612116,0.010505444872780973,0.003008762965160931,True,0.9998668839178534,0,16
48000,fir33-p16000-s18000,overlap-reference,B1,0.002489044061167062,0.013254311831489061,0.0024884089561786936,True,0.9997907038798776,0,16
48000,fir33-p16000-s18000,overlap-reference,AB,0.003009365944004049,0.010505444872780973,0.0030087611350311525,True,0.9998668839178534,0,16
48000,fir33-p16000-s18000,sustained-edge,A1,0.1553552502063681,0.11926110292056546,0.15532791469479612,True,1.0351467066658255,0,16
48000,fir33-p16000-s18000,sustained-edge,B1,0.7100431712792594,0.5854439649080693,0.7099284708262928,True,0.5500249215071561,0,16
48000,fir33-p16000-s18000,sustained-edge,AB,0.15535526033884084,0.11926110292056546,0.15532792413769037,True,1.0351467066658255,0,16
48000,fir65-p16000-s18000,reference,A1,0.1274481730610454,0.18272285453663956,0.12742265795594063,True,1.0219142229659408,0,32
48000,fir65-p16000-s18000,reference,B1,0.002559576808993756,0.013200637131290268,0.0025590089869768893,True,0.9996579915168914,0,32
48000,fir65-p16000-s18000,reference,AB,0.12352800150001604,0.18272285453663956,0.1235031551307326,True,1.0219142229659408,0,32
48000,fir65-p16000-s18000,edge,A1,0.29097552951683275,0.3768795393334936,0.2909210559228749,True,0.795774090161169,0,32
48000,fir65-p16000-s18000,edge,B1,0.7842057222929809,0.6300438336134662,0.7839983514102328,True,0.5960967739742232,0,32
48000,fir65-p16000-s18000,edge,AB,0.2909757699145445,0.3768795393334936,0.29092129613147294,True,0.795774090161169,0,32
48000,fir65-p16000-s18000,overlap-reference,A1,0.0030533738912037578,0.010395231145250674,0.0030527619403830073,True,0.9990498670202572,0,32
48000,fir65-p16000-s18000,overlap-reference,B1,0.00255957738367666,0.013200638823672325,0.0025590095627492006,True,0.999658003372743,0,32
48000,fir65-p16000-s18000,overlap-reference,AB,0.003053372364651895,0.010395231145250674,0.003052760175455145,True,0.9990498670202572,0,32
48000,fir65-p16000-s18000,sustained-edge,A1,0.1573886623055184,0.11777801827188741,0.15735746677697518,True,1.0363631771990274,0,32
48000,fir65-p16000-s18000,sustained-edge,B1,0.7842057182982719,0.6300438053881996,0.7839983474172683,True,0.5960967434901169,0,32
48000,fir65-p16000-s18000,sustained-edge,AB,0.15738867464103865,0.11777801827188741,0.1573574784320539,True,1.0363631771990274,0,32
48000,fir129-p16000-s18000,reference,A1,0.12981165081957893,0.1790801215275595,0.1297865012069966,True,1.022461178441458,0,64
48000,fir129-p16000-s18000,reference,B1,0.0025975724161660853,0.013113932172116205,0.0025972168124836475,True,0.9998294572706878,0,64
48000,fir129-p16000-s18000,reference,AB,0.12581876930235425,0.1790801215275595,0.12579427412907973,True,1.022461178441458,0,64
48000,fir129-p16000-s18000,edge,A1,0.2954508880444179,0.3683233216477808,0.29539290179927147,True,0.7965355940264667,0,64
48000,fir129-p16000-s18000,edge,B1,0.8192644293238591,0.6489503293868701,0.8190442032506176,True,0.616448843437987,0,64
48000,fir129-p16000-s18000,edge,AB,0.29545114872629413,0.3683233216477808,0.29539316124375775,True,0.7965355940264667,0,64
48000,fir129-p16000-s18000,overlap-reference,A1,0.003099335696976315,0.01043955309323851,0.0030989218138665633,True,0.9990643903191448,0,64
48000,fir129-p16000-s18000,overlap-reference,B1,0.002597572699634795,0.01311393295443223,0.0025972170995011293,True,0.9998294697562126,0,64
48000,fir129-p16000-s18000,overlap-reference,AB,0.003099334146187621,0.01043955309323851,0.0030989200108840526,True,0.9990643903191448,0,64
48000,fir129-p16000-s18000,sustained-edge,A1,0.16144887634502314,0.11642351316627593,0.16141968751926408,True,1.0370039960891753,0,64
48000,fir129-p16000-s18000,sustained-edge,B1,0.8192644253676975,0.6489503004943508,0.8190441992955758,True,0.6164488122040523,0,64
48000,fir129-p16000-s18000,sustained-edge,AB,0.16144888950906242,0.11642351316627593,0.161419699712762,True,1.0370039960891753,0,64
48000,iir-p16000-s19000,reference,A1,1.7756472787836641,1.7571706944373913,0.1293936106626491,True,1.0706067026592068,0,0
48000,iir-p16000-s19000,reference,B1,0.5944263608198357,0.5887942207442523,0.002588210696379574,True,1.0117145935737917,0,0
48000,iir-p16000-s19000,reference,AB,1.7272171998259978,1.7571706944373913,0.12541346858958372,True,1.0706067026592068,0,0
48000,iir-p16000-s19000,edge,A1,1.2830340296574436,0.9956976260421825,0.29666473656326553,True,0.7961606456841515,0,0
48000,iir-p16000-s19000,edge,B1,1.1047514212003688,1.0484243400133975,0.8064795927111551,True,0.32271335921603783,0,0
48000,iir-p16000-s19000,edge,AB,1.2830339858929656,0.9956976260421825,0.29666498640500166,True,0.7961606456841515,0,0
48000,iir-p16000-s19000,overlap-reference,A1,0.3693890250986509,0.37843024388093927,0.0030996519135192257,True,0.9956788196299818,0,0
48000,iir-p16000-s19000,overlap-reference,B1,0.5944263608893652,0.5887942588060648,0.002588211041596995,True,1.0117146169236106,0,0
48000,iir-p16000-s19000,overlap-reference,AB,0.3693899016099012,0.37843024388093927,0.0030996501051298174,True,0.9956788196299818,0,0
48000,iir-p16000-s19000,sustained-edge,A1,1.7399893057490028,1.7422597138138676,0.16192760270059486,True,0.9229511934317406,0,0
48000,iir-p16000-s19000,sustained-edge,B1,1.1047514304948622,1.048424334798004,0.8064795888304686,True,0.3227133629575884,0,0
48000,iir-p16000-s19000,sustained-edge,AB,1.7399893023275512,1.7422597138138676,0.16192761473765296,True,0.9229511934317406,0,0
48000,fir17-p16000-s19000,reference,A1,0.11975083900482822,0.17704402852434978,0.11972340184048894,True,1.0094962700504635,0,8
48000,fir17-p16000-s19000,reference,B1,0.002238513141708526,0.012418020242146556,0.0022377769078693096,True,1.000039084382805,0,8
48000,fir17-p16000-s19000,reference,AB,0.1160672275402213,0.17704402852434978,0.11604052510849622,True,1.0094962700504635,0,8
48000,fir17-p16000-s19000,edge,A1,0.27446031832144185,0.3556952828550679,0.2744137463021931,True,0.7906895921062068,0,8
48000,fir17-p16000-s19000,edge,B1,0.5593753836706569,0.4868472962490345,0.5593475225338638,True,0.5864765228505662,0,8
48000,fir17-p16000-s19000,edge,AB,0.27446043249666957,0.3556952828550679,0.2744138602859201,True,0.7906895921062068,0,8
48000,fir17-p16000-s19000,overlap-reference,A1,0.0027754587481176886,0.009820723633341192,0.002774836096077001,True,1.0000603243801252,0,8
48000,fir17-p16000-s19000,overlap-reference,B1,0.0022385142414608583,0.012418023965264566,0.0022377780059508142,True,1.0000390923590727,0,8
48000,fir17-p16000-s19000,overlap-reference,AB,0.002775457156480507,0.009820723633341192,0.002774834235394502,True,1.0000603243801252,0,8
48000,fir17-p16000-s19000,sustained-edge,A1,0.1415253214496144,0.10466981940039725,0.1415046908587753,True,1.0309101519279644,0,8
48000,fir17-p16000-s19000,sustained-edge,B1,0.5593753804288916,0.4868472718034637,0.5593475192975872,True,0.5864765431553991,0,8
48000,fir17-p16000-s19000,sustained-edge,AB,0.1415253281757103,0.10466981940039725,0.14150469685244552,True,1.0309101519279644,0,8
48000,fir33-p16000-s19000,reference,A1,0.11303600394783928,0.16663183401825477,0.11300664568637114,True,1.0125590908523419,0,16
48000,fir33-p16000-s19000,reference,B1,0.0023858529315509583,0.012176900548655544,0.0023852047627348732,True,1.0007007492974949,0,16
48000,fir33-p16000-s19000,reference,AB,0.10955928452803225,0.16663183401825477,0.10953072640465247,True,1.0125590908523419,0,16
48000,fir33-p16000-s19000,edge,A1,0.2509805413382949,0.33067105811544323,0.2509265747373193,True,0.8115107018159613,0,16
48000,fir33-p16000-s19000,edge,B1,0.6121211214345398,0.5081329521278641,0.6120689567858879,True,0.634041152275311,0,16
48000,fir33-p16000-s19000,edge,AB,0.2509807051533041,0.33067105811544323,0.2509267384105846,True,0.8115107018159613,0,16
48000,fir33-p16000-s19000,overlap-reference,A1,0.0027398653946544057,0.009582322379767244,0.0027392198122348187,True,1.000111653647973,0,16
48000,fir33-p16000-s19000,overlap-reference,B1,0.0023858541840475916,0.012176904437367828,0.0023852060190210937,True,1.0007007574804523,0,16
48000,fir33-p16000-s19000,overlap-reference,AB,0.002739864243910775,0.009582322379767244,0.00273921838549547,True,1.000111653647973,0,16
48000,fir33-p16000-s19000,sustained-edge,A1,0.13338408209752467,0.10214964689421138,0.1333572132608168,True,1.0365757087144776,0,16
48000,fir33-p16000-s19000,sustained-edge,B1,0.6121211176774327,0.5081329282804973,0.61206895302546,True,0.6340411716962882,0,16
48000,fir33-p16000-s19000,sustained-edge,AB,0.13338409082004496,0.10214964689421138,0.13335722118053814,True,1.0365757087144776,0,16
48000,fir65-p16000-s19000,reference,A1,0.11553720267899241,0.15942815883345712,0.11550936993733017,True,1.0128560001815232,0,32
48000,fir65-p16000-s19000,reference,B1,0.0024249237816545478,0.012016545039924378,0.0024245492660603693,True,1.0007836119987863,0,32
48000,fir65-p16000-s19000,reference,AB,0.11198353426122837,0.15942815883345712,0.11195645249117127,True,1.0128560001815232,0,32
48000,fir65-p16000-s19000,edge,A1,0.25184722980601565,0.3212470812976163,0.251790276782792,True,0.813390359266347,0,32
48000,fir65-p16000-s19000,edge,B1,0.6747061960542146,0.5269477191726063,0.6746068451618061,True,0.663690054804266,0,32
48000,fir65-p16000-s19000,edge,AB,0.25184743500929363,0.3212470812976163,0.2517904818734672,True,0.813390359266347,0,32
48000,fir65-p16000-s19000,overlap-reference,A1,0.0027760466582909486,0.009652951855505883,0.0027756124447430174,True,0.9995413905535554,0,32
48000,fir65-p16000-s19000,overlap-reference,B1,0.002424925104632927,0.012016549080904526,0.0024245505914339337,True,1.000783620741736,0,32
48000,fir65-p16000-s19000,overlap-reference,AB,0.0027760455064927093,0.009652951855505883,0.0027756110286697886,True,0.9995413905535554,0,32
48000,fir65-p16000-s19000,sustained-edge,A1,0.13517268232313634,0.09912405863566678,0.13515105145794112,True,1.0378484366619143,0,32
48000,fir65-p16000-s19000,sustained-edge,B1,0.6747061918323114,0.526947694830735,0.6746068409410393,True,0.6636900731545106,0,32
48000,fir65-p16000-s19000,sustained-edge,AB,0.13517269290340164,0.09912405863566678,0.13515106137967095,True,1.0378484366619143,0,32
48000,fir129-p16000-s19000,reference,A1,0.11840268435645508,0.15906216268763881,0.1183831824573696,True,1.0127852869674718,0,64
48000,fir129-p16000-s19000,reference,B1,0.0024640588105636725,0.012058147601442975,0.002463711125209546,True,1.0007502131373358,0,64
48000,fir129-p16000-s19000,reference,AB,0.11476085262241759,0.15906216268763881,0.114741843495934,True,1.0127852869674718,0,64
48000,fir129-p16000-s19000,edge,A1,0.2588368316185577,0.31857848076210366,0.258793114817826,True,0.813636698676957,0,64
48000,fir129-p16000-s19000,edge,B1,0.7171205450181625,0.5408486994963295,0.7169244260444523,True,0.6695094717667274,0,64
48000,fir129-p16000-s19000,edge,AB,0.25883705954496633,0.31857848076210366,0.2587933430012527,True,0.813636698676957,0,64
48000,fir129-p16000-s19000,overlap-reference,A1,0.002829722912273875,0.009643876871660172,0.0028293180368303703,True,0.999166834887905,0,64
48000,fir129-p16000-s19000,overlap-reference,B1,0.0024640599800170066,0.012058151621828701,0.0024637122981880015,True,1.0007502222596671,0,64
48000,fir129-p16000-s19000,overlap-reference,AB,0.002829721719432427,0.009643876871660172,0.002829316571172227,True,0.999166834887905,0,64
48000,fir129-p16000-s19000,sustained-edge,A1,0.13881757994623806,0.09787884979016147,0.13879267995404193,True,1.0379902613286685,0,64
48000,fir129-p16000-s19000,sustained-edge,B1,0.7171205406290526,0.5408486746842571,0.7169244216559901,True,0.6695094898842565,0,64
48000,fir129-p16000-s19000,sustained-edge,AB,0.1388175916415499,0.09787884979016147,0.13879269066015718,True,1.0379902613286685,0,64
48000,iir-p16000-s20000,reference,A1,1.7291478832851428,1.7700901841424153,0.11965131487702657,True,0.9913652767771728,0,0
48000,iir-p16000-s20000,reference,B1,0.40505492059593257,0.40822361295258847,0.0024688027924991427,True,1.0019924575939165,0,0
48000,iir-p16000-s20000,reference,AB,1.6789027892545672,1.7700901841424153,0.11597094130867708,True,0.9913652767771728,0,0
48000,iir-p16000-s20000,edge,A1,1.201888324089177,1.155707657133169,0.2649282432929234,True,0.8288690760027547,0,0
48000,iir-p16000-s20000,edge,B1,1.1768383045521633,1.1633779166690688,0.7157851484739366,True,0.3880601365749514,0,0
48000,iir-p16000-s20000,edge,AB,1.2018883175496833,1.155707657133169,0.26492846322891733,True,0.8288690760027547,0,0
48000,iir-p16000-s20000,overlap-reference,A1,0.2519440550404303,0.26945708365660026,0.00286266536237769,True,1.002828085156227,0,0
48000,iir-p16000-s20000,overlap-reference,B1,0.40505492056282855,0.4082236143316047,0.0024688037870146257,True,1.0019924790902186,0,0
48000,iir-p16000-s20000,overlap-reference,AB,0.2519446509549899,0.26945708365660026,0.0028626638367177043,True,1.002828085156227,0,0
48000,iir-p16000-s20000,sustained-edge,A1,1.4586224805531351,1.5399775473337771,0.14275470482983507,True,0.9409492432560157,0,0
48000,iir-p16000-s20000,sustained-edge,B1,1.1768383020620214,1.1633778975583633,0.7157851443607627,True,0.38806014869233013,0,0
48000,iir-p16000-s20000,sustained-edge,AB,1.4586224788789792,1.5399775473337771,0.1427547154035097,True,0.9409492432560157,0,0
48000,fir17-p16000-s20000,reference,A1,0.10568360924506412,0.15458631168686648,0.1056620406397998,True,1.0049005864943787,0,8
48000,fir17-p16000-s20000,reference,B1,0.002111043128230713,0.011265307345085695,0.0021105917250538965,True,1.0002034254119612,0,8
48000,fir17-p16000-s20000,reference,AB,0.10243287842950424,0.15458631168686648,0.10241187714038204,True,1.0049005864943787,0,8
48000,fir17-p16000-s20000,edge,A1,0.2376876298908085,0.3138107270571569,0.2376502968347756,True,0.8150860962618806,0,8
48000,fir17-p16000-s20000,edge,B1,0.49204057762189696,0.43673689394493187,0.4920227287211258,True,0.6402953206750087,0,8
48000,fir17-p16000-s20000,edge,AB,0.2376877328930971,0.3138107270571569,0.2376503996571018,True,0.8150860962618806,0,8
48000,fir17-p16000-s20000,overlap-reference,A1,0.0024997262079882393,0.008934960116580596,0.0024993333441477535,True,1.0000957355160207,0,8
48000,fir17-p16000-s20000,overlap-reference,B1,0.002111044358276234,0.011265311391442871,0.0021105929543630613,True,1.0002034316252264,0,8
48000,fir17-p16000-s20000,overlap-reference,AB,0.0024997249963826756,0.008934960116580596,0.0024993318277758136,True,1.0000957355160207,0,8
48000,fir17-p16000-s20000,sustained-edge,A1,0.12329291139616334,0.0934808276897075,0.12327853481899885,True,1.031742228597967,0,8
48000,fir17-p16000-s20000,sustained-edge,B1,0.49204057416983477,0.4367368715159523,0.49202272527269386,True,0.6402953398088728,0,8
48000,fir17-p16000-s20000,sustained-edge,AB,0.12329291734425958,0.0934808276897075,0.12327853992104403,True,1.031742228597967,0,8
48000,fir33-p16000-s20000,reference,A1,0.10301449751999142,0.14501953738127132,0.1029959299641512,True,1.0040566698306113,0,16
48000,fir33-p16000-s20000,reference,B1,0.0022393479031981222,0.011073382335195656,0.0022389926035164534,True,1.0011482848789657,0,16
48000,fir33-p16000-s20000,reference,AB,0.09984610295370895,0.14501953738127132,0.09982801288769119,True,1.0040566698306113,0,16
48000,fir33-p16000-s20000,edge,A1,0.22022744015427756,0.2888890660031285,0.22019207013359418,True,0.8284283927170027,0,16
48000,fir33-p16000-s20000,edge,B1,0.5096169811413441,0.42662467086474454,0.5095778076201708,True,0.7064437720549587,0,16
48000,fir33-p16000-s20000,edge,AB,0.22022756665622395,0.2888890660031285,0.22019219642438062,True,0.8284283927170027,0,16
48000,fir33-p16000-s20000,overlap-reference,A1,0.0025025781821620776,0.008775112748640927,0.0025022461363593935,True,1.000146431758014,0,16
48000,fir33-p16000-s20000,overlap-reference,B1,0.002239349439811564,0.011073387400964882,0.0022389941411529073,True,1.001148290704895,0,16
48000,fir33-p16000-s20000,overlap-reference,AB,0.002502577278996516,0.008775112748640927,0.0025022449296025788,True,1.000146431758014,0,16
48000,fir33-p16000-s20000,sustained-edge,A1,0.11666982541626668,0.08631335665025011,0.11665489349341332,True,1.0369299058339274,0,16
48000,fir33-p16000-s20000,sustained-edge,B1,0.5096169774454731,0.4266246497282105,0.5095778039285478,True,0.7064437898328644,0,16
48000,fir33-p16000-s20000,sustained-edge,AB,0.11666983221928758,0.08631335665025011,0.11665489939162028,True,1.0369299058339274,0,16
48000,fir65-p16000-s20000,reference,A1,0.10585866657735309,0.13989971995820327,0.10583697093856209,True,1.003390690768255,0,32
48000,fir65-p16000-s20000,reference,B1,0.0022937192633826924,0.0109489767943132,0.002293198034191451,True,1.0015321088538507,0,32
48000,fir65-p16000-s20000,reference,AB,0.10260278440372592,0.13989971995820327,0.10258165991193662,True,1.003390690768255,0,32
48000,fir65-p16000-s20000,edge,A1,0.22415010838643346,0.27611610314427676,0.22410643774619587,True,0.8297822379409598,0,32
48000,fir65-p16000-s20000,edge,B1,0.5402276997985805,0.44086204946526036,0.5401911121043507,True,0.7623061216564689,0,32
48000,fir65-p16000-s20000,edge,AB,0.22415025055982568,0.27611610314427676,0.2241065797295632,True,0.8297822379409598,0,32
48000,fir65-p16000-s20000,overlap-reference,A1,0.0025632016029297432,0.008827224217146299,0.0025626762971399783,True,1.000056319266006,0,32
48000,fir65-p16000-s20000,overlap-reference,B1,0.002293721000902039,0.01094898308567682,0.0022931997761958265,True,1.0015321140271602,0,32
48000,fir65-p16000-s20000,overlap-reference,AB,0.0025632006758869157,0.008827224217146299,0.002562675074202998,True,1.000056319266006,0,32
48000,fir65-p16000-s20000,sustained-edge,A1,0.11861992592844904,0.08420218770442586,0.11859500201479412,True,1.0382080347170732,0,32
48000,fir65-p16000-s20000,sustained-edge,B1,0.5402276956536898,0.4408620290294802,0.5401911079583185,True,0.7623061372428626,0,32
48000,fir65-p16000-s20000,sustained-edge,AB,0.11861993351124955,0.08420218770442586,0.11859500866648953,True,1.0382080347170732,0,32
48000,fir129-p16000-s20000,reference,A1,0.1072990948201803,0.13789670924336814,0.10727286965051623,True,1.0031851417819813,0,64
48000,fir129-p16000-s20000,reference,B1,0.0023312369657089342,0.01093854682637345,0.002330803971193707,True,1.0016802950182457,0,64
48000,fir129-p16000-s20000,reference,AB,0.10399891812489466,0.13789670924336814,0.10397340198860455,True,1.0031851417819813,0,64
48000,fir129-p16000-s20000,edge,A1,0.22744179544032517,0.27098965372669276,0.2273848805820612,True,0.8300538070190191,0,64
48000,fir129-p16000-s20000,edge,B1,0.5764120623265844,0.4591199379221032,0.5762953631140918,True,0.7866572774753614,0,64
48000,fir129-p16000-s20000,edge,AB,0.2274419581265326,0.27098965372669276,0.22738504252170325,True,0.8300538070190191,0,64
48000,fir129-p16000-s20000,overlap-reference,A1,0.0026083931092968763,0.008765994219598831,0.0026079367605689736,True,1.0000131354106983,0,64
48000,fir129-p16000-s20000,overlap-reference,B1,0.0023312388993478143,0.010938554274798661,0.002330805907944488,True,1.001680299710379,0,64
48000,fir129-p16000-s20000,overlap-reference,AB,0.002608392158548671,0.008765994219598831,0.002607935507218581,True,1.0000131354106983,0,64
48000,fir129-p16000-s20000,sustained-edge,A1,0.12134262407956627,0.08282664379871951,0.12131807806678262,True,1.0384937728709511,0,64
48000,fir129-p16000-s20000,sustained-edge,B1,0.5764120580543659,0.4591199169527736,0.5762953588428257,True,0.7866572920880915,0,64
48000,fir129-p16000-s20000,sustained-edge,AB,0.12134263257034514,0.08282664379871951,0.12131808564935313,True,1.0384937728709511,0,64
48000,iir-p16000-s23520,reference,A1,0.8141717637482474,0.7507661754617608,0.08162671978041103,True,1.0162547682111984,0,0
48000,iir-p16000-s23520,reference,B1,0.10190928627512157,0.12789321870600592,0.0018539533079504084,True,1.0001435489864157,0,0
48000,iir-p16000-s23520,reference,AB,0.7895170820413892,0.7507661754617608,0.07911618085190049,True,1.0162547682111984,0,0
48000,iir-p16000-s23520,edge,A1,1.3191884215485528,1.1795771760252651,0.1664962920739104,True,0.9059939781165924,0,0
48000,iir-p16000-s23520,edge,B1,1.6372573240753563,1.3888107978086235,0.28975581883344653,True,0.7740663782158176,0,0
48000,iir-p16000-s23520,edge,AB,1.3191885155728114,1.1795771760252651,0.16649633640640682,True,0.9059939781165924,0,0
48000,iir-p16000-s23520,overlap-reference,A1,0.06464598702787897,0.0799882393768112,0.002001562778393693,True,0.9981102136360541,0,0
48000,iir-p16000-s23520,overlap-reference,B1,0.10190928619450507,0.1278932214024122,0.001853954951119995,True,1.0001435584515541,0,0
48000,iir-p16000-s23520,overlap-reference,AB,0.06464613025596301,0.0799882393768112,0.0020015618199697555,True,0.9981102136360541,0,0
48000,iir-p16000-s23520,sustained-edge,A1,0.7559993424071234,0.45993397570568734,0.08678486055841057,True,0.9362374794344893,0,0
48000,iir-p16000-s23520,sustained-edge,B1,1.6372573251348859,1.3888107661781806,0.2897558144897829,True,0.7740663736541116,0,0
48000,iir-p16000-s23520,sustained-edge,AB,0.7559993516965916,0.45993397570568734,0.08678486198600083,True,0.9362374794344893,0,0
48000,fir17-p16000-s23520,reference,A1,0.07213732316790805,0.09872121577546109,0.07213723999848964,True,0.989694647564918,0,8
48000,fir17-p16000-s23520,reference,B1,0.0016173043081280784,0.00766444804808438,0.001617413130877609,True,1.0001416611318787,0,8
48000,fir17-p16000-s23520,reference,AB,0.06991867903115086,0.09872121577546109,0.06991853310943243,True,0.989694647564918,0,8
48000,fir17-p16000-s23520,edge,A1,0.14981926075059207,0.18927583387185662,0.14981911289090685,True,0.8799541325288158,0,8
48000,fir17-p16000-s23520,edge,B1,0.2789552208603604,0.2648852949252723,0.27896020811592026,True,0.7983811407791809,0,8
48000,fir17-p16000-s23520,edge,AB,0.14981930949940508,0.18927583387185662,0.14981916142682972,True,0.8799541325288158,0,8
48000,fir17-p16000-s23520,overlap-reference,A1,0.0017646836401361725,0.006166000220064968,0.001764836778442622,True,0.999990246247045,0,8
48000,fir17-p16000-s23520,overlap-reference,B1,0.0016173056833526582,0.0076644526492128705,0.001617414510151725,True,1.0001416620428296,0,8
48000,fir17-p16000-s23520,overlap-reference,AB,0.0017646830989944007,0.006166000220064968,0.0017648358237193327,True,0.999990246247045,0,8
48000,fir17-p16000-s23520,sustained-edge,A1,0.07799259164481434,0.05690351555739252,0.07799553546222905,True,1.0287868969646965,0,8
48000,fir17-p16000-s23520,sustained-edge,B1,0.27895521664065087,0.2648852790112999,0.278960203895298,True,0.7983811526033832,0,8
48000,fir17-p16000-s23520,sustained-edge,AB,0.07799259452498757,0.05690351555739252,0.07799553709069344,True,1.0287868969646965,0,8
48000,fir33-p16000-s23520,reference,A1,0.07671587329002363,0.08958720347620007,0.0766814854084155,True,0.9797637115766936,0,16
48000,fir33-p16000-s23520,reference,B1,0.0017614052007131095,0.0075179721180363025,0.0017607697622390086,True,1.0008757926776537,0,16
48000,fir33-p16000-s23520,reference,AB,0.07435647078773315,0.08958720347620007,0.07432307107351876,True,0.9797637115766936,0,16
48000,fir33-p16000-s23520,edge,A1,0.15501447703751337,0.17115424212288338,0.1549487585361176,True,0.8824449306731025,0,16
48000,fir33-p16000-s23520,edge,B1,0.24703328059186436,0.22763233992091275,0.24699494681767153,True,0.8944859288369837,0,16
48000,fir33-p16000-s23520,edge,AB,0.15501450851771914,0.17115424212288338,0.15494878980100174,True,0.8824449306731025,0,16
48000,fir33-p16000-s23520,overlap-reference,A1,0.0018873696517600097,0.0060680999664498,0.0018867277361852494,True,1.000093337107728,0,16
48000,fir33-p16000-s23520,overlap-reference,B1,0.0017614067865210276,0.007517978362946482,0.0017607713531126563,True,1.0008757916768212,0,16
48000,fir33-p16000-s23520,overlap-reference,AB,0.0018873691555717292,0.0060680999664498,0.0018867268159806518,True,1.000093337107728,0,16
48000,fir33-p16000-s23520,sustained-edge,A1,0.0804588436180168,0.05059353230375245,0.08043151289700146,True,1.0327518070174486,0,16
48000,fir33-p16000-s23520,sustained-edge,B1,0.24703327540974643,0.22763232623312427,0.2469949416376828,True,0.8944859360913002,0,16
48000,fir33-p16000-s23520,sustained-edge,AB,0.08045884558718791,0.05059353230375245,0.08043151352906702,True,1.0327518070174486,0,16
48000,fir65-p16000-s23520,reference,A1,0.07996508970181744,0.08783736295907768,0.07994006897534046,True,0.9765212543879623,0,32
48000,fir65-p16000-s23520,reference,B1,0.0018370550285273094,0.007502045324034732,0.0018366689742143163,True,1.0011427226278886,0,32
48000,fir65-p16000-s23520,reference,AB,0.07750575880629577,0.08783736295907768,0.07748143480263071,True,0.9765212543879623,0,32
48000,fir65-p16000-s23520,edge,A1,0.16143031952370046,0.16680739995346963,0.16138096976081465,True,0.8828593634699266,0,32
48000,fir65-p16000-s23520,edge,B1,0.2563936344765429,0.21013910801585745,0.25629916746258696,True,0.9175343287933221,0,32
48000,fir65-p16000-s23520,edge,AB,0.16143035194419914,0.16680739995346963,0.16138100184834833,True,0.8828593634699266,0,32
48000,fir65-p16000-s23520,overlap-reference,A1,0.0019722729423169963,0.005999107065486795,0.0019718798248281617,True,1.000142467358538,0,32
48000,fir65-p16000-s23520,overlap-reference,B1,0.0018370567560470764,0.007502052016908269,0.0018366707039432996,True,1.0011427213619082,0,32
48000,fir65-p16000-s23520,overlap-reference,AB,0.001972272414433929,0.005999107065486795,0.001971878897505562,True,1.000142467358538,0,32
48000,fir65-p16000-s23520,sustained-edge,A1,0.0840901850904495,0.04892016801621583,0.08407051690794365,True,1.0335824296347131,0,32
48000,fir65-p16000-s23520,sustained-edge,B1,0.2563936302057488,0.21013909520080531,0.25629916319790164,True,0.9175343343736109,0,32
48000,fir65-p16000-s23520,sustained-edge,AB,0.08409018709372588,0.04892016801621583,0.08407051766197578,True,1.0335824296347131,0,32
48000,fir129-p16000-s23520,reference,A1,0.08218638716533987,0.0878623210053993,0.08216664885805587,True,0.9756895511625255,0,64
48000,fir129-p16000-s23520,reference,B1,0.0018767537196329237,0.007493888592342291,0.001876389723683626,True,1.001233299617899,0,64
48000,fir129-p16000-s23520,reference,AB,0.07965872391322898,0.0878623210053993,0.07963951785202973,True,0.9756895511625255,0,64
48000,fir129-p16000-s23520,edge,A1,0.1661507064949954,0.16659750399508907,0.1661104542239009,True,0.8829992753701782,0,64
48000,fir129-p16000-s23520,edge,B1,0.27389984526198724,0.2186310472367243,0.27384840090121537,True,0.9113463618932649,0,64
48000,fir129-p16000-s23520,edge,AB,0.16615074413674275,0.16659750399508907,0.1661104917926073,True,0.8829992753701782,0,64
48000,fir129-p16000-s23520,overlap-reference,A1,0.002014798329933956,0.006072393239449586,0.00201444853707041,True,1.0002331328402463,0,64
48000,fir129-p16000-s23520,overlap-reference,B1,0.0018767555594519049,0.007493895598032305,0.001876391567144068,True,1.0012332985597263,0,64
48000,fir129-p16000-s23520,overlap-reference,AB,0.0020147977912343437,0.006072393239449586,0.0020144475910552806,True,1.0002331328402463,0,64
48000,fir129-p16000-s23520,sustained-edge,A1,0.0864759794260555,0.04856457108450635,0.08645752344078815,True,1.033858746451241,0,64
48000,fir129-p16000-s23520,sustained-edge,B1,0.2738998421863734,0.21863103435817047,0.27384839782466947,True,0.9113463673345288,0,64
48000,fir129-p16000-s23520,sustained-edge,AB,0.08647598177116257,0.04856457108450635,0.08645752441920247,True,1.033858746451241,0,64
48000,iir-p18000-s19000,reference,A1,1.2782618181453982,1.1708054008294004,0.10398458683482427,True,1.0138790186851905,0,0
48000,iir-p18000-s19000,reference,B1,1.1470694323674824,1.13710291369226,0.002271652775889533,True,1.0034841966860528,0,0
48000,iir-p18000-s19000,reference,AB,1.2706976302265651,1.1708054008294004,0.10078627613321509,True,1.0138790186851905,0,0
48000,iir-p18000-s19000,edge,A1,1.3830175863200687,0.9999862405958306,0.21830121299488103,True,0.783561363398266,0,0
48000,iir-p18000-s19000,edge,B1,1.3017283697017108,1.0004552672673257,0.5019347611291617,True,0.3758413557431788,0,0
48000,iir-p18000-s19000,edge,AB,1.3830175655059098,0.9999862405958306,0.21830133622000092,True,0.783561363398266,0,0
48000,iir-p18000-s19000,overlap-reference,A1,0.7288560909791804,0.7166047453853127,0.002522057831823356,True,1.0024653453847538,0,0
48000,iir-p18000-s19000,overlap-reference,B1,1.1470694327216926,1.1371029251819604,0.002271654792084277,True,1.003484224358197,0,0
48000,iir-p18000-s19000,overlap-reference,AB,0.7288576986041251,0.7166047453853127,0.002522056718112091,True,1.0024653453847538,0,0
48000,iir-p18000-s19000,sustained-edge,A1,1.293275206146413,1.1152313420019828,0.11469801991675865,True,1.0357004979600242,0,0
48000,iir-p18000-s19000,sustained-edge,B1,1.301728369802263,1.0004552672236098,0.5019347568337804,True,0.3758413420613721,0,0
48000,iir-p18000-s19000,sustained-edge,AB,1.293275209046796,1.1152313420019828,0.11469802803682856,True,1.0357004979600242,0,0
48000,fir17-p18000-s19000,reference,A1,0.09417758007317341,0.1381074335895373,0.09417747139906808,True,1.0001435194666393,0,8
48000,fir17-p18000-s19000,reference,B1,0.001977904475337332,0.01017522976568463,0.0019780001462061845,True,1.0002849093608261,0,8
48000,fir17-p18000-s19000,reference,AB,0.09128088801367575,0.1381074335895373,0.09128069717861324,True,1.0001435194666393,0,8
48000,fir17-p18000-s19000,edge,A1,0.20684293225071232,0.2740219037408129,0.2068427268926394,True,0.8362813177844751,0,8
48000,fir17-p18000-s19000,edge,B1,0.42617743946572617,0.3860959435022833,0.42618057446665975,True,0.69021803724982,0,8
48000,fir17-p18000-s19000,edge,AB,0.20684302079071087,0.2740219037408129,0.20684281522542686,True,0.8362813177844751,0,8
48000,fir17-p18000-s19000,overlap-reference,A1,0.002261350717182818,0.008099575208622764,0.0022614780422806568,True,1.000093106734539,0,8
48000,fir17-p18000-s19000,overlap-reference,B1,0.001977905799217969,0.010175234088377423,0.001978001473719349,True,1.0002849138829222,0,8
48000,fir17-p18000-s19000,overlap-reference,AB,0.0022613497866368496,0.008099575208622764,0.002261476767983978,True,1.000093106734539,0,8
48000,fir17-p18000-s19000,sustained-edge,A1,0.10773051740398942,0.0824553241415124,0.10773278266825266,True,1.0317639930906712,0,8
48000,fir17-p18000-s19000,sustained-edge,B1,0.42617743580563244,0.38609592300812284,0.4261805708060086,True,0.6902180552039898,0,8
48000,fir17-p18000-s19000,sustained-edge,AB,0.10773052246883301,0.0824553241415124,0.10773278675243121,True,1.0317639930906712,0,8
48000,fir33-p18000-s19000,reference,A1,0.09463176286972946,0.1265440427716283,0.09459618428010523,True,0.995756216347287,0,16
48000,fir33-p18000-s19000,reference,B1,0.0020983641980000228,0.009968883625568012,0.0020976712202348193,True,1.0011489510556943,0,16
48000,fir33-p18000-s19000,reference,AB,0.09172125086712084,0.1265440427716283,0.09168668061411411,True,0.995756216347287,0,16
48000,fir33-p18000-s19000,edge,A1,0.19738530776091617,0.24954787885148436,0.19731713998917935,True,0.8444178165613851,0,16
48000,fir33-p18000-s19000,edge,B1,0.4138225328379586,0.3571471322930209,0.41375904010914527,True,0.762192789308559,0,16
48000,fir33-p18000-s19000,edge,AB,0.1973853961628149,0.24954787885148436,0.19731722815924962,True,0.8444178165613851,0,16
48000,fir33-p18000-s19000,overlap-reference,A1,0.0023063062767958993,0.008052065496572355,0.0023056194312641087,True,1.0000014059955455,0,16
48000,fir33-p18000-s19000,overlap-reference,B1,0.0020983658815842275,0.009968889575252205,0.002097672906316053,True,1.0011489545918029,0,16
48000,fir33-p18000-s19000,overlap-reference,AB,0.002306305531131286,0.008052065496572355,0.0023056183493285988,True,1.0000014059955455,0,16
48000,fir33-p18000-s19000,sustained-edge,A1,0.10387191304028451,0.07498477978574115,0.10383988448861771,True,1.0363768834564342,0,16
48000,fir33-p18000-s19000,sustained-edge,B1,0.41382252915039214,0.35714711458922116,0.413759036426575,True,0.7621928059754648,0,16
48000,fir33-p18000-s19000,sustained-edge,AB,0.10387191792930427,0.07498477978574115,0.10383988835400346,True,1.0363768834564342,0,16
48000,fir65-p18000-s19000,reference,A1,0.09773426571403042,0.12303115256011371,0.0977024855807956,True,0.9941611956167146,0,32
48000,fir65-p18000-s19000,reference,B1,0.0021650800765960856,0.009982672782516617,0.002164516184607891,True,1.0017822763740303,0,32
48000,fir65-p18000-s19000,reference,AB,0.09472832967934686,0.12303115256011371,0.09469743816740639,True,0.9941611956167146,0,32
48000,fir65-p18000-s19000,edge,A1,0.20296672329137724,0.23908244919223828,0.20290241627687797,True,0.8453016228587562,0,32
48000,fir65-p18000-s19000,edge,B1,0.41092967701494887,0.34710627184560533,0.4108144371839653,True,0.816335404311748,0,32
48000,fir65-p18000-s19000,edge,AB,0.20296680625959748,0.23908244919223828,0.20290249905456753,True,0.8453016228587562,0,32
48000,fir65-p18000-s19000,overlap-reference,A1,0.0023870949977335683,0.007917508093452756,0.0023865434989404394,True,1.0002679256620797,0,32
48000,fir65-p18000-s19000,overlap-reference,B1,0.0021650818611432306,0.009982680094937768,0.0021645179704340165,True,1.0017822787128698,0,32
48000,fir65-p18000-s19000,overlap-reference,AB,0.0023870942079944474,0.007917508093452756,0.002386542386093462,True,1.0002679256620797,0,32
48000,fir65-p18000-s19000,sustained-edge,A1,0.1062115132389405,0.07177573987357799,0.1061842767795257,True,1.0375141555820382,0,32
48000,fir65-p18000-s19000,sustained-edge,B1,0.41092967324044366,0.3471062553192168,0.41081443340938195,True,0.8163354188737213,0,32
48000,fir65-p18000-s19000,sustained-edge,AB,0.1062115179335397,0.07177573987357799,0.10618428047072793,True,1.0375141555820382,0,32
48000,fir129-p18000-s19000,reference,A1,0.10027937932518632,0.1227248550840953,0.10026189339856217,True,0.9939040142831091,0,64
48000,fir129-p18000-s19000,reference,B1,0.00220191970620511,0.009901477693664566,0.0022016352562022356,True,1.0021255155251443,0,64
48000,fir129-p18000-s19000,reference,AB,0.09719513828509595,0.1227248550840953,0.09717809851717686,True,0.9939040142831091,0,64
48000,fir129-p18000-s19000,edge,A1,0.20872100675059074,0.2376775013271141,0.20868362652072872,True,0.8457080263332598,0,64
48000,fir129-p18000-s19000,edge,B1,0.42216998947388995,0.33425324363073067,0.4221213888402162,True,0.8458513289224846,0,64
48000,fir129-p18000-s19000,edge,AB,0.20872109185220708,0.2376775013271141,0.20868371160301014,True,0.8457080263332598,0,64
48000,fir129-p18000-s19000,overlap-reference,A1,0.00242352814274773,0.007958955674441244,0.0024232453936207563,True,1.0006940666603776,0,64
48000,fir129-p18000-s19000,overlap-reference,B1,0.002201921451135212,0.009901485455621199,0.0022016370031513795,True,1.0021255169830112,0,64
48000,fir129-p18000-s19000,overlap-reference,AB,0.002423527350688921,0.007958955674441244,0.002423244279299157,True,1.0006940666603776,0,64
48000,fir129-p18000-s19000,sustained-edge,A1,0.10824312908920583,0.07089232451572074,0.10822615947664788,True,1.0380874693183288,0,64
48000,fir129-p18000-s19000,sustained-edge,B1,0.42216998530235933,0.3342532277708013,0.42212138466845867,True,0.8458513423767049,0,64
48000,fir129-p18000-s19000,sustained-edge,AB,0.10824313395548506,0.07089232451572074,0.1082261634384608,True,1.0380874693183288,0,64
48000,iir-p18000-s20000,reference,A1,1.8036119540347646,1.947139234381183,0.09822322641485667,True,1.063017359345647,0,0
48000,iir-p18000-s20000,reference,B1,0.5393331059490959,0.53067133192638,0.0021673337547467725,True,1.0025637505259686,0,0
48000,iir-p18000-s20000,reference,AB,1.7531462686347705,1.947139234381183,0.09520215062346185,True,1.063017359345647,0,0
48000,iir-p18000-s20000,edge,A1,1.2962783856024749,1.0030722884879122,0.2036654443396534,True,0.8094419162839522,0,0
48000,iir-p18000-s20000,edge,B1,1.311146708303885,1.0695773646107887,0.3916717160425924,True,0.5279648065544973,0,0
48000,iir-p18000-s20000,edge,AB,1.2962783895473313,1.0030722884879122,0.2036655166190709,True,0.8094419162839522,0,0
48000,iir-p18000-s20000,overlap-reference,A1,0.3350981541734179,0.3419975928772849,0.002376307373761997,True,1.0022384547490366,0,0
48000,iir-p18000-s20000,overlap-reference,B1,0.539333105987435,0.5306713324231375,0.0021673354643247803,True,1.0025637745049771,0,0
48000,iir-p18000-s20000,overlap-reference,AB,0.33509894970125526,0.3419975928772849,0.0023763062829329834,True,1.0022384547490366,0,0
48000,iir-p18000-s20000,sustained-edge,A1,1.686498385842388,1.7567241378617517,0.10552656474405551,True,0.9865973724122785,0,0
48000,iir-p18000-s20000,sustained-edge,B1,1.3111467132051795,1.0695773570155414,0.3916717120219901,True,0.5279647850354897,0,0
48000,iir-p18000-s20000,sustained-edge,AB,1.6864983834689429,1.7567241378617517,0.10552656751177741,True,0.9865973724122785,0,0
48000,fir17-p18000-s20000,reference,A1,0.08457091981260521,0.12209388478889344,0.08457082225644226,True,0.9955715685785369,0,8
48000,fir17-p18000-s20000,reference,B1,0.0018367366332557682,0.009144173036005933,0.001836838435222123,True,1.0002767293669372,0,8
48000,fir17-p18000-s20000,reference,AB,0.08196978808313873,0.12209388478889344,0.08196961682874015,True,0.9955715685785369,0,8
48000,fir17-p18000-s20000,edge,A1,0.18123600698410453,0.23699970724218727,0.18123582744803335,True,0.8549431797077427,0,8
48000,fir17-p18000-s20000,edge,B1,0.36377292616769535,0.33631419301307813,0.3637767690346806,True,0.7355476216188699,0,8
48000,fir17-p18000-s20000,edge,AB,0.18123607938857886,0.23699970724218727,0.18123589964260936,True,0.8549431797077427,0,8
48000,fir17-p18000-s20000,overlap-reference,A1,0.002050787244776934,0.007309368592630293,0.0020509266654773674,True,1.0000601417476687,0,8
48000,fir17-p18000-s20000,overlap-reference,B1,0.001836738011378654,0.009144177554662217,0.0018368398171754116,True,1.0002767323195498,0,8
48000,fir17-p18000-s20000,overlap-reference,AB,0.0020507865075452105,0.007309368592630293,0.002050925551775841,True,1.0000601417476687,0,8
48000,fir17-p18000-s20000,sustained-edge,A1,0.09454478915791768,0.07184266045360721,0.09454735672990529,True,1.0310553405463845,0,8
48000,fir17-p18000-s20000,sustained-edge,B1,0.36377292228901115,0.3363141743787885,0.36377676515529783,True,0.7355476383733728,0,8
48000,fir17-p18000-s20000,sustained-edge,AB,0.0945447933102371,0.07184266045360721,0.09454735978077494,True,1.0310553405463845,0,8
48000,fir33-p18000-s20000,reference,A1,0.08716837517067982,0.1106214502069822,0.08715025967061325,True,0.9883395112983746,0,16
48000,fir33-p18000-s20000,reference,B1,0.001999929130640913,0.008929106769270277,0.001999543276724258,True,1.0010044581147821,0,16
48000,fir33-p18000-s20000,reference,AB,0.08448750307557779,0.1106214502069822,0.08446986543898241,True,0.9883395112983746,0,16
48000,fir33-p18000-s20000,edge,A1,0.17892412241788766,0.2149291941677114,0.17888934263792272,True,0.8597767653098025,0,16
48000,fir33-p18000-s20000,edge,B1,0.333779898047284,0.3023870398110683,0.33375561256597824,True,0.8156071620393982,0,16
48000,fir33-p18000-s20000,edge,AB,0.17892418094819484,0.2149291941677114,0.17888940095194986,True,0.8597767653098025,0,16
48000,fir33-p18000-s20000,overlap-reference,A1,0.002156249207497672,0.007315220419004951,0.002155880817414785,True,0.9999088895492697,0,16
48000,fir33-p18000-s20000,overlap-reference,B1,0.0019999308058343815,0.008929113170758606,0.001999544953565799,True,1.0010044596014933,0,16
48000,fir33-p18000-s20000,overlap-reference,AB,0.002156248613820451,0.007315220419004951,0.002155879862712447,True,0.9999088895492697,0,16
48000,fir33-p18000-s20000,sustained-edge,A1,0.0935891083498681,0.06440261104162875,0.0935732465251185,True,1.0352445048093304,0,16
48000,fir33-p18000-s20000,sustained-edge,B1,0.3337798940854857,0.3023870239991478,0.3337556086069478,True,0.8156071706173121,0,16
48000,fir33-p18000-s20000,sustained-edge,AB,0.09358911171858707,0.06440261104162875,0.09357324876844407,True,1.0352445048093304,0,16
48000,fir65-p18000-s20000,reference,A1,0.0902452666187333,0.10805826704633618,0.09022643581128155,True,0.986236874121229,0,32
48000,fir65-p18000-s20000,reference,B1,0.0020352425986208283,0.008909226968735492,0.0020349085975144517,True,1.0019536459184473,0,32
48000,fir65-p18000-s20000,reference,AB,0.08746971424449519,0.10805826704633618,0.08745138069332441,True,0.986236874121229,0,32
48000,fir65-p18000-s20000,edge,A1,0.18484685132395343,0.2076813989910042,0.18480876850818342,True,0.8607085537016987,0,32
48000,fir65-p18000-s20000,edge,B1,0.32429314345530696,0.2695794677913194,0.3242305614459758,True,0.8717400154893307,0,32
48000,fir65-p18000-s20000,edge,AB,0.18484690198658066,0.2076813989910042,0.18480881904854368,True,0.8607085537016987,0,32
48000,fir65-p18000-s20000,overlap-reference,A1,0.002211109560537449,0.007245031964238796,0.0022107412205359966,True,1.0007825729227353,0,32
48000,fir65-p18000-s20000,overlap-reference,B1,0.00203524438264898,0.008909234263648345,0.0020349103860207453,True,1.0019536465054288,0,32
48000,fir65-p18000-s20000,overlap-reference,AB,0.002211108905649524,0.007245031964238796,0.0022107402137926868,True,1.0007825729227353,0,32
48000,fir65-p18000-s20000,sustained-edge,A1,0.09666210803633316,0.061671195537523045,0.09664143006488421,True,1.0367319646942108,0,32
48000,fir65-p18000-s20000,sustained-edge,B1,0.3242931402744521,0.26957945408636685,0.3242305582596739,True,0.8717400213457238,0,32
48000,fir65-p18000-s20000,sustained-edge,AB,0.09666211106171724,0.061671195537523045,0.09664143197450492,True,1.0367319646942108,0,32
48000,fir129-p18000-s20000,reference,A1,0.09178711013324584,0.10746900620021947,0.09176776602785461,True,0.9854594776629704,0,64
48000,fir129-p18000-s20000,reference,B1,0.002074010817173691,0.008958677857105602,0.002073663568159202,True,1.001987572585842,0,64
48000,fir129-p18000-s20000,reference,AB,0.08896414298993727,0.10746900620021947,0.08894531144493056,True,0.9854594776629704,0,64
48000,fir129-p18000-s20000,edge,A1,0.1882117150539398,0.2062144141521617,0.18817143517353635,True,0.8607160347573366,0,64
48000,fir129-p18000-s20000,edge,B1,0.31970502121235594,0.2415389655146148,0.3196254416283798,True,0.899025274882971,0,64
48000,fir129-p18000-s20000,edge,AB,0.18821176186032493,0.2062144141521617,0.1881714818301837,True,0.8607160347573366,0,64
48000,fir129-p18000-s20000,overlap-reference,A1,0.002255573849546071,0.007231685603538853,0.002255224556170214,True,1.0007811808338403,0,64
48000,fir129-p18000-s20000,overlap-reference,B1,0.0020740125731764244,0.008958684983718735,0.002073665327750038,True,1.001987573103585,0,64
48000,fir129-p18000-s20000,overlap-reference,AB,0.0022555731762331234,0.007231685603538853,0.0022552235485589003,True,1.0007811808338403,0,64
48000,fir129-p18000-s20000,sustained-edge,A1,0.09865675021274842,0.0610189727893752,0.09863691875204497,True,1.0367929475216342,0,64
48000,fir129-p18000-s20000,sustained-edge,B1,0.31970501796878303,0.24153895314626242,0.31962543838158874,True,0.8990252795770383,0,64
48000,fir129-p18000-s20000,sustained-edge,AB,0.09865675303598778,0.0610189727893752,0.09863692048735498,True,1.0367929475216342,0,64
48000,iir-p18000-s23520,reference,A1,0.60648229913024,0.5514507566638984,0.06654776248306479,True,1.0694794339487474,0,0
48000,iir-p18000-s23520,reference,B1,0.07317480778976088,0.10051743440082181,0.0015507685943806882,True,0.9978180621270689,0,0
48000,iir-p18000-s23520,reference,AB,0.5880958216653865,0.5514507566638984,0.06450105371757843,True,1.0694794339487474,0,0
48000,iir-p18000-s23520,edge,A1,1.0120418024098683,0.9421764154044097,0.1329397488197539,True,0.9863680663085026,0,0
48000,iir-p18000-s23520,edge,B1,1.4156467417552174,1.2809308509857327,0.18498929885028953,True,0.8895653742646095,0,0
48000,iir-p18000-s23520,edge,AB,1.012041930114486,0.9421764154044097,0.13293976499583657,True,0.9863680663085026,0,0
48000,iir-p18000-s23520,overlap-reference,A1,0.04652886211189092,0.06466377233425893,0.0016455655146750494,True,1.00069568688866,0,0
48000,iir-p18000-s23520,overlap-reference,B1,0.07317480777432646,0.10051743674082717,0.0015507699967808933,True,0.9978180763871617,0,0
48000,iir-p18000-s23520,overlap-reference,AB,0.04652896436808156,0.06466377233425893,0.0016455646316003122,True,1.00069568688866,0,0
48000,iir-p18000-s23520,sustained-edge,A1,0.5737055782361029,0.3718179838166333,0.06831910029111968,True,1.0243823557230387,0,0
48000,iir-p18000-s23520,sustained-edge,B1,1.4156467413651188,1.2809308521595544,0.18498929147596027,True,0.8895653828911486,0,0
48000,iir-p18000-s23520,sustained-edge,AB,0.5737055879383239,0.3718179838166333,0.06831909991796356,True,1.0243823557230387,0,0
48000,fir17-p18000-s23520,reference,A1,0.05710061574667875,0.07099094516196201,0.05710054995827927,True,0.9852586272288967,0,8
48000,fir17-p18000-s23520,reference,B1,0.0013153654972016837,0.005803666512295685,0.0013154738147088635,True,0.9999261956626324,0,8
48000,fir17-p18000-s23520,reference,AB,0.055344488202114975,0.07099094516196201,0.055344372854396584,True,0.9852586272288967,0,8
48000,fir17-p18000-s23520,edge,A1,0.11572064296352358,0.13701795411671877,0.11572052931132032,True,0.9095760303962385,0,8
48000,fir17-p18000-s23520,edge,B1,0.18936458073524665,0.18255371824895633,0.1893707518371921,True,0.8686805244104916,0,8
48000,fir17-p18000-s23520,edge,AB,0.11572066857313151,0.13701795411671877,0.11572055471707701,True,0.9095760303962385,0,8
48000,fir17-p18000-s23520,overlap-reference,A1,0.0014064083173218052,0.004694656843280544,0.0014065642954601053,True,0.9999466082485575,0,8
48000,fir17-p18000-s23520,overlap-reference,B1,0.0013153667205331211,0.005803670743932951,0.001315475042033677,True,0.9999261947367117,0,8
48000,fir17-p18000-s23520,overlap-reference,AB,0.001406407955622353,0.004694656843280544,0.0014065635124537647,True,0.9999466082485575,0,8
48000,fir17-p18000-s23520,sustained-edge,A1,0.05981970655484863,0.04022511285951133,0.05982282052717912,True,1.0240603945215052,0,8
48000,fir17-p18000-s23520,sustained-edge,B1,0.1893645762522678,0.1825537058452266,0.18937074735311338,True,0.8686805361232608,0,8
48000,fir17-p18000-s23520,sustained-edge,AB,0.059819708208161855,0.04022511285951133,0.059822820864764654,True,1.0240603945215052,0,8
48000,fir33-p18000-s23520,reference,A1,0.06338296764571874,0.06543296768310598,0.06335578360136165,True,0.9741773132911193,0,16
48000,fir33-p18000-s23520,reference,B1,0.0015064856835819095,0.005696304190086754,0.001506063864984766,True,1.0000271266915846,0,16
48000,fir33-p18000-s23520,reference,AB,0.06143369446358617,0.06543296768310598,0.061407289529430024,True,0.9741773132911193,0,16
48000,fir33-p18000-s23520,edge,A1,0.12650710249575575,0.12372466186310009,0.1264541978759116,True,0.9111877712800226,0,16
48000,fir33-p18000-s23520,edge,B1,0.1737223492327635,0.15645584644232327,0.17369052390022072,True,0.9416614914093678,0,16
48000,fir33-p18000-s23520,edge,AB,0.12650711727581798,0.12372466186310009,0.12645421244387695,True,0.9111877712800226,0,16
48000,fir33-p18000-s23520,overlap-reference,A1,0.0015862803695806918,0.004524954026119977,0.0015858772709882434,True,1.0000504288800713,0,16
48000,fir33-p18000-s23520,overlap-reference,B1,0.0015064870209507313,0.005696309289213434,0.0015060652021682973,True,1.0000271234075049,0,16
48000,fir33-p18000-s23520,overlap-reference,AB,0.0015862800258401749,0.004524954026119977,0.0015858764250847586,True,1.0000504288800713,0,16
48000,fir33-p18000-s23520,sustained-edge,A1,0.06486582840463134,0.03610486435723387,0.06484694664105889,True,1.0273547901711937,0,16
48000,fir33-p18000-s23520,sustained-edge,B1,0.17372234214695628,0.15645583462175147,0.17369051681976796,True,0.9416614998188046,0,16
48000,fir33-p18000-s23520,sustained-edge,AB,0.0648658295662415,0.03610486435723387,0.0648469461832544,True,1.0273547901711937,0,16
48000,fir65-p18000-s23520,reference,A1,0.06694397169866105,0.06443481399203246,0.06692603766604681,True,0.9706944775794099,0,32
48000,fir65-p18000-s23520,reference,B1,0.001564049030021094,0.005581933436471078,0.0015636336449513857,True,0.9997533302211202,0,32
48000,fir65-p18000-s23520,reference,AB,0.06488514387982129,0.06443481399203246,0.06486770094394095,True,0.9706944775794099,0,32
48000,fir65-p18000-s23520,edge,A1,0.13347698554229898,0.12119225053448168,0.1334413288530096,True,0.911515777888838,0,32
48000,fir65-p18000-s23520,edge,B1,0.18057511854068808,0.1537073011088149,0.1805293083973823,True,0.9523825272412582,0,32
48000,fir65-p18000-s23520,edge,AB,0.1334770001591771,0.12119225053448168,0.13344134329361118,True,0.911515777888838,0,32
48000,fir65-p18000-s23520,overlap-reference,A1,0.0016692507975318595,0.0046326717613239905,0.0016688729361288067,True,0.9995964877837732,0,32
48000,fir65-p18000-s23520,overlap-reference,B1,0.0015640504060983847,0.005581938551490667,0.0015636350262299022,True,0.9997533267297711,0,32
48000,fir65-p18000-s23520,overlap-reference,AB,0.001669250374911285,0.0046326717613239905,0.0016688720342502529,True,0.9995964877837732,0,32
48000,fir65-p18000-s23520,sustained-edge,A1,0.06848629572762502,0.03522804567886436,0.06846911900771888,True,1.0281376632429662,0,32
48000,fir65-p18000-s23520,sustained-edge,B1,0.180575109949676,0.1537072882058645,0.18052929980915475,True,0.952382535352699,0,32
48000,fir65-p18000-s23520,sustained-edge,AB,0.06848629675449279,0.03522804567886436,0.0684691184902315,True,1.0281376632429662,0,32
48000,fir129-p18000-s23520,reference,A1,0.06890253420847084,0.06389489525885617,0.06888754429678517,True,0.9697293269936723,0,64
48000,fir129-p18000-s23520,reference,B1,0.0016061666611034647,0.005590056822185037,0.0016059832538620462,True,0.9996732590588528,0,64
48000,fir129-p18000-s23520,reference,AB,0.06678346648249651,0.06389489525885617,0.06676887458664518,True,0.9697293269936723,0,64
48000,fir129-p18000-s23520,edge,A1,0.13743725041095675,0.11999137535014788,0.13740744846493572,True,0.9115259998678972,0,64
48000,fir129-p18000-s23520,edge,B1,0.1875030989805795,0.14844803206515253,0.18745777845653,True,0.9621248246190824,0,64
48000,fir129-p18000-s23520,edge,AB,0.13743726602431705,0.11999137535014788,0.13740746355220138,True,0.9115259998678972,0,64
48000,fir129-p18000-s23520,overlap-reference,A1,0.001703998930928445,0.004537182138968874,0.0017038416412673719,True,0.9993120379227464,0,64
48000,fir129-p18000-s23520,overlap-reference,B1,0.0016061682495643976,0.005590062153314107,0.0016059848460964574,True,0.9996732556673004,0,64
48000,fir129-p18000-s23520,overlap-reference,AB,0.0017039985250082116,0.004537182138968874,0.001703840759477238,True,0.9993120379227464,0,64
48000,fir129-p18000-s23520,sustained-edge,A1,0.07041848347959459,0.03501307211684802,0.07040706696258013,True,1.0282273373991748,0,64
48000,fir129-p18000-s23520,sustained-edge,B1,0.1875030893139808,0.14844801873819422,0.18745776878962603,True,0.9621248324213333,0,64
48000,fir129-p18000-s23520,sustained-edge,AB,0.07041848464890445,0.03501307211684802,0.07040706660264813,True,1.0282273373991748,0,64
96000,iir-p16000-s18000,reference,A1,1.057130769698998,1.1174110461575086,0.0682161118747263,True,0.8445053211944583,0,0
96000,iir-p16000-s18000,reference,B1,1.9447732027355922,1.9044119403038187,0.0022856063628861074,True,0.9981012552972334,0,0
96000,iir-p16000-s18000,reference,AB,1.083016120759229,1.1174110461575086,0.06750405112573955,True,0.8445053211944583,0,0
96000,iir-p16000-s18000,edge,A1,1.2958228858466998,1.0,0.23555444263397443,True,0.6329924751665225,0,0
96000,iir-p16000-s18000,edge,B1,1.1031502393631394,1.0,0.8523483960753971,True,0.24987212014837343,0,0
96000,iir-p16000-s18000,edge,AB,1.2958228550977433,1.0,0.23555468849827083,True,0.6329924751665225,0,0
96000,iir-p16000-s18000,overlap-reference,A1,1.7095982353802295,1.8190711263544466,0.037577985228147016,True,0.9971997644228847,0,0
96000,iir-p16000-s18000,overlap-reference,B1,1.9447732023983186,1.9044118949735083,0.002285605831014945,True,0.9981012515841335,0,0
96000,iir-p16000-s18000,overlap-reference,AB,1.7096349312748258,1.8190711263544466,0.037575263467183956,True,0.9971997644228847,0,0
96000,iir-p16000-s18000,sustained-edge,A1,1.3166373481415705,0.9999999737302834,0.31524973726487054,True,0.9098785648046661,0,0
96000,iir-p16000-s18000,sustained-edge,B1,1.1031502361708954,1.0,0.8523483998264345,True,0.24987212453387314,0,0
96000,iir-p16000-s18000,sustained-edge,AB,1.31663734450723,0.9999999737302834,0.3152497436464189,True,0.9098785648046661,0,0
96000,fir17-p16000-s18000,reference,A1,0.0904623311051308,0.29092973598950095,0.09045813722788909,True,0.8135457862842072,0,8
96000,fir17-p16000-s18000,reference,B1,0.0021257406565020082,0.020946510512713956,0.002125492374582469,True,1.000594775493974,0,8
96000,fir17-p16000-s18000,reference,AB,0.08951754277525656,0.29092973598950095,0.08951336441843777,True,0.8135457862842072,0,8
96000,fir17-p16000-s18000,edge,A1,0.32836104745639155,0.39129963893334,0.3283533812741665,True,0.6808498407779694,0,8
96000,fir17-p16000-s18000,edge,B1,0.5502001795808198,0.45298252034062725,0.5501942796713766,True,0.6334291307622466,0,8
96000,fir17-p16000-s18000,edge,AB,0.3283610986232916,0.39129963893334,0.32835343268573575,True,0.6808498407779694,0,8
96000,fir17-p16000-s18000,overlap-reference,A1,0.045370954855153384,0.07973906470062248,0.045369089045826684,True,1.0037183744406477,0,8
96000,fir17-p16000-s18000,overlap-reference,B1,0.0021257404712830335,0.02094650868845496,0.0021254921896944386,True,1.0005947631222558,0,8
96000,fir17-p16000-s18000,overlap-reference,AB,0.04536766410205447,0.07973906470062248,0.045365797917579435,True,1.0037183744406477,0,8
96000,fir17-p16000-s18000,sustained-edge,A1,0.29071886635801897,0.3055198806654668,0.2907122412173582,True,0.8692940674371976,0,8
96000,fir17-p16000-s18000,sustained-edge,B1,0.5502001805281704,0.45298251647197446,0.5501942806176062,True,0.6334291318868289,0,8
96000,fir17-p16000-s18000,sustained-edge,AB,0.29071886816958054,0.3055198806654668,0.2907122430323355,True,0.8692940674371976,0,8
96000,fir33-p16000-s18000,reference,A1,0.06040771687066856,0.27431580628284274,0.06039944334877132,True,0.8961633304916947,0,16
96000,fir33-p16000-s18000,reference,B1,0.002052523440633681,0.019488582542534095,0.0020521434012324984,True,0.9998233797021138,0,16
96000,fir33-p16000-s18000,reference,AB,0.05977720105662734,0.27431580628284274,0.05976899590094,True,0.8961633304916947,0,16
96000,fir33-p16000-s18000,edge,A1,0.2401287571705741,0.45673449154516543,0.2401121501757294,True,0.7731558841866181,0,16
96000,fir33-p16000-s18000,edge,B1,0.6054665993230378,0.4854167259685645,0.605452251318145,True,0.6883911861074394,0,16
96000,fir33-p16000-s18000,edge,AB,0.24012886807364117,0.45673449154516543,0.24011226137678449,True,0.7731558841866181,0,16
96000,fir33-p16000-s18000,overlap-reference,A1,0.03596546543045617,0.08755640434068268,0.03596225240215463,True,1.00054583663727,0,16
96000,fir33-p16000-s18000,overlap-reference,B1,0.0020525231617636946,0.019488580541884928,0.002052143122441941,True,0.9998233669612908,0,16
96000,fir33-p16000-s18000,overlap-reference,AB,0.035962859727571767,0.08755640434068268,0.03595964652920329,True,1.00054583663727,0,16
96000,fir33-p16000-s18000,sustained-edge,A1,0.25966537613918933,0.3606703607243166,0.259653193259199,True,0.9495941932058358,0,16
96000,fir33-p16000-s18000,sustained-edge,B1,0.6054666008701678,0.4854167270683731,0.6054522528655927,True,0.6883911881404257,0,16
96000,fir33-p16000-s18000,sustained-edge,AB,0.2596653789199325,0.3606703607243166,0.2596531960438773,True,0.9495941932058358,0,16
96000,fir65-p16000-s18000,reference,A1,0.06103345856559611,0.2596647825282806,0.06102252375239355,True,0.9133961883327619,0,32
96000,fir65-p16000-s18000,reference,B1,0.0021318830717094004,0.01901727874677937,0.00213144046499684,True,0.9996602818445891,0,32
96000,fir65-p16000-s18000,reference,AB,0.060396453521446423,0.2596647825282806,0.06038561464705925,True,0.9133961883327619,0,32
96000,fir65-p16000-s18000,edge,A1,0.20207213731160342,0.4590106050676187,0.20204220648031512,True,0.8243625674847269,0,32
96000,fir65-p16000-s18000,edge,B1,0.684586563364071,0.5770525619642535,0.6845096338794547,True,0.7336821162691045,0,32
96000,fir65-p16000-s18000,edge,AB,0.2020723198233128,0.4590106050676187,0.20204238931203525,True,0.8243625674847269,0,32
96000,fir65-p16000-s18000,overlap-reference,A1,0.03267176612796995,0.08446709110479379,0.032666886372770765,True,0.9986578814639009,0,32
96000,fir65-p16000-s18000,overlap-reference,B1,0.0021318828428563627,0.019017276686410886,0.0021314402348748336,True,0.9996602693814239,0,32
96000,fir65-p16000-s18000,overlap-reference,AB,0.032669401497050735,0.08446709110479379,0.03266452172965986,True,0.9986578814639009,0,32
96000,fir65-p16000-s18000,sustained-edge,A1,0.25690258983468806,0.41901322736455127,0.2568732476952455,True,0.9651230586088624,0,32
96000,fir65-p16000-s18000,sustained-edge,B1,0.6845865659674233,0.5770525642159287,0.6845096364849844,True,0.7336821193562548,0,32
96000,fir65-p16000-s18000,sustained-edge,AB,0.2569025936176838,0.41901322736455127,0.2568732514811774,True,0.9651230586088624,0,32
96000,fir129-p16000-s18000,reference,A1,0.06239975521471692,0.25698840193618655,0.06239009115232843,True,0.91747774118137,0,64
96000,fir129-p16000-s18000,reference,B1,0.002164863699695008,0.018978656649382877,0.002164486956472946,True,0.9998857343859959,0,64
96000,fir129-p16000-s18000,reference,AB,0.06174847937517082,0.25698840193618655,0.06173889752116132,True,0.91747774118137,0,64
96000,fir129-p16000-s18000,edge,A1,0.20367932400990563,0.44348967146236473,0.20364392154855437,True,0.830557400414849,0,64
96000,fir129-p16000-s18000,edge,B1,0.7565366371721624,0.6367860248686724,0.7563548722409404,True,0.7487436669202692,0,64
96000,fir129-p16000-s18000,edge,AB,0.20367954869040295,0.44348967146236473,0.20364414648861023,True,0.830557400414849,0,64
96000,fir129-p16000-s18000,overlap-reference,A1,0.03254811229700993,0.08234297482932074,0.032542990369542515,True,0.9981488623627431,0,64
96000,fir129-p16000-s18000,overlap-reference,B1,0.0021648634296168342,0.018978654071869758,0.0021644866862244637,True,0.9998857229493242,0,64
96000,fir129-p16000-s18000,overlap-reference,AB,0.03254575702442657,0.08234297482932074,0.032540635118911726,True,0.9981488623627431,0,64
96000,fir129-p16000-s18000,sustained-edge,A1,0.26633064920978655,0.4544088112094555,0.2662784009835034,True,0.9693350906194319,0,64
96000,fir129-p16000-s18000,sustained-edge,B1,0.7565366405885574,0.6367860284585188,0.75635487565626,True,0.7487436701911862,0,64
96000,fir129-p16000-s18000,sustained-edge,AB,0.26633065375229564,0.4544088112094555,0.2662784055725275,True,0.9693350906194319,0,64
96000,iir-p16000-s19000,reference,A1,1.6533155632675218,1.1920889293479764,0.06456844525175423,True,0.8702870771960258,0,0
96000,iir-p16000-s19000,reference,B1,1.8188265079759687,1.7879353420255462,0.002210991608149926,True,1.011182362671374,0,0
96000,iir-p16000-s19000,reference,AB,1.6569249004261315,1.1920889293479764,0.06389449400647952,True,0.8702870771960258,0,0
96000,iir-p16000-s19000,edge,A1,1.1692424107087849,0.9999999999999867,0.21486206668228272,True,0.6862475734194475,0,0
96000,iir-p16000-s19000,edge,B1,1.1202680262200633,0.9999999999999988,0.7995685209137605,True,0.32472559234410775,0,0
96000,iir-p16000-s19000,edge,AB,1.1692424024419814,0.9999999999999867,0.21486230497510544,True,0.6862475734194475,0,0
96000,iir-p16000-s19000,overlap-reference,A1,1.1042378785977371,0.9915929021831011,0.03433203550231883,True,1.0313691829150755,0,0
96000,iir-p16000-s19000,overlap-reference,B1,1.8188265077898045,1.7879352433901583,0.002210991183914267,True,1.011182360823995,0,0
96000,iir-p16000-s19000,overlap-reference,AB,1.1043746749281957,0.9915929021831011,0.03432954999455204,True,1.0313691829150755,0,0
96000,iir-p16000-s19000,sustained-edge,A1,1.4759037761614962,1.392337540729927,0.28421811034445343,True,0.9418652929276171,0,0
96000,iir-p16000-s19000,sustained-edge,B1,1.1202680213185805,0.9999999999999988,0.799568524606542,True,0.3247255868684963,0,0
96000,iir-p16000-s19000,sustained-edge,AB,1.47590377540924,1.392337540729927,0.28421811507384204,True,0.9418652929276171,0,0
96000,fir17-p16000-s19000,reference,A1,0.07934540374721241,0.27997126078109974,0.07934100551989483,True,0.8322981778077074,0,8
96000,fir17-p16000-s19000,reference,B1,0.0019854613879808853,0.019938244146781605,0.001985217981786097,True,1.0004091901298122,0,8
96000,fir17-p16000-s19000,reference,AB,0.07851678222692715,0.27997126078109974,0.07851240541101653,True,0.8322981778077074,0,8
96000,fir17-p16000-s19000,edge,A1,0.29555159084468624,0.3847327967853228,0.2955437908527844,True,0.7023144110964393,0,8
96000,fir17-p16000-s19000,edge,B1,0.5118968823693871,0.4162004261692018,0.5118911176798109,True,0.6584636968407753,0,8
96000,fir17-p16000-s19000,edge,AB,0.2955516417964835,0.3847327967853228,0.29554384206328027,True,0.7023144110964393,0,8
96000,fir17-p16000-s19000,overlap-reference,A1,0.041009697138033784,0.07613404690473444,0.041007793061648666,True,1.0031548946217475,0,8
96000,fir17-p16000-s19000,overlap-reference,B1,0.0019854611788298953,0.019938242284495405,0.001985217772739339,True,1.0004091775521986,0,8
96000,fir17-p16000-s19000,overlap-reference,AB,0.041006723176910086,0.07613404690473444,0.04100481877771364,True,1.0031548946217475,0,8
96000,fir17-p16000-s19000,sustained-edge,A1,0.2649318208866405,0.2878643577342478,0.26492514973107617,True,0.883671107253494,0,8
96000,fir17-p16000-s19000,sustained-edge,B1,0.5118968832335722,0.4162004223475373,0.5118911185435298,True,0.658463697983474,0,8
96000,fir17-p16000-s19000,sustained-edge,AB,0.2649318226344444,0.2878643577342478,0.2649251514825249,True,0.883671107253494,0,8
96000,fir33-p16000-s19000,reference,A1,0.056503967547697515,0.25769349078241344,0.05649462794697229,True,0.9090181374200205,0,16
96000,fir33-p16000-s19000,reference,B1,0.0019776821227372406,0.018480943089295664,0.001977278406898141,True,1.0001513322355855,0,16
96000,fir33-p16000-s19000,reference,AB,0.0559142396629922,0.25769349078241344,0.055904980942945035,True,0.9090181374200205,0,16
96000,fir33-p16000-s19000,edge,A1,0.20373405056666494,0.434313185278698,0.20371442360017655,True,0.7974772645977866,0,16
96000,fir33-p16000-s19000,edge,B1,0.539323069958398,0.4818413406647218,0.5393106771936289,True,0.7285959351479209,0,16
96000,fir33-p16000-s19000,edge,AB,0.20373415607743475,0.434313185278698,0.2037145294501071,True,0.7974772645977866,0,16
96000,fir33-p16000-s19000,overlap-reference,A1,0.03162683415839818,0.08253921991491539,0.031623070166902655,True,0.9989315239460629,0,16
96000,fir33-p16000-s19000,overlap-reference,B1,0.0019776818054907113,0.01848094089845088,0.0019772780889421525,True,1.00015131931127,0,16
96000,fir33-p16000-s19000,overlap-reference,AB,0.03162454433646187,0.08253921991491539,0.031620780264038424,True,0.9989315239460629,0,16
96000,fir33-p16000-s19000,sustained-edge,A1,0.2277000753882903,0.3528660188302872,0.22768633943493968,True,0.9522346594321914,0,16
96000,fir33-p16000-s19000,sustained-edge,B1,0.5393230711791152,0.48184134154460634,0.5393106784145271,True,0.7285959371768195,0,16
96000,fir33-p16000-s19000,sustained-edge,AB,0.22770007792190652,0.3528660188302872,0.22768634197307336,True,0.9522346594321914,0,16
96000,fir65-p16000-s19000,reference,A1,0.05713019175932418,0.24618421553587502,0.05712084527312021,True,0.9246289417510263,0,32
96000,fir65-p16000-s19000,reference,B1,0.0020430254318792103,0.018221222175900373,0.002042637540173563,True,1.0005920199165088,0,32
96000,fir65-p16000-s19000,reference,AB,0.056533960296619536,0.24618421553587502,0.056524694546709726,True,0.9246289417510263,0,32
96000,fir65-p16000-s19000,edge,A1,0.17920684050317837,0.4208355276960606,0.17917902741225314,True,0.8528658522671592,0,32
96000,fir65-p16000-s19000,edge,B1,0.5868787769521328,0.564588044454531,0.5868401348704728,True,0.7976356159579211,0,32
96000,fir65-p16000-s19000,edge,AB,0.17920699073569468,0.4208355276960606,0.17917917801690106,True,0.8528658522671592,0,32
96000,fir65-p16000-s19000,overlap-reference,A1,0.02895715891123025,0.07731383579478318,0.028952711910615568,True,0.9968482711985838,0,32
96000,fir65-p16000-s19000,overlap-reference,B1,0.0020430251870175967,0.018221220010010798,0.002042637295276893,True,1.0005920073404382,0,32
96000,fir65-p16000-s19000,overlap-reference,AB,0.028955064692670403,0.07731383579478318,0.028950617692606023,True,0.9968482711985838,0,32
96000,fir65-p16000-s19000,sustained-edge,A1,0.22098186885998702,0.40042794161697337,0.22094996695477706,True,0.9654733734423748,0,32
96000,fir65-p16000-s19000,sustained-edge,B1,0.5868787788604979,0.5645880461794663,0.5868401367788486,True,0.7976356194550666,0,32
96000,fir65-p16000-s19000,sustained-edge,AB,0.2209818720885153,0.40042794161697337,0.22094997019433013,True,0.9654733734423748,0,32
96000,fir129-p16000-s19000,reference,A1,0.058212538487745595,0.24400645641706928,0.05820220208527396,True,0.9284954971039044,0,64
96000,fir129-p16000-s19000,reference,B1,0.002066295460738809,0.018085184718231433,0.0020658905620723252,True,1.0006901246684659,0,64
96000,fir129-p16000-s19000,reference,AB,0.05760499970670742,0.24400645641706928,0.05759475400194072,True,0.9284954971039044,0,64
96000,fir129-p16000-s19000,edge,A1,0.1819631659992598,0.40887073110041106,0.18192908562591462,True,0.8617338768256578,0,64
96000,fir129-p16000-s19000,edge,B1,0.6460916161760846,0.6247056536991016,0.6459905791964232,True,0.8457994208129094,0,64
96000,fir129-p16000-s19000,edge,AB,0.18196334807166945,0.40887073110041106,0.18192926803239853,True,0.8617338768256578,0,64
96000,fir129-p16000-s19000,overlap-reference,A1,0.02915517243978779,0.07532392586477343,0.029149628416312762,True,0.9959177252527333,0,64
96000,fir129-p16000-s19000,overlap-reference,B1,0.002066295336149078,0.018085182495461982,0.002065890437416093,True,1.0006901124009269,0,64
96000,fir129-p16000-s19000,overlap-reference,AB,0.02915306400066256,0.07532392586477343,0.029147520079762526,True,0.9959177252527333,0,64
96000,fir129-p16000-s19000,sustained-edge,A1,0.22865301967150486,0.4328480032458796,0.2286132727386336,True,0.968741516233493,0,64
96000,fir129-p16000-s19000,sustained-edge,B1,0.6460916187668047,0.6247056568792314,0.6459905817872296,True,0.8457994256255369,0,64
96000,fir129-p16000-s19000,sustained-edge,AB,0.2286530235279799,0.4328480032458796,0.22861327662727143,True,0.968741516233493,0,64
96000,iir-p16000-s20000,reference,A1,1.648199529867741,1.2008187446115066,0.06145529019934012,True,0.8543641911947206,0,0
96000,iir-p16000-s20000,reference,B1,1.5132075803156628,1.4967312022201884,0.0021410907492658646,True,1.0108976668355683,0,0
96000,iir-p16000-s20000,reference,AB,1.6455057236328874,1.2008187446115066,0.06081386016958776,True,0.8543641911947206,0,0
96000,iir-p16000-s20000,edge,A1,1.102213031420608,1.0016941504746053,0.19861233302068254,True,0.7305353136201312,0,0
96000,iir-p16000-s20000,edge,B1,1.1343508167735725,0.9999999999916399,0.7339781150031649,True,0.3952089262646499,0,0
96000,iir-p16000-s20000,edge,AB,1.1022130370422383,1.0016941504746053,0.1986125500617496,True,0.7305353136201312,0,0
96000,iir-p16000-s20000,overlap-reference,A1,1.6277927269570032,1.467654344319615,0.03176202949530356,True,1.0405571163593077,0,0
96000,iir-p16000-s20000,overlap-reference,B1,1.5132075802592113,1.4967312009249572,0.002141090472513872,True,1.010897665726922,0,0
96000,iir-p16000-s20000,overlap-reference,AB,1.6277762205247068,1.467654344319615,0.0317597310311674,True,1.0405571163593077,0,0
96000,iir-p16000-s20000,sustained-edge,A1,1.2674287615617421,0.9999999999711758,0.25792072346103023,True,0.9477494298110465,0,0
96000,iir-p16000-s20000,sustained-edge,B1,1.1343508107406581,0.9999999999916398,0.7339781182964072,True,0.3952089226745165,0,0
96000,iir-p16000-s20000,sustained-edge,AB,1.2674287608990689,0.9999999999711758,0.25792072784397,True,0.9477494298110465,0,0
96000,fir17-p16000-s20000,reference,A1,0.06998579291266253,0.2686991774506974,0.0699812439604198,True,0.8494776251564504,0,8
96000,fir17-p16000-s20000,reference,B1,0.0018645928448219684,0.019040965721337667,0.0018643569223512403,True,1.0002138947289667,0,8
96000,fir17-p16000-s20000,reference,AB,0.06925497738163129,0.2686991774506974,0.06925045461765482,True,0.8494776251564504,0,8
96000,fir17-p16000-s20000,edge,A1,0.26492248442246186,0.37674651430723244,0.26491458094425646,True,0.7356449911020772,0,8
96000,fir17-p16000-s20000,edge,B1,0.47366873178761437,0.38203542048647426,0.4736631030498437,True,0.6823386905185034,0,8
96000,fir17-p16000-s20000,edge,AB,0.26492253459135706,0.37674651430723244,0.2649146313895013,True,0.7356449911020772,0,8
96000,fir17-p16000-s20000,overlap-reference,A1,0.03705271077768433,0.07392741030150203,0.0370507847318525,True,1.0023472672860372,0,8
96000,fir17-p16000-s20000,overlap-reference,B1,0.0018645926145833304,0.019040963820709272,0.0018643566919030363,True,1.0002138819733717,0,8
96000,fir17-p16000-s20000,overlap-reference,AB,0.03705002430678256,0.07392741030150203,0.03704809798498463,True,1.0023472672860372,0,8
96000,fir17-p16000-s20000,sustained-edge,A1,0.2407295517101964,0.28473522881777075,0.24072287524639813,True,0.8956908905950234,0,8
96000,fir17-p16000-s20000,sustained-edge,B1,0.47366873255981706,0.38203542555969533,0.473663103822253,True,0.682338691677451,0,8
96000,fir17-p16000-s20000,sustained-edge,AB,0.24072955337867089,0.28473522881777075,0.24072287691882255,True,0.8956908905950234,0,8
96000,fir33-p16000-s20000,reference,A1,0.053186538527556705,0.24305208497761327,0.05317719179761629,True,0.9189424400862198,0,16
96000,fir33-p16000-s20000,reference,B1,0.001931570824920943,0.01755553667495112,0.0019311901051021598,True,1.0004000029261715,0,16
96000,fir33-p16000-s20000,reference,AB,0.05263148685680124,0.24305208497761327,0.052622222282503406,True,0.9189424400862198,0,16
96000,fir33-p16000-s20000,edge,A1,0.17611376355547326,0.4102893438414552,0.17609317353318402,True,0.8376115052658069,0,16
96000,fir33-p16000-s20000,edge,B1,0.47293699873915285,0.4720912342333766,0.47292522861521086,True,0.7642430040374777,0,16
96000,fir33-p16000-s20000,edge,AB,0.17611385785591469,0.4102893438414552,0.17609326821446553,True,0.8376115052658069,0,16
96000,fir33-p16000-s20000,overlap-reference,A1,0.028153309959167115,0.07744198472439846,0.028149345896853976,True,0.9975086749525462,0,16
96000,fir33-p16000-s20000,overlap-reference,B1,0.001931570480487309,0.01755553431712898,0.001931189759309831,True,1.0003999898113733,0,16
96000,fir33-p16000-s20000,overlap-reference,AB,0.02815127329592113,0.07744198472439846,0.028147309206905405,True,0.9975086749525462,0,16
96000,fir33-p16000-s20000,sustained-edge,A1,0.19957002382728564,0.34130639713729827,0.19955581913562026,True,0.9528952194571529,0,16
96000,fir33-p16000-s20000,sustained-edge,B1,0.4729369995712924,0.4720912348759939,0.47292522944797477,True,0.764243005986461,0,16
96000,fir33-p16000-s20000,sustained-edge,AB,0.19957002605066515,0.34130639713729827,0.19955582136396852,True,0.9528952194571529,0,16
96000,fir65-p16000-s20000,reference,A1,0.05386665005191392,0.2340982707964859,0.05385603353839893,True,0.9334185288806396,0,32
96000,fir65-p16000-s20000,reference,B1,0.001999486827886903,0.01742163685015489,0.0019990636301461247,True,1.0011357349982093,0,32
96000,fir65-p16000-s20000,reference,AB,0.0533045341148443,0.2340982707964859,0.053294012763032285,True,0.9334185288806396,0,32
96000,fir65-p16000-s20000,edge,A1,0.1625298557361189,0.3886990940016026,0.16249982578042751,True,0.8826317170289336,0,32
96000,fir65-p16000-s20000,edge,B1,0.4854005420566607,0.5333711699801369,0.4853676094874873,True,0.8450964424058066,0,32
96000,fir65-p16000-s20000,edge,AB,0.16252996669300382,0.3886990940016026,0.162499937143516,True,0.8826317170289336,0,32
96000,fir65-p16000-s20000,overlap-reference,A1,0.026401878435133037,0.071701571403725,0.026396971103477104,True,0.9951355341765794,0,32
96000,fir65-p16000-s20000,overlap-reference,B1,0.001999486544866179,0.017421634563476337,0.001999063348037307,True,1.0011357221936428,0,32
96000,fir65-p16000-s20000,overlap-reference,AB,0.02639997050679269,0.071701571403725,0.026395063239429875,True,0.9951355341765794,0,32
96000,fir65-p16000-s20000,sustained-edge,A1,0.191292101139635,0.3712414045687788,0.19126112948814702,True,0.963744742001042,0,32
96000,fir65-p16000-s20000,sustained-edge,B1,0.48540054300395113,0.533371170888064,0.48536761043560134,True,0.8450964459313489,0,32
96000,fir65-p16000-s20000,sustained-edge,AB,0.19129210365075777,0.3712414045687788,0.19126113200406503,True,0.963744742001042,0,32
96000,fir129-p16000-s20000,reference,A1,0.05486724704268533,0.2323352931519231,0.05485746590932634,True,0.9372590399721604,0,64
96000,fir129-p16000-s20000,reference,B1,0.001975853835005866,0.0172363523266565,0.001975468885010698,True,1.00130707532178,0,64
96000,fir129-p16000-s20000,reference,AB,0.054294642863584514,0.2323352931519231,0.05428494782387664,True,0.9372590399721604,0,64
96000,fir129-p16000-s20000,edge,A1,0.165666310184136,0.3804315186251622,0.1656346324721571,True,0.888683441785776,0,64
96000,fir129-p16000-s20000,edge,B1,0.5132954096197359,0.5645324961012421,0.5132609109906588,True,0.9089209255856436,0,64
96000,fir129-p16000-s20000,edge,AB,0.16566643300089523,0.3804315186251622,0.16563475569001007,True,0.888683441785776,0,64
96000,fir129-p16000-s20000,overlap-reference,A1,0.02676020991525416,0.07057547848149524,0.02675516053472255,True,0.9941843876704364,0,64
96000,fir129-p16000-s20000,overlap-reference,B1,0.001975853664314746,0.017236350467954954,0.001975468715921833,True,1.0013070620590512,0,64
96000,fir129-p16000-s20000,overlap-reference,AB,0.026758275540913888,0.07057547848149524,0.026753226249546153,True,0.9941843876704364,0,64
96000,fir129-p16000-s20000,sustained-edge,A1,0.19625287538116545,0.3871280780384189,0.19621986923007304,True,0.9662168586979442,0,64
96000,fir129-p16000-s20000,sustained-edge,B1,0.5132954110059679,0.5645324975175771,0.5132609123766656,True,0.9089209308876335,0,64
96000,fir129-p16000-s20000,sustained-edge,AB,0.19625287814553963,0.3871280780384189,0.19621987199930388,True,0.9662168586979442,0,64
96000,iir-p16000-s24000,reference,A1,1.0634790035754722,0.9999732240548755,0.05278372872193985,True,0.9511026478570239,0,0
96000,iir-p16000-s24000,reference,B1,0.8182478104534283,0.8018600401933772,0.0019012141599558411,True,0.9948537875636964,0,0
96000,iir-p16000-s24000,reference,AB,1.0589587780042944,0.9999732240548755,0.052232853589386764,True,0.9511026478570239,0,0
96000,iir-p16000-s24000,edge,A1,1.7586146674732883,1.4353248196238972,0.15749580606297628,True,0.8294027367633926,0,0
96000,iir-p16000-s24000,edge,B1,1.079036721013937,1.2835500831992197,0.46124061626086693,True,0.6071780617155377,0,0
96000,iir-p16000-s24000,edge,AB,1.7586145729457787,1.4353248196238972,0.15749590933803362,True,0.8294027367633926,0,0
96000,iir-p16000-s24000,overlap-reference,A1,1.6305418350708747,1.687935762345402,0.02563123325925479,True,1.047083981844842,0,0
96000,iir-p16000-s24000,overlap-reference,B1,0.8182478105523041,0.8018600280926639,0.0019012138763835713,True,0.9948537757734384,0,0
96000,iir-p16000-s24000,overlap-reference,AB,1.630453006077349,1.687935762345402,0.02562938031109981,True,1.047083981844842,0,0
96000,iir-p16000-s24000,sustained-edge,A1,1.2474333853099508,1.0210763062087134,0.18291236865563465,True,0.9622056204431861,0,0
96000,iir-p16000-s24000,sustained-edge,B1,1.0790367145099347,1.2835501187808376,0.4612406170813205,True,0.6071780493382544,0,0
96000,iir-p16000-s24000,sustained-edge,AB,1.2474333845545338,1.0210763062087134,0.18291237102679267,True,0.9622056204431861,0,0
96000,fir17-p16000-s24000,reference,A1,0.0470645828481104,0.2237045613177685,0.04705856360670239,True,0.9040721765693778,0,8
96000,fir17-p16000-s24000,reference,B1,0.0015861428420167172,0.016074395434364733,0.0015859144443145163,True,0.9996700563641104,0,8
96000,fir17-p16000-s24000,reference,AB,0.04657332901429653,0.2237045613177685,0.04656735945386531,True,0.9040721765693778,0,8
96000,fir17-p16000-s24000,edge,A1,0.16757121042130677,0.3342522938326496,0.16756048254960748,True,0.8484209876287413,0,8
96000,fir17-p16000-s24000,edge,B1,0.3283573225180519,0.35590783994089026,0.3283506234500632,True,0.7641005709153642,0,8
96000,fir17-p16000-s24000,edge,AB,0.16757125144159915,0.3342522938326496,0.16756052395923168,True,0.8484209876287413,0,8
96000,fir17-p16000-s24000,overlap-reference,A1,0.025154272571153272,0.06456586912392027,0.02515169149309877,True,0.9989027894829753,0,8
96000,fir17-p16000-s24000,overlap-reference,B1,0.001586142578714219,0.01607439341151535,0.0015859141806480357,True,0.9996700431877744,0,8
96000,fir17-p16000-s24000,overlap-reference,AB,0.02515245152215381,0.06456586912392027,0.025149870352340165,True,0.9989027894829753,0,8
96000,fir17-p16000-s24000,sustained-edge,A1,0.16087643156429912,0.2618071941051917,0.16086758883728652,True,0.9281628700378491,0,8
96000,fir17-p16000-s24000,sustained-edge,B1,0.3283573228696148,0.355907840756665,0.3283506238022855,True,0.7641005721640232,0,8
96000,fir17-p16000-s24000,sustained-edge,AB,0.1608764327935918,0.2618071941051917,0.16086759007214876,True,0.9281628700378491,0,8
96000,fir33-p16000-s24000,reference,A1,0.04374435172917414,0.1994332182384867,0.04373677596013148,True,0.9374702883930506,0,16
96000,fir33-p16000-s24000,reference,B1,0.0015860747686769151,0.014781947223232802,0.001585758542064462,True,1.000016651840228,0,16
96000,fir33-p16000-s24000,reference,AB,0.04328783620845352,0.1994332182384867,0.04328032757676814,True,0.9374702883930506,0,16
96000,fir33-p16000-s24000,edge,A1,0.12198712014479497,0.3186811459839401,0.12196801399815382,True,0.9443553577803829,0,16
96000,fir33-p16000-s24000,edge,B1,0.24735662629792626,0.39064398030607106,0.24734368088985786,True,0.851209169818917,0,16
96000,fir33-p16000-s24000,edge,AB,0.12198715286674747,0.3186811459839401,0.12196804723552494,True,0.9443553577803829,0,16
96000,fir33-p16000-s24000,overlap-reference,A1,0.020637744920244765,0.05970941205756678,0.02063423757114768,True,0.9937339367183111,0,16
96000,fir33-p16000-s24000,overlap-reference,B1,0.0015860743862229855,0.01478194453122285,0.0015857581607453466,True,1.0000166379099253,0,16
96000,fir33-p16000-s24000,overlap-reference,AB,0.020636253857986852,0.05970941205756678,0.020632746535580834,True,0.9937339367183111,0,16
96000,fir33-p16000-s24000,sustained-edge,A1,0.1245400678171068,0.27364953221052873,0.12452601511107476,True,0.943309597006415,0,16
96000,fir33-p16000-s24000,sustained-edge,B1,0.2473566255310003,0.39064398026247227,0.2473436801208632,True,0.8512091708478465,0,16
96000,fir33-p16000-s24000,sustained-edge,AB,0.12454006870229614,0.27364953221052873,0.12452601600341351,True,0.943309597006415,0,16
96000,fir65-p16000-s24000,reference,A1,0.044740372171769786,0.19500753986142208,0.04473219091682238,True,0.9480325776658319,0,32
96000,fir65-p16000-s24000,reference,B1,0.0016371206794075573,0.014511802010956526,0.0016367831414011605,True,1.0002585902909755,0,32
96000,fir65-p16000-s24000,reference,AB,0.04427347362117398,0.19500753986142208,0.044265365445956564,True,0.9480325776658319,0,32
96000,fir65-p16000-s24000,edge,A1,0.12347637973495698,0.3032267494965726,0.12345387347520777,True,0.9629207508747877,0,32
96000,fir65-p16000-s24000,edge,B1,0.21236664023376678,0.36476062375134405,0.2123362379890854,True,0.8771697938581702,0,32
96000,fir65-p16000-s24000,edge,AB,0.12347640057685003,0.3032267494965726,0.12345389482157128,True,0.9629207508747877,0,32
96000,fir65-p16000-s24000,overlap-reference,A1,0.020872822435989553,0.058626989974053544,0.02086869709052794,True,0.9912501021780921,0,32
96000,fir65-p16000-s24000,overlap-reference,B1,0.0016371201107243363,0.014511798724867847,0.0016367825715359957,True,1.0002585763295944,0,32
96000,fir65-p16000-s24000,overlap-reference,AB,0.020871314745590334,0.058626989974053544,0.02086718947181216,True,0.9912501021780921,0,32
96000,fir65-p16000-s24000,sustained-edge,A1,0.12302266060440059,0.25009233470192466,0.12300466374479846,True,0.9442114181670401,0,32
96000,fir65-p16000-s24000,sustained-edge,B1,0.21236663818601167,0.364760622338425,0.21233623594249978,True,0.877169789509185,0,32
96000,fir65-p16000-s24000,sustained-edge,AB,0.12302266119228969,0.25009233470192466,0.12300466434033341,True,0.9442114181670401,0,32
96000,fir129-p16000-s24000,reference,A1,0.045564680155551,0.19401818336368967,0.045558072932669974,True,0.950641580886293,0,64
96000,fir129-p16000-s24000,reference,B1,0.0016657354214877444,0.014495072138725962,0.0016654603062222668,True,1.0003491400362834,0,64
96000,fir129-p16000-s24000,reference,AB,0.045089178157935554,0.19401818336368967,0.045082627284652003,True,0.950641580886293,0,64
96000,fir129-p16000-s24000,edge,A1,0.12615944118255068,0.3002794959269636,0.12613943005967967,True,0.9668634469841806,0,64
96000,fir129-p16000-s24000,edge,B1,0.21738212639246943,0.3541987831051331,0.2173320142023106,True,0.8828003129397194,0,64
96000,fir129-p16000-s24000,edge,AB,0.1261594625963108,0.3002794959269636,0.1261394519654008,True,0.9668634469841806,0,64
96000,fir129-p16000-s24000,overlap-reference,A1,0.021248532310332666,0.05838477657759277,0.021245207831123703,True,0.9905575824732056,0,64
96000,fir129-p16000-s24000,overlap-reference,B1,0.00166573480383189,0.01449506877971517,0.0016654596879372143,True,1.0003491266613564,0,64
96000,fir129-p16000-s24000,overlap-reference,AB,0.021246997445483737,0.05838477657759277,0.02124367298535572,True,0.9905575824732056,0,64
96000,fir129-p16000-s24000,sustained-edge,A1,0.12704956488644348,0.24018299689019182,0.12702271053783665,True,0.9442269101950203,0,64
96000,fir129-p16000-s24000,sustained-edge,B1,0.21738212390563452,0.3541987811276737,0.2173320117170122,True,0.8828003378729532,0,64
96000,fir129-p16000-s24000,sustained-edge,AB,0.12704956547595056,0.24018299689019182,0.12702271114044061,True,0.9442269101950203,0,64
96000,iir-p18000-s19000,reference,A1,1.6039883893822422,1.0203175028689364,0.05425830667742615,True,0.8501365098091511,0,0
96000,iir-p18000-s19000,reference,B1,0.4207643055976118,1.0,0.0019610771647545033,True,0.9831894210542695,0,0
96000,iir-p18000-s19000,reference,AB,1.588386113815508,1.0203175028689364,0.05369204718800915,True,0.8501365098091511,0,0
96000,iir-p18000-s19000,edge,A1,1.4241545919137815,1.0,0.16245618132728745,True,0.677331377446515,0,0
96000,iir-p18000-s19000,edge,B1,1.312285210233787,1.0,0.4784368785017357,True,0.37836501556597923,0,0
96000,iir-p18000-s19000,edge,AB,1.4241545733839878,1.0,0.16245628918315458,True,0.677331377446515,0,0
96000,iir-p18000-s19000,overlap-reference,A1,1.6816936232114503,1.6067316943981802,0.02623062419150309,True,0.9349288060885123,0,0
96000,iir-p18000-s19000,overlap-reference,B1,0.4207643075470207,1.0,0.001961077609869671,True,0.9831894251120772,0,0
96000,iir-p18000-s19000,overlap-reference,AB,1.6815791614481,1.6067316943981802,0.02622872951507531,True,0.9349288060885123,0,0
96000,iir-p18000-s19000,sustained-edge,A1,1.3694845352994882,0.9999970346984843,0.18857038687402072,True,0.9194172595763472,0,0
96000,iir-p18000-s19000,sustained-edge,B1,1.312285208861403,1.0,0.4784368803981415,True,0.3783650223878907,0,0
96000,iir-p18000-s19000,sustained-edge,AB,1.3694845405188825,0.9999970346984843,0.18857039403372866,True,0.9194172595763472,0,0
96000,fir17-p18000-s19000,reference,A1,0.06226170798388371,0.25728782069934375,0.06225700324757504,True,0.865150816096142,0,8
96000,fir17-p18000-s19000,reference,B1,0.0017687404050713085,0.01822721581659575,0.0017685124490640373,True,1.0000295138905926,0,8
96000,fir17-p18000-s19000,reference,AB,0.06161161355948487,0.25728782069934375,0.06160693932103546,True,0.865150816096142,0,8
96000,fir17-p18000-s19000,edge,A1,0.23668169088856542,0.36751601519862154,0.2366736048603299,True,0.7670454045548724,0,8
96000,fir17-p18000-s19000,edge,B1,0.43586661960938516,0.3744684706325306,0.43586105068563286,True,0.7049276934511517,0,8
96000,fir17-p18000-s19000,edge,AB,0.23668173968025238,0.36751601519862154,0.23667365395000786,True,0.7670454045548724,0,8
96000,fir17-p18000-s19000,overlap-reference,A1,0.03349826450142946,0.07180775194726914,0.03349630372451269,True,1.0014229526195677,0,8
96000,fir17-p18000-s19000,overlap-reference,B1,0.0017687401586160773,0.018227213879150536,0.0017685122023629557,True,1.0000295009856883,0,8
96000,fir17-p18000-s19000,overlap-reference,AB,0.033495836393156606,0.07180775194726914,0.033493875383513,True,1.0014229526195677,0,8
96000,fir17-p18000-s19000,sustained-edge,A1,0.21818275439917187,0.28045942501645993,0.21817601791001898,True,0.9055452424699132,0,8
96000,fir17-p18000-s19000,sustained-edge,B1,0.43586662028253664,0.3744684714936053,0.435861051359578,True,0.7049276946267358,0,8
96000,fir17-p18000-s19000,sustained-edge,AB,0.21818275597417852,0.28045942501645993,0.21817601948929355,True,0.9055452424699132,0,8
96000,fir33-p18000-s19000,reference,A1,0.05032803195790798,0.23018816011543014,0.050319590443035925,True,0.9264014727160792,0,16
96000,fir33-p18000-s19000,reference,B1,0.0018651521983547377,0.016729829905809533,0.0018648167826537422,True,1.0005038410986258,0,16
96000,fir33-p18000-s19000,reference,AB,0.04980284032134968,0.23018816011543014,0.04979447255556023,True,0.9264014727160792,0,16
96000,fir33-p18000-s19000,edge,A1,0.15590827833088014,0.3858316752116604,0.1558887269548805,True,0.872027952104654,0,16
96000,fir33-p18000-s19000,edge,B1,0.4085955109656539,0.4569209102545335,0.4085849645751275,True,0.7945126993130541,0,16
96000,fir33-p18000-s19000,edge,AB,0.1559083572008104,0.3858316752116604,0.15588880624475093,True,0.872027952104654,0,16
96000,fir33-p18000-s19000,overlap-reference,A1,0.02546186114312223,0.07247618047366006,0.025458073685111934,True,0.9962599531970312,0,16
96000,fir33-p18000-s19000,overlap-reference,B1,0.0018651518319896877,0.016729827410017172,0.0018648164159719804,True,1.0005038277852216,0,16
96000,fir33-p18000-s19000,overlap-reference,AB,0.025460020440472124,0.07247618047366006,0.025456232974608226,True,0.9962599531970312,0,16
96000,fir33-p18000-s19000,sustained-edge,A1,0.17540042008706,0.3267061831073945,0.17538690229670398,True,0.9519888703532177,0,16
96000,fir33-p18000-s19000,sustained-edge,B1,0.40859551137226685,0.456920910664158,0.40858496498274915,True,0.7945127011093418,0,16
96000,fir33-p18000-s19000,sustained-edge,AB,0.1754004219610386,0.3267061831073945,0.17538690417637154,True,0.9519888703532177,0,16
96000,fir65-p18000-s19000,reference,A1,0.05111464353057448,0.22312291762783934,0.05110506137033682,True,0.9398830360115423,0,32
96000,fir65-p18000-s19000,reference,B1,0.0018598454147328752,0.016599942303231703,0.001859460090179016,True,1.0010732434685639,0,32
96000,fir65-p18000-s19000,reference,AB,0.050581216725257554,0.22312291762783934,0.05057171992302679,True,0.9398830360115423,0,32
96000,fir65-p18000-s19000,edge,A1,0.14969241284284082,0.36214752716894705,0.14966597924596559,True,0.9070767825233347,0,32
96000,fir65-p18000-s19000,edge,B1,0.39112274333730834,0.49000617471932467,0.3910889251394515,True,0.8731428947069229,0,32
96000,fir65-p18000-s19000,edge,AB,0.1496924880347941,0.36214752716894705,0.1496660548655342,True,0.9070767825233347,0,32
96000,fir65-p18000-s19000,overlap-reference,A1,0.024537569941556345,0.06723910586418938,0.02453312692031469,True,0.9934226274722721,0,32
96000,fir65-p18000-s19000,overlap-reference,B1,0.0018598450470139077,0.01659993984102411,0.0018594597232931308,True,1.0010732303812164,0,32
96000,fir65-p18000-s19000,overlap-reference,AB,0.024535796773016476,0.06723910586418938,0.024531353809587642,True,0.9934226274722721,0,32
96000,fir65-p18000-s19000,sustained-edge,A1,0.1675560430067193,0.3365598352015566,0.1675290045861999,True,0.9601306085271786,0,32
96000,fir65-p18000-s19000,sustained-edge,B1,0.39112274320129004,0.4900061747015874,0.39108892500479153,True,0.8731428978240243,0,32
96000,fir65-p18000-s19000,sustained-edge,AB,0.1675560448059019,0.3365598352015566,0.16752900639574406,True,0.9601306085271786,0,32
96000,fir129-p18000-s19000,reference,A1,0.05211524298819277,0.22151268344996064,0.05210721963294223,True,0.9434387203495898,0,64
96000,fir129-p18000-s19000,reference,B1,0.0018905467204814231,0.0165435223090317,0.0018902263495372013,True,1.0013415245218205,0,64
96000,fir129-p18000-s19000,reference,AB,0.051571369681236025,0.22151268344996064,0.051563415059892204,True,0.9434387203495898,0,64
96000,fir129-p18000-s19000,edge,A1,0.15287663062607756,0.3561846324842191,0.15285060323040064,True,0.9120726687913132,0,64
96000,fir129-p18000-s19000,edge,B1,0.38741937934080933,0.4798095443516459,0.38732661261311396,True,0.9198144116011605,0,64
96000,fir129-p18000-s19000,edge,AB,0.15287670208280926,0.3561846324842191,0.15285067508504896,True,0.9120726687913132,0,64
96000,fir129-p18000-s19000,overlap-reference,A1,0.024968665907572907,0.06639856894046846,0.024964601335081237,True,0.9924450922926297,0,64
96000,fir129-p18000-s19000,overlap-reference,B1,0.0018905463750152702,0.0165435202081168,0.0018902260037339548,True,1.001341510791079,0,64
96000,fir129-p18000-s19000,overlap-reference,AB,0.024966861576466534,0.06639856894046846,0.02496279704088766,True,0.9924450922926297,0,64
96000,fir129-p18000-s19000,sustained-edge,A1,0.17003699355110227,0.32807704228102064,0.17000488329432828,True,0.9618297216158042,0,64
96000,fir129-p18000-s19000,sustained-edge,B1,0.3874193791719951,0.47980954356453714,0.38732661244674604,True,0.9198144158448924,0,64
96000,fir129-p18000-s19000,sustained-edge,AB,0.1700369952736066,0.32807704228102064,0.17000488504750105,True,0.9618297216158042,0,64
96000,iir-p18000-s20000,reference,A1,1.1815445276886423,1.0,0.05240741356373328,True,0.8949506232181362,0,0
96000,iir-p18000-s20000,reference,B1,1.977595833095674,1.962588962853141,0.0019008460760356624,True,1.0074924188089867,0,0
96000,iir-p18000-s20000,reference,AB,1.2034666378334453,1.0,0.05186047586892258,True,0.8949506232181362,0,0
96000,iir-p18000-s20000,edge,A1,1.4295324995744763,1.0,0.1539151621044027,True,0.7989848336869504,0,0
96000,iir-p18000-s20000,edge,B1,1.3354974435829843,1.0,0.3833546772977713,True,0.5202222224865682,0,0
96000,iir-p18000-s20000,edge,AB,1.4295324838951944,1.0,0.15391523156200992,True,0.7989848336869504,0,0
96000,iir-p18000-s20000,overlap-reference,A1,1.4656980307719105,1.5214921742107812,0.025084515799381785,True,1.01456284018571,0,0
96000,iir-p18000-s20000,overlap-reference,B1,1.9775958327689345,1.962588957074079,0.0019008457791483112,True,1.007492418967966,0,0
96000,iir-p18000-s20000,overlap-reference,AB,1.465785336642431,1.5214921742107812,0.02508270275408577,True,1.01456284018571,0,0
96000,iir-p18000-s20000,sustained-edge,A1,1.5117635752388443,1.4122442198059217,0.17090810743639193,True,0.9677199945740445,0,0
96000,iir-p18000-s20000,sustained-edge,B1,1.3354974423790906,1.0,0.38335467729651107,True,0.5202222180118774,0,0
96000,iir-p18000-s20000,sustained-edge,AB,1.5117635738455895,1.4122442198059217,0.17090810877445917,True,0.9677199945740445,0,0
96000,fir17-p18000-s20000,reference,A1,0.05600541010210162,0.24589559936351002,0.056000384944871126,True,0.8794051128252728,0,8
96000,fir17-p18000-s20000,reference,B1,0.0016957247639492101,0.017473457528618026,0.0016955001334374676,True,0.9998714636058962,0,8
96000,fir17-p18000-s20000,reference,AB,0.05542070424191041,0.24589559936351002,0.0554157151385433,True,0.8794051128252728,0,8
96000,fir17-p18000-s20000,edge,A1,0.21098494825532838,0.3572283069649829,0.21097631495928992,True,0.7963730360626554,0,8
96000,fir17-p18000-s20000,edge,B1,0.398832380669288,0.3697586894809053,0.39882664001730855,True,0.7261301813385764,0,8
96000,fir17-p18000-s20000,edge,AB,0.2109849950594484,0.3572283069649829,0.210976362087368,True,0.7963730360626554,0,8
96000,fir17-p18000-s20000,overlap-reference,A1,0.03034025756651026,0.06951442707274329,0.030338172002542473,True,1.00048865046179,0,8
96000,fir17-p18000-s20000,overlap-reference,B1,0.0016957245070647654,0.01747345555757515,0.0016954998766187156,True,0.9998714505808987,0,8
96000,fir17-p18000-s20000,overlap-reference,AB,0.030338059134119962,0.06951442707274329,0.030335973382482142,True,1.00048865046179,0,8
96000,fir17-p18000-s20000,sustained-edge,A1,0.19734120394542276,0.27513637319336776,0.19733408533506794,True,0.9134493220950818,0,8
96000,fir17-p18000-s20000,sustained-edge,B1,0.39883238123813797,0.36975869032769104,0.39882664058733047,True,0.7261301825333655,0,8
96000,fir17-p18000-s20000,sustained-edge,AB,0.19734120541460962,0.27513637319336776,0.1973340868089051,True,0.9134493220950818,0,8
96000,fir33-p18000-s20000,reference,A1,0.047844209395775286,0.21882264723195963,0.047836829749184406,True,0.9317781849868703,0,16
96000,fir33-p18000-s20000,reference,B1,0.001763135385265105,0.01600485909711197,0.0017628344883534467,True,1.0004468139662694,0,16
96000,fir33-p18000-s20000,reference,AB,0.04734492962842907,0.21882264723195963,0.04733761355349041,True,0.9317781849868703,0,16
96000,fir33-p18000-s20000,edge,A1,0.1412722813438066,0.36194351434876504,0.14125429872979423,True,0.9009466008534395,0,16
96000,fir33-p18000-s20000,edge,B1,0.34844341658013717,0.43741653969340977,0.3484332029933405,True,0.8190051110945026,0,16
96000,fir33-p18000-s20000,edge,AB,0.1412723432518102,0.36194351434876504,0.1412543610926608,True,0.9009466008534395,0,16
96000,fir33-p18000-s20000,overlap-reference,A1,0.023414361977511764,0.06780420855632815,0.02341090961451937,True,0.9951904159811149,0,16
96000,fir33-p18000-s20000,overlap-reference,B1,0.0017631349999819561,0.01600485649736939,0.0017628341020989695,True,1.000446800447513,0,16
96000,fir33-p18000-s20000,overlap-reference,AB,0.023412669846087145,0.06780420855632815,0.023409217475222885,True,0.9951904159811149,0,16
96000,fir33-p18000-s20000,sustained-edge,A1,0.15507558838472682,0.309940836695497,0.1550627548618791,True,0.94987396480045,0,16
96000,fir33-p18000-s20000,sustained-edge,B1,0.3484434165549948,0.43741653989717627,0.34843320296873315,True,0.8190051126750647,0,16
96000,fir33-p18000-s20000,sustained-edge,AB,0.15507558990011078,0.309940836695497,0.15506275638336633,True,0.94987396480045,0,16
96000,fir65-p18000-s20000,reference,A1,0.048738560243729905,0.21302048829157888,0.04873046939389884,True,0.944296343984874,0,32
96000,fir65-p18000-s20000,reference,B1,0.001800218673872514,0.01580917265776175,0.0017998823974825242,True,1.0006637727144487,0,32
96000,fir65-p18000-s20000,reference,AB,0.0482299506471221,0.21302048829157888,0.04822193045347756,True,0.944296343984874,0,32
96000,fir65-p18000-s20000,edge,A1,0.13938091705377953,0.3398084208952068,0.13935752564076806,True,0.9281247736190653,0,32
96000,fir65-p18000-s20000,edge,B1,0.312997057184674,0.44309079594387824,0.3129718577073925,True,0.8839001441066352,0,32
96000,fir65-p18000-s20000,edge,AB,0.1393809656294425,0.3398084208952068,0.13935757467316648,True,0.9281247736190653,0,32
96000,fir65-p18000-s20000,overlap-reference,A1,0.023086675842641406,0.06348355508362222,0.023082751105180672,True,0.9920025311832887,0,32
96000,fir65-p18000-s20000,overlap-reference,B1,0.0018002182215782884,0.01580916994764421,0.0017998819468215568,True,1.0006637593403906,0,32
96000,fir65-p18000-s20000,overlap-reference,AB,0.023085008096464986,0.06348355508362222,0.023081083393247364,True,0.9920025311832887,0,32
96000,fir65-p18000-s20000,sustained-edge,A1,0.149054390375794,0.3022265045094977,0.14903152930463165,True,0.9552160226127611,0,32
96000,fir65-p18000-s20000,sustained-edge,B1,0.31299705605359246,0.4430907951228094,0.3129718565758897,True,0.8839001464589566,0,32
96000,fir65-p18000-s20000,sustained-edge,AB,0.14905439160239578,0.3022265045094977,0.14903153053866317,True,0.9552160226127611,0,32
96000,fir129-p18000-s20000,reference,A1,0.04970767658512331,0.21164151354025867,0.04969907652320108,True,0.9477953664656469,0,64
96000,fir129-p18000-s20000,reference,B1,0.0018100230143941354,0.01578852566536602,0.0018096761672892283,True,1.00130953190874,0,64
96000,fir129-p18000-s20000,reference,AB,0.0491889337808943,0.21164151354025867,0.04918040933951856,True,0.9477953664656469,0,64
96000,fir129-p18000-s20000,edge,A1,0.14244174196520148,0.3352302289469053,0.14241549558462469,True,0.9329554691596057,0,64
96000,fir129-p18000-s20000,edge,B1,0.3026809899669339,0.4110105039019629,0.30262175123068386,True,0.8963017130948144,0,64
96000,fir129-p18000-s20000,edge,AB,0.14244178513121192,0.3352302289469053,0.14241553918602773,True,0.9329554691596057,0,64
96000,fir129-p18000-s20000,overlap-reference,A1,0.023534564291891342,0.06281640601158492,0.02353031211628355,True,0.9914706041591594,0,64
96000,fir129-p18000-s20000,overlap-reference,B1,0.00181002258269033,0.015788523052916153,0.0018096757355160545,True,1.0013095184061016,0,64
96000,fir129-p18000-s20000,overlap-reference,AB,0.023532863917936388,0.06281640601158492,0.023528611807519702,True,0.9914706041591594,0,64
96000,fir129-p18000-s20000,sustained-edge,A1,0.15108386259675657,0.27638293140475867,0.15105107537605192,True,0.9566395486861661,0,64
96000,fir129-p18000-s20000,sustained-edge,B1,0.3026809881165048,0.41101050172770986,0.30262174938132236,True,0.8963017154586178,0,64
96000,fir129-p18000-s20000,sustained-edge,AB,0.15108386369353322,0.27638293140475867,0.15105107649257737,True,0.9566395486861661,0,64
96000,iir-p18000-s24000,reference,A1,1.4359746284110577,1.2923499029741146,0.04638104009471203,True,0.9686571893335799,0,0
96000,iir-p18000-s24000,reference,B1,0.9868798965937551,0.9681511799704269,0.0016924009406041032,True,0.9939229643720894,0,0
96000,iir-p18000-s24000,reference,AB,1.4280760781214563,1.2923499029741146,0.04589700344683174,True,0.9686571893335799,0,0
96000,iir-p18000-s24000,edge,A1,1.5225109169617244,1.1471620121862147,0.1295177559935122,True,0.9221215444436256,0,0
96000,iir-p18000-s24000,edge,B1,1.4096407720359587,1.1074294686818609,0.23824221050527364,True,0.7589353897005432,0,0
96000,iir-p18000-s24000,edge,AB,1.5225108982231874,1.1471620121862147,0.12951778309084522,True,0.9221215444436256,0,0
96000,iir-p18000-s24000,overlap-reference,A1,1.7618535595164815,1.8977661701000483,0.021719748045353586,True,1.0407979977376611,0,0
96000,iir-p18000-s24000,overlap-reference,B1,0.9868798966921631,0.9681511530670515,0.0016924004316841133,True,0.9939229506542228,0,0
96000,iir-p18000-s24000,overlap-reference,AB,1.7617654722134768,1.8977661701000483,0.02171817879953392,True,1.0407979977376611,0,0
96000,iir-p18000-s24000,sustained-edge,A1,1.2977564554297367,1.1557464920456346,0.13182470568770985,True,0.9404048643498207,0,0
96000,iir-p18000-s24000,sustained-edge,B1,1.4096407771425077,1.1074295046358233,0.23824220807042948,True,0.7589353784387407,0,0
96000,iir-p18000-s24000,sustained-edge,AB,1.297756455999765,1.1557464920456346,0.13182470641884067,True,0.9404048643498207,0,0
96000,fir17-p18000-s24000,reference,A1,0.04143537631122268,0.20298243620352935,0.041428698425028276,True,0.9243634930055037,0,8
96000,fir17-p18000-s24000,reference,B1,0.001475159283671684,0.014746719682022156,0.001474931567804279,True,0.999634722679424,0,8
96000,fir17-p18000-s24000,reference,AB,0.04100293669954525,0.20298243620352935,0.040996317496610465,True,0.9243634930055037,0,8
96000,fir17-p18000-s24000,edge,A1,0.13477611199449932,0.3093344893888589,0.13476324490153876,True,0.8913448979957853,0,8
96000,fir17-p18000-s24000,edge,B1,0.26460153762887256,0.3372227608015847,0.2645937157142509,True,0.7959424210888882,0,8
96000,fir17-p18000-s24000,edge,AB,0.1347761451580572,0.3093344893888589,0.1347632785350386,True,0.8913448979957853,0,8
96000,fir17-p18000-s24000,overlap-reference,A1,0.02130782937238279,0.05938512826759133,0.021304830169895733,True,0.997989275568973,0,8
96000,fir17-p18000-s24000,overlap-reference,B1,0.001475159023711629,0.014746717634874439,0.0014749313070435786,True,0.999634709470217,0,8
96000,fir17-p18000-s24000,overlap-reference,AB,0.021306288099752428,0.05938512826759133,0.021303288880609044,True,0.997989275568973,0,8
96000,fir17-p18000-s24000,sustained-edge,A1,0.13134972167006004,0.24573762768014532,0.13133916034237708,True,0.94184025308781,0,8
96000,fir17-p18000-s24000,sustained-edge,B1,0.264601537761543,0.3372227615785945,0.26459371584670754,True,0.7959424224217515,0,8
96000,fir17-p18000-s24000,sustained-edge,AB,0.13134972263956876,0.24573762768014532,0.13133916131854145,True,0.94184025308781,0,8
96000,fir33-p18000-s24000,reference,A1,0.04046487162074055,0.182993916319033,0.04045683649473124,True,0.9379048438053758,0,16
96000,fir33-p18000-s24000,reference,B1,0.001522796218013045,0.013667496732586213,0.0015224936233278266,True,0.9996467440246424,0,16
96000,fir33-p18000-s24000,reference,AB,0.04004262389333009,0.182993916319033,0.0400346619675535,True,0.9379048438053758,0,16
96000,fir33-p18000-s24000,edge,A1,0.1092640789219887,0.283474438614091,0.10924399096979247,True,0.9729654953114035,0,16
96000,fir33-p18000-s24000,edge,B1,0.17708960078066702,0.34204135322238477,0.17707351334889693,True,0.8797561438038167,0,16
96000,fir33-p18000-s24000,edge,AB,0.10926409424517407,0.283474438614091,0.10924400686032963,True,0.9729654953114035,0,16
96000,fir33-p18000-s24000,overlap-reference,A1,0.01882430187940583,0.055090333082268295,0.01882042369988159,True,0.9935087769225786,0,16
96000,fir33-p18000-s24000,overlap-reference,B1,0.001522795903759194,0.013667494104637573,0.0015224933108634606,True,0.9996467297421598,0,16
96000,fir33-p18000-s24000,overlap-reference,AB,0.018822942740314874,0.055090333082268295,0.018819064637178924,True,0.9935087769225786,0,16
96000,fir33-p18000-s24000,sustained-edge,A1,0.10423527363193921,0.2390766965284009,0.10421904991105428,True,0.9476778544206358,0,16
96000,fir33-p18000-s24000,sustained-edge,B1,0.17708959966432083,0.34204135324022356,0.17707351223289916,True,0.8797561380657446,0,16
96000,fir33-p18000-s24000,sustained-edge,AB,0.10423527410652508,0.2390766965284009,0.10421905039388518,True,0.9476778544206358,0,16
96000,fir65-p18000-s24000,reference,A1,0.04144104910278736,0.17951208041951672,0.04143272882415881,True,0.9457495073105417,0,32
96000,fir65-p18000-s24000,reference,B1,0.0015667796501263468,0.013373298142119704,0.0015664504218076763,True,0.9999731599784555,0,32
96000,fir65-p18000-s24000,reference,AB,0.04100862078417123,0.17951208041951672,0.041000376294323085,True,0.9457495073105417,0,32
96000,fir65-p18000-s24000,edge,A1,0.11148367014514061,0.2738804010025025,0.11146125847987273,True,0.9882070883390149,0,32
96000,fir65-p18000-s24000,edge,B1,0.15894155044644495,0.3164142994952665,0.15891851664536671,True,0.9147501553820431,0,32
96000,fir65-p18000-s24000,edge,AB,0.11148368006886822,0.2738804010025025,0.11146126895959975,True,0.9882070883390149,0,32
96000,fir65-p18000-s24000,overlap-reference,A1,0.01920944655057644,0.05464846458103116,0.019205438205130463,True,0.9922032975984848,0,32
96000,fir65-p18000-s24000,overlap-reference,B1,0.001566779212035561,0.013373294723779995,0.0015664499835720833,True,0.9999731453483911,0,32
96000,fir65-p18000-s24000,overlap-reference,AB,0.019208059751755848,0.05464846458103116,0.019204051487111202,True,0.9922032975984848,0,32
96000,fir65-p18000-s24000,sustained-edge,A1,0.10458847350932528,0.22114923411862492,0.10456997621846502,True,0.9493128549262217,0,32
96000,fir65-p18000-s24000,sustained-edge,B1,0.1589415487166361,0.31641429876581006,0.15891851491486367,True,0.9147501495931786,0,32
96000,fir65-p18000-s24000,sustained-edge,AB,0.10458847383987471,0.22114923411862492,0.10456997655695924,True,0.9493128549262217,0,32
96000,fir129-p18000-s24000,reference,A1,0.04217862796130703,0.17874287907958072,0.042171715458098315,True,0.9476023250079136,0,64
96000,fir129-p18000-s24000,reference,B1,0.001537231987386054,0.013240038807165306,0.001536939436199571,True,0.9994620106366799,0,64
96000,fir129-p18000-s24000,reference,AB,0.04173845836883127,0.17874287907958072,0.04173160666578573,True,0.9476023250079136,0,64
96000,fir129-p18000-s24000,edge,A1,0.11376777649492156,0.2719226144051297,0.11374785952286799,True,0.9918363144827022,0,64
96000,fir129-p18000-s24000,edge,B1,0.16160398827324143,0.31296716951958237,0.16157143904675114,True,0.9195908261478161,0,64
96000,fir129-p18000-s24000,edge,AB,0.1137677864762301,0.2719226144051297,0.11374787004627508,True,0.9918363144827022,0,64
96000,fir129-p18000-s24000,overlap-reference,A1,0.019537440568888873,0.054612557426147686,0.019533917667449444,True,0.991492396820384,0,64
96000,fir129-p18000-s24000,overlap-reference,B1,0.0015372313640260311,0.013240034578529613,0.001536938813431686,True,0.9994619955461467,0,64
96000,fir129-p18000-s24000,overlap-reference,AB,0.019536029424238918,0.054612557426147686,0.01953250656603599,True,0.991492396820384,0,64
96000,fir129-p18000-s24000,sustained-edge,A1,0.10758976556404011,0.22297779794186753,0.10756701200798505,True,0.9494060680791903,0,64
96000,fir129-p18000-s24000,sustained-edge,B1,0.16160398643993532,0.31296716882080133,0.16157143721261946,True,0.9195908202858154,0,64
96000,fir129-p18000-s24000,sustained-edge,AB,0.1075897658890948,0.22297779794186753,0.10756701234120149,True,0.9494060680791903,0,64
